{"type":"FeatureCollection","features":[{"type":"Feature","id":"AFG","properties":{"id":"AFG"},"geometry":{"type":"Polygon","coordinates":[[[74.89,37.234],[74.501,37.239],[74.565,37.031],[74.131,36.856],[73.639,36.903],[72.796,36.848],[72.327,36.753],[71.707,36.456],[71.245,36.116],[71.535,35.733],[71.647,35.224],[71.511,34.978],[71.153,34.718],[71.023,34.456],[71.167,34.338],[71.08,34.077],[70.864,33.977],[70.557,33.951],[69.919,34.039],[69.962,33.775],[70.198,33.619],[70.314,33.402],[70.208,33.25],[69.927,33.114],[69.584,33.102],[69.248,32.416],[69.313,31.983],[69.12,31.711],[68.908,31.597],[68.722,31.709],[68.436,31.761],[68.072,31.703],[67.653,31.523],[67.773,31.322],[67.28,31.201],[67.037,31.311],[66.834,31.265],[66.377,30.889],[66.282,30.565],[66.362,29.956],[66.262,29.856],[65.044,29.532],[64.705,29.571],[64.18,29.482],[63.577,29.487],[62.814,29.42],[62.147,29.485],[60.873,29.859],[61.765,30.801],[61.831,30.979],[61.707,31.376],[60.854,31.495],[60.766,32.58],[60.583,33.13],[60.753,33.543],[60.55,33.668],[60.521,34.101],[60.999,34.654],[61.269,35.511],[61.274,35.605],[61.884,35.435],[62.293,35.212],[62.749,35.26],[63.052,35.412],[63.183,35.659],[63.194,35.861],[63.874,36.007],[64.447,36.244],[64.636,36.442],[64.759,37.099],[65.645,37.398],[65.764,37.539],[66.298,37.329],[66.554,37.355],[67.101,37.335],[67.786,37.172],[68.022,36.923],[68.896,37.321],[69.1,37.198],[69.433,37.235],[69.381,37.429],[69.518,37.564],[69.845,37.604],[70.164,37.53],[70.301,37.69],[70.267,37.956],[70.711,38.414],[70.956,38.477],[71.373,38.256],[71.551,37.737],[71.435,37.088],[71.564,36.774],[71.844,36.682],[73.285,37.456],[73.774,37.427],[73.845,37.238],[74.271,37.404],[74.685,37.397],[74.89,37.234]]]}},{"type":"Feature","id":"AGO","properties":{"id":"AGO"},"geometry":{"type":"MultiPolygon","coordinates":[[[[23.999,-10.89],[24.033,-11.199],[23.984,-11.629],[24.022,-12.454],[23.926,-12.881],[23.732,-12.997],[22.114,-12.999],[22.003,-13.108],[21.999,-16.131],[22.224,-16.57],[23.126,-17.445],[23.438,-17.638],[21.432,-18.025],[20.885,-17.999],[20.217,-17.885],[18.895,-17.816],[18.631,-17.639],[18.419,-17.39],[14.421,-17.39],[13.987,-17.433],[13.551,-17.152],[13.465,-17.014],[13.157,-16.964],[12.967,-16.995],[12.558,-17.241],[12.179,-17.185],[11.754,-17.253],[11.821,-16.697],[11.8,-16.045],[12.055,-15.242],[12.285,-14.733],[12.356,-14.253],[12.542,-13.497],[12.944,-12.831],[13.201,-12.608],[13.485,-12.48],[13.623,-12.281],[13.794,-11.813],[13.865,-11.023],[13.777,-10.707],[13.544,-10.367],[13.22,-9.723],[13.173,-9.4],[13.018,-9.092],[13.343,-8.771],[13.411,-8.634],[13.331,-8.271],[13.077,-7.788],[12.878,-7.296],[12.847,-7.123],[12.342,-6.246],[12.315,-6.118],[12.796,-6.049],[13.101,-5.89],[13.84,-5.853],[14.728,-5.88],[16.463,-5.85],[16.696,-6.116],[16.756,-6.656],[16.934,-7.11],[17.517,-8.047],[17.627,-8.127],[18.099,-8.079],[18.532,-7.975],[19.382,-7.999],[19.509,-7.153],[19.575,-7.0],[20.308,-6.968],[20.576,-7.101],[20.556,-7.282],[21.763,-7.282],[21.841,-7.622],[21.819,-8.067],[21.949,-8.445],[21.792,-9.404],[21.897,-9.661],[22.122,-9.878],[22.32,-10.406],[22.324,-10.71],[22.17,-10.878],[22.3,-11.244],[22.787,-11.113],[23.114,-11.112],[23.672,-11.008],[23.823,-11.029],[23.999,-10.89]]],[[[12.196,-5.764],[12.223,-5.467],[12.137,-5.21],[11.99,-4.999],[12.743,-4.442],[13.102,-4.685],[12.85,-4.761],[12.533,-5.15],[12.492,-5.738],[12.196,-5.764]]]]}},{"type":"Feature","id":"ALA","properties":{"id":"ALA"},"geometry":{"type":"Polygon","coordinates":[[[19.926,60.42],[20.261,60.255],[20.08,60.043],[19.771,60.091],[19.675,60.259],[19.926,60.42]]]}},{"type":"Feature","id":"ALB","properties":{"id":"ALB"},"geometry":{"type":"Polygon","coordinates":[[[20.079,42.556],[20.524,42.211],[20.594,41.877],[20.473,41.559],[20.517,41.229],[20.705,40.989],[20.981,40.855],[21.025,40.709],[20.917,40.471],[20.544,40.067],[20.294,39.715],[20.008,39.693],[20.005,39.872],[19.845,40.049],[19.47,40.216],[19.351,40.425],[19.457,41.147],[19.589,41.814],[19.371,41.844],[19.407,42.314],[19.727,42.661],[19.832,42.466],[20.079,42.556]]]}},{"type":"Feature","id":"ARE","properties":{"id":"ARE"},"geometry":{"type":"Polygon","coordinates":[[[56.271,25.626],[56.36,25.522],[56.375,24.98],[56.081,24.743],[55.961,25.006],[55.813,24.911],[55.793,24.037],[55.5,23.915],[55.444,23.443],[55.233,23.11],[55.208,22.708],[54.983,22.648],[52.784,22.913],[52.457,23.086],[51.639,24.066],[51.59,24.249],[51.723,24.227],[51.836,23.986],[52.087,23.949],[52.674,24.132],[53.349,24.104],[53.595,24.044],[53.883,24.059],[54.429,24.286],[54.744,24.786],[55.973,25.821],[56.087,26.051],[56.173,25.924],[56.156,25.687],[56.271,25.626]]]}},{"type":"Feature","id":"ARG","properties":{"id":"ARG"},"geometry":{"type":"MultiPolygon","coordinates":[[[[-62.645,-22.251],[-62.404,-22.446],[-62.008,-22.986],[-61.073,-23.702],[-61.019,-23.772],[-60.383,-24.013],[-59.983,-24.032],[-59.506,-24.314],[-59.297,-24.513],[-58.711,-24.797],[-57.957,-25.073],[-57.752,-25.196],[-57.555,-25.442],[-57.584,-25.571],[-58.127,-26.207],[-58.215,-26.422],[-58.248,-26.738],[-58.628,-27.114],[-58.326,-27.259],[-57.858,-27.296],[-57.047,-27.481],[-56.51,-27.518],[-55.869,-27.381],[-55.604,-27.218],[-54.844,-26.667],[-54.64,-26.232],[-54.594,-25.592],[-54.408,-25.645],[-54.187,-25.535],[-53.862,-25.662],[-53.677,-26.42],[-53.679,-26.915],[-53.814,-27.129],[-54.214,-27.369],[-54.752,-27.572],[-55.749,-28.281],[-56.298,-28.835],[-56.984,-29.644],[-57.647,-30.194],[-57.814,-30.685],[-58.151,-32.072],[-58.172,-32.553],[-58.131,-33.026],[-58.425,-33.163],[-58.552,-33.665],[-58.511,-33.897],[-58.385,-34.044],[-58.534,-34.444],[-58.308,-34.673],[-57.888,-34.833],[-57.517,-35.029],[-57.192,-35.311],[-57.12,-35.453],[-57.362,-35.75],[-57.376,-35.972],[-57.081,-36.298],[-56.737,-36.33],[-56.671,-36.906],[-57.722,-38.229],[-58.196,-38.446],[-59.161,-38.705],[-59.893,-38.844],[-60.828,-38.976],[-61.805,-38.992],[-62.141,-38.832],[-62.398,-38.836],[-62.214,-39.301],[-62.061,-39.508],[-62.221,-39.86],[-62.323,-39.877],[-62.454,-40.261],[-62.17,-40.607],[-62.313,-40.871],[-63.064,-41.152],[-63.76,-41.163],[-64.741,-40.79],[-64.994,-40.725],[-65.178,-41.013],[-65.088,-41.414],[-65.086,-41.968],[-65.034,-42.08],[-64.613,-42.426],[-64.121,-42.432],[-64.19,-42.21],[-63.765,-42.073],[-63.635,-42.263],[-63.636,-42.768],[-64.145,-42.875],[-64.312,-42.554],[-64.677,-42.512],[-64.986,-42.659],[-65.026,-42.783],[-64.424,-42.96],[-65.011,-43.284],[-65.328,-43.647],[-65.352,-43.761],[-65.228,-44.337],[-65.385,-44.566],[-65.644,-44.676],[-65.734,-45.041],[-66.215,-45.001],[-66.948,-45.27],[-67.277,-45.571],[-67.574,-45.981],[-67.608,-46.256],[-67.388,-46.589],[-66.792,-47.002],[-66.288,-47.087],[-65.972,-47.077],[-65.715,-47.342],[-65.845,-47.944],[-66.35,-48.316],[-66.969,-48.611],[-67.552,-49.026],[-67.775,-49.892],[-68.14,-50.109],[-68.455,-50.109],[-68.909,-50.377],[-69.078,-50.57],[-69.21,-50.952],[-68.991,-51.57],[-69.103,-51.663],[-68.814,-51.84],[-68.352,-52.323],[-68.425,-52.392],[-68.418,-52.333],[-69.791,-52.072],[-70.26,-52.012],[-71.901,-52.019],[-72.394,-51.527],[-72.256,-50.922],[-72.29,-50.668],[-72.773,-50.627],[-73.15,-50.786],[-73.353,-50.537],[-73.478,-50.171],[-73.506,-49.498],[-73.418,-49.309],[-72.76,-48.928],[-72.241,-48.302],[-72.482,-47.958],[-72.506,-47.749],[-72.294,-47.499],[-71.943,-47.218],[-71.778,-46.768],[-71.745,-46.332],[-71.772,-45.746],[-71.606,-45.511],[-71.383,-45.348],[-71.547,-45.003],[-72.005,-44.769],[-71.207,-44.747],[-71.134,-44.471],[-71.424,-44.39],[-71.813,-44.41],[-71.662,-43.71],[-71.923,-43.101],[-72.142,-42.901],[-72.136,-42.33],[-71.954,-42.162],[-71.791,-41.875],[-71.858,-41.153],[-71.958,-40.759],[-71.756,-40.429],[-71.682,-39.815],[-71.488,-39.554],[-71.398,-39.178],[-71.426,-38.921],[-70.845,-38.616],[-71.016,-38.249],[-71.164,-37.613],[-71.157,-36.825],[-71.013,-36.479],[-70.508,-36.16],[-70.38,-35.998],[-70.368,-35.757],[-70.448,-35.408],[-70.283,-34.736],[-69.942,-34.272],[-69.874,-33.965],[-69.856,-33.526],[-69.969,-33.3],[-70.34,-31.886],[-70.458,-31.827],[-70.564,-31.581],[-70.521,-31.179],[-70.434,-31.099],[-70.13,-30.405],[-69.872,-30.111],[-69.963,-29.462],[-69.666,-28.486],[-69.1,-27.81],[-68.859,-27.269],[-68.663,-27.117],[-68.474,-27.102],[-68.272,-26.909],[-68.586,-26.494],[-68.481,-26.239],[-68.493,-25.685],[-68.58,-25.418],[-68.436,-25.123],[-68.56,-24.771],[-68.258,-24.402],[-67.323,-24.034],[-66.99,-23.0],[-67.181,-22.814],[-67.023,-22.594],[-66.646,-22.214],[-66.097,-21.819],[-65.836,-22.039],[-65.404,-22.088],[-65.018,-22.087],[-64.65,-22.189],[-64.362,-22.722],[-64.263,-22.692],[-64.023,-22.177],[-63.902,-21.999],[-62.913,-21.999],[-62.645,-22.251]]],[[[-68.608,-54.894],[-68.607,-52.658],[-68.362,-53.023],[-68.549,-53.21],[-68.045,-53.49],[-67.531,-53.932],[-66.556,-54.405],[-65.782,-54.662],[-65.11,-54.664],[-65.529,-54.941],[-66.158,-54.989],[-67.448,-54.876],[-68.166,-54.831],[-68.608,-54.894]]]]}},{"type":"Feature","id":"ARM","properties":{"id":"ARM"},"geometry":{"type":"Polygon","coordinates":[[[46.534,38.868],[46.144,38.843],[45.814,39.541],[45.516,39.521],[44.881,39.743],[44.767,39.716],[44.553,39.903],[44.234,40.047],[43.977,40.026],[43.664,40.11],[43.601,40.372],[43.745,40.685],[43.676,40.93],[43.474,41.123],[44.031,41.189],[44.748,41.219],[45.015,41.297],[45.115,41.114],[45.441,41.017],[45.603,40.88],[45.371,40.668],[45.45,40.5],[45.878,40.304],[45.799,39.911],[46.109,39.677],[46.509,39.479],[46.48,39.15],[46.534,38.868]]]}},{"type":"Feature","id":"AUT","properties":{"id":"AUT"},"geometry":{"type":"Polygon","coordinates":[[[16.94,48.617],[16.847,48.349],[17.161,48.007],[17.08,47.875],[16.617,47.625],[16.456,47.157],[16.114,46.869],[15.908,46.711],[15.456,46.635],[14.929,46.619],[14.553,46.393],[13.714,46.523],[12.575,46.655],[12.2,46.889],[12.171,47.023],[11.327,46.99],[11.084,46.87],[10.47,46.855],[9.607,47.061],[9.531,47.27],[9.562,47.504],[9.965,47.53],[10.184,47.294],[10.45,47.485],[11.397,47.467],[11.769,47.589],[12.338,47.697],[12.609,47.674],[13.0,47.466],[13.089,47.652],[12.768,48.068],[13.659,48.541],[13.84,48.772],[14.124,48.593],[14.352,48.565],[14.714,48.649],[14.98,48.946],[15.291,48.984],[15.95,48.809],[16.628,48.781],[16.94,48.617]]]}},{"type":"Feature","id":"AZE","properties":{"id":"AZE"},"geometry":{"type":"MultiPolygon","coordinates":[[[[46.534,38.868],[46.48,39.15],[46.509,39.479],[46.109,39.677],[45.799,39.911],[45.878,40.304],[45.45,40.5],[45.371,40.668],[45.603,40.88],[45.441,41.017],[45.115,41.114],[45.015,41.297],[45.305,41.47],[45.54,41.415],[45.993,41.179],[46.464,41.079],[46.642,41.107],[46.66,41.363],[46.329,41.51],[46.243,41.761],[46.426,41.912],[46.839,41.745],[47.151,41.538],[47.402,41.269],[47.873,41.217],[48.579,41.844],[49.017,41.431],[49.251,40.987],[49.528,40.663],[49.712,40.579],[50.033,40.576],[50.234,40.492],[50.259,40.33],[49.961,40.349],[49.569,40.211],[49.426,40.052],[49.397,39.747],[49.203,39.05],[48.933,39.114],[48.868,38.443],[48.593,38.432],[48.022,38.845],[48.37,39.377],[48.002,39.691],[47.812,39.658],[46.797,39.086],[46.534,38.868]]],[[[44.767,39.716],[44.881,39.743],[45.516,39.521],[45.814,39.541],[46.144,38.843],[45.441,39.019],[45.146,39.265],[44.808,39.629],[44.767,39.716]]]]}},{"type":"Feature","id":"BDI","properties":{"id":"BDI"},"geometry":{"type":"Polygon","coordinates":[[[30.543,-2.413],[30.419,-2.875],[30.809,-2.986],[30.838,-3.254],[30.448,-3.575],[30.158,-4.115],[30.005,-4.287],[29.689,-4.451],[29.423,-4.448],[29.276,-3.935],[29.215,-3.361],[29.132,-2.935],[29.041,-2.744],[29.094,-2.592],[29.326,-2.653],[29.401,-2.82],[29.893,-2.747],[30.057,-2.377],[30.378,-2.333],[30.543,-2.413]]]}},{"type":"Feature","id":"BEL","properties":{"id":"BEL"},"geometry":{"type":"Polygon","coordinates":[[[6.021,50.754],[6.221,50.63],[6.342,50.318],[6.138,50.13],[5.974,50.174],[5.772,49.951],[5.882,49.706],[5.819,49.546],[5.398,49.615],[5.003,49.791],[4.839,49.951],[4.145,50.03],[4.151,50.278],[3.673,50.394],[3.252,50.674],[2.796,50.724],[2.545,51.09],[3.364,51.371],[3.381,51.283],[3.886,51.199],[4.238,51.35],[4.242,51.375],[4.749,51.497],[4.937,51.403],[5.826,51.167],[5.641,50.843],[6.021,50.754]]]}},{"type":"Feature","id":"ATF","properties":{"id":"ATF"},"geometry":{"type":"Polygon","coordinates":[[[69.051,-49.111],[69.573,-49.304],[69.846,-49.266],[70.318,-49.057],[70.524,-49.108],[70.535,-49.305],[69.817,-49.347],[69.836,-49.555],[70.122,-49.514],[70.247,-49.688],[69.865,-49.705],[69.664,-49.543],[69.073,-49.538],[68.898,-49.442],[68.752,-49.094],[68.955,-48.696],[69.104,-48.771],[69.051,-49.111]]]}},{"type":"Feature","id":"BEN","properties":{"id":"BEN"},"geometry":{"type":"Polygon","coordinates":[[[3.588,11.711],[3.478,11.433],[3.542,11.264],[3.723,11.09],[3.843,10.605],[3.727,10.433],[3.503,9.856],[2.889,9.078],[2.783,9.056],[2.712,7.992],[2.761,7.225],[2.709,6.375],[2.146,6.331],[1.637,6.236],[1.803,6.294],[1.601,6.838],[1.633,7.068],[1.621,9.044],[1.362,9.673],[1.353,10.0],[0.777,10.382],[0.824,10.748],[0.914,11.001],[1.142,11.175],[1.388,11.441],[2.028,11.436],[2.307,11.693],[2.408,11.899],[2.396,12.11],[2.588,12.29],[2.843,12.403],[3.588,11.711]]]}},{"type":"Feature","id":"BFA","properties":{"id":"BFA"},"geometry":{"type":"Polygon","coordinates":[[[2.408,11.899],[2.307,11.693],[2.028,11.436],[1.388,11.441],[1.142,11.175],[0.914,11.001],[0.629,10.987],[-0.136,11.139],[-0.248,11.163],[-0.658,10.975],[-0.964,11.0],[-2.834,11.007],[-2.93,10.601],[-2.798,10.276],[-2.751,9.942],[-2.771,9.601],[-2.687,9.492],[-2.783,9.419],[-3.16,9.846],[-3.644,9.948],[-4.157,9.815],[-4.468,9.651],[-4.713,9.704],[-4.96,9.935],[-5.138,10.301],[-5.354,10.293],[-5.513,10.431],[-5.347,11.125],[-5.2,11.442],[-5.261,11.734],[-5.36,11.832],[-5.059,11.979],[-4.723,12.024],[-4.554,12.158],[-4.265,12.707],[-4.334,13.147],[-4.101,13.357],[-3.934,13.426],[-3.588,13.201],[-3.427,13.201],[-3.257,13.404],[-2.852,14.005],[-2.474,14.298],[-2.188,14.196],[-1.794,14.483],[-1.139,14.772],[-0.711,15.083],[-0.246,15.078],[0.233,14.916],[0.162,14.534],[0.381,14.051],[0.609,13.745],[1.228,13.392],[0.992,13.375],[0.992,13.103],[1.869,12.605],[2.109,12.724],[2.275,12.429],[2.066,12.358],[2.408,11.899]]]}},{"type":"Feature","id":"CZE","properties":{"id":"CZE"},"geometry":{"type":"Polygon","coordinates":[[[16.94,48.617],[16.628,48.781],[15.95,48.809],[15.291,48.984],[14.98,48.946],[14.714,48.649],[14.352,48.565],[14.124,48.593],[13.84,48.772],[13.566,48.97],[12.672,49.429],[12.484,49.693],[12.388,50.013],[12.201,50.11],[12.114,50.317],[12.439,50.335],[13.02,50.463],[13.767,50.735],[14.309,50.886],[14.318,51.054],[14.823,50.87],[15.285,50.945],[15.572,50.779],[16.231,50.669],[16.293,50.373],[16.724,50.105],[17.157,50.38],[17.598,50.271],[17.605,50.171],[17.99,50.014],[18.586,49.849],[18.851,49.517],[18.66,49.504],[18.227,49.294],[17.856,48.926],[17.509,48.82],[17.193,48.875],[16.94,48.617]]]}},{"type":"Feature","id":"AUS","properties":{"id":"AUS"},"geometry":{"type":"MultiPolygon","coordinates":[[[[142.545,-10.907],[142.79,-11.1],[142.852,-11.601],[143.028,-11.939],[143.129,-12.346],[143.276,-12.412],[143.408,-12.678],[143.357,-12.872],[143.504,-12.959],[143.549,-13.647],[143.605,-13.913],[143.773,-14.384],[144.025,-14.479],[144.491,-14.181],[144.621,-14.436],[145.184,-14.842],[145.405,-15.942],[145.413,-16.373],[145.522,-16.589],[145.919,-17.097],[146.127,-17.608],[146.025,-18.262],[146.183,-18.445],[146.281,-18.885],[146.477,-19.091],[147.122,-19.414],[147.42,-19.425],[147.495,-19.666],[147.656,-19.823],[148.238,-20.026],[148.737,-20.259],[148.693,-20.634],[148.843,-20.852],[149.129,-21.004],[149.382,-21.511],[149.591,-22.287],[149.634,-22.541],[150.057,-22.653],[149.913,-22.324],[150.038,-22.131],[150.176,-22.348],[150.817,-22.747],[150.774,-23.313],[150.703,-23.6],[151.108,-23.665],[151.181,-23.868],[151.447,-24.08],[151.746,-24.02],[152.195,-24.69],[152.806,-25.268],[152.899,-25.696],[153.132,-26.068],[153.058,-27.278],[153.183,-27.449],[153.57,-28.408],[153.587,-28.877],[153.281,-29.365],[153.361,-29.527],[153.185,-30.183],[153.042,-30.487],[152.996,-30.839],[153.049,-31.048],[152.797,-31.714],[152.554,-32.02],[152.48,-32.462],[152.046,-32.788],[151.636,-32.999],[151.553,-33.299],[151.308,-33.55],[151.296,-33.801],[150.923,-34.327],[150.75,-34.873],[150.775,-35.069],[150.641,-35.167],[150.213,-35.713],[150.095,-36.347],[149.966,-36.792],[149.98,-37.5],[149.675,-37.684],[149.394,-37.776],[148.274,-37.818],[147.7,-37.88],[147.706,-38.002],[146.845,-38.607],[146.222,-38.7],[146.401,-39.138],[146.018,-38.824],[145.606,-38.677],[145.442,-38.539],[145.552,-38.347],[145.26,-38.225],[145.166,-38.4],[144.887,-38.488],[145.125,-38.121],[144.9,-37.831],[144.496,-38.092],[144.509,-38.275],[143.634,-38.792],[143.472,-38.819],[142.271,-38.364],[141.942,-38.285],[141.36,-38.279],[141.003,-38.069],[140.643,-38.052],[140.357,-37.874],[139.794,-37.261],[139.691,-36.986],[139.86,-36.726],[139.7,-36.306],[139.355,-35.878],[138.903,-35.569],[138.704,-35.517],[138.491,-35.636],[138.181,-35.667],[138.162,-35.522],[138.443,-35.32],[138.564,-34.826],[138.099,-34.142],[138.006,-34.239],[137.751,-35.046],[137.599,-35.143],[136.929,-35.284],[136.842,-35.214],[137.009,-34.906],[137.318,-34.933],[137.48,-34.481],[137.504,-34.14],[137.614,-33.894],[137.81,-33.676],[137.99,-33.143],[137.753,-32.641],[137.592,-33.01],[137.332,-33.464],[136.986,-33.707],[136.622,-33.893],[135.903,-34.592],[135.979,-34.74],[135.947,-35.01],[135.155,-34.57],[135.412,-34.518],[135.252,-33.986],[135.032,-33.756],[134.704,-33.182],[134.261,-33.155],[134.106,-32.873],[134.288,-32.694],[134.19,-32.495],[133.676,-32.147],[133.457,-32.176],[132.069,-31.913],[131.679,-31.681],[131.15,-31.468],[130.552,-31.594],[130.158,-31.579],[129.052,-31.677],[128.084,-32.06],[127.267,-32.274],[126.691,-32.317],[126.15,-32.249],[125.982,-32.292],[124.97,-32.776],[124.351,-32.966],[124.127,-33.138],[123.996,-33.448],[123.749,-33.779],[123.512,-33.93],[123.16,-33.949],[123.02,-33.862],[122.116,-33.993],[121.896,-33.865],[121.353,-33.82],[120.702,-33.897],[119.986,-33.941],[119.634,-34.104],[119.504,-34.346],[119.181,-34.49],[118.741,-34.58],[118.324,-34.903],[117.847,-35.094],[117.325,-35.013],[116.629,-35.05],[115.961,-34.748],[115.67,-34.485],[115.439,-34.352],[115.037,-34.272],[114.991,-33.956],[115.006,-33.534],[115.206,-33.655],[115.494,-33.547],[115.677,-33.298],[115.654,-32.905],[115.746,-32.407],[115.744,-31.832],[115.676,-31.645],[115.199,-30.824],[115.069,-30.519],[114.97,-30.075],[114.959,-29.658],[114.861,-29.11],[114.602,-28.671],[114.256,-28.205],[114.128,-27.606],[113.994,-27.291],[113.618,-26.732],[113.285,-26.397],[113.225,-26.23],[113.391,-26.112],[113.478,-26.404],[113.658,-26.673],[113.865,-26.523],[113.872,-26.332],[113.555,-26.041],[113.403,-25.727],[113.475,-25.559],[113.868,-26.075],[114.061,-26.447],[114.228,-26.314],[114.192,-25.817],[113.841,-25.247],[113.62,-24.765],[113.4,-24.487],[113.43,-24.028],[113.613,-23.636],[113.782,-23.464],[113.83,-23.046],[113.676,-22.613],[113.997,-21.878],[114.148,-21.899],[114.082,-22.158],[114.124,-22.471],[114.393,-22.419],[114.644,-21.848],[115.454,-21.512],[115.879,-21.129],[116.644,-20.713],[117.485,-20.727],[117.778,-20.668],[118.132,-20.373],[118.795,-20.281],[119.092,-19.99],[119.437,-20.015],[120.197,-19.917],[120.696,-19.743],[121.085,-19.559],[121.398,-19.257],[121.864,-18.475],[122.284,-18.181],[122.348,-17.979],[122.209,-17.888],[122.138,-17.509],[122.17,-17.268],[122.311,-17.061],[122.759,-16.714],[122.921,-16.408],[123.034,-16.672],[123.275,-17.039],[123.392,-17.327],[123.57,-17.526],[123.601,-17.141],[123.837,-17.152],[123.866,-17.006],[123.495,-16.5],[123.7,-16.426],[123.586,-16.263],[123.715,-16.146],[123.891,-16.411],[123.974,-16.346],[124.366,-16.449],[124.532,-16.339],[124.467,-16.112],[124.728,-15.819],[124.455,-15.819],[124.389,-15.695],[124.459,-15.504],[124.625,-15.5],[124.845,-15.365],[125.164,-15.51],[125.059,-15.182],[125.501,-15.159],[125.276,-14.961],[125.156,-14.728],[125.36,-14.585],[125.581,-14.557],[125.652,-14.389],[125.933,-14.643],[126.096,-14.239],[126.471,-14.103],[126.573,-14.24],[126.741,-14.008],[126.747,-13.797],[126.942,-13.738],[127.145,-13.988],[127.321,-13.919],[127.619,-14.143],[127.938,-14.549],[128.11,-14.864],[128.08,-15.143],[127.963,-15.518],[128.28,-15.359],[128.368,-15.084],[128.497,-14.962],[128.48,-14.784],[128.953,-14.852],[129.174,-14.973],[129.472,-14.937],[129.561,-15.055],[129.764,-14.841],[129.792,-14.533],[129.521,-14.546],[129.354,-14.417],[129.494,-14.078],[129.745,-13.921],[129.905,-13.508],[130.009,-13.526],[130.255,-13.33],[130.159,-13.179],[130.19,-12.914],[130.349,-12.745],[130.509,-12.704],[130.581,-12.403],[130.852,-12.462],[131.003,-12.197],[131.314,-12.174],[131.426,-12.274],[131.658,-12.283],[132.414,-12.226],[132.581,-12.107],[132.729,-11.612],[132.526,-11.435],[132.146,-11.511],[131.826,-11.28],[132.358,-11.158],[132.561,-11.37],[132.822,-11.409],[133.068,-11.543],[133.252,-11.734],[133.415,-11.783],[133.877,-11.807],[134.177,-12.137],[134.806,-12.063],[135.078,-12.257],[135.334,-12.251],[135.607,-12.077],[135.891,-12.182],[135.998,-12.454],[136.296,-12.406],[136.354,-12.226],[136.185,-12.162],[136.444,-11.952],[136.645,-12.271],[136.876,-12.233],[136.935,-12.372],[136.725,-12.556],[136.602,-12.754],[136.627,-13.017],[136.373,-13.205],[136.143,-13.19],[135.91,-13.276],[135.873,-13.71],[136.021,-13.691],[135.879,-14.178],[135.722,-14.304],[135.518,-14.623],[135.202,-14.764],[135.616,-15.056],[135.657,-15.207],[135.898,-15.22],[136.103,-15.36],[136.712,-15.878],[136.909,-15.902],[137.536,-16.166],[137.777,-16.307],[137.89,-16.457],[138.315,-16.748],[139.013,-16.894],[139.345,-17.374],[140.003,-17.715],[140.506,-17.642],[140.842,-17.443],[141.306,-16.439],[141.403,-16.004],[141.437,-15.656],[141.581,-15.241],[141.636,-14.953],[141.469,-13.864],[141.55,-13.501],[141.742,-13.378],[141.586,-12.995],[141.93,-12.592],[141.593,-12.557],[141.811,-12.049],[141.992,-11.764],[142.154,-11.147],[142.446,-10.714],[142.545,-10.907]]],[[[147.993,-42.924],[147.981,-43.155],[147.795,-43.219],[147.62,-43.066],[147.993,-42.924]]],[[[144.845,-40.742],[145.264,-40.806],[146.164,-41.149],[146.36,-41.186],[146.815,-41.127],[146.99,-40.989],[147.388,-40.995],[148.002,-40.747],[148.33,-41.001],[148.288,-41.241],[148.285,-42.049],[148.018,-42.266],[147.937,-42.622],[147.685,-42.899],[147.344,-42.955],[147.251,-43.188],[146.834,-43.633],[146.495,-43.531],[146.022,-43.462],[146.0,-43.331],[145.495,-42.966],[145.298,-42.623],[145.205,-42.307],[145.26,-42.135],[144.804,-41.481],[144.614,-41.011],[144.845,-40.742]]],[[[148.27,-40.222],[148.035,-40.197],[147.78,-39.853],[147.956,-39.734],[148.284,-40.051],[148.27,-40.222]]],[[[144.097,-40.04],[143.906,-40.145],[143.842,-39.886],[143.973,-39.594],[144.109,-39.673],[144.097,-40.04]]],[[[137.12,-36.029],[136.705,-36.036],[136.547,-35.904],[136.586,-35.752],[137.379,-35.592],[137.575,-35.73],[138.01,-35.902],[137.12,-36.029]]],[[[153.325,-24.964],[153.083,-25.71],[152.95,-25.595],[153.09,-25.151],[153.325,-24.964]]],[[[139.693,-16.468],[139.576,-16.5],[139.29,-16.739],[139.187,-16.59],[139.321,-16.461],[139.539,-16.4],[139.693,-16.468]]],[[[136.945,-14.287],[136.628,-14.282],[136.391,-14.186],[136.418,-13.956],[136.707,-13.716],[136.764,-13.975],[136.945,-14.287]]],[[[130.489,-11.672],[130.502,-11.838],[130.117,-11.829],[130.181,-11.417],[130.348,-11.331],[130.489,-11.672]]],[[[130.681,-11.43],[131.202,-11.297],[131.295,-11.203],[131.51,-11.466],[131.343,-11.662],[130.985,-11.93],[130.678,-11.785],[130.473,-11.617],[130.36,-11.241],[130.681,-11.43]]]]}},{"type":"Feature","id":"BGD","properties":{"id":"BGD"},"geometry":{"type":"Polygon","coordinates":[[[92.607,21.971],[92.544,21.379],[92.345,21.461],[92.188,21.192],[92.256,21.052],[92.046,21.23],[91.985,21.594],[91.893,21.653],[91.922,22.184],[91.982,22.416],[91.69,22.516],[91.43,22.775],[91.109,22.471],[90.715,22.934],[90.641,23.328],[90.468,23.356],[90.405,23.001],[90.437,22.764],[90.622,22.389],[90.22,21.984],[90.056,22.18],[89.737,22.281],[89.56,22.254],[89.436,22.431],[89.195,22.217],[89.07,22.198],[88.988,22.352],[88.897,22.911],[88.754,23.361],[88.565,23.657],[88.587,23.846],[88.758,23.984],[88.681,24.316],[88.304,24.407],[88.017,24.678],[88.146,24.936],[88.447,25.086],[88.999,25.269],[88.758,25.51],[88.453,25.627],[88.107,25.822],[88.177,26.142],[88.348,26.269],[88.422,26.575],[88.862,26.252],[89.071,26.398],[89.14,26.195],[89.339,26.023],[89.537,25.985],[89.766,26.131],[89.848,25.892],[89.839,25.45],[89.891,25.293],[90.449,25.145],[91.26,25.204],[92.06,25.187],[92.357,25.05],[92.498,24.876],[92.279,24.712],[92.167,24.435],[91.849,24.205],[91.681,24.177],[91.286,23.982],[91.167,23.617],[91.404,23.097],[91.602,22.954],[91.818,23.104],[91.78,23.229],[91.993,23.688],[92.284,23.669],[92.354,23.238],[92.506,22.733],[92.607,21.971]]]}},{"type":"Feature","id":"BGR","properties":{"id":"BGR"},"geometry":{"type":"Polygon","coordinates":[[[28.579,43.739],[28.596,43.566],[28.41,43.393],[28.162,43.41],[27.953,43.176],[27.899,42.86],[27.542,42.564],[28.032,41.981],[27.696,41.976],[27.287,42.096],[27.108,42.087],[26.369,41.821],[26.358,41.711],[26.113,41.626],[26.189,41.439],[25.961,41.32],[25.224,41.277],[24.463,41.536],[24.104,41.549],[23.786,41.416],[23.225,41.337],[22.927,41.338],[22.991,41.77],[22.877,41.977],[22.36,42.312],[22.559,42.481],[22.44,42.824],[22.776,42.935],[23.006,43.187],[22.533,43.473],[22.364,43.825],[22.418,44.006],[22.676,44.215],[23.174,43.821],[23.402,43.852],[23.948,43.745],[25.014,43.717],[25.386,43.619],[25.786,43.71],[26.178,43.988],[27.049,44.141],[27.619,44.021],[28.224,43.763],[28.579,43.739]]]}},{"type":"Feature","id":"BHS","properties":{"id":"BHS"},"geometry":{"type":"MultiPolygon","coordinates":[[[[-78.16,25.197],[-77.971,25.042],[-77.774,24.732],[-77.777,24.442],[-78.024,24.303],[-78.311,24.499],[-78.37,24.677],[-78.222,24.844],[-78.16,25.197]]],[[[-73.046,21.132],[-73.172,20.967],[-73.657,20.916],[-73.65,21.097],[-73.408,21.203],[-73.046,21.132]]],[[[-77.43,26.808],[-77.053,26.549],[-77.181,25.948],[-77.393,26.024],[-77.223,26.31],[-77.144,26.569],[-77.43,26.808]]]]}},{"type":"Feature","id":"BIH","properties":{"id":"BIH"},"geometry":{"type":"Polygon","coordinates":[[[19.022,44.855],[19.364,44.882],[19.265,44.647],[19.222,44.27],[19.581,44.066],[19.223,43.527],[18.699,43.261],[18.485,42.936],[18.552,42.721],[18.438,42.556],[17.805,42.913],[17.649,42.889],[17.581,42.938],[17.635,43.093],[16.377,44.08],[15.76,44.881],[15.768,45.171],[15.985,45.227],[16.358,45.01],[16.624,45.219],[16.985,45.237],[17.253,45.152],[18.589,45.09],[18.866,44.853],[19.022,44.855]]]}},{"type":"Feature","id":"BLR","properties":{"id":"BLR"},"geometry":{"type":"Polygon","coordinates":[[[31.782,52.112],[30.929,52.049],[30.542,51.67],[30.62,51.424],[30.341,51.37],[30.165,51.503],[29.28,51.459],[28.906,51.589],[28.169,51.632],[27.845,51.55],[27.378,51.61],[26.962,51.746],[25.956,51.923],[25.32,51.944],[24.574,51.894],[23.618,51.508],[23.544,51.723],[23.685,51.986],[23.614,52.109],[23.179,52.284],[23.471,52.551],[23.939,52.713],[23.901,53.177],[23.654,53.537],[23.515,53.956],[24.482,53.932],[25.288,54.263],[25.67,54.323],[25.743,54.773],[26.233,55.102],[26.696,55.177],[26.63,55.681],[27.632,55.871],[28.151,56.171],[28.319,56.059],[29.143,56.028],[29.45,55.957],[29.566,55.73],[29.975,55.871],[30.515,55.788],[30.845,55.625],[30.997,55.136],[30.988,54.691],[31.313,54.284],[31.69,54.107],[31.803,53.855],[32.414,53.73],[32.749,53.467],[32.747,53.343],[32.148,53.083],[31.408,53.199],[31.336,52.99],[31.491,52.858],[31.782,52.112]]]}},{"type":"Feature","id":"BLZ","properties":{"id":"BLZ"},"geometry":{"type":"Polygon","coordinates":[[[-88.942,15.89],[-89.215,15.891],[-89.154,17.007],[-89.152,17.816],[-88.929,17.93],[-88.637,18.214],[-88.454,18.484],[-88.316,18.487],[-88.124,18.366],[-88.143,18.01],[-88.219,17.796],[-88.293,17.302],[-88.227,16.983],[-88.332,16.637],[-88.492,16.344],[-88.749,16.204],[-88.942,15.89]]]}},{"type":"Feature","id":"BOL","properties":{"id":"BOL"},"geometry":{"type":"Polygon","coordinates":[[[-62.645,-22.251],[-62.913,-21.999],[-63.902,-21.999],[-64.023,-22.177],[-64.263,-22.692],[-64.362,-22.722],[-64.65,-22.189],[-65.018,-22.087],[-65.404,-22.088],[-65.836,-22.039],[-66.097,-21.819],[-66.646,-22.214],[-67.023,-22.594],[-67.181,-22.814],[-67.584,-22.897],[-67.882,-22.827],[-67.983,-22.043],[-68.18,-21.431],[-68.179,-21.302],[-68.686,-20.5],[-68.742,-20.369],[-68.617,-19.797],[-68.42,-19.433],[-68.933,-18.915],[-69.057,-18.309],[-69.306,-17.88],[-69.468,-17.498],[-69.576,-17.292],[-69.481,-17.123],[-68.825,-16.359],[-69.275,-16.119],[-69.411,-15.622],[-69.152,-15.267],[-69.346,-14.982],[-69.357,-14.811],[-69.131,-14.506],[-68.855,-14.22],[-68.971,-13.883],[-68.996,-13.639],[-68.862,-13.304],[-68.825,-12.805],[-68.652,-12.498],[-68.97,-11.918],[-69.573,-10.946],[-69.236,-10.947],[-68.756,-11.038],[-68.707,-11.146],[-68.241,-10.959],[-68.105,-10.741],[-67.538,-10.488],[-66.964,-10.189],[-66.609,-9.895],[-66.195,-9.806],[-65.719,-9.756],[-65.437,-9.672],[-65.293,-9.833],[-65.387,-10.388],[-65.31,-10.835],[-65.36,-11.257],[-65.234,-11.676],[-64.938,-12.005],[-64.813,-12.07],[-64.401,-12.449],[-63.966,-12.528],[-63.691,-12.449],[-63.04,-12.758],[-62.809,-12.962],[-62.514,-13.076],[-62.115,-13.164],[-61.876,-13.508],[-61.244,-13.513],[-60.923,-13.563],[-60.494,-13.793],[-60.398,-13.978],[-60.462,-14.281],[-60.271,-14.638],[-60.245,-15.097],[-60.41,-15.098],[-60.2,-15.95],[-60.059,-16.269],[-58.409,-16.31],[-58.472,-16.792],[-58.384,-17.192],[-58.077,-17.456],[-57.898,-17.459],[-57.784,-17.586],[-57.582,-18.108],[-57.566,-18.258],[-57.85,-19.175],[-58.131,-19.758],[-57.975,-19.88],[-57.994,-20.057],[-58.169,-20.172],[-58.252,-19.766],[-58.987,-19.337],[-59.162,-19.29],[-59.864,-19.294],[-60.604,-19.457],[-61.486,-19.603],[-61.823,-19.858],[-62.175,-20.437],[-62.262,-21.059],[-62.645,-22.251]]]}},{"type":"Feature","id":"BRA","properties":{"id":"BRA"},"geometry":{"type":"MultiPolygon","coordinates":[[[[-57.647,-30.194],[-56.984,-29.644],[-56.298,-28.835],[-55.749,-28.281],[-54.752,-27.572],[-54.214,-27.369],[-53.814,-27.129],[-53.679,-26.915],[-53.677,-26.42],[-53.862,-25.662],[-54.187,-25.535],[-54.408,-25.645],[-54.594,-25.592],[-54.277,-24.395],[-54.284,-24.068],[-54.456,-23.9],[-54.659,-23.819],[-55.052,-23.985],[-55.402,-23.97],[-55.504,-23.635],[-55.65,-22.793],[-55.641,-22.613],[-55.858,-22.282],[-56.552,-22.186],[-56.878,-22.269],[-57.318,-22.238],[-57.907,-22.126],[-57.998,-22.027],[-57.863,-21.315],[-57.904,-20.747],[-58.169,-20.172],[-57.994,-20.057],[-57.975,-19.88],[-58.131,-19.758],[-57.85,-19.175],[-57.566,-18.258],[-57.582,-18.108],[-57.784,-17.586],[-57.898,-17.459],[-58.077,-17.456],[-58.384,-17.192],[-58.472,-16.792],[-58.409,-16.31],[-60.059,-16.269],[-60.2,-15.95],[-60.41,-15.098],[-60.245,-15.097],[-60.271,-14.638],[-60.462,-14.281],[-60.398,-13.978],[-60.494,-13.793],[-60.923,-13.563],[-61.244,-13.513],[-61.876,-13.508],[-62.115,-13.164],[-62.514,-13.076],[-62.809,-12.962],[-63.04,-12.758],[-63.691,-12.449],[-63.966,-12.528],[-64.401,-12.449],[-64.813,-12.07],[-64.938,-12.005],[-65.234,-11.676],[-65.36,-11.257],[-65.31,-10.835],[-65.387,-10.388],[-65.293,-9.833],[-65.437,-9.672],[-65.719,-9.756],[-66.195,-9.806],[-66.609,-9.895],[-66.964,-10.189],[-67.538,-10.488],[-68.105,-10.741],[-68.241,-10.959],[-68.707,-11.146],[-68.756,-11.038],[-69.236,-10.947],[-69.573,-10.946],[-69.759,-10.942],[-70.158,-11.039],[-70.621,-11.0],[-70.621,-9.828],[-70.516,-9.48],[-70.62,-9.473],[-71.224,-9.969],[-71.384,-10.0],[-72.105,-10.0],[-72.301,-9.533],[-72.412,-9.482],[-72.923,-9.412],[-73.106,-9.294],[-72.948,-9.125],[-72.961,-8.982],[-73.503,-8.376],[-73.734,-7.878],[-73.872,-7.668],[-73.761,-6.936],[-73.632,-6.753],[-73.244,-6.587],[-73.107,-6.42],[-73.183,-6.259],[-73.149,-5.868],[-72.959,-5.577],[-72.878,-5.179],[-71.925,-4.549],[-71.163,-4.392],[-70.664,-4.167],[-70.439,-4.146],[-70.025,-4.366],[-69.947,-4.227],[-69.408,-1.301],[-69.428,-1.015],[-69.578,-0.666],[-69.928,-0.315],[-70.049,-0.137],[-70.026,0.561],[-69.422,0.691],[-69.129,0.638],[-69.183,0.936],[-69.328,1.086],[-69.846,1.079],[-69.845,1.714],[-69.598,1.749],[-68.209,1.729],[-67.683,1.954],[-67.581,2.062],[-67.351,2.119],[-67.108,1.71],[-67.065,1.515],[-67.087,1.167],[-66.853,1.23],[-66.348,0.778],[-65.942,0.877],[-65.615,1.01],[-65.397,0.791],[-64.911,1.233],[-64.484,1.459],[-64.383,1.443],[-64.062,1.703],[-63.906,1.986],[-63.393,2.153],[-63.372,2.427],[-63.896,2.467],[-64.036,2.579],[-64.105,2.968],[-64.14,3.486],[-64.316,3.712],[-64.769,4.078],[-64.794,4.285],[-63.777,3.937],[-63.417,3.93],[-62.928,3.637],[-62.761,3.682],[-62.736,4.039],[-62.354,4.164],[-62.112,4.096],[-61.646,4.255],[-61.323,4.505],[-60.954,4.561],[-60.591,4.935],[-60.737,5.201],[-60.206,5.27],[-59.994,5.085],[-60.074,4.638],[-59.973,4.493],[-59.703,4.317],[-59.564,3.971],[-59.757,3.641],[-59.977,2.938],[-59.99,2.691],[-59.907,2.396],[-59.734,2.091],[-59.667,1.743],[-59.272,1.399],[-58.894,1.223],[-58.536,1.263],[-58.334,1.575],[-58.147,1.525],[-57.689,1.692],[-57.446,1.871],[-56.973,1.908],[-56.766,1.878],[-56.477,1.946],[-56.079,1.853],[-56.042,2.211],[-55.817,2.461],[-55.288,2.515],[-54.804,2.441],[-54.574,2.33],[-54.466,2.21],[-54.174,2.139],[-53.888,2.284],[-53.416,2.291],[-53.037,2.174],[-52.679,2.37],[-52.24,3.241],[-51.616,4.182],[-51.545,4.397],[-51.202,4.084],[-51.119,3.919],[-51.007,3.108],[-50.671,2.188],[-50.471,1.82],[-50.286,1.817],[-49.953,1.676],[-49.88,1.419],[-49.988,1.072],[-50.429,0.69],[-50.539,0.496],[-50.847,0.184],[-51.203,-0.055],[-51.419,-0.412],[-51.26,-0.5],[-51.082,-0.336],[-50.892,-0.06],[-50.663,-0.0],[-50.52,-0.167],[-50.321,-0.088],[-50.03,-0.151],[-48.639,-0.225],[-48.37,-0.381],[-48.475,-0.7],[-48.813,-1.382],[-49.032,-1.538],[-49.595,-1.716],[-50.052,-1.717],[-50.413,-1.84],[-50.401,-1.934],[-49.758,-1.893],[-49.583,-1.781],[-49.276,-1.706],[-49.381,-1.993],[-49.291,-2.069],[-49.1,-1.748],[-48.899,-1.741],[-48.304,-0.948],[-48.055,-0.668],[-47.667,-0.569],[-47.406,-0.764],[-47.236,-0.697],[-46.846,-0.799],[-46.676,-0.965],[-46.292,-1.03],[-46.15,-1.237],[-45.966,-1.132],[-45.681,-1.409],[-45.428,-1.468],[-45.348,-1.75],[-45.083,-1.471],[-44.923,-1.55],[-44.596,-1.901],[-44.608,-2.147],[-44.399,-2.214],[-44.358,-2.335],[-44.56,-2.522],[-44.792,-3.236],[-44.494,-3.026],[-44.312,-2.514],[-44.105,-2.411],[-44.052,-2.561],[-44.332,-2.779],[-44.208,-2.857],[-43.89,-2.619],[-43.558,-2.526],[-43.433,-2.335],[-43.191,-2.378],[-42.249,-2.799],[-42.033,-2.745],[-41.577,-2.909],[-41.308,-2.917],[-40.475,-2.797],[-39.981,-2.849],[-39.193,-3.278],[-38.423,-3.795],[-38.117,-4.14],[-37.713,-4.506],[-37.254,-4.824],[-36.82,-5.019],[-36.564,-5.084],[-35.94,-5.049],[-35.588,-5.124],[-35.416,-5.218],[-35.222,-5.593],[-35.066,-6.225],[-34.823,-7.008],[-34.796,-7.322],[-34.852,-8.037],[-35.167,-8.966],[-35.384,-9.289],[-36.129,-10.144],[-36.518,-10.536],[-36.856,-10.741],[-37.018,-10.936],[-37.419,-11.549],[-37.664,-12.067],[-37.98,-12.546],[-38.318,-12.934],[-38.477,-13.022],[-38.498,-12.745],[-38.707,-12.631],[-38.768,-12.998],[-38.902,-13.486],[-39.075,-13.887],[-38.954,-13.99],[-39.063,-14.664],[-38.961,-15.542],[-38.915,-15.729],[-39.212,-17.155],[-39.189,-17.562],[-39.358,-17.903],[-39.615,-18.199],[-39.722,-18.493],[-39.749,-18.81],[-39.69,-19.302],[-39.755,-19.539],[-40.173,-20.077],[-40.42,-20.636],[-40.806,-20.987],[-41.07,-21.507],[-40.99,-22.014],[-41.229,-22.151],[-41.587,-22.257],[-41.979,-22.566],[-41.927,-22.771],[-42.086,-22.957],[-43.097,-22.961],[-43.029,-22.73],[-43.214,-22.729],[-43.15,-22.951],[-43.562,-23.052],[-43.834,-22.912],[-44.073,-22.973],[-44.336,-22.926],[-44.672,-23.065],[-44.735,-23.372],[-44.879,-23.35],[-45.692,-23.774],[-45.934,-23.771],[-46.487,-24.036],[-47.55,-24.752],[-47.903,-25.114],[-48.186,-25.316],[-48.739,-25.374],[-48.691,-25.499],[-48.432,-25.653],[-48.614,-26.06],[-48.771,-26.21],[-48.664,-26.363],[-48.692,-26.682],[-48.531,-27.18],[-48.604,-27.429],[-48.597,-27.915],[-48.765,-28.484],[-48.856,-28.613],[-49.356,-28.938],[-49.83,-29.474],[-50.075,-29.883],[-50.316,-30.472],[-50.901,-31.255],[-51.303,-31.613],[-52.043,-32.12],[-52.077,-31.875],[-51.702,-31.78],[-51.157,-31.29],[-50.569,-30.471],[-50.535,-30.278],[-50.659,-30.201],[-51.045,-30.362],[-51.288,-30.302],[-51.299,-30.582],[-51.468,-31.055],[-52.002,-31.448],[-52.26,-32.062],[-52.161,-32.201],[-52.634,-33.126],[-52.773,-33.29],[-53.369,-33.744],[-53.531,-33.682],[-53.52,-33.151],[-53.211,-32.853],[-53.311,-32.6],[-54.052,-31.905],[-54.496,-31.543],[-55.058,-31.332],[-55.344,-31.079],[-55.999,-30.878],[-56.176,-30.634],[-56.783,-30.126],[-57.063,-30.09],[-57.254,-30.287],[-57.647,-30.194]]],[[[-49.422,-0.111],[-49.703,-0.136],[-49.609,0.08],[-49.389,0.045],[-49.422,-0.111]]],[[[-49.829,0.063],[-50.01,-0.028],[-50.209,0.045],[-50.239,0.23],[-49.66,0.358],[-49.606,0.268],[-49.829,0.063]]],[[[-50.304,0.283],[-50.535,0.225],[-50.421,0.488],[-50.304,0.283]]],[[[-50.244,0.344],[-50.271,0.599],[-50.045,0.526],[-50.244,0.344]]],[[[-50.276,1.938],[-50.423,1.849],[-50.521,2.026],[-50.339,2.153],[-50.276,1.938]]]]}},{"type":"Feature","id":"BRN","properties":{"id":"BRN"},"geometry":{"type":"MultiPolygon","coordinates":[[[[114.071,4.589],[114.442,4.664],[114.855,4.969],[115.012,4.892],[114.795,4.739],[114.857,4.268],[114.615,4.01],[114.257,4.503],[114.071,4.589]]],[[[115.155,4.912],[115.335,4.301],[115.099,4.426],[115.037,4.798],[115.155,4.912]]]]}},{"type":"Feature","id":"BTN","properties":{"id":"BTN"},"geometry":{"type":"Polygon","coordinates":[[[91.643,27.761],[91.649,27.491],[92.022,27.464],[92.091,27.304],[92.116,26.894],[91.732,26.818],[90.734,26.772],[90.595,26.802],[89.626,26.742],[89.158,26.816],[88.774,27.136],[88.921,27.327],[89.091,27.61],[89.502,28.079],[89.78,28.228],[90.272,28.156],[90.572,28.035],[91.343,28.055],[91.643,27.761]]]}},{"type":"Feature","id":"BWA","properties":{"id":"BWA"},"geometry":{"type":"Polygon","coordinates":[[[29.375,-22.196],[29.013,-22.237],[28.83,-22.475],[28.34,-22.578],[28.16,-22.73],[27.769,-23.181],[27.153,-23.529],[27.025,-23.644],[26.906,-24.031],[26.747,-24.309],[26.29,-24.662],[25.85,-24.798],[25.844,-24.972],[25.583,-25.637],[25.314,-25.771],[24.616,-25.802],[23.84,-25.559],[23.559,-25.363],[23.343,-25.286],[23.049,-25.294],[22.852,-25.499],[22.668,-26.077],[21.962,-26.664],[21.625,-26.866],[21.256,-26.84],[20.705,-26.886],[20.635,-26.793],[20.617,-26.457],[20.851,-26.123],[20.787,-25.84],[20.403,-25.08],[19.999,-24.762],[20.009,-22.0],[20.999,-22.0],[20.999,-18.598],[21.198,-18.313],[21.899,-18.223],[23.091,-18.002],[23.297,-18.0],[23.571,-18.467],[23.633,-18.49],[23.995,-18.168],[24.354,-17.961],[24.727,-17.907],[24.968,-17.81],[25.261,-17.792],[25.246,-17.932],[25.548,-18.411],[25.723,-18.599],[25.994,-19.031],[26.143,-19.482],[26.63,-19.885],[26.944,-20.011],[27.298,-20.312],[27.684,-20.49],[27.779,-21.166],[27.971,-21.482],[28.234,-21.602],[28.554,-21.646],[28.936,-21.774],[29.375,-22.196]]]}},{"type":"Feature","id":"CAF","properties":{"id":"CAF"},"geometry":{"type":"Polygon","coordinates":[[[22.876,10.931],[23.017,10.708],[23.336,10.436],[23.672,9.9],[23.699,9.678],[23.648,9.393],[23.507,9.176],[23.519,8.837],[23.648,8.742],[24.23,8.7],[24.224,8.642],[24.151,8.396],[24.354,8.255],[24.851,8.173],[25.13,7.906],[25.239,7.634],[25.202,7.493],[25.396,7.34],[26.045,6.977],[26.3,6.708],[26.3,6.489],[26.467,6.083],[26.852,5.934],[27.187,5.729],[27.259,5.601],[27.444,5.019],[27.094,5.209],[26.889,5.088],[26.527,5.057],[26.318,5.15],[25.84,5.212],[25.534,5.373],[25.392,5.332],[25.318,5.035],[25.01,4.961],[24.352,5.008],[23.432,4.635],[23.289,4.634],[22.981,4.829],[22.818,4.725],[22.625,4.493],[22.535,4.204],[22.294,4.118],[21.792,4.285],[21.503,4.261],[21.233,4.3],[20.451,4.577],[20.324,4.767],[19.83,5.093],[19.526,5.145],[19.368,5.092],[19.061,4.862],[18.637,4.361],[18.59,3.759],[18.625,3.472],[18.461,3.626],[17.84,3.599],[17.384,3.646],[16.663,3.538],[16.593,3.467],[16.461,2.73],[16.192,2.22],[16.078,2.471],[16.086,2.825],[15.258,3.702],[15.073,4.02],[15.09,4.29],[14.731,4.621],[14.588,5.41],[14.587,6.196],[14.805,6.387],[15.035,6.762],[15.179,7.073],[15.496,7.532],[15.766,7.458],[16.004,7.502],[16.622,7.761],[16.801,7.556],[16.907,7.569],[17.436,7.876],[17.694,7.982],[18.586,8.046],[18.854,8.315],[19.097,8.658],[18.862,8.853],[19.172,9.021],[19.704,9.029],[20.458,9.181],[20.77,9.415],[21.283,9.986],[21.597,10.213],[21.843,10.843],[22.509,11.007],[22.876,10.931]]]}},{"type":"Feature","id":"CAN","properties":{"id":"CAN"},"geometry":{"type":"MultiPolygon","coordinates":[[[[-130.009,55.912],[-130.104,56.123],[-130.737,56.338],[-131.776,56.602],[-132.054,56.855],[-132.498,57.452],[-133.129,58.089],[-133.402,58.418],[-134.688,59.217],[-135.029,59.564],[-135.479,59.798],[-136.325,59.59],[-136.576,59.174],[-137.506,59.003],[-137.607,59.244],[-138.829,59.933],[-139.199,60.088],[-139.075,60.352],[-139.693,60.335],[-139.825,60.265],[-140.537,60.223],[-141.002,60.306],[-141.0,69.646],[-139.388,69.54],[-138.601,69.248],[-136.868,68.886],[-136.004,68.856],[-135.643,68.905],[-135.999,69.2],[-135.19,69.271],[-135.037,69.472],[-134.249,69.566],[-133.654,69.38],[-133.156,69.395],[-132.403,69.73],[-132.129,69.687],[-130.958,70.062],[-130.555,70.114],[-129.574,69.986],[-130.528,69.763],[-130.964,69.549],[-130.944,69.111],[-130.296,69.688],[-129.455,69.824],[-128.917,69.651],[-128.303,69.941],[-128.019,70.569],[-127.232,70.278],[-126.689,69.736],[-125.941,69.396],[-125.548,69.326],[-125.0,69.863],[-124.112,69.655],[-124.524,69.408],[-124.364,69.338],[-123.516,69.37],[-123.188,69.485],[-123.101,69.743],[-122.744,69.807],[-121.696,69.797],[-121.005,69.666],[-120.272,69.404],[-118.568,69.196],[-117.838,68.994],[-116.176,68.829],[-115.807,69.002],[-114.94,68.854],[-114.17,68.551],[-114.0,68.241],[-114.818,68.257],[-115.164,68.189],[-115.154,67.824],[-113.66,67.694],[-112.573,67.677],[-110.777,67.831],[-110.15,68.01],[-109.714,67.724],[-109.071,67.73],[-108.926,67.545],[-107.968,67.28],[-108.182,67.031],[-108.141,66.838],[-107.267,67.131],[-107.667,67.409],[-107.829,67.657],[-107.515,68.061],[-106.72,68.144],[-106.431,68.34],[-105.693,68.442],[-105.656,68.64],[-106.272,68.566],[-106.73,68.393],[-107.382,68.328],[-107.696,68.179],[-108.326,68.134],[-108.817,68.26],[-108.358,68.605],[-107.352,68.698],[-106.241,68.925],[-105.435,68.736],[-105.535,68.408],[-104.89,68.238],[-104.451,68.026],[-103.529,68.113],[-103.083,67.899],[-102.13,67.679],[-101.438,67.699],[-100.12,67.843],[-99.186,67.714],[-98.488,67.779],[-98.541,67.888],[-98.21,68.313],[-97.317,68.509],[-97.07,68.28],[-96.415,68.168],[-96.0,68.209],[-96.165,67.706],[-96.43,67.517],[-96.125,67.227],[-95.862,67.3],[-95.464,67.147],[-95.148,67.263],[-95.575,67.8],[-95.376,68.074],[-94.722,68.055],[-93.997,68.463],[-93.453,68.567],[-93.664,68.986],[-94.084,68.765],[-94.594,68.781],[-94.152,69.084],[-93.342,69.385],[-93.472,69.509],[-94.277,69.447],[-95.819,69.777],[-96.504,70.138],[-96.549,70.291],[-96.186,70.631],[-96.557,70.785],[-96.446,71.267],[-96.168,71.406],[-95.531,71.304],[-95.155,71.961],[-94.481,72.0],[-92.949,71.355],[-92.879,70.893],[-92.284,70.643],[-92.016,70.37],[-91.521,70.155],[-92.835,69.719],[-91.804,69.499],[-91.342,69.552],[-90.634,69.438],[-91.206,69.306],[-90.636,69.065],[-90.451,68.412],[-90.095,68.26],[-89.798,68.543],[-89.737,68.977],[-89.37,69.232],[-88.999,69.26],[-88.052,68.845],[-87.787,68.416],[-88.301,68.315],[-88.354,68.005],[-88.128,67.699],[-87.069,67.217],[-86.719,67.414],[-85.877,68.077],[-85.692,68.651],[-85.059,68.826],[-84.901,68.984],[-85.477,69.312],[-85.465,69.691],[-85.222,69.823],[-84.531,69.869],[-83.43,69.675],[-82.417,69.642],[-82.573,69.468],[-82.243,69.293],[-81.367,69.21],[-81.394,68.888],[-81.234,68.636],[-81.937,68.423],[-82.535,68.517],[-82.147,68.013],[-81.2,67.478],[-81.464,67.014],[-81.979,66.924],[-82.11,66.798],[-83.2,66.411],[-83.507,66.394],[-84.013,66.789],[-84.244,66.706],[-83.659,66.22],[-83.804,66.147],[-84.478,66.409],[-84.654,66.222],[-85.22,66.267],[-85.558,66.571],[-86.688,66.531],[-86.638,66.329],[-85.896,66.2],[-86.188,65.95],[-87.103,65.392],[-87.36,65.321],[-88.006,65.344],[-88.79,65.688],[-89.847,65.996],[-90.031,65.818],[-89.611,65.677],[-88.999,65.326],[-87.057,65.241],[-86.925,65.131],[-87.286,64.806],[-87.749,64.523],[-88.107,64.142],[-88.547,64.039],[-89.461,64.034],[-90.198,63.962],[-90.073,63.759],[-90.233,63.615],[-90.876,63.573],[-91.734,63.753],[-91.411,63.499],[-91.019,63.478],[-90.763,63.336],[-90.667,63.032],[-91.308,62.843],[-92.377,62.849],[-92.035,62.532],[-92.624,62.609],[-92.738,62.303],[-93.158,62.129],[-93.309,61.784],[-93.731,61.59],[-94.334,61.403],[-94.12,61.139],[-94.561,60.573],[-94.819,59.904],[-94.723,59.364],[-94.95,59.087],[-94.483,58.757],[-93.322,58.762],[-93.132,58.587],[-92.805,57.832],[-92.464,57.448],[-92.597,57.058],[-92.182,57.041],[-91.007,57.262],[-90.586,57.218],[-89.957,57.003],[-88.918,56.846],[-87.969,56.459],[-87.616,55.989],[-86.593,55.815],[-86.001,55.664],[-85.115,55.298],[-84.713,55.231],[-83.986,55.286],[-82.314,55.104],[-82.22,54.759],[-82.316,54.545],[-82.323,54.105],[-82.13,53.812],[-82.291,52.951],[-81.728,52.56],[-81.537,52.304],[-80.671,51.798],[-80.441,51.411],[-79.892,51.174],[-79.315,51.67],[-79.043,51.505],[-78.788,51.476],[-78.978,51.804],[-78.592,52.095],[-78.509,52.474],[-78.783,52.749],[-78.732,52.839],[-78.943,53.169],[-79.026,53.543],[-79.09,54.168],[-79.48,54.417],[-79.581,54.714],[-78.393,55.021],[-77.822,55.261],[-77.114,55.675],[-76.742,56.012],[-76.525,56.431],[-76.586,57.192],[-76.899,57.725],[-77.195,58.018],[-77.515,58.214],[-77.96,58.343],[-78.532,58.681],[-77.697,59.679],[-77.327,59.825],[-77.629,60.333],[-77.621,60.75],[-78.076,60.794],[-77.999,60.988],[-77.56,61.481],[-78.023,61.727],[-78.175,62.155],[-78.088,62.364],[-77.415,62.571],[-76.997,62.534],[-75.881,62.329],[-74.989,62.267],[-74.649,62.148],[-73.842,62.465],[-73.672,62.48],[-72.798,62.133],[-71.787,61.533],[-71.777,61.353],[-71.518,61.188],[-70.145,61.0],[-69.696,60.684],[-69.662,60.276],[-69.795,60.065],[-69.605,59.786],[-69.739,59.483],[-69.255,59.164],[-69.283,59.053],[-69.865,58.96],[-69.746,58.64],[-69.365,58.869],[-68.613,58.903],[-68.027,58.541],[-67.677,58.102],[-67.422,58.3],[-66.652,58.522],[-66.333,58.841],[-66.078,58.761],[-65.549,59.154],[-65.354,59.486],[-65.541,59.712],[-65.15,59.933],[-64.841,60.33],[-64.466,60.216],[-64.462,59.927],[-64.174,59.69],[-63.726,59.515],[-63.832,59.408],[-63.387,59.259],[-63.418,59.12],[-62.917,58.826],[-63.016,58.56],[-62.572,58.491],[-62.618,58.333],[-62.441,57.991],[-62.017,57.911],[-61.918,57.618],[-62.44,57.486],[-61.893,57.348],[-61.486,56.986],[-61.76,56.656],[-62.177,56.454],[-61.349,56.17],[-61.393,55.965],[-61.114,55.842],[-60.672,55.815],[-60.483,55.631],[-60.393,55.347],[-59.81,55.322],[-59.511,55.069],[-58.976,54.991],[-58.979,54.825],[-58.007,54.758],[-57.444,54.644],[-57.473,54.459],[-58.258,54.306],[-58.732,54.126],[-58.567,54.013],[-57.785,54.074],[-57.401,54.153],[-57.132,53.827],[-57.418,53.596],[-56.649,53.68],[-56.287,53.585],[-55.924,53.398],[-55.74,53.135],[-56.005,53.02],[-55.836,52.838],[-56.252,52.542],[-55.742,52.493],[-55.626,52.383],[-55.9,51.976],[-56.817,51.499],[-57.693,51.433],[-58.22,51.256],[-58.443,51.302],[-58.978,51.002],[-59.084,50.808],[-59.797,50.424],[-60.017,50.241],[-61.576,50.175],[-63.047,50.294],[-63.775,50.285],[-65.516,50.279],[-66.395,50.223],[-66.83,50.02],[-67.155,49.768],[-67.216,49.521],[-67.417,49.319],[-68.108,49.263],[-69.016,48.77],[-69.564,48.236],[-69.93,47.756],[-70.202,47.519],[-70.499,47.406],[-71.278,46.741],[-70.472,47.034],[-69.753,47.649],[-69.403,48.022],[-68.966,48.289],[-68.38,48.548],[-66.754,49.073],[-66.273,49.183],[-65.544,49.247],[-64.954,49.201],[-64.525,49.064],[-64.22,48.867],[-64.247,48.489],[-65.247,48.013],[-65.469,48.0],[-65.912,48.183],[-66.53,48.076],[-65.954,47.915],[-65.619,47.634],[-65.155,47.821],[-64.722,47.693],[-65.006,47.28],[-64.865,46.737],[-64.541,46.228],[-63.981,46.182],[-64.011,45.999],[-63.374,45.799],[-62.733,45.754],[-62.497,45.612],[-62.115,45.785],[-61.894,45.661],[-61.604,45.652],[-61.254,45.52],[-61.132,45.27],[-61.684,45.161],[-62.028,45.012],[-62.712,44.8],[-62.858,44.71],[-63.252,44.735],[-63.561,44.633],[-63.578,44.458],[-63.882,44.488],[-63.933,44.632],[-64.276,44.55],[-64.338,44.337],[-64.97,43.753],[-65.323,43.691],[-65.383,43.549],[-65.631,43.51],[-65.859,43.805],[-66.133,43.788],[-66.207,44.406],[-65.953,44.607],[-64.967,45.094],[-64.398,45.289],[-64.169,45.182],[-63.763,45.313],[-63.782,45.401],[-64.945,45.33],[-64.91,45.432],[-64.339,45.749],[-64.534,45.842],[-64.968,45.568],[-65.849,45.219],[-66.475,45.12],[-67.095,45.074],[-67.485,45.291],[-67.491,45.601],[-67.806,45.77],[-67.781,46.147],[-67.795,47.069],[-68.293,47.359],[-68.906,47.182],[-69.043,47.427],[-69.225,47.46],[-69.997,46.696],[-70.224,46.293],[-70.317,45.857],[-70.681,45.456],[-71.066,45.311],[-71.583,45.013],[-74.03,44.996],[-74.827,45.016],[-75.277,44.852],[-76.439,44.094],[-76.634,43.843],[-77.116,43.633],[-78.69,43.631],[-79.201,43.451],[-78.957,42.82],[-79.887,42.468],[-80.293,42.361],[-81.246,42.208],[-82.377,41.686],[-82.656,41.677],[-83.049,41.854],[-83.15,42.041],[-83.08,42.309],[-82.892,42.359],[-82.472,42.755],[-82.305,43.23],[-82.123,43.591],[-82.519,45.339],[-83.25,45.668],[-83.434,45.998],[-83.815,46.116],[-84.139,46.372],[-84.792,46.711],[-84.86,46.889],[-86.602,47.615],[-88.369,48.305],[-88.679,48.244],[-89.247,48.011],[-89.843,47.997],[-90.182,48.11],[-90.653,48.103],[-90.839,48.239],[-91.267,48.079],[-91.531,48.057],[-91.845,48.209],[-92.301,48.288],[-92.693,48.543],[-93.255,48.643],[-93.81,48.544],[-93.978,48.638],[-94.588,48.718],[-94.845,49.324],[-95.129,49.37],[-95.153,48.999],[-102.153,49.0],[-122.758,49.002],[-123.089,49.002],[-123.232,49.243],[-123.115,49.31],[-123.206,49.627],[-123.556,49.391],[-123.9,49.481],[-124.129,49.783],[-124.438,49.775],[-124.745,50.025],[-124.522,50.398],[-124.955,50.334],[-125.381,50.486],[-126.127,50.484],[-126.288,50.523],[-126.078,50.785],[-126.798,50.968],[-127.053,50.82],[-127.269,50.913],[-127.355,51.195],[-127.878,51.677],[-127.876,51.902],[-127.376,52.224],[-127.142,52.315],[-127.229,52.536],[-127.854,52.208],[-128.1,52.554],[-128.181,52.848],[-128.497,52.927],[-128.555,53.128],[-128.89,53.329],[-128.551,53.41],[-128.838,53.647],[-129.264,53.622],[-129.28,53.375],[-129.605,53.219],[-130.289,53.823],[-130.041,53.865],[-130.056,54.141],[-130.433,54.549],[-130.185,54.706],[-129.993,54.975],[-130.086,55.192],[-130.117,55.701],[-130.009,55.912]]],[[[-86.797,70.997],[-85.831,71.129],[-85.199,71.156],[-84.778,71.308],[-84.527,71.65],[-85.277,71.684],[-85.766,71.966],[-85.475,72.452],[-85.683,72.764],[-85.603,72.965],[-85.132,73.309],[-82.711,73.726],[-81.599,73.731],[-81.154,73.375],[-80.725,73.184],[-80.339,72.708],[-80.512,72.4],[-80.937,72.093],[-80.356,72.052],[-79.939,72.406],[-79.344,72.409],[-78.879,72.235],[-78.264,72.627],[-77.474,72.76],[-76.752,72.728],[-76.317,72.613],[-75.17,72.488],[-74.919,72.25],[-75.223,72.117],[-74.244,72.077],[-74.223,71.831],[-75.089,71.702],[-74.74,71.531],[-74.264,71.734],[-73.609,71.723],[-74.118,71.464],[-73.095,71.299],[-72.609,71.623],[-71.497,71.47],[-71.148,71.269],[-71.468,71.075],[-72.095,71.081],[-72.327,70.892],[-72.07,70.789],[-71.346,70.885],[-70.82,71.116],[-70.519,70.928],[-70.56,70.737],[-69.206,70.775],[-68.476,70.608],[-68.497,70.376],[-67.608,70.181],[-67.124,69.736],[-67.901,69.784],[-68.472,69.566],[-67.842,69.47],[-67.232,69.469],[-66.677,69.269],[-66.773,69.142],[-67.488,69.171],[-68.323,69.305],[-68.44,69.182],[-67.802,69.047],[-68.065,68.801],[-69.357,68.872],[-68.702,68.659],[-67.312,68.405],[-66.675,68.115],[-66.206,68.003],[-64.725,67.982],[-64.098,67.614],[-64.022,67.457],[-64.496,67.31],[-63.286,67.11],[-63.06,66.935],[-62.53,66.915],[-62.038,66.984],[-61.449,66.768],[-61.524,66.334],[-61.957,66.289],[-62.465,66.388],[-62.62,66.212],[-62.326,65.793],[-62.689,65.787],[-62.667,65.575],[-63.306,65.709],[-63.72,65.473],[-63.359,65.239],[-63.537,64.885],[-64.163,65.221],[-64.778,65.238],[-64.997,65.549],[-65.464,65.683],[-65.342,65.988],[-65.868,65.942],[-66.357,66.271],[-67.181,66.462],[-67.572,66.198],[-67.17,66.042],[-67.285,65.923],[-68.038,66.023],[-67.731,65.636],[-67.285,65.573],[-67.188,65.19],[-66.251,64.777],[-65.567,64.762],[-65.703,64.513],[-65.057,64.48],[-65.415,64.268],[-64.807,63.924],[-64.894,63.771],[-64.5,63.677],[-64.603,63.326],[-65.116,63.397],[-64.598,62.899],[-65.37,62.834],[-66.481,63.083],[-66.753,63.099],[-67.85,63.756],[-67.855,63.48],[-68.499,63.737],[-68.753,63.558],[-68.107,63.152],[-67.864,63.127],[-67.254,62.888],[-66.967,62.659],[-66.709,62.649],[-66.05,62.223],[-65.961,61.877],[-66.468,61.899],[-66.691,61.999],[-67.525,62.173],[-68.526,62.25],[-69.214,62.45],[-69.852,62.843],[-70.16,62.738],[-70.994,63.023],[-71.626,63.136],[-71.732,63.427],[-71.263,63.53],[-71.811,63.784],[-72.448,63.8],[-72.851,64.162],[-73.362,64.338],[-73.588,64.633],[-73.991,64.578],[-74.136,64.734],[-74.638,64.429],[-75.337,64.497],[-76.371,64.355],[-76.726,64.253],[-77.754,64.338],[-78.158,64.578],[-78.14,64.961],[-77.663,65.122],[-77.414,65.465],[-75.89,65.271],[-75.511,65.275],[-73.887,65.535],[-73.726,65.771],[-74.417,66.078],[-74.36,66.217],[-73.934,66.343],[-73.069,66.723],[-72.901,66.902],[-72.212,67.251],[-72.774,67.867],[-72.976,68.17],[-73.756,68.314],[-73.785,68.505],[-74.473,68.589],[-74.787,68.932],[-75.51,68.954],[-76.303,68.698],[-76.665,68.727],[-76.625,69.0],[-75.6,69.077],[-75.589,69.228],[-76.183,69.424],[-77.191,69.644],[-76.77,69.748],[-77.256,69.883],[-77.681,69.829],[-77.643,70.176],[-77.855,70.266],[-79.011,70.346],[-78.659,69.983],[-78.809,69.9],[-79.613,69.869],[-80.0,70.02],[-81.16,69.998],[-81.384,69.908],[-82.328,69.837],[-83.036,70.02],[-83.724,69.964],[-85.654,70.116],[-85.88,70.03],[-86.501,70.23],[-86.578,70.374],[-87.923,70.256],[-88.932,70.596],[-89.26,70.78],[-89.344,71.02],[-88.741,71.054],[-87.977,70.941],[-87.182,71.031],[-88.038,71.243],[-89.646,71.318],[-89.98,71.46],[-89.865,72.19],[-89.956,72.323],[-89.353,72.768],[-89.336,73.006],[-88.99,73.286],[-88.272,73.57],[-87.612,73.732],[-86.629,73.851],[-85.22,73.821],[-84.969,73.663],[-85.9,73.375],[-86.602,72.896],[-86.605,72.61],[-86.332,72.347],[-86.379,72.013],[-85.675,71.618],[-84.894,71.357],[-86.797,70.997]]],[[[-114.568,72.61],[-113.677,72.663],[-113.071,73.008],[-112.058,72.892],[-111.183,72.72],[-111.399,72.476],[-110.611,72.567],[-110.114,72.482],[-109.847,72.721],[-110.507,72.848],[-109.912,72.971],[-108.765,72.605],[-108.573,72.478],[-108.245,71.73],[-107.837,71.607],[-107.338,71.926],[-107.761,72.187],[-108.239,73.11],[-108.018,73.345],[-106.624,73.218],[-105.545,72.906],[-104.688,71.824],[-104.365,71.618],[-104.342,71.371],[-104.551,71.059],[-103.436,70.597],[-102.609,70.492],[-101.534,70.142],[-100.969,70.156],[-100.939,69.676],[-101.705,69.729],[-102.044,69.915],[-102.427,69.802],[-102.41,69.504],[-101.973,69.467],[-101.73,69.171],[-101.806,69.003],[-102.699,68.909],[-102.995,68.808],[-105.125,68.896],[-104.886,69.078],[-105.914,69.169],[-106.308,69.257],[-106.588,69.496],[-107.394,69.0],[-108.522,68.893],[-108.924,68.75],[-109.884,68.627],[-112.619,68.491],[-113.15,68.502],[-113.639,68.807],[-113.602,69.189],[-114.188,69.278],[-115.185,69.252],[-115.851,69.293],[-116.447,69.401],[-117.189,69.744],[-117.4,69.982],[-116.981,70.122],[-114.545,70.32],[-112.713,70.219],[-111.467,70.343],[-112.633,70.551],[-113.988,70.713],[-114.489,70.647],[-115.949,70.586],[-116.27,70.635],[-117.51,70.599],[-118.196,70.848],[-118.325,71.043],[-117.79,71.168],[-116.085,71.369],[-118.305,71.47],[-117.698,71.666],[-118.878,71.627],[-119.106,71.857],[-118.309,72.204],[-118.527,72.472],[-117.239,72.927],[-114.628,73.371],[-113.966,73.192],[-113.927,72.823],[-114.568,72.61]]],[[[-66.384,82.89],[-64.819,82.907],[-62.945,82.5],[-61.329,82.427],[-61.212,82.228],[-64.088,81.758],[-65.255,81.749],[-65.511,81.499],[-64.67,81.383],[-68.858,80.618],[-71.404,79.733],[-72.655,79.671],[-73.37,79.5],[-77.066,79.272],[-74.468,79.229],[-74.719,78.591],[-75.294,78.52],[-75.002,78.331],[-75.726,78.215],[-75.657,78.035],[-77.063,77.917],[-78.481,77.973],[-77.87,77.568],[-78.373,77.367],[-79.313,77.293],[-79.01,77.106],[-79.427,76.925],[-78.755,76.823],[-78.084,77.021],[-77.795,76.651],[-79.792,76.272],[-80.977,76.144],[-80.754,76.419],[-82.086,76.515],[-82.278,76.393],[-83.671,76.423],[-85.227,76.287],[-86.073,76.363],[-87.62,76.338],[-89.491,76.542],[-89.527,76.849],[-88.506,77.07],[-87.023,77.175],[-88.206,77.681],[-88.111,77.822],[-87.284,77.899],[-86.009,77.719],[-85.666,77.443],[-84.62,77.382],[-85.975,78.066],[-87.527,78.138],[-87.376,78.485],[-86.519,78.801],[-84.958,78.9],[-84.132,79.185],[-85.133,79.645],[-86.45,79.779],[-86.493,80.297],[-83.842,80.256],[-81.392,79.711],[-81.517,79.954],[-82.238,80.045],[-83.191,80.327],[-80.483,80.465],[-79.042,80.62],[-79.483,80.846],[-80.941,80.655],[-83.114,80.541],[-86.048,80.53],[-88.15,80.681],[-89.414,80.911],[-90.279,81.174],[-90.236,81.378],[-89.487,81.624],[-91.606,81.734],[-90.512,81.877],[-89.156,81.862],[-88.933,82.01],[-86.855,82.21],[-85.329,82.277],[-85.713,82.46],[-82.608,82.281],[-82.145,82.669],[-81.549,82.803],[-79.295,82.953],[-77.269,82.873],[-76.868,83.087],[-74.404,83.024],[-72.656,83.09],[-69.588,83.103],[-69.661,82.999],[-66.384,82.89]]],[[[-55.644,51.614],[-55.455,51.581],[-55.788,51.215],[-55.833,50.962],[-56.641,50.114],[-56.919,49.747],[-56.821,49.617],[-56.503,49.882],[-56.101,50.099],[-55.643,49.972],[-55.982,49.499],[-55.69,49.397],[-55.174,49.412],[-54.838,49.27],[-54.568,49.527],[-54.434,49.317],[-54.01,49.474],[-53.474,49.253],[-53.944,48.883],[-53.909,48.572],[-53.667,48.387],[-53.49,48.546],[-53.098,48.693],[-53.103,48.41],[-53.424,48.276],[-53.811,48.198],[-53.674,48.03],[-53.831,47.796],[-53.57,47.524],[-53.307,48.002],[-52.902,48.09],[-53.252,47.567],[-52.642,47.489],[-52.831,47.242],[-52.918,46.918],[-53.22,46.637],[-53.561,46.612],[-53.647,46.712],[-53.543,47.114],[-53.996,46.839],[-54.175,46.954],[-53.832,47.414],[-54.0,47.797],[-54.236,47.89],[-54.438,47.494],[-54.611,47.378],[-54.84,47.405],[-55.247,46.934],[-55.81,46.863],[-55.891,47.052],[-55.307,47.297],[-54.86,47.548],[-55.322,47.664],[-55.594,47.52],[-56.258,47.631],[-56.898,47.556],[-57.341,47.623],[-58.371,47.709],[-58.751,47.604],[-59.131,47.573],[-59.312,47.634],[-59.401,47.918],[-58.434,48.456],[-58.735,48.543],[-58.345,49.052],[-58.119,49.007],[-58.011,49.557],[-57.31,50.617],[-56.97,50.933],[-56.631,51.369],[-56.022,51.571],[-55.644,51.614]]],[[[-120.913,74.432],[-120.043,74.274],[-118.858,74.17],[-118.067,74.281],[-117.382,74.224],[-115.57,73.655],[-115.285,73.481],[-119.112,72.641],[-119.315,72.384],[-120.168,72.193],[-120.551,71.521],[-121.32,71.38],[-121.979,71.341],[-122.864,71.083],[-123.395,71.201],[-123.657,71.503],[-124.051,71.696],[-125.504,71.973],[-125.702,72.162],[-125.316,72.48],[-124.97,72.563],[-125.042,72.839],[-124.437,72.944],[-124.783,73.138],[-123.867,73.706],[-124.194,73.88],[-124.573,74.277],[-123.859,74.411],[-121.297,74.542],[-120.913,74.432]]],[[[-96.299,77.044],[-95.676,77.065],[-94.426,76.919],[-93.63,76.898],[-93.052,76.621],[-92.363,76.596],[-91.452,76.69],[-90.601,76.567],[-90.67,76.452],[-89.289,76.299],[-89.749,76.165],[-90.852,76.176],[-88.609,75.666],[-88.194,75.512],[-87.14,75.586],[-86.159,75.505],[-84.384,75.704],[-83.945,75.815],[-82.856,75.775],[-82.325,75.837],[-81.097,75.764],[-79.599,75.449],[-79.468,75.286],[-80.234,75.061],[-79.526,75.007],[-80.268,74.582],[-82.052,74.49],[-83.606,74.545],[-84.905,74.499],[-86.25,74.515],[-87.892,74.471],[-88.501,74.498],[-88.418,74.754],[-89.11,74.716],[-89.24,74.58],[-89.983,74.531],[-90.899,74.681],[-91.492,74.642],[-91.986,74.764],[-92.416,75.42],[-92.005,75.605],[-92.114,75.788],[-93.085,76.363],[-93.73,76.274],[-94.741,76.299],[-95.806,76.397],[-96.361,76.762],[-96.877,76.919],[-96.299,77.044]]],[[[-85.116,65.473],[-84.726,65.296],[-84.192,65.292],[-83.331,65.09],[-82.783,64.816],[-82.353,64.766],[-81.726,64.466],[-81.87,64.075],[-80.952,64.118],[-80.191,63.779],[-80.939,63.462],[-82.3,63.652],[-82.342,63.849],[-83.053,64.047],[-83.629,64.025],[-83.678,63.759],[-84.164,63.619],[-84.58,63.308],[-85.322,63.109],[-85.622,63.186],[-85.597,63.602],[-85.724,63.751],[-86.927,63.549],[-87.206,63.715],[-86.939,63.893],[-86.176,64.088],[-86.393,64.591],[-86.13,64.916],[-86.084,65.496],[-85.99,65.721],[-85.596,65.913],[-85.189,65.816],[-85.116,65.473]]],[[[-108.424,76.072],[-107.784,76.061],[-107.681,75.887],[-107.062,75.876],[-106.631,76.056],[-105.516,75.914],[-105.352,75.676],[-105.981,75.068],[-107.202,74.909],[-107.653,74.983],[-108.397,74.915],[-108.932,75.042],[-109.599,74.859],[-110.384,74.819],[-110.581,74.703],[-111.801,74.483],[-112.691,74.403],[-113.69,74.45],[-114.42,74.693],[-112.84,74.981],[-111.671,74.992],[-111.57,75.143],[-112.674,75.167],[-113.038,75.093],[-114.4,75.084],[-115.039,74.964],[-115.693,74.971],[-117.668,75.252],[-116.82,75.803],[-116.612,76.12],[-115.808,76.249],[-115.489,76.459],[-114.139,76.465],[-113.981,76.196],[-113.209,76.271],[-112.543,76.199],[-111.584,75.838],[-111.193,75.52],[-110.497,75.568],[-109.05,75.493],[-109.165,75.761],[-110.048,75.893],[-109.265,76.103],[-110.358,76.31],[-109.492,76.696],[-108.537,76.762],[-108.514,76.447],[-108.083,76.232],[-108.424,76.072]]],[[[-93.636,81.331],[-91.799,81.162],[-90.703,80.594],[-88.99,80.452],[-87.603,80.405],[-87.539,80.079],[-86.62,79.664],[-85.522,79.568],[-84.881,79.271],[-86.895,79.016],[-87.53,78.662],[-88.582,78.359],[-89.756,78.375],[-90.346,78.142],[-91.556,78.179],[-92.491,78.31],[-94.304,78.985],[-92.675,79.253],[-94.335,79.423],[-94.982,79.268],[-95.701,79.54],[-96.741,80.089],[-95.824,80.581],[-94.994,80.768],[-95.229,80.995],[-93.154,81.088],[-93.636,81.331]]],[[[-99.786,73.889],[-99.144,73.728],[-97.658,73.887],[-97.189,73.854],[-96.945,73.635],[-98.441,72.998],[-97.826,73.041],[-97.278,72.968],[-97.088,72.778],[-96.577,72.746],[-96.268,72.418],[-96.554,72.274],[-96.483,71.955],[-96.727,71.81],[-98.051,71.536],[-98.484,71.322],[-98.804,71.314],[-99.334,71.504],[-99.827,71.859],[-100.668,72.193],[-101.885,72.362],[-102.667,72.691],[-102.471,73.033],[-101.75,73.006],[-101.227,72.711],[-100.357,72.754],[-100.037,72.886],[-100.405,73.267],[-100.902,73.267],[-101.612,73.493],[-100.95,73.815],[-99.786,73.889]]],[[[-127.413,50.733],[-127.352,50.676],[-126.632,50.496],[-125.642,50.362],[-125.379,50.196],[-124.8,49.48],[-124.2,49.31],[-123.764,49.011],[-123.316,48.494],[-123.651,48.313],[-124.749,48.613],[-125.166,48.784],[-124.874,49.012],[-125.365,49.004],[-125.502,48.921],[-125.812,49.069],[-126.024,49.457],[-126.533,49.376],[-126.448,49.639],[-126.678,49.865],[-126.805,49.916],[-127.156,49.858],[-127.125,50.104],[-127.705,50.133],[-128.208,50.53],[-128.391,50.735],[-128.057,50.872],[-127.413,50.733]]],[[[-90.578,73.652],[-91.799,72.872],[-92.309,72.706],[-93.105,72.782],[-93.834,72.706],[-93.443,72.447],[-94.039,72.047],[-95.175,71.977],[-95.14,72.454],[-95.659,72.801],[-95.578,73.617],[-95.283,73.776],[-95.311,73.98],[-94.657,74.089],[-93.472,74.177],[-92.292,74.036],[-91.069,74.011],[-90.308,73.923],[-90.578,73.652]]],[[[-98.449,76.588],[-97.661,76.485],[-97.485,75.489],[-98.029,75.282],[-97.553,75.143],[-98.088,75.029],[-99.541,74.973],[-100.365,75.03],[-100.576,75.37],[-99.708,75.591],[-99.975,75.675],[-102.522,75.511],[-102.847,75.621],[-101.644,75.975],[-102.125,76.251],[-101.32,76.419],[-100.413,76.072],[-100.057,76.157],[-100.391,76.371],[-100.981,76.493],[-100.161,76.639],[-98.927,76.464],[-98.449,76.588]]],[[[-115.4,77.311],[-116.386,77.139],[-115.935,76.899],[-115.886,76.69],[-117.022,76.54],[-116.906,76.384],[-117.514,76.271],[-118.006,76.406],[-119.291,76.139],[-119.717,75.885],[-120.262,75.816],[-120.996,75.972],[-122.055,76.033],[-122.616,76.341],[-121.43,76.483],[-119.071,77.327],[-117.751,77.366],[-117.229,77.29],[-116.314,77.539],[-115.4,77.311]]],[[[-97.46,69.663],[-96.75,69.503],[-95.913,69.148],[-95.764,68.74],[-96.265,68.487],[-96.553,68.46],[-97.501,68.566],[-98.215,68.801],[-98.835,68.898],[-99.23,68.864],[-99.469,69.129],[-98.8,69.187],[-98.504,69.296],[-98.575,69.565],[-97.936,69.907],[-97.46,69.663]]],[[[-102.938,79.237],[-102.276,79.029],[-101.651,79.077],[-101.126,78.798],[-100.325,78.814],[-99.639,78.605],[-99.708,78.302],[-98.946,78.069],[-99.15,77.854],[-100.251,77.81],[-101.01,78.171],[-102.791,78.371],[-104.454,78.274],[-105.0,78.51],[-103.509,78.506],[-103.442,78.787],[-104.676,79.022],[-105.383,79.008],[-105.464,79.304],[-103.876,79.371],[-102.938,79.237]]],[[[-80.822,73.743],[-80.497,73.769],[-79.447,73.638],[-78.134,73.67],[-77.214,73.516],[-76.051,72.911],[-76.368,72.818],[-78.242,72.895],[-79.139,72.754],[-80.002,72.868],[-80.267,73.242],[-80.858,73.333],[-80.822,73.743]]],[[[-60.807,46.078],[-61.162,45.71],[-60.846,45.665],[-60.577,45.893],[-60.771,45.962],[-60.322,46.209],[-60.285,46.326],[-59.823,46.118],[-59.86,45.949],[-60.238,45.72],[-60.662,45.593],[-60.899,45.64],[-61.364,45.597],[-61.554,46.042],[-61.4,46.07],[-60.94,46.715],[-60.623,47.027],[-60.316,46.864],[-60.427,46.347],[-60.807,46.078]]],[[[-75.891,67.248],[-77.01,67.25],[-77.218,67.443],[-77.292,67.729],[-76.978,68.066],[-76.616,68.27],[-75.902,68.342],[-75.017,68.166],[-75.042,67.611],[-75.189,67.44],[-75.891,67.248]]],[[[-61.845,49.065],[-62.212,49.065],[-63.098,49.226],[-63.479,49.362],[-64.044,49.701],[-64.151,49.942],[-63.387,49.823],[-62.607,49.613],[-62.12,49.386],[-61.9,49.347],[-61.672,49.13],[-61.845,49.065]]],[[[-93.394,74.903],[-93.707,74.644],[-94.694,74.637],[-96.621,74.993],[-96.423,75.204],[-95.726,75.527],[-94.883,75.639],[-94.296,75.587],[-93.48,75.252],[-93.394,74.903]]],[[[-132.622,53.685],[-132.448,53.592],[-132.146,53.708],[-132.028,54.028],[-131.671,54.151],[-131.925,53.475],[-132.211,53.197],[-132.493,53.145],[-132.759,53.327],[-132.768,53.475],[-133.118,53.801],[-133.052,54.171],[-132.306,54.112],[-132.099,53.885],[-132.622,53.685]]],[[[-81.988,62.946],[-81.965,62.71],[-82.867,62.267],[-83.152,62.174],[-83.734,62.204],[-83.909,62.389],[-83.584,62.817],[-83.292,62.935],[-82.974,62.865],[-82.634,62.946],[-81.988,62.946]]],[[[-64.099,46.77],[-63.855,46.502],[-63.722,46.474],[-61.985,46.458],[-62.37,46.315],[-62.549,46.142],[-62.5,45.978],[-62.826,45.963],[-62.901,46.149],[-63.596,46.21],[-63.959,46.399],[-64.099,46.77]]],[[[-96.296,78.525],[-95.557,78.513],[-94.838,78.357],[-95.241,78.216],[-95.114,77.948],[-97.099,77.803],[-97.44,77.984],[-96.868,78.134],[-97.918,78.287],[-98.335,78.439],[-98.389,78.757],[-97.636,78.808],[-96.234,78.629],[-96.296,78.525]]],[[[-110.853,77.826],[-110.021,77.739],[-110.055,77.556],[-110.792,77.42],[-112.016,77.327],[-113.17,77.586],[-113.143,77.922],[-110.959,78.093],[-109.959,78.113],[-109.81,77.932],[-110.853,77.826]]],[[[-104.527,73.329],[-105.144,72.937],[-105.446,72.945],[-106.458,73.401],[-106.987,73.464],[-106.495,73.713],[-105.147,73.753],[-104.529,73.601],[-104.527,73.329]]],[[[-79.686,61.612],[-80.218,61.797],[-80.219,62.139],[-79.978,62.346],[-79.606,62.415],[-79.275,62.231],[-79.686,61.612]]],[[[-80.697,52.682],[-81.945,52.956],[-81.832,53.166],[-81.129,53.187],[-80.825,52.995],[-80.697,52.682]]],[[[-109.242,78.461],[-109.411,78.31],[-111.383,78.289],[-112.974,78.446],[-110.376,78.755],[-109.242,78.461]]],[[[-95.461,77.815],[-93.649,77.781],[-93.082,77.657],[-93.569,77.439],[-95.83,77.461],[-96.304,77.629],[-95.461,77.815]]],[[[-131.771,53.187],[-132.013,53.041],[-131.703,52.616],[-131.335,52.3],[-131.433,52.232],[-132.097,52.768],[-132.361,52.932],[-132.386,53.101],[-131.875,53.234],[-131.771,53.187]]],[[[-128.531,53.008],[-128.625,52.61],[-129.007,52.701],[-129.135,52.845],[-129.069,53.198],[-128.747,53.192],[-128.531,53.008]]],[[[-73.369,67.789],[-74.316,67.765],[-74.752,67.941],[-74.721,68.076],[-73.436,67.987],[-73.369,67.789]]],[[[-118.224,75.601],[-119.211,75.697],[-117.785,76.113],[-117.546,75.982],[-118.224,75.601]]],[[[-79.089,56.282],[-79.471,56.1],[-79.854,56.025],[-79.226,56.55],[-78.943,56.389],[-79.089,56.282]]],[[[-89.947,77.22],[-90.393,77.2],[-91.217,77.391],[-91.123,77.611],[-90.425,77.635],[-89.807,77.5],[-89.947,77.22]]],[[[-77.853,63.095],[-78.508,63.385],[-78.157,63.476],[-77.647,63.409],[-77.531,63.193],[-77.853,63.095]]],[[[-104.468,77.14],[-105.259,77.183],[-106.087,77.728],[-105.198,77.627],[-104.468,77.14]]],[[[-102.66,76.116],[-104.107,76.051],[-104.197,76.222],[-102.715,76.317],[-102.66,76.116]]],[[[-86.421,67.796],[-86.877,67.838],[-86.92,68.119],[-86.388,68.205],[-86.421,67.796]]],[[[-104.038,75.046],[-104.878,75.116],[-104.695,75.306],[-103.824,75.366],[-103.566,75.159],[-104.038,75.046]]],[[[-78.884,68.909],[-79.387,68.933],[-78.494,69.396],[-78.239,69.288],[-78.884,68.909]]],[[[-103.353,76.334],[-104.372,76.34],[-104.647,76.597],[-104.103,76.673],[-102.978,76.441],[-103.353,76.334]]],[[[-64.68,61.444],[-64.798,61.348],[-65.441,61.567],[-65.391,61.653],[-64.734,61.65],[-64.68,61.444]]],[[[-99.786,80.149],[-99.069,80.134],[-98.635,79.789],[-100.16,79.897],[-99.786,80.149]]],[[[-79.664,69.821],[-79.327,69.712],[-79.962,69.558],[-80.72,69.673],[-79.664,69.821]]],[[[-67.958,60.311],[-68.436,60.263],[-68.248,60.573],[-67.841,60.491],[-67.958,60.311]]],[[[-113.863,77.729],[-114.278,77.705],[-115.082,77.961],[-114.298,78.038],[-113.541,77.816],[-113.863,77.729]]],[[[-84.553,65.624],[-85.093,65.747],[-84.841,65.948],[-84.553,65.624]]],[[[-76.929,69.151],[-77.262,69.151],[-77.346,69.411],[-76.693,69.421],[-76.929,69.151]]],[[[-95.594,69.614],[-95.322,69.507],[-95.496,69.341],[-95.957,69.38],[-95.594,69.614]]],[[[-126.612,49.598],[-126.979,49.744],[-126.674,49.855],[-126.612,49.598]]]]}},{"type":"Feature","id":"CHE","properties":{"id":"CHE"},"geometry":{"type":"Polygon","coordinates":[[[9.562,47.504],[9.531,47.27],[9.607,47.061],[10.47,46.855],[9.99,46.317],[9.689,46.294],[9.458,46.434],[9.095,46.126],[8.84,45.983],[8.31,46.424],[8.115,46.121],[7.872,45.933],[7.107,45.859],[7.045,45.922],[6.821,46.427],[6.519,46.456],[6.253,46.36],[6.175,46.158],[5.964,46.197],[6.166,46.61],[7.18,47.442],[7.403,47.438],[7.589,47.59],[8.319,47.576],[8.714,47.766],[9.403,47.615],[9.562,47.504]]]}},{"type":"Feature","id":"CHL","properties":{"id":"CHL"},"geometry":{"type":"MultiPolygon","coordinates":[[[[-67.181,-22.814],[-66.99,-23.0],[-67.323,-24.034],[-68.258,-24.402],[-68.56,-24.771],[-68.436,-25.123],[-68.58,-25.418],[-68.493,-25.685],[-68.481,-26.239],[-68.586,-26.494],[-68.272,-26.909],[-68.474,-27.102],[-68.663,-27.117],[-68.859,-27.269],[-69.1,-27.81],[-69.666,-28.486],[-69.963,-29.462],[-69.872,-30.111],[-70.13,-30.405],[-70.434,-31.099],[-70.521,-31.179],[-70.564,-31.581],[-70.458,-31.827],[-70.34,-31.886],[-69.969,-33.3],[-69.856,-33.526],[-69.874,-33.965],[-69.942,-34.272],[-70.283,-34.736],[-70.448,-35.408],[-70.368,-35.757],[-70.38,-35.998],[-70.508,-36.16],[-71.013,-36.479],[-71.157,-36.825],[-71.164,-37.613],[-71.016,-38.249],[-70.845,-38.616],[-71.426,-38.921],[-71.398,-39.178],[-71.488,-39.554],[-71.682,-39.815],[-71.756,-40.429],[-71.958,-40.759],[-71.858,-41.153],[-71.791,-41.875],[-71.954,-42.162],[-72.136,-42.33],[-72.142,-42.901],[-71.923,-43.101],[-71.662,-43.71],[-71.813,-44.41],[-71.424,-44.39],[-71.134,-44.471],[-71.207,-44.747],[-72.005,-44.769],[-71.547,-45.003],[-71.383,-45.348],[-71.606,-45.511],[-71.772,-45.746],[-71.745,-46.332],[-71.778,-46.768],[-71.943,-47.218],[-72.294,-47.499],[-72.506,-47.749],[-72.482,-47.958],[-72.241,-48.302],[-72.76,-48.928],[-73.418,-49.309],[-73.506,-49.498],[-73.478,-50.171],[-73.353,-50.537],[-73.15,-50.786],[-72.773,-50.627],[-72.29,-50.668],[-72.256,-50.922],[-72.394,-51.527],[-71.901,-52.019],[-70.26,-52.012],[-69.791,-52.072],[-68.418,-52.333],[-68.425,-52.392],[-69.073,-52.23],[-69.488,-52.35],[-69.701,-52.549],[-70.081,-52.576],[-70.773,-52.738],[-70.98,-53.376],[-70.967,-53.78],[-71.289,-53.903],[-72.135,-53.676],[-72.473,-53.399],[-72.318,-53.254],[-71.706,-53.214],[-71.349,-53.113],[-71.122,-52.896],[-71.558,-52.561],[-72.28,-52.524],[-72.833,-52.535],[-72.946,-52.785],[-73.031,-52.856],[-73.146,-53.105],[-73.268,-52.943],[-73.142,-52.558],[-73.538,-52.693],[-73.516,-52.212],[-72.959,-52.195],[-72.776,-51.963],[-72.489,-52.199],[-72.471,-51.778],[-72.701,-51.596],[-73.084,-51.424],[-73.202,-51.479],[-72.536,-51.748],[-73.049,-51.858],[-73.273,-52.179],[-73.598,-52.005],[-73.649,-51.705],[-73.93,-51.505],[-73.68,-51.443],[-73.742,-51.173],[-74.217,-51.057],[-74.126,-50.772],[-74.278,-50.519],[-74.293,-50.253],[-74.629,-50.237],[-74.299,-49.887],[-74.32,-49.636],[-74.018,-49.523],[-73.938,-49.31],[-74.36,-49.434],[-74.417,-48.911],[-74.372,-48.662],[-73.994,-48.559],[-73.999,-48.421],[-74.533,-48.095],[-74.332,-48.016],[-74.021,-48.041],[-73.586,-48.195],[-73.364,-48.19],[-73.74,-47.587],[-74.031,-47.802],[-74.717,-47.728],[-74.161,-47.602],[-74.478,-47.468],[-74.304,-47.203],[-74.048,-47.135],[-74.25,-46.771],[-74.631,-46.789],[-75.007,-46.737],[-75.123,-46.599],[-75.376,-46.728],[-75.516,-46.563],[-75.0,-46.221],[-75.0,-45.877],[-74.089,-45.82],[-73.995,-46.149],[-73.654,-46.214],[-73.48,-45.447],[-73.112,-44.94],[-72.734,-44.747],[-72.66,-44.435],[-73.259,-44.196],[-72.914,-43.603],[-72.965,-43.265],[-72.798,-42.87],[-72.856,-42.777],[-72.702,-42.449],[-72.521,-42.245],[-72.611,-42.041],[-72.852,-41.929],[-72.65,-41.743],[-72.828,-41.497],[-73.029,-41.521],[-73.396,-41.805],[-73.712,-41.753],[-73.85,-41.424],[-73.935,-40.964],[-73.738,-40.516],[-73.748,-40.288],[-73.64,-39.953],[-73.374,-39.885],[-73.204,-39.369],[-73.396,-38.832],[-73.647,-37.57],[-73.664,-37.365],[-73.563,-37.181],[-73.292,-37.238],[-73.158,-37.12],[-73.104,-36.728],[-72.992,-36.731],[-72.816,-36.175],[-72.557,-35.507],[-72.251,-35.134],[-72.09,-34.754],[-71.986,-34.21],[-71.692,-33.74],[-71.714,-33.216],[-71.528,-32.925],[-71.445,-32.348],[-71.605,-31.425],[-71.713,-30.64],[-71.649,-30.266],[-71.417,-30.194],[-71.29,-29.824],[-71.311,-29.414],[-71.503,-29.136],[-71.484,-28.848],[-71.287,-28.632],[-71.206,-28.43],[-71.14,-27.952],[-70.792,-26.974],[-70.701,-26.593],[-70.646,-26.059],[-70.695,-25.885],[-70.582,-25.508],[-70.45,-25.363],[-70.44,-25.192],[-70.578,-24.708],[-70.462,-23.755],[-70.588,-23.414],[-70.577,-23.106],[-70.29,-22.866],[-70.248,-22.367],[-70.062,-21.423],[-70.194,-20.816],[-70.123,-20.087],[-70.15,-19.733],[-70.279,-19.255],[-70.378,-18.352],[-70.005,-18.271],[-69.86,-18.17],[-69.657,-17.653],[-69.468,-17.498],[-69.306,-17.88],[-69.057,-18.309],[-68.933,-18.915],[-68.42,-19.433],[-68.617,-19.797],[-68.742,-20.369],[-68.686,-20.5],[-68.179,-21.302],[-68.18,-21.431],[-67.983,-22.043],[-67.882,-22.827],[-67.584,-22.897],[-67.181,-22.814]]],[[[-68.338,-55.0],[-68.592,-55.156],[-68.334,-55.485],[-68.744,-55.455],[-68.833,-55.214],[-69.227,-55.179],[-69.621,-55.333],[-69.854,-55.175],[-69.656,-55.054],[-68.619,-54.936],[-68.338,-55.0]]],[[[-67.039,-55.141],[-67.213,-55.306],[-68.158,-55.19],[-68.239,-54.924],[-67.233,-54.938],[-67.039,-55.141]]],[[[-69.136,-54.969],[-69.841,-55.049],[-69.675,-54.862],[-69.136,-54.969]]],[[[-71.242,-54.071],[-70.965,-54.231],[-71.152,-54.386],[-71.591,-54.102],[-71.242,-54.071]]],[[[-71.909,-53.855],[-71.65,-53.969],[-71.734,-54.265],[-72.222,-54.04],[-71.909,-53.855]]],[[[-70.466,-53.576],[-70.359,-53.967],[-70.874,-53.977],[-70.466,-53.576]]],[[[-72.937,-53.549],[-72.871,-53.659],[-72.487,-53.685],[-72.193,-53.853],[-72.451,-54.055],[-72.748,-54.103],[-72.804,-53.856],[-73.045,-53.809],[-73.29,-53.629],[-72.937,-53.549]]],[[[-73.947,-53.02],[-73.356,-53.205],[-73.431,-53.309],[-73.947,-53.02]]],[[[-71.503,-52.644],[-71.421,-52.837],[-71.93,-53.022],[-72.21,-53.194],[-72.532,-53.232],[-72.545,-53.543],[-73.266,-53.164],[-72.834,-53.145],[-73.019,-52.848],[-72.61,-52.857],[-72.452,-52.825],[-72.123,-52.662],[-71.503,-52.644]]],[[[-68.607,-52.658],[-68.608,-54.894],[-69.037,-54.96],[-69.66,-54.817],[-70.085,-54.843],[-70.855,-54.761],[-70.936,-54.62],[-71.538,-54.545],[-71.401,-54.406],[-70.651,-54.408],[-70.437,-54.289],[-69.878,-54.405],[-69.748,-54.306],[-70.046,-54.105],[-70.14,-53.741],[-69.338,-53.504],[-69.359,-53.371],[-69.939,-53.387],[-70.228,-53.477],[-70.461,-53.363],[-70.402,-52.995],[-69.586,-52.632],[-68.8,-52.585],[-68.607,-52.658]]],[[[-74.724,-48.676],[-74.56,-48.717],[-74.456,-49.096],[-74.477,-49.503],[-74.384,-49.74],[-74.626,-50.066],[-75.132,-49.863],[-75.347,-49.497],[-75.323,-49.268],[-74.874,-49.364],[-74.788,-49.103],[-74.967,-48.769],[-74.724,-48.676]]],[[[-74.633,-48.325],[-74.608,-48.56],[-74.882,-48.636],[-74.801,-48.266],[-74.633,-48.325]]],[[[-74.883,-48.389],[-75.153,-48.328],[-75.04,-48.102],[-74.81,-48.254],[-74.883,-48.389]]],[[[-75.052,-48.609],[-75.481,-48.355],[-75.346,-48.172],[-75.052,-48.609]]],[[[-73.703,-45.253],[-74.22,-45.167],[-74.174,-45.035],[-73.777,-45.001],[-73.703,-45.253]]],[[[-73.864,-44.678],[-74.248,-44.81],[-74.399,-44.623],[-73.964,-44.602],[-73.864,-44.678]]],[[[-72.899,-44.441],[-72.699,-44.533],[-72.883,-44.759],[-73.213,-44.935],[-73.456,-44.644],[-72.899,-44.441]]],[[[-73.883,-41.821],[-73.614,-41.817],[-73.464,-42.124],[-73.553,-42.337],[-73.751,-42.442],[-73.787,-42.607],[-73.56,-42.758],[-73.591,-42.895],[-73.9,-43.406],[-74.412,-43.235],[-74.166,-42.874],[-74.17,-42.271],[-74.038,-42.069],[-74.05,-41.847],[-73.883,-41.821]]]]}},{"type":"Feature","id":"CHN","properties":{"id":"CHN"},"geometry":{"type":"MultiPolygon","coordinates":[[[[74.565,37.031],[74.501,37.239],[74.89,37.234],[75.029,37.299],[75.055,37.52],[74.888,38.03],[74.687,38.412],[74.292,38.594],[73.989,38.525],[73.808,38.632],[73.738,38.927],[73.548,39.287],[73.6,39.459],[73.865,39.481],[73.947,39.598],[73.883,39.863],[73.964,40.039],[75.487,40.617],[75.685,40.423],[75.936,40.338],[76.346,40.358],[76.536,40.467],[76.733,40.896],[77.103,41.037],[77.78,41.026],[78.306,41.389],[80.108,42.039],[80.174,42.211],[80.289,42.26],[80.179,42.588],[80.449,42.964],[80.777,43.139],[80.754,43.446],[80.523,43.822],[80.37,44.428],[80.407,44.602],[80.162,44.817],[80.111,45.048],[80.996,45.159],[81.571,45.315],[81.932,45.232],[82.474,45.177],[82.543,45.421],[82.279,45.535],[82.334,45.891],[82.638,46.347],[83.052,47.225],[83.625,47.046],[84.127,46.968],[84.754,47.004],[84.977,46.877],[85.574,47.086],[85.697,47.385],[85.529,48.028],[85.787,48.417],[86.123,48.436],[86.583,48.54],[86.778,48.736],[86.726,48.988],[86.842,49.093],[87.286,49.116],[87.814,49.17],[87.83,48.945],[87.988,48.614],[88.59,48.306],[88.661,48.169],[89.035,48.02],[89.596,47.965],[90.373,47.645],[90.503,47.347],[90.943,46.889],[91.072,46.565],[90.904,45.932],[90.715,45.727],[90.67,45.487],[90.876,45.217],[91.516,45.092],[92.626,45.021],[92.895,45.042],[93.526,44.957],[93.983,44.764],[94.696,44.365],[95.009,44.252],[95.373,44.226],[95.627,43.838],[95.951,43.205],[96.464,42.731],[97.098,42.779],[98.32,42.648],[99.428,42.572],[100.318,42.687],[100.848,42.673],[101.682,42.515],[102.037,42.266],[103.079,42.004],[103.424,41.88],[103.877,41.8],[104.523,41.823],[105.007,41.582],[105.23,41.748],[106.782,42.29],[107.512,42.445],[108.9,42.42],[109.45,42.453],[110.442,42.794],[111.062,43.355],[111.493,43.487],[111.947,43.69],[111.867,43.938],[111.558,44.167],[111.411,44.356],[111.739,44.946],[111.971,45.084],[112.336,45.063],[112.857,44.839],[113.561,44.754],[114.153,44.991],[114.536,45.337],[115.679,45.457],[116.087,45.68],[116.264,45.961],[116.575,46.28],[116.849,46.382],[117.371,46.416],[117.642,46.55],[118.316,46.739],[118.786,46.709],[119.293,46.614],[119.674,46.604],[119.904,46.667],[119.909,46.892],[119.77,47.109],[118.559,47.993],[117.805,48.014],[117.481,47.758],[117.231,47.732],[116.796,47.899],[116.258,47.88],[115.898,47.705],[115.601,47.902],[115.566,48.169],[116.714,49.846],[116.994,49.725],[117.67,49.562],[118.078,49.624],[118.585,49.932],[119.089,49.996],[119.362,50.31],[119.157,50.418],[119.777,51.151],[120.129,51.675],[120.712,52.0],[120.768,52.179],[120.709,52.554],[120.318,52.624],[120.161,52.812],[120.598,53.092],[121.118,53.288],[122.282,53.474],[122.843,53.459],[123.579,53.538],[124.345,53.295],[124.874,53.162],[125.167,53.2],[125.628,53.054],[126.34,52.376],[126.891,51.213],[127.284,50.712],[127.509,50.079],[127.523,49.868],[127.819,49.59],[128.369,49.57],[129.542,49.366],[130.22,48.88],[130.653,48.824],[130.7,48.153],[130.955,47.789],[131.562,47.691],[132.466,47.721],[132.838,47.955],[133.266,48.112],[134.153,48.354],[134.71,48.394],[134.667,48.173],[134.771,47.755],[134.387,47.437],[134.146,47.092],[133.735,46.075],[133.448,45.7],[133.182,45.491],[133.111,45.226],[132.943,45.022],[131.92,45.308],[131.726,45.228],[131.489,44.98],[131.174,44.935],[131.062,44.768],[131.296,44.043],[131.22,43.587],[131.26,43.32],[131.037,42.87],[130.66,42.845],[130.396,42.724],[130.639,42.417],[130.082,42.98],[129.878,42.988],[129.698,42.426],[129.496,42.409],[128.863,42.023],[128.09,42.022],[128.152,41.725],[128.308,41.597],[128.117,41.366],[127.624,41.417],[127.116,41.536],[126.947,41.792],[126.605,41.656],[126.486,41.371],[125.913,40.883],[124.874,40.453],[124.352,40.084],[124.354,39.971],[124.017,39.805],[123.672,39.849],[122.98,39.658],[122.29,39.357],[121.832,39.018],[121.514,38.835],[121.143,38.72],[121.097,38.922],[121.69,39.123],[121.853,39.396],[121.471,39.44],[121.543,39.675],[121.984,40.11],[122.285,40.487],[122.165,40.656],[121.808,40.949],[121.492,40.89],[121.207,40.923],[121.009,40.835],[120.516,40.326],[120.092,40.082],[119.523,39.875],[119.344,39.722],[119.191,39.381],[118.988,39.191],[118.475,39.108],[118.033,39.227],[117.733,39.095],[117.526,38.685],[117.701,38.37],[118.094,38.135],[118.499,38.109],[118.799,38.207],[119.018,37.914],[119.049,37.684],[118.953,37.565],[118.979,37.287],[119.228,37.173],[119.709,37.14],[120.34,37.686],[120.753,37.831],[120.928,37.793],[121.572,37.424],[121.888,37.46],[122.536,37.393],[122.513,36.92],[122.316,36.834],[122.2,36.998],[121.913,36.964],[121.745,36.864],[121.267,36.707],[120.873,36.66],[120.683,36.13],[120.3,36.055],[120.206,35.939],[119.754,35.618],[119.211,35.053],[119.219,34.767],[120.293,34.291],[120.461,33.753],[120.989,32.543],[121.726,32.026],[121.878,31.79],[121.803,31.697],[121.44,31.842],[120.878,31.941],[120.515,32.089],[120.449,31.981],[120.797,31.878],[121.707,31.293],[121.901,30.944],[121.407,30.769],[120.648,30.397],[120.398,30.385],[120.317,30.225],[120.678,30.094],[121.055,30.243],[121.488,30.192],[121.946,29.888],[121.695,29.557],[121.942,29.541],[121.481,29.102],[121.661,28.915],[121.521,28.578],[121.595,28.286],[121.381,28.184],[121.171,28.389],[120.955,27.991],[120.732,27.991],[120.602,27.388],[120.464,27.175],[120.254,27.067],[120.057,26.798],[119.579,26.783],[119.73,26.309],[119.582,26.074],[119.721,26.001],[119.524,25.704],[119.12,25.416],[119.305,25.186],[118.99,25.032],[118.93,24.897],[118.724,24.884],[118.717,24.679],[118.565,24.546],[118.165,24.683],[117.874,24.434],[118.139,24.279],[117.798,24.009],[117.369,23.782],[116.924,23.639],[116.684,23.326],[116.676,23.223],[116.377,22.931],[115.567,22.731],[115.26,22.863],[114.996,22.699],[114.57,22.734],[114.226,22.544],[114.034,22.507],[113.828,22.592],[113.517,23.047],[113.416,22.733],[113.601,22.353],[113.529,22.221],[113.31,22.363],[113.255,22.104],[113.073,22.191],[113.006,21.935],[112.895,21.861],[112.381,21.966],[112.192,21.754],[111.925,21.797],[111.616,21.532],[110.771,21.47],[110.611,21.315],[110.208,21.07],[110.185,20.863],[110.534,20.483],[110.333,20.267],[109.935,20.284],[109.766,20.782],[109.664,20.916],[109.774,21.314],[109.766,21.501],[109.612,21.6],[109.483,21.473],[109.214,21.418],[109.064,21.636],[108.729,21.627],[108.639,21.741],[108.025,21.549],[107.888,21.613],[107.49,21.603],[107.194,21.733],[106.712,22.099],[106.562,22.365],[106.605,22.579],[106.797,22.818],[106.535,22.943],[106.252,22.923],[105.63,23.08],[105.321,23.391],[105.048,23.245],[104.67,22.822],[104.397,22.696],[103.82,22.627],[103.316,22.802],[103.083,22.449],[102.481,22.781],[102.144,22.401],[101.744,22.498],[101.57,22.205],[101.614,21.995],[101.772,21.816],[101.781,21.293],[101.626,21.195],[101.236,21.265],[101.143,21.564],[101.116,21.769],[100.887,21.686],[100.605,21.465],[100.125,21.512],[99.865,22.051],[99.435,22.107],[99.254,22.332],[99.355,22.669],[99.525,22.903],[98.912,23.238],[98.778,23.783],[98.783,24.133],[98.11,24.093],[97.662,23.862],[97.709,24.102],[97.552,24.485],[97.563,24.729],[97.892,25.238],[98.6,25.816],[98.718,26.223],[98.769,26.574],[98.735,27.351],[98.656,27.585],[98.542,27.64],[98.32,27.522],[98.155,27.941],[98.159,28.085],[97.994,28.287],[97.724,28.492],[97.51,28.456],[97.346,28.216],[96.82,28.504],[96.627,28.675],[96.302,29.191],[96.145,29.334],[95.842,29.343],[95.56,29.188],[95.155,29.094],[94.743,29.266],[94.399,29.184],[94.225,28.929],[93.727,28.673],[93.482,28.674],[93.275,28.559],[92.73,27.988],[92.473,27.821],[91.643,27.761],[91.343,28.055],[90.572,28.035],[90.272,28.156],[89.78,28.228],[89.502,28.079],[89.091,27.61],[88.921,27.327],[88.774,27.543],[88.885,27.854],[88.824,28.021],[88.612,28.111],[88.136,27.882],[87.228,27.825],[86.667,28.101],[86.562,28.101],[86.001,27.911],[85.735,28.325],[85.413,28.322],[85.129,28.487],[84.741,28.617],[84.227,28.943],[84.169,29.241],[83.961,29.33],[83.74,29.245],[83.441,29.308],[83.164,29.609],[82.725,29.802],[82.16,30.189],[82.065,30.354],[81.461,30.406],[81.232,30.008],[81.042,30.212],[80.579,30.467],[80.211,30.597],[80.18,30.697],[79.858,30.975],[79.551,30.962],[79.413,31.073],[78.839,31.294],[78.753,31.385],[78.764,31.948],[78.507,32.204],[78.402,32.527],[78.727,32.679],[78.806,32.445],[79.08,32.38],[79.385,32.716],[79.28,33.142],[78.937,33.387],[78.953,33.858],[79.155,34.011],[79.342,34.002],[79.57,34.223],[79.674,34.455],[79.906,34.696],[80.079,34.733],[80.206,34.911],[80.354,35.529],[79.968,35.552],[79.702,35.647],[79.575,35.849],[79.336,35.977],[78.829,35.912],[78.028,35.581],[77.924,35.497],[77.671,35.467],[77.214,35.523],[76.609,35.767],[76.145,35.855],[75.98,36.164],[76.053,36.249],[75.941,36.599],[75.719,36.752],[75.044,37.008],[74.565,37.031]]],[[[110.904,19.999],[110.886,19.552],[110.485,19.17],[110.512,18.779],[109.94,18.416],[109.743,18.356],[109.608,18.193],[108.716,18.495],[108.654,18.818],[108.634,19.272],[108.693,19.373],[109.276,19.73],[109.332,19.915],[109.727,19.999],[110.014,19.929],[110.417,20.063],[110.702,20.104],[110.904,19.999]]],[[[121.865,31.495],[121.369,31.625],[121.223,31.843],[121.886,31.556],[121.865,31.495]]]]}},{"type":"Feature","id":"CIV","properties":{"id":"CIV"},"geometry":{"type":"Polygon","coordinates":[[[-5.513,10.431],[-5.354,10.293],[-5.138,10.301],[-4.96,9.935],[-4.713,9.704],[-4.468,9.651],[-4.157,9.815],[-3.644,9.948],[-3.16,9.846],[-2.783,9.419],[-2.687,9.492],[-2.654,9.004],[-2.587,8.788],[-2.493,8.205],[-2.756,7.932],[-2.921,7.612],[-3.246,6.647],[-3.022,5.807],[-2.763,5.59],[-2.725,5.138],[-3.106,5.091],[-4.04,5.242],[-6.121,4.999],[-6.104,4.967],[-7.331,4.426],[-7.527,4.362],[-7.58,4.913],[-7.389,5.372],[-7.439,5.787],[-7.562,5.867],[-7.901,6.274],[-8.261,6.32],[-8.595,6.501],[-8.345,6.769],[-8.312,7.195],[-8.471,7.557],[-8.303,7.599],[-8.096,7.795],[-7.989,8.028],[-8.221,8.23],[-8.227,8.468],[-7.963,8.503],[-7.757,8.405],[-7.802,9.073],[-8.14,9.608],[-8.161,9.931],[-7.981,10.171],[-7.762,10.31],[-7.417,10.347],[-7.081,10.181],[-6.668,10.464],[-6.582,10.622],[-6.215,10.716],[-6.179,10.501],[-6.23,10.298],[-5.984,10.197],[-5.764,10.438],[-5.513,10.431]]]}},{"type":"Feature","id":"CMR","properties":{"id":"CMR"},"geometry":{"type":"Polygon","coordinates":[[[15.496,7.532],[15.179,7.073],[15.035,6.762],[14.805,6.387],[14.587,6.196],[14.588,5.41],[14.731,4.621],[15.09,4.29],[15.073,4.02],[15.258,3.702],[16.086,2.825],[16.078,2.471],[16.192,2.22],[16.097,1.889],[15.921,1.78],[15.78,1.892],[15.488,1.983],[15.111,1.993],[14.267,2.172],[13.297,2.172],[13.19,2.284],[12.65,2.242],[11.652,2.314],[11.398,2.299],[11.333,2.172],[10.008,2.172],[9.822,2.349],[9.823,2.562],[9.927,2.996],[9.732,3.48],[9.657,3.847],[9.491,3.974],[9.211,3.984],[8.983,4.096],[8.836,4.602],[8.695,4.485],[8.516,4.498],[8.527,4.735],[8.773,5.109],[8.87,5.483],[8.854,5.711],[8.954,5.924],[9.585,6.484],[9.996,6.899],[10.56,7.039],[10.834,6.908],[11.098,6.52],[11.319,6.505],[11.548,6.663],[11.928,7.43],[12.302,8.441],[12.467,8.625],[12.609,8.607],[12.759,8.759],[12.916,9.273],[13.15,9.538],[13.531,10.393],[13.594,10.692],[13.76,11.002],[13.963,11.252],[14.318,11.326],[14.567,11.479],[14.656,12.132],[14.509,12.329],[14.203,12.538],[14.083,13.083],[14.467,13.083],[14.849,12.572],[15.077,11.857],[15.107,11.498],[15.061,11.412],[15.077,10.854],[15.194,10.506],[15.489,10.126],[15.382,9.956],[14.24,10.006],[13.999,9.628],[14.487,9.069],[15.054,8.681],[15.588,7.757],[15.496,7.532]]]}},{"type":"Feature","id":"COM","properties":{"id":"COM"},"geometry":{"type":"Polygon","coordinates":[[[43.344,-11.366],[43.413,-11.421],[43.511,-11.881],[43.29,-11.847],[43.229,-11.737],[43.271,-11.415],[43.344,-11.366]]]}},{"type":"Feature","id":"COD","properties":{"id":"COD"},"geometry":{"type":"Polygon","coordinates":[[[23.999,-10.89],[23.823,-11.029],[23.672,-11.008],[23.114,-11.112],[22.787,-11.113],[22.3,-11.244],[22.17,-10.878],[22.324,-10.71],[22.32,-10.406],[22.122,-9.878],[21.897,-9.661],[21.792,-9.404],[21.949,-8.445],[21.819,-8.067],[21.841,-7.622],[21.763,-7.282],[20.556,-7.282],[20.576,-7.101],[20.308,-6.968],[19.575,-7.0],[19.509,-7.153],[19.382,-7.999],[18.532,-7.975],[18.099,-8.079],[17.627,-8.127],[17.517,-8.047],[16.934,-7.11],[16.756,-6.656],[16.696,-6.116],[16.463,-5.85],[14.728,-5.88],[13.84,-5.853],[13.101,-5.89],[13.02,-5.859],[12.407,-5.987],[12.196,-5.764],[12.492,-5.738],[12.533,-5.15],[12.85,-4.761],[13.102,-4.685],[13.198,-4.66],[13.414,-4.871],[13.705,-4.709],[13.725,-4.493],[14.408,-4.304],[14.399,-4.86],[14.687,-4.913],[14.808,-4.837],[15.147,-4.415],[15.736,-3.987],[15.958,-3.794],[16.155,-3.434],[16.21,-2.526],[16.188,-2.186],[16.598,-1.698],[16.848,-1.254],[17.412,-0.89],[17.704,-0.58],[17.699,-0.127],[17.821,0.232],[17.872,0.584],[17.842,0.971],[18.07,1.531],[18.059,2.057],[18.099,2.278],[18.345,2.628],[18.63,3.189],[18.625,3.472],[18.59,3.759],[18.637,4.361],[19.061,4.862],[19.368,5.092],[19.526,5.145],[19.83,5.093],[20.324,4.767],[20.451,4.577],[21.233,4.3],[21.503,4.261],[21.792,4.285],[22.294,4.118],[22.535,4.204],[22.625,4.493],[22.818,4.725],[22.981,4.829],[23.289,4.634],[23.432,4.635],[24.352,5.008],[25.01,4.961],[25.318,5.035],[25.392,5.332],[25.534,5.373],[25.84,5.212],[26.318,5.15],[26.527,5.057],[26.889,5.088],[27.094,5.209],[27.444,5.019],[27.695,4.856],[27.878,4.548],[28.371,4.299],[28.698,4.486],[29.039,4.478],[29.171,4.376],[29.512,4.678],[29.779,4.572],[29.868,4.339],[30.243,3.945],[30.753,3.655],[30.863,3.486],[30.942,3.48],[30.801,3.006],[30.794,2.648],[30.842,2.401],[31.073,2.342],[31.314,2.117],[30.571,1.287],[30.296,1.169],[29.967,0.683],[29.719,0.031],[29.59,-1.388],[29.362,-1.506],[29.141,-1.82],[29.146,-2.007],[28.868,-2.395],[28.9,-2.662],[29.041,-2.744],[29.132,-2.935],[29.215,-3.361],[29.276,-3.935],[29.423,-4.448],[29.365,-4.716],[29.57,-5.852],[29.495,-6.009],[29.55,-6.295],[29.739,-6.635],[30.065,-6.846],[30.315,-7.144],[30.669,-7.915],[30.795,-8.277],[29.568,-8.378],[28.891,-8.477],[28.936,-8.724],[28.751,-8.974],[28.527,-9.166],[28.643,-10.016],[28.653,-10.535],[28.485,-11.09],[28.385,-11.545],[28.441,-11.796],[28.65,-11.951],[29.022,-12.341],[29.498,-12.402],[29.559,-12.194],[29.815,-12.149],[29.799,-13.445],[29.382,-13.33],[29.007,-13.423],[28.788,-12.959],[28.272,-12.418],[27.628,-12.271],[27.225,-11.631],[27.019,-11.744],[26.87,-11.981],[26.652,-11.989],[25.995,-11.92],[25.499,-11.75],[25.328,-11.609],[25.335,-11.238],[25.014,-11.249],[24.342,-11.367],[24.391,-11.101],[23.999,-10.89]]]}},{"type":"Feature","id":"COG","properties":{"id":"COG"},"geometry":{"type":"Polygon","coordinates":[[[13.102,-4.685],[12.743,-4.442],[11.99,-4.999],[11.854,-4.821],[11.822,-4.635],[11.681,-4.45],[11.153,-3.96],[11.25,-3.748],[11.484,-3.494],[11.652,-3.641],[11.9,-3.644],[11.953,-3.328],[11.716,-3.111],[11.587,-2.872],[11.522,-2.378],[11.634,-2.409],[12.514,-2.422],[12.461,-1.88],[12.608,-1.814],[12.787,-1.894],[13.058,-2.334],[13.479,-2.428],[13.727,-2.194],[13.902,-2.49],[14.077,-2.497],[14.227,-2.363],[14.344,-1.939],[14.428,-1.788],[14.494,-1.455],[14.475,-1.136],[14.519,-0.674],[14.418,-0.477],[13.893,-0.235],[13.904,0.248],[14.142,0.557],[14.275,0.542],[14.483,0.832],[14.284,1.334],[14.177,1.397],[13.811,1.429],[13.573,1.289],[13.218,1.284],[13.133,1.581],[13.176,1.874],[13.297,2.172],[14.267,2.172],[15.111,1.993],[15.488,1.983],[15.78,1.892],[15.921,1.78],[16.097,1.889],[16.192,2.22],[16.461,2.73],[16.593,3.467],[16.663,3.538],[17.384,3.646],[17.84,3.599],[18.461,3.626],[18.625,3.472],[18.63,3.189],[18.345,2.628],[18.099,2.278],[18.059,2.057],[18.07,1.531],[17.842,0.971],[17.872,0.584],[17.821,0.232],[17.699,-0.127],[17.704,-0.58],[17.412,-0.89],[16.848,-1.254],[16.598,-1.698],[16.188,-2.186],[16.21,-2.526],[16.155,-3.434],[15.958,-3.794],[15.736,-3.987],[15.147,-4.415],[14.808,-4.837],[14.687,-4.913],[14.399,-4.86],[14.408,-4.304],[13.725,-4.493],[13.705,-4.709],[13.414,-4.871],[13.198,-4.66],[13.102,-4.685]]]}},{"type":"Feature","id":"COL","properties":{"id":"COL"},"geometry":{"type":"Polygon","coordinates":[[[-66.853,1.23],[-67.087,1.167],[-67.065,1.515],[-67.108,1.71],[-67.351,2.119],[-67.581,2.062],[-67.683,1.954],[-68.209,1.729],[-69.598,1.749],[-69.845,1.714],[-69.846,1.079],[-69.328,1.086],[-69.183,0.936],[-69.129,0.638],[-69.422,0.691],[-70.026,0.561],[-70.049,-0.137],[-69.928,-0.315],[-69.578,-0.666],[-69.428,-1.015],[-69.408,-1.301],[-69.947,-4.227],[-70.054,-4.101],[-70.426,-3.833],[-70.617,-3.641],[-70.056,-2.759],[-70.064,-2.686],[-70.848,-2.255],[-71.139,-2.312],[-71.863,-2.265],[-71.937,-2.378],[-72.193,-2.437],[-72.941,-2.409],[-73.093,-2.321],[-73.231,-1.771],[-73.484,-1.606],[-73.682,-1.239],[-74.269,-0.957],[-74.421,-0.505],[-74.837,-0.215],[-75.094,-0.08],[-75.259,-0.114],[-75.767,0.04],[-76.052,0.33],[-76.26,0.416],[-76.423,0.234],[-77.085,0.307],[-77.367,0.398],[-77.814,0.819],[-78.246,1.029],[-78.782,1.401],[-78.902,1.557],[-78.759,1.805],[-78.566,1.761],[-78.538,1.914],[-78.717,2.163],[-78.519,2.527],[-77.801,2.676],[-77.537,3.234],[-77.128,3.694],[-77.105,3.883],[-77.195,4.069],[-77.429,4.012],[-77.52,4.279],[-77.343,4.508],[-77.313,4.68],[-77.39,5.452],[-77.342,6.575],[-77.659,6.988],[-77.893,7.221],[-77.792,7.481],[-77.61,7.552],[-77.366,7.824],[-77.164,7.968],[-77.352,8.326],[-77.37,8.675],[-76.856,8.092],[-76.765,8.396],[-76.824,8.496],[-76.263,9.014],[-76.086,9.335],[-75.848,9.427],[-75.602,9.676],[-75.579,10.222],[-75.512,10.572],[-74.853,11.08],[-74.323,10.98],[-74.216,11.068],[-74.139,11.333],[-73.812,11.263],[-73.285,11.281],[-72.771,11.676],[-72.46,11.778],[-72.139,12.111],[-71.661,12.459],[-71.273,12.338],[-71.124,12.02],[-71.324,11.848],[-71.964,11.646],[-72.14,11.34],[-72.496,11.08],[-72.894,10.447],[-72.971,9.809],[-73.347,9.217],[-73.077,9.246],[-72.749,9.017],[-72.634,8.606],[-72.408,8.371],[-72.363,8.012],[-72.48,7.93],[-72.442,7.425],[-71.841,7.028],[-71.317,7.021],[-70.585,7.07],[-70.145,6.98],[-69.428,6.107],[-69.221,6.089],[-68.943,6.182],[-68.649,6.133],[-67.911,6.252],[-67.82,6.327],[-67.485,6.218],[-67.462,5.949],[-67.852,5.252],[-67.823,4.497],[-67.635,3.788],[-67.44,3.629],[-67.311,3.376],[-67.808,2.831],[-67.584,2.77],[-67.255,2.422],[-66.882,1.401],[-66.853,1.23]]]}},{"type":"Feature","id":"MDA","properties":{"id":"MDA"},"geometry":{"type":"Polygon","coordinates":[[[28.213,45.468],[28.135,45.575],[28.117,46.209],[28.239,46.595],[28.096,46.978],[27.807,47.166],[27.267,47.733],[27.166,47.955],[26.813,48.25],[26.63,48.26],[26.895,48.387],[27.749,48.458],[28.135,48.245],[28.503,48.13],[29.175,47.994],[29.237,47.747],[29.148,47.512],[29.486,47.35],[29.644,46.938],[29.98,46.819],[29.967,46.683],[30.164,46.413],[29.814,46.391],[29.162,46.539],[28.999,46.479],[28.908,45.992],[28.375,45.526],[28.213,45.468]]]}},{"type":"Feature","id":"CPV","properties":{"id":"CPV"},"geometry":{"type":"MultiPolygon","coordinates":[[[[-23.741,15.34],[-23.431,14.984],[-23.628,14.914],[-23.776,15.093],[-23.741,15.34]]],[[[-25.057,17.182],[-24.992,17.053],[-25.289,16.91],[-25.33,17.097],[-25.057,17.182]]]]}},{"type":"Feature","id":"CRI","properties":{"id":"CRI"},"geometry":{"type":"Polygon","coordinates":[[[-83.667,10.931],[-83.372,10.332],[-82.804,9.696],[-82.564,9.572],[-82.934,9.475],[-82.876,8.697],[-82.9,8.04],[-83.171,8.625],[-83.305,8.379],[-83.543,8.443],[-83.726,8.586],[-83.608,8.831],[-83.637,9.05],[-83.954,9.315],[-84.426,9.514],[-84.639,9.737],[-84.726,9.935],[-85.249,10.246],[-85.138,9.994],[-84.893,9.815],[-85.142,9.585],[-85.55,9.876],[-85.792,10.106],[-85.865,10.347],[-85.747,10.533],[-85.693,11.08],[-85.549,11.197],[-84.867,10.97],[-84.681,11.084],[-84.349,10.95],[-84.222,10.824],[-83.935,10.712],[-83.662,10.824],[-83.667,10.931]]]}},{"type":"Feature","id":"CUB","properties":{"id":"CUB"},"geometry":{"type":"MultiPolygon","coordinates":[[[[-81.734,23.146],[-81.556,23.055],[-81.282,23.119],[-81.114,23.022],[-80.853,23.13],[-80.263,22.9],[-79.997,22.905],[-79.684,22.758],[-79.499,22.527],[-79.237,22.375],[-78.686,22.368],[-78.158,22.116],[-77.809,21.866],[-77.405,21.74],[-76.536,21.274],[-76.126,21.13],[-75.718,21.126],[-75.574,21.007],[-75.676,20.73],[-75.027,20.695],[-74.784,20.623],[-74.535,20.41],[-74.197,20.302],[-74.301,20.068],[-74.85,20.026],[-75.296,19.881],[-75.727,19.957],[-76.159,19.984],[-76.736,19.943],[-77.673,19.826],[-77.628,20.016],[-77.19,20.283],[-77.081,20.462],[-77.345,20.714],[-78.038,20.7],[-78.471,21.038],[-78.59,21.455],[-78.751,21.638],[-79.295,21.563],[-80.718,22.054],[-81.697,22.204],[-82.13,22.362],[-81.701,22.454],[-81.667,22.576],[-81.873,22.679],[-82.63,22.68],[-82.96,22.531],[-83.319,22.253],[-83.982,22.068],[-84.058,21.919],[-84.352,21.836],[-84.732,21.872],[-84.557,22.016],[-84.387,22.35],[-84.206,22.548],[-83.88,22.741],[-83.153,22.981],[-82.486,23.093],[-82.27,23.177],[-81.734,23.146]]],[[[-82.555,21.559],[-82.884,21.438],[-83.092,21.78],[-82.946,21.937],[-82.702,21.884],[-82.555,21.559]]]]}},{"type":"Feature","id":"CYP","properties":{"id":"CYP"},"geometry":{"type":"Polygon","coordinates":[[[33.892,34.967],[33.701,34.978],[33.588,34.819],[33.007,34.645],[32.702,34.642],[32.407,34.755],[32.321,35.074],[32.988,35.371],[33.974,35.324],[34.005,34.983],[33.892,34.967]]]}},{"type":"Feature","id":"DEU","properties":{"id":"DEU"},"geometry":{"type":"MultiPolygon","coordinates":[[[[13.84,48.772],[13.659,48.541],[12.768,48.068],[13.089,47.652],[13.0,47.466],[12.609,47.674],[12.338,47.697],[11.769,47.589],[11.397,47.467],[10.45,47.485],[10.184,47.294],[9.965,47.53],[9.562,47.504],[9.403,47.615],[8.714,47.766],[8.319,47.576],[7.589,47.59],[7.569,48.038],[7.862,48.651],[8.194,48.954],[7.5,49.131],[6.738,49.164],[6.551,49.425],[6.367,49.47],[6.44,49.659],[6.166,49.971],[6.138,50.13],[6.342,50.318],[6.221,50.63],[6.021,50.754],[6.196,51.53],[5.987,51.739],[6.131,51.889],[6.704,51.906],[6.979,52.213],[6.897,52.651],[7.061,52.699],[7.211,53.235],[7.029,53.336],[7.037,53.524],[7.245,53.669],[8.012,53.712],[8.313,53.52],[8.702,53.879],[9.08,53.891],[8.683,54.271],[8.871,54.558],[8.471,54.878],[8.652,54.91],[9.295,54.802],[9.421,54.832],[9.906,54.797],[9.869,54.597],[10.187,54.413],[10.645,54.341],[11.073,54.377],[10.948,53.972],[11.435,53.901],[11.567,54.077],[12.093,54.154],[12.66,54.399],[12.905,54.404],[13.486,54.104],[13.755,54.035],[13.82,53.842],[14.267,53.698],[14.421,53.234],[14.22,52.989],[14.758,52.068],[14.604,51.805],[14.956,51.462],[15.04,51.275],[14.823,50.87],[14.318,51.054],[14.309,50.886],[13.767,50.735],[13.02,50.463],[12.439,50.335],[12.114,50.317],[12.201,50.11],[12.388,50.013],[12.484,49.693],[12.672,49.429],[13.566,48.97],[13.84,48.772]]],[[[13.411,54.655],[13.668,54.52],[13.671,54.33],[13.369,54.255],[13.157,54.375],[13.411,54.655]]]]}},{"type":"Feature","id":"DJI","properties":{"id":"DJI"},"geometry":{"type":"Polygon","coordinates":[[[43.26,11.461],[42.968,10.997],[42.309,10.992],[41.969,10.92],[41.795,10.98],[41.778,11.468],[41.849,11.738],[41.961,11.82],[42.404,12.469],[42.575,12.469],[43.127,12.711],[43.355,12.383],[43.417,12.121],[43.371,11.983],[42.772,11.736],[42.516,11.572],[42.61,11.465],[42.792,11.579],[43.154,11.589],[43.26,11.461]]]}},{"type":"Feature","id":"DMA","properties":{"id":"DMA"},"geometry":{"type":"Polygon","coordinates":[[[-61.423,15.639],[-61.245,15.471],[-61.369,15.212],[-61.47,15.548],[-61.423,15.639]]]}},{"type":"Feature","id":"DNK","properties":{"id":"DNK"},"geometry":{"type":"MultiPolygon","coordinates":[[[[9.421,54.832],[9.295,54.802],[8.652,54.91],[8.626,55.428],[8.111,55.615],[8.222,56.101],[8.123,56.38],[8.211,56.629],[8.601,56.491],[8.855,56.749],[9.377,56.564],[9.161,56.887],[10.018,57.077],[10.279,56.906],[10.348,56.619],[10.962,56.434],[10.745,56.169],[10.229,56.127],[10.079,55.888],[9.671,55.528],[9.646,55.292],[9.421,54.832]]],[[[15.121,55.015],[14.689,55.093],[14.772,55.3],[15.157,55.124],[15.121,55.015]]],[[[10.473,55.563],[10.753,55.48],[10.837,55.292],[10.746,55.069],[10.49,55.035],[9.984,55.168],[9.744,55.508],[10.303,55.626],[10.473,55.563]]],[[[12.599,55.793],[12.311,55.403],[12.152,55.029],[11.775,55.056],[11.206,55.384],[11.099,55.634],[11.223,55.738],[11.903,55.991],[12.364,56.108],[12.635,56.033],[12.599,55.793]]],[[[10.557,57.279],[10.343,56.99],[10.025,57.092],[9.096,57.03],[8.726,56.948],[8.623,57.12],[9.397,57.155],[10.073,57.583],[10.436,57.594],[10.557,57.279]]]]}},{"type":"Feature","id":"DOM","properties":{"id":"DOM"},"geometry":{"type":"Polygon","coordinates":[[[-71.759,18.031],[-71.768,18.368],[-72.007,18.624],[-71.738,18.722],[-71.653,19.23],[-71.758,19.703],[-71.572,19.908],[-70.987,19.929],[-70.358,19.695],[-69.895,19.573],[-69.622,19.294],[-69.221,19.341],[-69.22,19.188],[-69.596,19.221],[-69.627,19.083],[-69.25,19.021],[-68.915,19.025],[-68.703,18.932],[-68.324,18.608],[-68.45,18.369],[-68.759,18.239],[-68.943,18.41],[-69.73,18.46],[-70.05,18.372],[-70.22,18.231],[-70.491,18.196],[-70.705,18.414],[-70.982,18.285],[-71.189,17.948],[-71.466,17.657],[-71.615,17.766],[-71.759,18.031]]]}},{"type":"Feature","id":"DZA","properties":{"id":"DZA"},"geometry":{"type":"Polygon","coordinates":[[[8.642,36.94],[8.643,36.852],[8.328,36.433],[8.297,36.026],[8.394,35.255],[8.26,34.659],[7.532,34.055],[7.543,33.787],[7.785,33.275],[8.135,33.079],[8.568,32.38],[9.075,32.087],[9.552,30.246],[9.415,30.178],[9.783,29.427],[9.906,28.763],[9.889,27.612],[9.784,27.349],[9.899,26.886],[9.839,26.511],[9.424,26.165],[10.026,25.335],[10.036,24.977],[10.252,24.606],[10.422,24.478],[10.793,24.536],[11.132,24.393],[11.61,24.26],[11.999,23.515],[9.74,22.214],[7.459,20.843],[6.044,19.642],[5.491,19.382],[4.243,19.141],[3.346,18.976],[3.127,19.125],[3.233,19.438],[3.234,19.841],[2.085,20.239],[1.666,20.419],[1.185,20.862],[1.156,21.126],[-1.697,23.002],[-4.833,25.0],[-6.748,26.18],[-8.667,27.313],[-8.667,27.662],[-8.666,28.714],[-7.794,29.245],[-7.239,29.481],[-6.222,29.575],[-5.723,29.57],[-5.334,29.765],[-4.89,30.16],[-4.323,30.528],[-3.653,30.694],[-3.534,31.013],[-3.771,31.152],[-3.666,31.625],[-3.087,31.749],[-2.927,32.025],[-2.766,32.116],[-1.981,32.167],[-1.571,32.093],[-1.158,32.11],[-1.055,32.462],[-1.398,32.765],[-1.543,32.958],[-1.646,33.419],[-1.675,34.163],[-1.742,34.742],[-2.212,35.085],[-1.784,35.12],[-1.278,35.363],[-1.096,35.629],[-0.795,35.765],[-0.309,35.85],[-0.096,35.792],[0.203,36.103],[0.97,36.454],[1.336,36.542],[2.407,36.606],[3.721,36.87],[3.977,36.898],[4.797,36.882],[5.076,36.743],[5.507,36.683],[6.253,36.971],[6.571,37.01],[6.879,36.905],[7.132,36.908],[7.474,37.045],[7.759,36.886],[8.044,36.873],[8.642,36.94]]]}},{"type":"Feature","id":"EGY","properties":{"id":"EGY"},"geometry":{"type":"Polygon","coordinates":[[[34.087,22.004],[33.182,22.002],[31.868,22.002],[31.388,22.154],[30.881,22.008],[27.941,22.03],[25.0,22.0],[24.999,29.25],[24.711,30.136],[24.927,30.481],[25.018,30.778],[24.904,31.091],[24.877,31.417],[25.147,31.65],[25.169,31.537],[25.506,31.516],[26.089,31.594],[27.278,31.367],[27.653,31.179],[27.901,31.112],[28.531,31.051],[29.069,30.818],[29.495,30.943],[30.075,31.299],[30.428,31.468],[30.546,31.39],[30.956,31.448],[31.117,31.523],[31.848,31.497],[31.79,31.286],[32.035,31.082],[32.493,31.116],[32.728,31.029],[32.967,31.085],[33.742,31.126],[34.219,31.323],[34.269,31.221],[34.836,29.788],[34.905,29.493],[34.745,29.309],[34.492,28.478],[34.435,27.987],[34.212,27.766],[33.814,27.988],[33.376,28.425],[33.196,28.811],[32.933,29.207],[32.576,29.971],[32.478,29.936],[32.341,29.589],[32.654,29.074],[32.736,28.815],[33.199,28.213],[33.571,27.787],[33.596,27.519],[33.807,27.272],[33.951,26.847],[33.936,26.668],[34.681,25.471],[35.209,24.446],[35.493,24.13],[35.537,23.95],[35.497,23.527],[35.623,23.147],[35.297,22.862],[35.101,22.817],[34.795,22.52],[34.436,22.254],[34.161,22.207],[34.087,22.004]]]}},{"type":"Feature","id":"ERI","properties":{"id":"ERI"},"geometry":{"type":"Polygon","coordinates":[[[43.127,12.711],[42.575,12.469],[42.404,12.469],[41.57,13.418],[40.768,14.19],[40.04,14.502],[38.993,14.564],[38.801,14.47],[38.465,14.415],[37.921,14.892],[37.576,14.273],[37.373,14.38],[37.127,14.392],[36.56,14.258],[36.527,14.329],[36.442,15.141],[36.631,15.493],[36.838,16.033],[36.939,16.444],[36.943,16.681],[37.076,17.085],[37.401,17.061],[37.498,17.285],[37.628,17.377],[38.068,17.538],[38.408,17.797],[38.564,18.003],[38.932,17.37],[39.141,16.612],[39.274,15.97],[39.706,15.214],[39.807,15.442],[40.005,15.381],[40.155,15.0],[40.695,14.891],[40.79,14.706],[41.188,14.611],[41.52,14.183],[41.77,13.915],[42.234,13.542],[42.492,13.178],[42.755,12.876],[42.986,12.836],[43.127,12.711]]]}},{"type":"Feature","id":"ESH","properties":{"id":"ESH"},"geometry":{"type":"Polygon","coordinates":[[[-8.667,27.662],[-8.667,27.313],[-8.667,26.0],[-12.0,26.0],[-12.0,23.566],[-12.59,23.279],[-13.015,23.011],[-13.15,22.761],[-13.08,22.521],[-13.0,21.333],[-16.957,21.333],[-17.07,20.892],[-17.05,20.773],[-17.092,20.858],[-16.962,21.778],[-16.813,22.153],[-16.684,22.291],[-16.494,22.325],[-15.941,23.523],[-15.833,23.868],[-15.257,24.405],[-15.032,24.543],[-14.884,24.73],[-14.821,25.319],[-14.397,26.264],[-13.958,26.484],[-13.574,26.732],[-13.169,27.667],[-8.667,27.662]]]}},{"type":"Feature","id":"EST","properties":{"id":"EST"},"geometry":{"type":"MultiPolygon","coordinates":[[[[28.042,59.472],[28.209,59.372],[27.427,58.821],[27.494,58.312],[27.668,57.958],[27.352,57.518],[26.337,57.581],[25.951,57.849],[25.19,58.08],[24.352,57.876],[24.483,58.129],[24.291,58.365],[24.063,58.26],[23.772,58.355],[23.552,58.566],[23.417,59.026],[23.517,59.165],[24.495,59.453],[25.398,59.489],[25.688,59.616],[26.098,59.598],[27.149,59.439],[27.801,59.398],[28.042,59.472]]],[[[22.962,58.612],[23.19,58.476],[22.847,58.299],[22.066,58.051],[21.884,58.33],[22.031,58.493],[22.548,58.634],[22.962,58.612]]],[[[22.939,58.968],[22.956,58.845],[22.471,58.722],[22.398,58.937],[22.641,59.083],[22.939,58.968]]]]}},{"type":"Feature","id":"ETH","properties":{"id":"ETH"},"geometry":{"type":"Polygon","coordinates":[[[42.404,12.469],[41.961,11.82],[41.849,11.738],[41.778,11.468],[41.795,10.98],[41.969,10.92],[42.309,10.992],[42.968,10.997],[42.703,10.636],[42.881,10.207],[43.144,9.893],[43.432,9.471],[44.138,8.952],[47.026,8.0],[47.973,7.987],[45.232,5.175],[44.748,4.928],[44.015,4.96],[43.435,4.795],[43.044,4.572],[42.833,4.271],[42.527,4.203],[42.088,4.179],[41.91,3.983],[41.346,3.948],[40.751,4.276],[40.205,4.046],[39.866,3.871],[39.561,3.423],[39.021,3.524],[38.182,3.625],[38.051,3.676],[37.103,4.328],[36.787,4.45],[36.05,4.457],[35.948,4.62],[35.823,4.771],[35.861,5.288],[35.478,5.408],[35.297,5.412],[35.014,5.877],[34.964,6.284],[35.003,6.473],[34.322,6.959],[33.943,7.493],[33.632,7.702],[33.071,7.789],[33.008,7.949],[33.195,8.405],[33.616,8.464],[33.766,8.363],[34.14,8.595],[34.113,9.499],[34.223,9.976],[34.29,10.509],[34.472,10.816],[34.589,10.894],[34.797,10.719],[34.965,10.926],[35.08,11.655],[35.161,11.851],[35.688,12.65],[36.101,12.713],[36.439,13.749],[36.56,14.258],[37.127,14.392],[37.373,14.38],[37.576,14.273],[37.921,14.892],[38.465,14.415],[38.801,14.47],[38.993,14.564],[40.04,14.502],[40.768,14.19],[41.57,13.418],[42.404,12.469]]]}},{"type":"Feature","id":"FIN","properties":{"id":"FIN"},"geometry":{"type":"Polygon","coordinates":[[[28.93,69.052],[28.546,68.886],[28.434,68.539],[28.653,68.195],[29.492,67.94],[30.01,67.661],[29.93,67.522],[29.074,66.997],[29.125,66.787],[29.924,66.127],[30.034,65.69],[29.755,65.61],[29.61,65.009],[30.344,64.307],[30.528,64.049],[29.972,63.757],[30.463,63.482],[31.238,63.219],[31.587,62.909],[31.223,62.5],[29.278,61.303],[28.388,60.882],[27.803,60.549],[27.101,60.536],[26.014,60.389],[25.677,60.381],[24.639,60.124],[23.385,59.938],[22.984,59.97],[23.04,60.326],[22.591,60.224],[22.508,60.414],[21.576,60.559],[21.304,61.004],[21.547,61.248],[21.633,61.618],[21.445,61.917],[21.383,62.277],[21.124,62.686],[21.42,62.881],[21.688,63.211],[22.37,63.299],[22.503,63.57],[23.39,63.924],[24.643,64.835],[25.422,64.95],[25.352,65.432],[25.05,65.622],[24.154,65.819],[23.936,66.121],[23.651,66.298],[23.97,66.787],[23.611,67.274],[23.489,67.668],[23.56,67.903],[23.065,68.289],[22.008,68.511],[20.55,69.06],[21.281,69.311],[21.686,69.239],[22.464,68.732],[23.117,68.641],[24.117,68.785],[24.905,68.577],[25.72,69.111],[25.707,69.254],[26.03,69.723],[26.489,69.944],[27.05,69.914],[27.886,70.085],[28.403,69.819],[29.134,69.696],[29.338,69.479],[28.832,69.224],[28.93,69.052]]]}},{"type":"Feature","id":"FLK","properties":{"id":"FLK"},"geometry":{"type":"MultiPolygon","coordinates":[[[[-58.862,-51.295],[-58.608,-51.355],[-58.416,-51.518],[-57.938,-51.368],[-57.752,-51.698],[-58.536,-51.894],[-58.68,-52.089],[-59.036,-52.03],[-59.475,-52.31],[-59.722,-52.134],[-59.5,-51.862],[-59.204,-51.733],[-58.862,-51.295]]],[[[-59.384,-51.342],[-59.246,-51.469],[-59.771,-51.846],[-60.357,-52.17],[-60.665,-52.203],[-60.857,-52.074],[-60.205,-51.795],[-60.378,-51.437],[-59.527,-51.471],[-59.384,-51.342]]]]}},{"type":"Feature","id":"FRA","properties":{"id":"FRA"},"geometry":{"type":"MultiPolygon","coordinates":[[[[-1.786,43.351],[-1.47,43.609],[-1.288,44.277],[-1.083,44.645],[-1.239,44.79],[-1.157,45.479],[-1.061,45.568],[-1.052,46.01],[-1.209,46.284],[-1.797,46.487],[-2.053,46.771],[-2.18,47.237],[-2.535,47.3],[-2.527,47.524],[-2.764,47.631],[-3.03,47.568],[-3.343,47.703],[-4.174,47.876],[-4.343,47.836],[-4.598,48.013],[-4.303,48.342],[-4.775,48.334],[-4.733,48.56],[-4.115,48.698],[-3.946,48.662],[-3.453,48.82],[-3.136,48.866],[-2.873,48.676],[-2.544,48.599],[-2.254,48.645],[-1.412,48.669],[-1.821,49.418],[-1.898,49.725],[-1.493,49.676],[-1.124,49.365],[-0.9,49.381],[-0.239,49.28],[-0.005,49.325],[0.194,49.709],[0.707,49.877],[1.208,49.976],[1.569,50.218],[1.616,50.876],[1.78,50.959],[2.545,51.09],[2.796,50.724],[3.252,50.674],[3.673,50.394],[4.151,50.278],[4.145,50.03],[4.839,49.951],[5.003,49.791],[5.398,49.615],[5.819,49.546],[5.977,49.463],[6.367,49.47],[6.551,49.425],[6.738,49.164],[7.5,49.131],[8.194,48.954],[7.862,48.651],[7.569,48.038],[7.589,47.59],[7.403,47.438],[7.18,47.442],[6.166,46.61],[5.964,46.197],[6.175,46.158],[6.253,46.36],[6.519,46.456],[6.821,46.427],[7.045,45.922],[6.873,45.839],[6.91,45.662],[7.184,45.407],[6.815,45.147],[6.748,44.922],[6.922,44.851],[6.899,44.358],[6.998,44.249],[7.374,44.119],[7.547,44.146],[7.53,43.784],[7.439,43.749],[7.418,43.725],[7.165,43.656],[6.81,43.415],[6.607,43.17],[6.145,43.064],[5.749,43.139],[4.987,43.399],[4.133,43.525],[3.847,43.493],[3.333,43.278],[3.036,42.968],[3.061,42.536],[3.175,42.435],[3.022,42.471],[2.433,42.381],[1.961,42.391],[1.726,42.504],[1.443,42.604],[1.325,42.724],[0.816,42.837],[0.623,42.695],[0.268,42.702],[-0.662,42.869],[-1.433,43.114],[-1.786,43.351]]],[[[9.473,42.924],[9.561,42.189],[9.255,41.434],[9.099,41.423],[8.789,41.569],[8.571,42.344],[8.736,42.577],[9.086,42.718],[9.269,42.706],[9.473,42.924]]]]}},{"type":"Feature","id":"GUF","properties":{"id":"GUF"},"geometry":{"type":"Polygon","coordinates":[[[-51.616,4.182],[-52.24,3.241],[-52.679,2.37],[-53.037,2.174],[-53.416,2.291],[-53.888,2.284],[-54.174,2.139],[-54.466,2.21],[-54.574,2.33],[-54.345,2.539],[-54.209,2.776],[-54.008,3.466],[-54.026,3.64],[-54.35,4.043],[-54.471,4.879],[-54.419,5.071],[-54.013,5.531],[-54.009,5.62],[-53.831,5.77],[-53.486,5.561],[-53.017,5.463],[-51.926,4.63],[-51.616,4.182]]]}},{"type":"Feature","id":"GUM","properties":{"id":"GUM"},"geometry":{"type":"Polygon","coordinates":[[[144.953,13.601],[144.763,13.284],[144.642,13.348],[144.836,13.604],[144.953,13.601]]]}},{"type":"Feature","id":"GAB","properties":{"id":"GAB"},"geometry":{"type":"Polygon","coordinates":[[[11.333,2.172],[11.398,2.299],[11.652,2.314],[12.65,2.242],[13.19,2.284],[13.297,2.172],[13.176,1.874],[13.133,1.581],[13.218,1.284],[13.573,1.289],[13.811,1.429],[14.177,1.397],[14.284,1.334],[14.483,0.832],[14.275,0.542],[14.142,0.557],[13.904,0.248],[13.893,-0.235],[14.418,-0.477],[14.519,-0.674],[14.475,-1.136],[14.494,-1.455],[14.428,-1.788],[14.344,-1.939],[14.227,-2.363],[14.077,-2.497],[13.902,-2.49],[13.727,-2.194],[13.479,-2.428],[13.058,-2.334],[12.787,-1.894],[12.608,-1.814],[12.461,-1.88],[12.514,-2.422],[11.634,-2.409],[11.522,-2.378],[11.587,-2.872],[11.716,-3.111],[11.953,-3.328],[11.9,-3.644],[11.652,-3.641],[11.484,-3.494],[11.25,-3.748],[11.153,-3.96],[10.864,-3.588],[10.286,-2.99],[9.895,-2.69],[9.651,-2.435],[9.254,-1.802],[8.836,-0.925],[8.794,-0.735],[9.1,-0.694],[9.294,-0.4],[9.392,0.224],[9.543,0.291],[9.311,0.518],[9.484,0.661],[9.593,1.011],[9.665,1.061],[9.99,0.977],[11.335,0.999],[11.333,2.172]]]}},{"type":"Feature","id":"GBR","properties":{"id":"GBR"},"geometry":{"type":"MultiPolygon","coordinates":[[[[-3.102,58.647],[-3.187,58.331],[-4.008,57.929],[-4.068,57.551],[-3.49,57.7],[-2.571,57.675],[-2.089,57.703],[-1.788,57.479],[-2.34,56.796],[-2.795,56.483],[-2.806,56.195],[-2.599,56.026],[-2.252,55.928],[-1.743,55.622],[-1.297,54.765],[-1.151,54.63],[-0.576,54.483],[-0.161,54.104],[0.304,53.096],[0.0,52.895],[0.258,52.809],[0.539,52.979],[1.304,52.933],[1.688,52.732],[1.748,52.475],[1.573,52.088],[0.971,51.839],[0.382,51.454],[0.911,51.347],[1.437,51.387],[1.399,51.206],[0.859,50.925],[0.285,50.762],[-0.905,50.834],[-1.973,50.72],[-2.069,50.59],[-2.91,50.738],[-3.432,50.617],[-3.496,50.396],[-3.706,50.214],[-4.213,50.373],[-4.671,50.326],[-5.064,50.181],[-5.265,50.03],[-5.48,50.211],[-4.839,50.599],[-4.226,51.187],[-3.003,51.247],[-2.622,51.613],[-3.209,51.404],[-3.576,51.419],[-4.553,51.745],[-5.061,51.625],[-5.218,51.876],[-5.088,52.016],[-4.796,52.059],[-4.212,52.265],[-4.04,52.524],[-4.139,52.917],[-4.719,52.858],[-4.098,53.238],[-3.022,53.412],[-3.006,53.925],[-2.873,54.205],[-3.243,54.152],[-3.62,54.491],[-3.346,54.9],[-4.592,54.758],[-5.144,54.858],[-5.099,55.019],[-4.691,55.437],[-4.779,55.961],[-4.904,56.06],[-5.403,55.877],[-5.519,55.368],[-5.799,55.391],[-5.593,55.769],[-5.623,55.92],[-5.501,56.411],[-6.012,56.648],[-5.734,56.856],[-5.592,57.273],[-5.825,57.368],[-5.765,57.734],[-5.443,57.877],[-5.37,58.078],[-5.123,58.283],[-4.994,58.626],[-4.364,58.539],[-3.102,58.647]]],[[[-4.29,53.16],[-4.586,53.279],[-4.291,53.414],[-4.047,53.314],[-4.29,53.16]]],[[[-6.291,54.112],[-6.627,54.039],[-6.878,54.344],[-7.169,54.337],[-7.306,54.123],[-7.624,54.153],[-8.178,54.465],[-7.748,54.599],[-7.402,55.007],[-7.256,55.067],[-6.465,55.248],[-6.039,55.17],[-5.799,54.848],[-5.676,54.242],[-5.889,54.125],[-6.291,54.112]]],[[[-6.088,55.648],[-6.524,55.693],[-6.429,55.859],[-6.125,55.922],[-6.088,55.648]]],[[[-5.835,56.315],[-6.253,56.495],[-6.125,56.659],[-5.663,56.46],[-5.835,56.315]]],[[[-6.225,58.232],[-6.412,58.009],[-7.09,58.012],[-6.866,58.189],[-6.257,58.511],[-6.225,58.232]]]]}},{"type":"Feature","id":"GEO","properties":{"id":"GEO"},"geometry":{"type":"Polygon","coordinates":[[[45.015,41.297],[44.748,41.219],[44.031,41.189],[43.474,41.123],[42.806,41.53],[42.582,41.569],[41.878,41.459],[41.547,41.521],[41.673,41.658],[41.704,42.09],[41.526,42.533],[41.288,42.787],[40.873,43.068],[40.36,43.161],[40.234,43.318],[40.008,43.385],[40.116,43.569],[40.714,43.532],[41.641,43.224],[42.444,43.229],[42.84,43.177],[43.401,42.897],[43.811,42.598],[43.987,42.567],[44.69,42.749],[45.156,42.708],[45.511,42.538],[45.611,42.21],[45.974,42.035],[46.426,41.912],[46.243,41.761],[46.329,41.51],[46.66,41.363],[46.642,41.107],[46.464,41.079],[45.993,41.179],[45.54,41.415],[45.305,41.47],[45.015,41.297]]]}},{"type":"Feature","id":"GHA","properties":{"id":"GHA"},"geometry":{"type":"Polygon","coordinates":[[[-2.687,9.492],[-2.771,9.601],[-2.751,9.942],[-2.798,10.276],[-2.93,10.601],[-2.834,11.007],[-0.964,11.0],[-0.658,10.975],[-0.248,11.163],[-0.136,11.139],[0.03,10.975],[-0.068,10.652],[0.303,10.369],[0.369,10.266],[0.374,9.495],[0.565,9.401],[0.5,8.954],[0.433,8.799],[0.731,8.294],[0.598,8.016],[0.545,7.608],[0.613,7.41],[0.542,6.827],[0.719,6.503],[1.198,6.112],[0.995,5.902],[0.588,5.778],[0.048,5.678],[-0.769,5.251],[-1.438,5.063],[-2.058,4.744],[-2.344,4.93],[-3.106,5.091],[-2.725,5.138],[-2.763,5.59],[-3.022,5.807],[-3.246,6.647],[-2.921,7.612],[-2.756,7.932],[-2.493,8.205],[-2.587,8.788],[-2.654,9.004],[-2.687,9.492]]]}},{"type":"Feature","id":"XAP","properties":{"id":"XAP"},"geometry":{"type":"Polygon","coordinates":[[[92.116,26.894],[92.091,27.304],[92.022,27.464],[91.649,27.491],[91.643,27.761],[92.473,27.821],[92.73,27.988],[93.275,28.559],[93.482,28.674],[93.727,28.673],[94.225,28.929],[94.399,29.184],[94.743,29.266],[95.155,29.094],[95.56,29.188],[95.842,29.343],[96.145,29.334],[96.302,29.191],[96.627,28.675],[96.82,28.504],[97.346,28.216],[97.306,27.91],[97.063,27.75],[96.967,27.865],[96.58,28.055],[95.747,28.327],[95.603,28.295],[95.041,27.804],[94.325,27.556],[93.797,27.066],[93.481,26.942],[93.211,26.913],[92.357,26.928],[92.116,26.894]]]}},{"type":"Feature","id":"GIN","properties":{"id":"GIN"},"geometry":{"type":"Polygon","coordinates":[[[-7.981,10.171],[-8.161,9.931],[-8.14,9.608],[-7.802,9.073],[-7.757,8.405],[-7.963,8.503],[-8.227,8.468],[-8.221,8.23],[-7.989,8.028],[-8.096,7.795],[-8.303,7.599],[-8.471,7.557],[-8.719,7.582],[-8.837,7.287],[-9.05,7.215],[-9.423,7.425],[-9.365,7.727],[-9.507,8.306],[-9.728,8.513],[-10.279,8.485],[-10.541,8.311],[-10.681,8.316],[-10.505,8.737],[-10.717,9.363],[-11.208,10.0],[-11.895,10.0],[-12.487,9.848],[-12.678,9.44],[-12.964,9.175],[-13.301,9.039],[-13.311,9.254],[-13.617,9.566],[-13.685,9.932],[-14.031,10.116],[-14.186,10.084],[-14.654,10.468],[-14.541,10.817],[-14.744,10.721],[-14.926,11.053],[-14.792,11.321],[-14.599,11.502],[-14.32,11.608],[-13.772,11.683],[-13.84,12.091],[-13.733,12.25],[-13.709,12.676],[-13.127,12.639],[-12.81,12.476],[-12.382,12.343],[-12.135,12.392],[-11.375,12.415],[-11.495,12.187],[-11.244,12.003],[-10.481,12.123],[-10.307,12.221],[-9.942,12.102],[-9.68,12.103],[-9.422,12.265],[-9.367,12.489],[-9.16,12.489],[-8.958,12.357],[-8.826,12.037],[-8.81,11.833],[-8.478,11.251],[-8.502,11.01],[-8.314,10.771],[-7.981,10.171]]]}},{"type":"Feature","id":"GLP","properties":{"id":"GLP"},"geometry":{"type":"Polygon","coordinates":[[[-61.452,16.503],[-61.392,16.221],[-61.577,16.001],[-61.703,15.957],[-61.806,16.277],[-61.584,16.276],[-61.452,16.503]]]}},{"type":"Feature","id":"GMB","properties":{"id":"GMB"},"geometry":{"type":"Polygon","coordinates":[[[-16.747,13.064],[-16.808,13.333],[-16.561,13.6],[-15.722,13.601],[-15.285,13.781],[-14.858,13.782],[-14.34,13.45],[-13.943,13.567],[-13.886,13.317],[-14.335,13.235],[-15.057,13.552],[-15.446,13.373],[-16.088,13.167],[-16.676,13.167],[-16.747,13.064]]]}},{"type":"Feature","id":"GNB","properties":{"id":"GNB"},"geometry":{"type":"Polygon","coordinates":[[[-13.709,12.676],[-13.733,12.25],[-13.84,12.091],[-13.772,11.683],[-14.32,11.608],[-14.599,11.502],[-14.792,11.321],[-14.926,11.053],[-15.165,11.079],[-15.5,11.328],[-15.404,11.584],[-15.58,11.855],[-16.198,11.912],[-16.325,12.162],[-16.712,12.335],[-15.92,12.443],[-14.842,12.678],[-13.709,12.676]]]}},{"type":"Feature","id":"GNQ","properties":{"id":"GNQ"},"geometry":{"type":"MultiPolygon","coordinates":[[[[9.822,2.349],[10.008,2.172],[11.333,2.172],[11.335,0.999],[9.99,0.977],[9.665,1.061],[9.415,1.102],[9.393,1.244],[9.594,1.573],[9.788,2.018],[9.822,2.349]]],[[[8.918,3.619],[8.693,3.226],[8.448,3.277],[8.441,3.432],[8.631,3.686],[8.873,3.764],[8.918,3.619]]]]}},{"type":"Feature","id":"GRC","properties":{"id":"GRC"},"geometry":{"type":"MultiPolygon","coordinates":[[[[20.008,39.693],[20.294,39.715],[20.544,40.067],[20.917,40.471],[21.025,40.709],[20.981,40.855],[21.784,40.929],[21.907,41.075],[22.353,41.135],[22.927,41.338],[23.225,41.337],[23.786,41.416],[24.104,41.549],[24.463,41.536],[25.224,41.277],[25.961,41.32],[26.189,41.439],[26.113,41.626],[26.358,41.711],[26.57,41.61],[26.627,41.348],[26.321,41.091],[26.264,40.904],[26.036,40.73],[25.919,40.856],[25.509,40.878],[25.141,41.012],[24.286,40.813],[23.838,40.792],[23.705,40.675],[23.919,40.37],[23.806,40.199],[23.145,40.288],[22.882,40.641],[22.625,40.488],[22.598,40.023],[23.279,39.306],[22.939,39.362],[22.856,39.159],[23.068,39.044],[22.771,38.877],[23.102,38.634],[23.808,38.33],[24.058,38.145],[24.08,37.756],[23.941,37.676],[23.599,38.028],[23.04,37.921],[23.163,37.618],[23.123,37.451],[22.778,37.59],[22.746,37.454],[22.898,37.176],[23.206,36.455],[22.833,36.689],[22.363,36.694],[22.127,37.027],[21.683,36.897],[21.669,37.258],[21.371,37.658],[21.191,37.821],[21.243,37.97],[21.48,38.185],[21.754,38.284],[22.103,38.264],[22.777,38.0],[23.136,38.069],[23.022,38.218],[22.403,38.365],[21.701,38.35],[21.121,38.432],[20.886,38.747],[20.908,39.027],[20.715,39.01],[20.362,39.29],[20.158,39.641],[20.008,39.693]]],[[[24.035,35.521],[24.496,35.372],[25.045,35.381],[25.592,35.333],[25.835,35.131],[26.251,35.277],[26.247,35.055],[25.27,34.973],[24.763,35.018],[24.728,35.091],[24.217,35.194],[23.614,35.235],[23.527,35.31],[23.582,35.559],[24.035,35.521]]],[[[27.866,35.932],[27.706,36.167],[27.925,36.347],[28.206,36.315],[28.055,36.072],[27.866,35.932]]],[[[20.586,38.451],[20.817,38.12],[20.543,38.103],[20.345,38.18],[20.407,38.354],[20.586,38.451]]],[[[26.119,38.236],[25.829,38.545],[26.149,38.51],[26.119,38.236]]],[[[24.557,37.981],[24.315,38.022],[24.145,38.229],[23.294,38.77],[22.987,38.874],[23.317,39.043],[23.486,38.833],[23.981,38.677],[24.215,38.348],[24.572,38.153],[24.557,37.981]]],[[[26.61,39.015],[26.179,39.02],[25.848,39.19],[25.909,39.29],[26.356,39.38],[26.61,39.015]]]]}},{"type":"Feature","id":"GRL","properties":{"id":"GRL"},"geometry":{"type":"MultiPolygon","coordinates":[[[[-32.428,83.614],[-29.858,83.582],[-27.319,83.462],[-25.701,83.294],[-24.329,82.881],[-22.55,82.793],[-21.328,82.601],[-22.265,82.375],[-25.082,82.155],[-27.624,82.198],[-30.0,82.097],[-31.443,81.822],[-27.732,82.04],[-24.546,81.986],[-24.669,81.764],[-26.534,81.548],[-26.343,81.425],[-23.277,81.731],[-23.128,82.005],[-21.28,82.073],[-21.004,81.933],[-21.314,81.456],[-23.232,80.87],[-22.028,80.988],[-19.505,81.55],[-17.365,81.357],[-16.242,81.75],[-14.177,81.808],[-12.131,81.629],[-11.312,81.457],[-13.344,81.012],[-14.329,81.013],[-14.381,80.762],[-15.472,80.616],[-16.652,80.187],[-17.896,80.165],[-19.406,80.256],[-20.179,80.076],[-19.172,80.022],[-17.695,80.084],[-17.157,80.0],[-17.68,79.762],[-18.936,79.733],[-19.505,79.379],[-18.931,79.251],[-19.676,79.081],[-19.904,78.824],[-21.07,78.76],[-20.946,78.51],[-21.332,78.111],[-21.013,77.93],[-19.253,77.725],[-20.631,77.693],[-20.431,77.429],[-19.415,77.256],[-18.543,77.286],[-18.238,77.127],[-18.446,76.753],[-20.019,76.917],[-20.564,76.894],[-21.497,76.675],[-22.381,76.814],[-22.449,76.561],[-21.705,76.248],[-21.009,76.301],[-20.107,76.053],[-19.533,75.756],[-19.351,75.452],[-19.604,75.142],[-20.504,75.297],[-20.796,74.674],[-19.593,74.643],[-18.977,74.481],[-19.377,74.273],[-20.158,74.278],[-20.278,74.16],[-21.746,74.059],[-20.478,73.885],[-20.378,73.533],[-21.39,73.467],[-22.174,73.259],[-22.955,73.33],[-24.028,73.601],[-25.492,73.397],[-25.839,73.163],[-25.068,73.055],[-25.477,72.833],[-24.759,72.694],[-24.557,72.418],[-22.859,71.982],[-22.41,71.781],[-22.297,71.416],[-21.739,71.409],[-21.892,71.071],[-21.702,71.007],[-21.746,70.418],[-23.372,70.449],[-23.952,70.616],[-24.631,71.321],[-25.318,71.39],[-25.654,71.149],[-26.512,70.964],[-27.319,70.935],[-27.753,71.011],[-28.351,70.489],[-27.926,70.393],[-26.642,70.476],[-25.968,70.284],[-25.26,70.414],[-23.839,70.133],[-22.788,70.078],[-23.146,69.78],[-23.697,69.74],[-24.074,69.502],[-25.091,69.221],[-25.224,69.07],[-25.742,68.872],[-26.614,68.659],[-29.031,68.355],[-29.389,68.214],[-29.868,68.415],[-30.109,68.222],[-30.905,68.056],[-31.433,68.075],[-31.659,68.224],[-32.293,68.348],[-32.133,68.027],[-32.392,67.878],[-33.299,67.54],[-33.517,67.179],[-33.947,66.953],[-34.293,66.599],[-34.716,66.334],[-35.224,66.246],[-36.087,65.918],[-37.091,65.964],[-37.204,65.753],[-37.679,65.93],[-37.572,66.139],[-37.249,66.331],[-37.993,66.314],[-38.262,65.618],[-38.633,65.564],[-39.354,65.701],[-40.015,65.552],[-39.898,65.402],[-40.029,65.083],[-40.993,65.069],[-41.16,64.96],[-40.771,64.731],[-40.584,64.373],[-41.482,64.344],[-41.292,64.17],[-40.817,64.182],[-40.551,64.093],[-40.647,63.668],[-41.202,63.391],[-41.754,63.54],[-41.912,63.461],[-41.493,63.151],[-41.875,63.048],[-41.762,62.831],[-42.519,62.836],[-42.753,62.681],[-42.294,62.298],[-42.344,62.004],[-42.157,61.953],[-42.462,61.691],[-42.404,61.485],[-42.897,60.902],[-42.869,60.596],[-43.288,60.52],[-43.39,60.347],[-43.135,60.071],[-43.907,60.16],[-44.045,60.298],[-44.8,59.995],[-44.987,60.182],[-45.031,60.465],[-45.691,60.55],[-45.732,60.829],[-46.396,61.077],[-46.716,60.854],[-46.977,60.949],[-47.673,60.907],[-47.895,61.103],[-48.585,61.227],[-49.129,61.529],[-48.946,61.905],[-49.416,62.184],[-50.193,62.391],[-50.309,62.499],[-50.117,62.709],[-50.216,62.913],[-50.545,62.956],[-50.464,63.145],[-50.966,63.154],[-51.112,63.29],[-51.147,63.62],[-51.755,64.19],[-51.204,64.177],[-50.75,64.413],[-50.674,64.685],[-51.306,64.721],[-51.737,64.289],[-52.032,64.296],[-51.994,64.725],[-52.151,64.835],[-52.117,65.235],[-53.238,65.88],[-53.677,66.392],[-53.246,66.702],[-52.671,66.689],[-52.654,66.864],[-53.572,66.906],[-53.888,67.071],[-53.756,67.578],[-53.276,67.945],[-53.303,68.16],[-52.546,68.182],[-52.007,68.053],[-51.105,68.033],[-51.184,68.284],[-52.445,68.237],[-53.048,68.322],[-52.415,68.562],[-51.595,68.528],[-51.061,68.594],[-51.194,68.924],[-51.105,69.102],[-50.265,69.059],[-50.471,69.277],[-50.949,69.272],[-50.49,69.648],[-50.295,69.988],[-51.313,70.048],[-52.052,70.032],[-53.208,70.344],[-54.048,70.415],[-54.611,70.665],[-54.135,70.832],[-52.51,70.71],[-51.797,70.479],[-51.092,70.44],[-51.427,70.699],[-51.254,71.136],[-52.102,71.096],[-52.539,71.218],[-52.236,71.371],[-52.996,71.424],[-52.486,71.633],[-53.4,71.865],[-53.746,71.719],[-53.899,71.446],[-54.767,71.36],[-55.41,71.419],[-55.884,71.691],[-55.238,71.931],[-55.573,72.048],[-54.919,72.275],[-54.605,72.829],[-55.267,73.189],[-55.186,73.427],[-55.932,73.628],[-55.754,73.908],[-56.259,74.047],[-56.536,74.453],[-56.225,74.499],[-56.956,74.775],[-57.078,74.922],[-58.109,75.092],[-58.498,75.35],[-58.165,75.536],[-58.402,75.701],[-59.06,75.708],[-59.769,75.973],[-60.956,76.162],[-62.461,76.254],[-63.417,76.382],[-64.99,76.173],[-66.949,76.275],[-68.215,76.075],[-69.638,76.383],[-68.798,76.556],[-69.154,76.681],[-70.634,76.796],[-71.384,77.016],[-71.179,77.133],[-68.526,77.355],[-67.242,77.387],[-66.408,77.303],[-66.031,77.499],[-66.999,77.689],[-67.6,77.525],[-69.26,77.465],[-70.026,77.686],[-72.269,77.989],[-72.885,78.157],[-72.598,78.511],[-69.218,78.822],[-69.07,78.955],[-67.305,79.124],[-66.123,79.11],[-64.857,79.501],[-65.035,79.982],[-67.015,80.068],[-67.347,80.351],[-65.534,80.673],[-63.775,81.101],[-63.003,81.204],[-61.17,81.105],[-60.95,81.538],[-61.23,81.82],[-58.65,82.099],[-54.497,82.365],[-53.6,82.114],[-52.55,81.996],[-49.895,81.869],[-50.767,82.193],[-51.17,82.502],[-49.363,82.488],[-47.57,82.209],[-46.404,82.101],[-45.177,81.781],[-44.8,81.977],[-44.605,82.126],[-44.773,82.256],[-43.936,82.418],[-45.82,82.769],[-44.681,82.851],[-45.487,83.101],[-42.716,83.28],[-40.819,83.013],[-39.187,82.979],[-37.706,83.159],[-38.936,83.248],[-38.913,83.435],[-36.441,83.564],[-32.428,83.614]]],[[[-43.234,60.071],[-43.588,59.907],[-43.928,59.992],[-44.112,60.171],[-43.234,60.071]]],[[[-37.463,65.823],[-37.334,65.652],[-37.76,65.55],[-38.005,65.684],[-37.463,65.823]]],[[[-51.005,69.919],[-50.777,69.872],[-50.975,69.56],[-51.392,69.7],[-51.005,69.919]]],[[[-51.848,69.641],[-52.233,69.459],[-53.573,69.251],[-54.131,69.329],[-54.181,69.554],[-54.702,69.581],[-54.817,70.222],[-54.464,70.307],[-53.29,70.2],[-52.733,69.926],[-52.117,69.821],[-51.848,69.641]]],[[[-27.874,70.429],[-28.068,70.568],[-27.424,70.77],[-25.688,71.049],[-25.361,70.831],[-25.435,70.64],[-27.874,70.429]]],[[[-21.926,72.481],[-22.38,72.121],[-24.327,72.59],[-24.48,72.85],[-23.325,72.846],[-21.926,72.481]]],[[[-22.079,72.933],[-21.966,72.686],[-22.708,72.748],[-23.159,72.874],[-23.21,73.066],[-22.079,72.933]]],[[[-23.804,73.358],[-23.019,73.093],[-24.58,73.036],[-25.744,73.198],[-25.295,73.402],[-24.795,73.434],[-23.804,73.358]]],[[[-20.055,74.713],[-20.66,74.813],[-20.082,75.009],[-19.746,74.851],[-20.055,74.713]]],[[[-17.816,75.31],[-17.883,75.098],[-18.917,75.032],[-18.883,75.313],[-17.816,75.31]]],[[[-51.195,81.991],[-53.135,82.104],[-52.766,82.305],[-51.195,81.991]]],[[[-44.699,82.097],[-45.046,82.056],[-45.88,82.234],[-46.943,82.371],[-47.75,82.628],[-46.064,82.644],[-44.416,82.347],[-45.123,82.219],[-44.699,82.097]]]]}},{"type":"Feature","id":"GTM","properties":{"id":"GTM"},"geometry":{"type":"Polygon","coordinates":[[[-89.152,17.816],[-89.154,17.007],[-89.215,15.891],[-88.942,15.89],[-88.528,15.874],[-88.232,15.724],[-88.66,15.36],[-89.152,15.065],[-89.253,14.567],[-89.356,14.42],[-89.579,14.398],[-89.832,14.062],[-90.082,13.874],[-90.135,13.745],[-90.595,13.916],[-91.068,13.915],[-91.31,13.952],[-91.767,14.182],[-92.231,14.537],[-92.152,14.654],[-92.098,15.011],[-92.211,15.261],[-91.732,16.074],[-90.442,16.074],[-90.428,16.425],[-90.862,16.813],[-91.418,17.209],[-90.988,17.251],[-90.988,17.816],[-89.152,17.816]]]}},{"type":"Feature","id":"GUY","properties":{"id":"GUY"},"geometry":{"type":"Polygon","coordinates":[[[-56.477,1.946],[-56.766,1.878],[-56.973,1.908],[-57.446,1.871],[-57.689,1.692],[-58.147,1.525],[-58.334,1.575],[-58.536,1.263],[-58.894,1.223],[-59.272,1.399],[-59.667,1.743],[-59.734,2.091],[-59.907,2.396],[-59.99,2.691],[-59.977,2.938],[-59.757,3.641],[-59.564,3.971],[-59.703,4.317],[-59.973,4.493],[-60.074,4.638],[-59.994,5.085],[-60.206,5.27],[-60.737,5.201],[-61.351,5.88],[-61.143,6.281],[-61.224,6.59],[-61.12,6.726],[-60.754,6.766],[-60.366,6.968],[-60.294,7.131],[-60.615,7.291],[-60.684,7.464],[-60.54,7.816],[-60.362,7.825],[-59.811,8.268],[-59.997,8.546],[-59.126,8.034],[-58.635,7.559],[-58.468,7.291],[-58.481,6.799],[-58.292,6.889],[-58.04,6.819],[-57.445,6.322],[-57.236,6.185],[-57.139,5.81],[-57.233,5.134],[-57.305,5.015],[-57.574,5.0],[-57.909,4.784],[-57.93,4.439],[-58.05,4.151],[-58.004,3.983],[-57.772,3.629],[-57.394,3.367],[-57.21,2.942],[-56.775,2.15],[-56.477,1.946]]]}},{"type":"Feature","id":"HND","properties":{"id":"HND"},"geometry":{"type":"Polygon","coordinates":[[[-89.356,14.42],[-89.253,14.567],[-89.152,15.065],[-88.66,15.36],[-88.232,15.724],[-88.103,15.707],[-87.929,15.865],[-87.739,15.911],[-87.408,15.814],[-86.834,15.766],[-86.449,15.787],[-86.008,15.9],[-84.89,15.937],[-84.417,15.818],[-83.343,15.146],[-83.156,14.995],[-83.539,14.949],[-83.933,14.764],[-84.531,14.647],[-84.816,14.829],[-85.021,14.708],[-85.194,14.335],[-85.751,13.878],[-85.943,13.944],[-86.568,13.796],[-86.742,13.513],[-86.791,13.294],[-87.065,13.002],[-87.308,12.988],[-87.385,13.109],[-87.379,13.392],[-87.745,13.356],[-87.815,13.407],[-87.721,13.446],[-87.717,13.773],[-88.072,13.971],[-88.509,13.92],[-89.008,14.269],[-89.356,14.42]]]}},{"type":"Feature","id":"HRV","properties":{"id":"HRV"},"geometry":{"type":"MultiPolygon","coordinates":[[[[19.022,44.855],[18.866,44.853],[18.589,45.09],[17.253,45.152],[16.985,45.237],[16.624,45.219],[16.358,45.01],[15.985,45.227],[15.768,45.171],[15.76,44.881],[16.377,44.08],[17.635,43.093],[17.581,42.938],[16.816,43.404],[16.475,43.502],[16.117,43.473],[15.927,43.563],[15.853,43.788],[15.476,43.919],[15.151,44.198],[15.321,44.301],[14.895,44.697],[14.81,45.123],[14.324,45.351],[14.169,45.017],[13.885,44.811],[13.612,45.134],[13.586,45.479],[13.887,45.429],[14.439,45.513],[15.228,45.434],[15.312,45.684],[15.627,45.832],[15.729,46.221],[16.264,46.449],[16.597,46.476],[17.438,45.933],[17.871,45.775],[18.321,45.755],[18.856,45.909],[18.935,45.639],[19.176,45.27],[19.022,44.855]]],[[[17.649,42.889],[17.805,42.913],[18.438,42.556],[18.525,42.42],[17.649,42.889]]]]}},{"type":"Feature","id":"HTI","properties":{"id":"HTI"},"geometry":{"type":"MultiPolygon","coordinates":[[[[-71.758,19.703],[-71.653,19.23],[-71.738,18.722],[-72.007,18.624],[-71.768,18.368],[-71.759,18.031],[-72.042,18.232],[-72.523,18.218],[-72.9,18.154],[-73.362,18.242],[-73.653,18.243],[-73.943,18.114],[-74.323,18.286],[-74.48,18.415],[-74.422,18.617],[-74.211,18.675],[-73.654,18.499],[-72.68,18.452],[-72.381,18.534],[-72.331,18.683],[-72.805,19.029],[-72.697,19.452],[-73.049,19.627],[-73.395,19.637],[-73.452,19.76],[-73.19,19.915],[-72.821,19.951],[-72.339,19.771],[-71.758,19.703]]],[[[-72.806,18.777],[-73.236,18.849],[-73.203,18.97],[-72.806,18.777]]]]}},{"type":"Feature","id":"HUN","properties":{"id":"HUN"},"geometry":{"type":"Polygon","coordinates":[[[16.114,46.869],[16.456,47.157],[16.617,47.625],[17.08,47.875],[17.161,48.007],[17.344,47.986],[17.79,47.74],[18.609,47.758],[18.85,47.83],[19.033,48.067],[19.528,48.198],[19.951,48.149],[20.283,48.263],[20.541,48.538],[20.818,48.578],[21.625,48.464],[21.818,48.335],[22.155,48.404],[22.25,48.411],[22.896,47.954],[22.679,47.789],[22.321,47.757],[21.965,47.381],[21.285,46.476],[21.031,46.258],[20.264,46.126],[19.576,46.177],[19.202,45.993],[18.856,45.909],[18.321,45.755],[17.871,45.775],[17.438,45.933],[16.597,46.476],[16.114,46.869]]]}},{"type":"Feature","id":"IDN","properties":{"id":"IDN"},"geometry":{"type":"MultiPolygon","coordinates":[[[[109.642,2.08],[109.578,1.95],[109.661,1.676],[109.831,1.452],[110.267,1.051],[110.572,0.855],[110.945,1.028],[111.215,1.075],[111.752,1.007],[112.054,1.13],[112.304,1.488],[112.495,1.578],[113.04,1.563],[113.132,1.406],[113.622,1.237],[114.135,1.467],[114.387,1.515],[114.553,1.432],[114.852,1.894],[114.789,2.136],[115.029,2.371],[115.123,2.841],[115.258,3.003],[115.518,3.066],[115.584,3.464],[115.597,3.882],[115.682,4.154],[115.868,4.372],[117.21,4.348],[117.586,4.178],[117.481,4.076],[117.718,3.861],[117.609,3.628],[117.36,3.449],[117.473,3.117],[117.616,2.987],[117.998,2.367],[117.816,2.011],[117.889,1.842],[118.431,1.388],[118.918,1.066],[118.971,0.936],[118.817,0.814],[118.337,0.83],[118.058,0.909],[117.716,0.709],[117.472,0.098],[117.499,-0.533],[117.43,-0.849],[117.288,-0.756],[117.008,-1.204],[116.901,-1.274],[116.723,-1.066],[116.541,-1.549],[116.368,-1.775],[116.337,-2.134],[116.6,-2.199],[116.526,-2.539],[116.206,-2.937],[116.083,-3.002],[116.096,-3.266],[115.951,-3.617],[115.265,-3.902],[114.687,-4.181],[114.598,-3.911],[114.5,-3.372],[114.076,-3.326],[113.871,-3.434],[113.621,-3.386],[113.443,-3.191],[113.2,-3.111],[112.975,-3.156],[112.491,-3.417],[112.04,-3.456],[111.833,-3.349],[111.827,-3.05],[111.697,-2.827],[111.481,-2.965],[110.93,-3.097],[110.301,-2.987],[110.224,-2.871],[110.011,-1.707],[110.075,-1.364],[109.927,-1.12],[109.766,-1.005],[109.423,-0.892],[109.38,-0.595],[109.182,-0.58],[109.074,-0.283],[109.174,0.046],[108.999,0.301],[108.88,0.736],[108.951,1.211],[109.152,1.606],[109.642,2.08]]],[[[122.931,-10.915],[122.818,-10.78],[123.403,-10.473],[123.367,-10.686],[122.931,-10.915]]],[[[120.627,-10.239],[120.42,-10.292],[120.208,-10.252],[119.873,-9.947],[119.609,-9.778],[119.184,-9.746],[118.934,-9.556],[119.201,-9.378],[119.49,-9.371],[119.925,-9.297],[120.059,-9.43],[120.588,-9.763],[120.825,-10.084],[120.627,-10.239]]],[[[125.087,-9.463],[124.767,-9.845],[124.417,-10.16],[123.812,-10.348],[123.488,-10.355],[123.678,-9.671],[124.043,-9.336],[124.354,-9.485],[124.476,-9.174],[124.949,-8.958],[125.087,-9.463]]],[[[123.868,-8.216],[123.51,-8.568],[123.225,-8.554],[123.358,-8.309],[123.868,-8.216]]],[[[116.73,-8.402],[116.551,-8.855],[116.386,-8.938],[116.17,-8.905],[116.078,-8.741],[116.078,-8.405],[116.381,-8.213],[116.663,-8.294],[116.73,-8.402]]],[[[124.297,-8.301],[124.134,-8.538],[123.91,-8.45],[124.297,-8.301]]],[[[124.523,-8.127],[124.653,-8.17],[125.065,-8.15],[125.098,-8.346],[124.592,-8.428],[124.363,-8.357],[124.523,-8.127]]],[[[118.402,-8.307],[118.764,-8.314],[119.024,-8.534],[119.024,-8.753],[118.512,-8.868],[118.387,-8.763],[117.126,-9.093],[116.744,-9.003],[116.841,-8.55],[117.181,-8.371],[117.443,-8.416],[117.808,-8.73],[118.26,-8.662],[118.237,-8.559],[117.927,-8.444],[117.7,-8.232],[117.996,-8.102],[118.402,-8.307]]],[[[122.918,-8.111],[123.006,-8.281],[122.778,-8.428],[122.775,-8.61],[122.406,-8.739],[121.965,-8.824],[121.626,-8.841],[121.078,-8.936],[120.607,-8.812],[120.183,-8.781],[119.925,-8.849],[119.806,-8.767],[119.88,-8.481],[120.267,-8.279],[120.419,-8.265],[120.975,-8.385],[121.338,-8.565],[121.926,-8.494],[122.174,-8.585],[122.5,-8.55],[122.887,-8.261],[122.918,-8.111]]],[[[115.364,-8.127],[115.706,-8.357],[115.619,-8.499],[115.145,-8.677],[114.651,-8.406],[114.431,-8.18],[114.45,-8.094],[114.832,-8.194],[115.175,-8.06],[115.364,-8.127]]],[[[129.78,-8.051],[129.583,-7.902],[129.673,-7.785],[129.858,-7.897],[129.78,-8.051]]],[[[126.716,-7.657],[126.731,-7.749],[126.439,-7.944],[126.148,-7.897],[125.789,-7.99],[125.831,-7.834],[125.999,-7.674],[126.184,-7.723],[126.638,-7.568],[126.716,-7.657]]],[[[138.279,-8.402],[137.639,-8.423],[137.763,-8.103],[138.088,-7.594],[138.402,-7.415],[138.709,-7.38],[139.061,-7.652],[139.028,-7.794],[138.741,-8.143],[138.528,-8.329],[138.279,-8.402]]],[[[131.627,-7.638],[131.29,-7.99],[131.086,-7.878],[131.189,-7.597],[131.525,-7.179],[131.66,-7.126],[131.679,-7.42],[131.627,-7.638]]],[[[114.122,-6.981],[113.508,-7.233],[112.982,-7.206],[112.7,-7.147],[112.865,-6.891],[113.987,-6.878],[114.122,-6.981]]],[[[134.444,-6.432],[134.515,-6.603],[134.196,-6.919],[134.051,-6.758],[134.178,-6.21],[134.444,-6.432]]],[[[134.723,-6.29],[134.441,-6.261],[134.354,-6.038],[134.655,-5.946],[134.776,-6.091],[134.723,-6.29]]],[[[107.263,-5.959],[107.629,-6.236],[108.193,-6.295],[108.295,-6.243],[108.479,-6.453],[108.596,-6.762],[108.703,-6.815],[109.445,-6.833],[110.085,-6.894],[110.371,-6.974],[110.59,-6.773],[110.716,-6.448],[111.035,-6.438],[111.356,-6.704],[112.533,-6.875],[112.608,-6.921],[112.768,-7.415],[112.748,-7.531],[113.27,-7.776],[113.978,-7.648],[114.464,-7.836],[114.341,-8.433],[114.496,-8.636],[114.366,-8.725],[113.995,-8.609],[113.341,-8.328],[112.966,-8.335],[112.616,-8.427],[111.845,-8.278],[111.064,-8.254],[110.464,-8.109],[109.904,-7.847],[109.355,-7.713],[108.869,-7.641],[108.637,-7.685],[108.441,-7.814],[107.835,-7.714],[107.469,-7.52],[107.075,-7.451],[106.579,-7.418],[106.375,-7.28],[106.414,-6.963],[105.904,-6.813],[105.537,-6.869],[105.485,-6.796],[105.685,-6.522],[105.919,-6.043],[106.105,-5.952],[106.71,-6.058],[107.034,-6.041],[107.263,-5.959]]],[[[134.614,-5.719],[134.663,-5.933],[134.447,-5.983],[134.317,-5.755],[134.475,-5.557],[134.614,-5.719]]],[[[122.042,-5.38],[121.806,-5.283],[121.979,-5.096],[122.042,-5.38]]],[[[122.62,-5.246],[122.518,-5.407],[122.283,-5.389],[122.356,-4.925],[122.451,-4.737],[122.741,-4.644],[122.749,-4.957],[122.62,-5.246]]],[[[123.188,-4.659],[123.032,-4.736],[122.948,-5.148],[123.222,-5.283],[122.819,-5.687],[122.655,-5.703],[122.562,-5.495],[122.755,-5.246],[122.846,-4.82],[122.868,-4.518],[123.076,-4.361],[123.188,-4.659]]],[[[123.253,-4.114],[123.143,-4.248],[122.957,-4.138],[123.011,-3.979],[123.253,-4.114]]],[[[128.206,-3.752],[127.929,-3.779],[128.004,-3.606],[128.282,-3.497],[128.346,-3.636],[128.206,-3.752]]],[[[116.259,-3.927],[116.048,-4.036],[116.043,-3.52],[116.149,-3.297],[116.272,-3.221],[116.296,-3.602],[116.259,-3.927]]],[[[127.219,-3.668],[126.667,-3.829],[126.195,-3.62],[126.007,-3.35],[126.089,-3.103],[126.688,-3.055],[127.015,-3.154],[127.26,-3.37],[127.219,-3.668]]],[[[100.464,-3.127],[100.391,-3.207],[100.188,-2.951],[100.259,-2.829],[100.464,-3.127]]],[[[129.597,-2.815],[130.014,-2.999],[130.235,-2.984],[130.591,-3.145],[130.862,-3.557],[130.837,-3.853],[130.612,-3.792],[129.888,-3.334],[129.59,-3.309],[129.337,-3.414],[128.964,-3.274],[128.627,-3.434],[128.402,-3.424],[128.193,-3.12],[127.912,-3.554],[127.841,-3.169],[128.165,-2.864],[129.597,-2.815]]],[[[108.288,-2.884],[107.964,-3.196],[107.602,-3.176],[107.563,-2.897],[107.635,-2.598],[107.808,-2.536],[108.119,-2.645],[108.288,-2.884]]],[[[100.108,-2.839],[99.995,-2.841],[99.961,-2.57],[100.163,-2.646],[100.108,-2.839]]],[[[126.028,-2.335],[125.852,-2.077],[125.99,-2.017],[126.028,-2.335]]],[[[126.247,-1.876],[125.56,-1.932],[125.426,-1.809],[126.247,-1.876]]],[[[130.267,-2.03],[130.107,-2.049],[129.713,-1.884],[130.005,-1.75],[130.329,-1.672],[130.426,-1.955],[130.267,-2.03]]],[[[124.624,-1.985],[124.408,-2.022],[124.334,-1.886],[124.408,-1.661],[124.659,-1.64],[125.293,-1.745],[125.322,-1.879],[124.87,-1.901],[124.624,-1.985]]],[[[136.635,-1.87],[136.221,-1.876],[135.488,-1.602],[136.721,-1.731],[136.635,-1.87]]],[[[105.96,-1.553],[106.143,-1.87],[106.159,-2.101],[106.329,-2.455],[106.679,-2.68],[106.585,-2.927],[106.408,-2.971],[105.95,-2.803],[105.786,-2.178],[105.457,-2.115],[105.292,-2.144],[105.135,-1.959],[105.353,-1.656],[105.558,-1.544],[105.96,-1.553]]],[[[127.986,-1.511],[127.99,-1.713],[127.49,-1.732],[127.379,-1.633],[127.429,-1.425],[127.642,-1.336],[127.986,-1.511]]],[[[123.191,-1.272],[123.373,-1.221],[123.548,-1.277],[123.454,-1.517],[123.175,-1.476],[122.922,-1.598],[122.788,-1.452],[122.901,-1.188],[123.191,-1.272]]],[[[109.776,-1.151],[109.508,-1.304],[109.416,-1.252],[109.477,-0.977],[109.756,-1.004],[109.776,-1.151]]],[[[99.221,-1.794],[99.105,-1.818],[98.876,-1.695],[98.595,-1.24],[98.713,-0.962],[98.937,-1.091],[99.275,-1.669],[99.221,-1.794]]],[[[131.035,-1.2],[130.967,-1.366],[130.778,-1.267],[130.677,-0.959],[131.023,-0.922],[131.035,-1.2]]],[[[135.915,-0.758],[136.386,-1.104],[136.151,-1.217],[135.825,-1.117],[135.72,-0.811],[135.549,-0.883],[135.373,-0.638],[135.915,-0.758]]],[[[141.0,-2.604],[141.0,-4.526],[141.0,-6.322],[140.842,-6.611],[140.999,-6.892],[141.02,-7.544],[141.02,-9.127],[140.859,-9.03],[140.233,-8.384],[140.015,-8.08],[139.029,-8.175],[138.905,-8.07],[139.127,-7.594],[138.795,-7.295],[138.977,-7.223],[139.577,-7.252],[139.632,-7.14],[139.081,-7.205],[138.761,-7.12],[138.549,-6.954],[138.935,-6.795],[138.641,-6.581],[138.397,-6.324],[138.242,-5.683],[137.778,-5.27],[137.568,-5.147],[137.515,-4.98],[137.185,-4.99],[137.051,-4.834],[136.776,-4.811],[135.829,-4.48],[135.351,-4.428],[134.802,-4.238],[134.663,-3.977],[134.329,-3.943],[133.647,-3.492],[133.469,-3.437],[133.407,-3.908],[133.26,-4.058],[132.9,-4.087],[132.724,-3.64],[132.879,-3.482],[132.817,-3.329],[132.334,-2.952],[131.998,-2.886],[132.128,-2.686],[132.473,-2.695],[132.651,-2.781],[132.954,-2.596],[133.325,-2.457],[133.676,-2.684],[134.029,-2.46],[134.066,-2.351],[133.969,-2.06],[133.504,-2.231],[132.382,-2.273],[131.972,-1.975],[131.881,-1.656],[131.733,-1.439],[131.186,-1.507],[130.931,-1.431],[131.18,-1.218],[131.276,-0.923],[132.162,-0.426],[132.381,-0.362],[132.711,-0.369],[133.273,-0.616],[133.805,-0.726],[134.069,-0.876],[134.279,-1.353],[134.12,-1.797],[134.14,-2.157],[134.217,-2.395],[134.416,-2.74],[134.668,-2.623],[134.88,-3.248],[135.185,-3.363],[135.507,-3.35],[136.326,-2.394],[136.532,-2.232],[136.906,-2.177],[137.262,-2.064],[137.234,-1.754],[137.792,-1.477],[137.9,-1.472],[139.773,-2.361],[140.023,-2.359],[140.534,-2.431],[140.745,-2.507],[140.732,-2.64],[141.0,-2.604]]],[[[104.508,-0.609],[104.338,-0.66],[104.243,-0.501],[104.476,-0.352],[104.508,-0.609]]],[[[127.799,-0.695],[127.656,-0.831],[127.486,-0.83],[127.416,-0.631],[127.415,-0.377],[127.561,-0.323],[127.799,-0.695]]],[[[131.026,-0.04],[131.257,-0.152],[131.252,-0.38],[130.608,-0.313],[130.331,-0.098],[130.525,-0.054],[131.026,-0.04]]],[[[104.816,-0.199],[104.541,-0.265],[104.604,-0.019],[104.816,-0.199]]],[[[102.52,1.127],[103.043,0.828],[102.924,0.773],[102.504,0.931],[102.52,1.127]]],[[[104.666,1.041],[104.622,0.891],[104.419,0.975],[104.411,1.198],[104.581,1.227],[104.666,1.041]]],[[[102.42,0.911],[102.287,0.99],[102.217,1.289],[102.293,1.41],[102.491,1.227],[102.42,0.911]]],[[[97.889,0.632],[97.679,0.6],[97.18,1.318],[97.344,1.499],[97.512,1.422],[97.927,0.937],[97.889,0.632]]],[[[125.052,1.265],[124.664,0.82],[124.489,0.47],[124.213,0.39],[123.612,0.281],[123.266,0.314],[122.913,0.481],[122.132,0.484],[121.542,0.534],[121.136,0.431],[120.843,0.457],[120.639,0.535],[120.347,0.45],[120.144,0.205],[120.006,-0.189],[120.111,-0.744],[120.704,-1.397],[121.096,-1.424],[121.455,-0.909],[121.628,-0.798],[121.706,-0.944],[121.94,-0.982],[122.145,-0.876],[122.598,-0.771],[122.72,-0.656],[123.104,-0.568],[123.369,-0.632],[123.445,-0.779],[123.376,-1.0],[123.265,-1.046],[123.057,-0.875],[122.856,-0.92],[122.405,-1.471],[122.231,-1.594],[121.856,-1.696],[121.772,-1.782],[121.451,-1.842],[121.366,-1.982],[121.725,-2.2],[122.392,-3.133],[122.194,-3.601],[122.597,-3.97],[122.68,-4.155],[122.891,-4.137],[122.882,-4.407],[122.553,-4.417],[122.105,-4.529],[122.003,-4.893],[121.721,-4.848],[121.491,-4.686],[121.56,-4.256],[121.447,-4.003],[121.247,-3.869],[120.884,-3.536],[121.086,-2.944],[121.085,-2.715],[120.764,-2.626],[120.568,-2.706],[120.191,-2.97],[120.396,-3.397],[120.404,-3.785],[120.348,-4.841],[120.374,-5.571],[119.634,-5.667],[119.469,-5.596],[119.355,-5.419],[119.398,-5.139],[119.517,-4.882],[119.623,-4.298],[119.507,-3.569],[119.307,-3.429],[118.944,-3.57],[118.792,-3.142],[118.782,-2.864],[118.875,-2.686],[119.124,-2.484],[119.308,-1.537],[119.331,-1.181],[119.8,-0.617],[119.775,-0.301],[119.824,0.238],[119.922,0.488],[120.235,0.88],[120.579,0.775],[120.79,1.036],[120.821,1.265],[120.936,1.346],[121.37,1.249],[121.642,1.052],[122.467,1.003],[122.849,0.809],[123.103,0.937],[123.857,0.832],[124.278,1.002],[124.919,1.668],[125.122,1.678],[125.244,1.516],[125.052,1.265]]],[[[101.683,2.108],[101.79,1.96],[101.742,1.766],[101.47,1.719],[101.403,2.01],[101.683,2.108]]],[[[127.751,0.811],[127.922,0.867],[128.188,1.386],[128.461,1.556],[128.728,1.546],[128.693,1.087],[128.189,0.786],[128.489,0.597],[128.713,0.286],[128.123,0.463],[127.957,0.48],[127.876,0.342],[127.913,-0.065],[128.208,-0.705],[127.991,-0.653],[127.686,-0.124],[127.576,0.755],[127.398,1.09],[127.531,1.481],[127.559,1.708],[127.859,2.105],[128.069,2.191],[127.986,1.765],[128.033,1.561],[127.907,1.184],[127.648,1.024],[127.751,0.811]]],[[[128.512,2.066],[128.281,2.036],[128.207,2.283],[128.348,2.494],[128.562,2.646],[128.674,2.4],[128.512,2.066]]],[[[96.395,2.486],[96.315,2.359],[95.821,2.633],[95.706,2.74],[95.802,2.914],[96.395,2.486]]],[[[108.263,3.659],[108.022,3.892],[107.987,4.009],[108.226,4.195],[108.398,3.888],[108.263,3.659]]],[[[126.908,4.267],[126.725,4.099],[126.685,4.348],[126.908,4.267]]],[[[96.194,5.263],[96.491,5.205],[96.7,5.244],[97.379,5.209],[97.57,5.162],[97.851,4.903],[98.041,4.527],[98.283,4.412],[98.173,4.098],[98.5,3.949],[99.768,3.147],[99.994,2.918],[99.997,2.81],[100.215,2.71],[100.576,2.146],[100.796,2.111],[100.832,2.282],[101.032,2.287],[101.271,2.078],[101.403,1.707],[101.762,1.667],[102.164,1.344],[102.227,1.002],[102.406,0.816],[103.047,0.529],[103.14,0.386],[103.334,0.543],[103.722,0.287],[103.773,-0.01],[103.61,-0.04],[103.457,-0.217],[103.596,-0.428],[103.416,-0.527],[103.379,-0.732],[103.752,-1.001],[104.388,-1.057],[104.479,-1.645],[104.633,-1.936],[104.912,-2.316],[105.55,-2.408],[105.939,-2.956],[105.98,-3.31],[105.815,-3.638],[105.869,-4.01],[105.893,-4.646],[105.79,-5.798],[105.729,-5.9],[105.35,-5.523],[105.174,-5.611],[105.211,-5.768],[104.798,-5.615],[104.649,-5.725],[104.551,-5.93],[103.906,-5.133],[103.313,-4.76],[102.3,-3.993],[102.008,-3.524],[101.608,-3.24],[101.377,-2.876],[101.081,-2.559],[100.818,-2.178],[100.718,-1.724],[100.384,-1.029],[100.102,-0.605],[99.59,0.079],[99.344,0.23],[99.132,0.466],[98.781,1.45],[98.841,1.644],[98.77,1.757],[98.326,2.041],[97.908,2.26],[97.659,2.517],[97.556,2.894],[97.31,3.086],[96.88,3.677],[96.622,3.745],[96.338,3.915],[95.51,4.701],[95.217,5.268],[95.23,5.492],[95.432,5.656],[95.879,5.507],[96.062,5.304],[96.194,5.263]]]]}},{"type":"Feature","id":"IRQ","properties":{"id":"IRQ"},"geometry":{"type":"Polygon","coordinates":[[[44.784,37.145],[44.965,36.762],[45.452,35.996],[45.929,35.83],[46.158,35.69],[46.024,35.062],[45.88,35.005],[45.676,34.71],[45.504,34.342],[45.416,33.979],[45.641,33.754],[45.953,33.55],[46.172,33.271],[46.279,32.97],[46.778,32.734],[47.511,32.286],[47.854,31.759],[47.683,31.395],[47.682,31.0],[47.928,30.997],[48.029,30.625],[48.484,29.977],[47.959,30.004],[47.708,30.104],[47.371,30.104],[47.128,29.965],[46.896,29.496],[46.553,29.101],[46.316,29.071],[44.956,29.181],[44.551,29.326],[42.086,31.112],[41.073,31.581],[40.413,31.948],[39.201,32.154],[38.794,33.375],[40.64,34.315],[40.876,34.373],[41.217,34.766],[41.22,35.25],[41.382,35.625],[41.264,36.044],[41.284,36.349],[41.4,36.524],[41.779,36.582],[42.349,37.049],[42.352,37.1],[42.827,37.363],[43.117,37.372],[43.479,37.252],[43.956,37.282],[44.42,37.061],[44.623,37.186],[44.784,37.145]]]}},{"type":"Feature","id":"ISL","properties":{"id":"ISL"},"geometry":{"type":"Polygon","coordinates":[[[-15.638,66.221],[-14.891,66.019],[-14.82,65.8],[-13.716,65.553],[-13.815,65.309],[-13.661,65.148],[-13.705,64.91],[-14.055,64.708],[-14.513,64.593],[-14.56,64.41],[-15.93,64.143],[-16.514,63.885],[-17.66,63.72],[-18.145,63.469],[-18.778,63.398],[-19.978,63.537],[-21.25,63.881],[-22.671,63.808],[-22.433,63.973],[-21.96,64.069],[-21.747,64.205],[-22.024,64.394],[-22.418,64.807],[-23.161,64.812],[-23.794,64.729],[-23.844,64.926],[-22.593,65.031],[-22.509,65.185],[-21.93,65.406],[-22.697,65.602],[-23.688,65.433],[-24.44,65.491],[-24.097,65.806],[-23.587,65.912],[-23.551,66.132],[-23.275,66.178],[-22.785,66.009],[-22.445,66.447],[-21.327,65.94],[-21.341,65.737],[-21.599,65.641],[-21.282,65.483],[-20.902,65.599],[-20.323,65.627],[-20.42,66.081],[-20.106,66.118],[-19.585,65.744],[-19.35,66.075],[-18.925,66.187],[-18.552,66.091],[-18.268,66.175],[-17.747,66.074],[-16.808,66.129],[-16.441,66.23],[-16.403,66.503],[-15.913,66.488],[-15.638,66.221]]]}},{"type":"Feature","id":"IND","properties":{"id":"IND"},"geometry":{"type":"MultiPolygon","coordinates":[[[[92.607,21.971],[92.506,22.733],[92.354,23.238],[92.284,23.669],[91.993,23.688],[91.78,23.229],[91.818,23.104],[91.602,22.954],[91.404,23.097],[91.167,23.617],[91.286,23.982],[91.681,24.177],[91.849,24.205],[92.167,24.435],[92.279,24.712],[92.498,24.876],[92.357,25.05],[92.06,25.187],[91.26,25.204],[90.449,25.145],[89.891,25.293],[89.839,25.45],[89.848,25.892],[89.766,26.131],[89.537,25.985],[89.339,26.023],[89.14,26.195],[89.071,26.398],[88.862,26.252],[88.422,26.575],[88.348,26.269],[88.177,26.142],[88.107,25.822],[88.453,25.627],[88.758,25.51],[88.999,25.269],[88.447,25.086],[88.146,24.936],[88.017,24.678],[88.304,24.407],[88.681,24.316],[88.758,23.984],[88.587,23.846],[88.565,23.657],[88.754,23.361],[88.897,22.911],[88.988,22.352],[89.07,22.198],[88.968,22.216],[88.219,21.779],[88.076,22.019],[87.792,21.695],[87.177,21.536],[86.995,21.419],[86.824,21.139],[86.998,20.711],[86.418,19.994],[86.197,19.89],[85.681,19.745],[85.421,19.623],[84.82,19.167],[84.517,18.761],[84.138,18.339],[83.416,17.835],[83.215,17.594],[82.592,17.28],[82.327,17.067],[82.25,16.924],[82.352,16.714],[82.31,16.589],[81.776,16.335],[81.516,16.357],[81.229,16.224],[81.02,15.784],[80.79,15.772],[80.642,15.877],[80.28,15.682],[80.083,15.258],[80.048,15.078],[80.107,14.754],[80.16,14.01],[80.315,13.468],[80.252,12.791],[80.158,12.478],[79.88,12.055],[79.761,11.624],[79.856,11.035],[79.878,10.341],[79.529,10.316],[79.23,10.132],[78.981,9.689],[79.042,9.313],[78.517,9.135],[78.158,8.77],[78.056,8.384],[77.541,8.079],[77.326,8.124],[77.016,8.354],[76.538,8.933],[76.353,9.376],[76.236,9.963],[75.733,11.352],[75.534,11.696],[75.22,12.013],[74.958,12.539],[74.804,12.933],[74.565,13.949],[74.345,14.521],[73.944,15.16],[73.885,15.351],[73.456,16.124],[73.345,16.463],[73.222,17.302],[72.896,18.472],[72.787,19.308],[72.665,19.852],[72.797,20.351],[72.896,20.576],[72.714,21.138],[72.621,21.137],[72.627,21.543],[72.736,21.635],[72.553,21.8],[72.505,21.965],[72.581,22.198],[72.341,22.258],[72.225,21.933],[72.302,21.618],[72.096,21.224],[71.947,21.121],[70.993,20.716],[70.807,20.701],[70.282,20.956],[70.068,21.136],[69.19,21.986],[68.976,22.22],[68.978,22.405],[69.295,22.28],[70.062,22.55],[70.459,22.847],[70.507,23.109],[70.224,23.094],[70.03,22.902],[69.715,22.741],[69.178,22.849],[68.672,23.143],[68.47,23.401],[68.439,23.553],[68.65,23.792],[68.505,23.972],[68.753,23.972],[68.768,24.245],[69.571,24.285],[69.714,24.186],[70.08,24.23],[70.139,24.303],[70.521,24.405],[70.571,24.252],[70.898,24.256],[71.045,24.434],[71.029,24.802],[70.586,25.707],[70.269,25.713],[70.099,25.94],[70.175,26.251],[70.174,26.552],[69.788,26.6],[69.508,26.749],[69.586,27.181],[70.026,27.563],[70.152,27.827],[70.381,28.013],[70.554,28.026],[70.679,27.875],[71.001,27.75],[71.642,27.877],[71.903,27.986],[72.404,28.783],[72.961,29.059],[73.278,29.564],[73.343,29.767],[73.785,30.063],[74.09,30.57],[74.57,31.115],[74.583,31.388],[74.502,31.701],[74.595,31.872],[74.832,32.003],[75.281,32.123],[75.333,32.326],[75.531,32.321],[75.826,32.494],[76.038,32.908],[76.484,33.171],[76.755,33.158],[77.006,32.966],[77.279,32.84],[77.599,32.882],[78.402,32.527],[78.507,32.204],[78.764,31.948],[78.753,31.385],[78.839,31.294],[79.413,31.073],[79.551,30.962],[79.858,30.975],[80.18,30.697],[80.211,30.597],[80.579,30.467],[81.042,30.212],[80.944,30.218],[80.431,29.801],[80.059,28.917],[80.065,28.838],[80.403,28.634],[80.687,28.604],[81.028,28.424],[81.506,28.068],[81.813,27.904],[82.337,27.755],[82.695,27.718],[82.736,27.502],[83.795,27.386],[84.058,27.452],[84.62,27.339],[84.683,27.144],[85.197,26.771],[85.446,26.784],[85.955,26.632],[86.276,26.617],[86.847,26.442],[87.541,26.42],[88.029,26.367],[88.187,26.75],[88.12,26.987],[88.0,27.104],[88.057,27.466],[88.194,27.797],[88.136,27.882],[88.612,28.111],[88.824,28.021],[88.885,27.854],[88.774,27.543],[88.921,27.327],[88.774,27.136],[89.158,26.816],[89.626,26.742],[90.595,26.802],[90.734,26.772],[91.732,26.818],[92.116,26.894],[92.357,26.928],[93.211,26.913],[93.481,26.942],[93.797,27.066],[94.325,27.556],[95.041,27.804],[95.603,28.295],[95.747,28.327],[96.58,28.055],[96.967,27.865],[97.063,27.75],[96.895,27.575],[97.013,27.313],[96.71,27.372],[96.225,27.277],[95.481,26.745],[95.222,26.666],[95.085,26.488],[95.117,26.162],[95.036,25.74],[94.672,25.445],[94.591,25.194],[94.738,25.023],[94.632,24.801],[94.09,23.887],[93.424,24.058],[93.357,23.944],[93.428,23.666],[93.364,23.12],[93.127,22.996],[93.111,22.554],[93.198,22.276],[92.913,21.97],[92.607,21.971]]],[[[93.88,6.803],[93.675,7.022],[93.675,7.16],[93.883,7.185],[93.88,6.803]]],[[[92.557,10.561],[92.392,10.558],[92.377,10.755],[92.594,10.709],[92.557,10.561]]],[[[92.733,11.905],[92.758,11.656],[92.608,11.597],[92.517,11.855],[92.733,11.905]]],[[[92.854,12.925],[92.949,12.815],[92.961,12.487],[92.701,12.338],[92.698,12.61],[92.803,12.899],[92.821,13.313],[92.915,13.521],[93.049,13.404],[92.854,12.925]]]]}},{"type":"Feature","id":"IRL","properties":{"id":"IRL"},"geometry":{"type":"Polygon","coordinates":[[[-7.256,55.067],[-7.402,55.007],[-7.748,54.599],[-8.178,54.465],[-7.624,54.153],[-7.306,54.123],[-7.169,54.337],[-6.878,54.344],[-6.627,54.039],[-6.291,54.112],[-6.327,53.877],[-6.132,53.586],[-6.218,53.338],[-6.068,52.87],[-6.402,52.293],[-7.567,52.052],[-8.016,51.831],[-8.742,51.577],[-9.693,51.503],[-9.534,51.739],[-10.051,51.596],[-10.285,51.909],[-9.957,52.148],[-9.827,52.438],[-9.473,52.567],[-9.066,52.609],[-9.056,52.717],[-9.655,52.693],[-9.105,53.14],[-9.048,53.267],[-9.616,53.234],[-9.61,53.373],[-10.105,53.454],[-9.914,53.654],[-9.617,53.783],[-10.122,54.15],[-10.012,54.306],[-9.36,54.318],[-9.14,54.174],[-8.928,54.296],[-8.628,54.241],[-8.3,54.481],[-8.623,54.623],[-8.667,54.773],[-8.313,55.122],[-7.792,55.224],[-7.555,55.014],[-7.398,55.381],[-7.007,55.266],[-7.256,55.067]]]}},{"type":"Feature","id":"IRN","properties":{"id":"IRN"},"geometry":{"type":"MultiPolygon","coordinates":[[[[61.274,35.605],[61.269,35.511],[60.999,34.654],[60.521,34.101],[60.55,33.668],[60.753,33.543],[60.583,33.13],[60.766,32.58],[60.854,31.495],[61.707,31.376],[61.831,30.979],[61.765,30.801],[60.873,29.859],[61.214,29.49],[61.611,28.859],[62.112,28.498],[62.794,28.226],[62.822,27.791],[62.802,27.365],[63.32,27.143],[63.199,26.729],[63.012,26.645],[62.737,26.633],[62.36,26.534],[62.027,26.313],[61.822,25.966],[61.618,25.178],[61.18,25.154],[60.402,25.358],[59.671,25.395],[58.28,25.576],[57.34,25.784],[57.135,26.245],[57.076,26.639],[56.912,26.993],[56.709,27.148],[56.261,27.171],[55.646,26.983],[55.375,26.756],[54.779,26.502],[54.37,26.638],[53.906,26.722],[53.483,26.869],[53.039,27.112],[52.611,27.402],[52.441,27.641],[52.062,27.827],[51.701,27.824],[51.333,27.991],[50.853,29.122],[50.637,29.471],[50.157,30.004],[49.876,30.18],[49.517,30.04],[49.253,30.195],[49.195,30.485],[48.929,30.413],[48.891,30.008],[48.683,29.928],[48.484,29.977],[48.029,30.625],[47.928,30.997],[47.682,31.0],[47.683,31.395],[47.854,31.759],[47.511,32.286],[46.778,32.734],[46.279,32.97],[46.172,33.271],[45.953,33.55],[45.641,33.754],[45.416,33.979],[45.504,34.342],[45.676,34.71],[45.88,35.005],[46.024,35.062],[46.158,35.69],[45.929,35.83],[45.452,35.996],[44.965,36.762],[44.784,37.145],[44.6,37.617],[44.268,37.867],[44.407,38.213],[44.261,38.85],[44.097,39.276],[44.614,39.782],[44.808,39.629],[45.146,39.265],[45.441,39.019],[46.144,38.843],[46.534,38.868],[46.797,39.086],[47.812,39.658],[48.002,39.691],[48.37,39.377],[48.022,38.845],[48.593,38.432],[48.868,38.443],[48.943,37.902],[49.102,37.643],[49.44,37.489],[50.176,37.394],[50.334,37.134],[50.961,36.79],[51.218,36.709],[51.882,36.583],[52.104,36.599],[53.478,36.884],[53.886,36.794],[54.032,36.948],[53.909,37.34],[54.371,37.357],[54.66,37.438],[54.858,37.758],[55.454,38.082],[56.331,38.153],[56.461,38.264],[57.144,38.251],[57.358,38.038],[57.594,37.915],[58.503,37.651],[58.813,37.689],[59.301,37.525],[59.544,37.145],[60.094,36.955],[60.352,36.628],[61.146,36.64],[61.184,36.563],[61.191,35.943],[61.274,35.605]]],[[[55.978,26.713],[55.775,26.851],[56.189,26.993],[55.978,26.713]]]]}},{"type":"Feature","id":"ISR","properties":{"id":"ISR"},"geometry":{"type":"Polygon","coordinates":[[[34.905,29.493],[34.836,29.788],[34.269,31.221],[34.492,31.595],[34.77,32.095],[35.081,32.914],[35.104,33.094],[35.325,33.082],[35.624,33.242],[35.672,32.691],[35.555,32.389],[35.232,32.543],[35.09,32.475],[34.991,32.21],[34.986,31.968],[35.222,31.8],[35.012,31.662],[34.935,31.345],[35.233,31.376],[35.476,31.493],[35.447,31.172],[35.228,30.625],[34.978,29.543],[34.905,29.493]]]}},{"type":"Feature","id":"ITA","properties":{"id":"ITA"},"geometry":{"type":"MultiPolygon","coordinates":[[[[10.47,46.855],[11.084,46.87],[11.327,46.99],[12.171,47.023],[12.2,46.889],[12.575,46.655],[13.714,46.523],[13.444,46.225],[13.723,45.595],[13.539,45.792],[13.22,45.769],[13.034,45.63],[12.703,45.521],[12.282,45.472],[12.219,45.219],[12.335,45.094],[12.364,44.803],[12.24,44.691],[12.392,44.214],[12.637,44.022],[13.598,43.563],[13.952,42.787],[14.2,42.483],[14.718,42.107],[15.191,41.92],[15.999,41.946],[15.955,41.463],[17.329,40.934],[17.888,40.683],[18.415,40.297],[18.516,40.133],[18.391,39.818],[17.997,39.992],[17.867,40.28],[17.639,40.303],[17.121,40.519],[16.901,40.435],[16.644,40.119],[16.488,39.762],[16.529,39.661],[17.115,39.407],[17.172,39.033],[16.537,38.703],[16.453,38.334],[16.061,37.924],[15.764,37.916],[15.634,38.186],[16.098,38.713],[16.208,38.931],[16.064,39.162],[15.792,39.86],[15.465,40.036],[14.937,40.232],[14.993,40.353],[14.719,40.667],[14.474,40.692],[13.992,40.96],[13.73,41.244],[13.358,41.286],[13.114,41.248],[12.576,41.508],[11.708,42.215],[11.184,42.53],[10.597,42.954],[10.238,43.873],[10.115,43.997],[9.137,44.36],[8.745,44.427],[8.451,44.288],[8.168,43.964],[7.912,43.838],[7.53,43.784],[7.547,44.146],[7.374,44.119],[6.998,44.249],[6.899,44.358],[6.922,44.851],[6.748,44.922],[6.815,45.147],[7.184,45.407],[6.91,45.662],[6.873,45.839],[7.045,45.922],[7.107,45.859],[7.872,45.933],[8.115,46.121],[8.31,46.424],[8.84,45.983],[9.095,46.126],[9.458,46.434],[9.689,46.294],[9.99,46.317],[10.47,46.855]]],[[[15.611,38.256],[15.206,37.731],[15.097,37.323],[15.265,36.997],[15.053,36.676],[14.525,36.784],[14.243,37.065],[13.695,37.181],[12.951,37.569],[12.755,37.577],[12.477,37.857],[12.554,38.054],[12.788,38.12],[13.376,38.15],[13.802,37.976],[14.362,38.015],[15.06,38.129],[15.611,38.256]]],[[[9.625,40.995],[9.742,40.381],[9.632,39.435],[9.519,39.115],[9.231,39.228],[9.017,39.146],[9.023,39.0],[8.846,38.876],[8.616,38.915],[8.411,39.169],[8.382,39.386],[8.488,39.729],[8.477,40.255],[8.318,40.567],[8.164,40.712],[8.316,40.844],[8.767,40.917],[9.156,41.236],[9.487,41.146],[9.625,40.995]]]]}},{"type":"Feature","id":"JAM","properties":{"id":"JAM"},"geometry":{"type":"Polygon","coordinates":[[[-76.365,18.167],[-76.181,17.907],[-76.502,17.859],[-76.754,17.939],[-77.071,17.906],[-77.159,17.758],[-77.836,17.947],[-78.256,18.207],[-78.04,18.455],[-77.81,18.525],[-77.04,18.42],[-76.365,18.167]]]}},{"type":"Feature","id":"JOR","properties":{"id":"JOR"},"geometry":{"type":"Polygon","coordinates":[[[38.794,33.375],[39.201,32.154],[38.986,31.994],[37.001,31.5],[37.966,30.533],[37.563,30.124],[36.676,29.753],[36.505,29.5],[36.088,29.199],[34.959,29.357],[34.978,29.543],[35.228,30.625],[35.447,31.172],[35.476,31.493],[35.522,31.715],[35.555,32.389],[35.672,32.691],[35.88,32.725],[36.407,32.378],[36.809,32.316],[38.794,33.375]]]}},{"type":"Feature","id":"JPN","properties":{"id":"JPN"},"geometry":{"type":"MultiPolygon","coordinates":[[[[141.441,41.33],[141.392,40.962],[141.452,40.64],[141.778,40.342],[141.961,39.94],[142.032,39.604],[141.86,39.058],[141.588,38.889],[141.497,38.469],[141.079,38.375],[140.926,37.938],[141.037,37.514],[140.985,37.012],[140.795,36.872],[140.564,36.27],[140.71,35.92],[140.709,35.701],[140.228,35.115],[139.937,34.91],[139.774,34.954],[139.961,35.45],[139.803,35.618],[139.573,35.284],[139.154,35.232],[139.132,34.874],[138.983,34.674],[138.755,34.734],[138.757,35.128],[138.567,35.098],[138.247,34.738],[138.069,34.646],[137.183,34.665],[136.993,34.832],[136.894,35.043],[136.636,34.983],[136.525,34.7],[136.583,34.606],[136.927,34.446],[136.305,34.17],[135.957,33.588],[135.791,33.463],[135.406,33.579],[135.185,33.828],[135.126,34.24],[135.458,34.566],[135.344,34.728],[134.847,34.72],[134.718,34.78],[134.239,34.724],[133.981,34.53],[133.526,34.497],[132.83,34.315],[132.323,34.334],[132.141,33.952],[132.043,33.903],[131.747,34.06],[131.356,33.96],[130.901,33.937],[130.965,34.426],[131.413,34.423],[131.636,34.665],[131.918,34.776],[132.396,35.146],[132.645,35.414],[133.142,35.571],[133.43,35.462],[134.279,35.562],[135.089,35.732],[135.292,35.672],[135.291,35.511],[135.586,35.491],[136.036,35.678],[135.998,35.896],[136.259,36.297],[136.527,36.525],[136.755,36.839],[136.678,37.17],[136.846,37.397],[137.269,37.529],[137.363,37.444],[136.866,37.078],[137.067,36.8],[137.297,36.757],[137.667,36.986],[138.271,37.191],[138.582,37.402],[138.751,37.6],[139.451,38.267],[139.845,38.982],[140.014,39.366],[140.068,39.689],[139.954,39.892],[139.909,40.643],[140.327,41.076],[140.651,41.163],[140.815,40.844],[141.167,40.887],[141.282,41.154],[141.146,41.236],[140.82,41.124],[140.912,41.501],[141.441,41.33]]],[[[127.723,26.083],[127.656,26.168],[127.721,26.435],[128.162,26.731],[128.276,26.668],[127.852,26.396],[127.831,26.158],[127.723,26.083]]],[[[129.722,28.451],[129.383,28.108],[129.218,28.261],[129.34,28.358],[129.722,28.451]]],[[[131.111,33.613],[131.43,33.575],[131.694,33.637],[131.708,33.403],[131.883,33.217],[131.88,32.765],[131.698,32.607],[131.463,31.892],[131.38,31.468],[131.117,31.258],[130.666,31.073],[130.821,31.646],[130.632,31.702],[130.532,31.519],[130.626,31.268],[130.51,31.184],[130.232,31.245],[130.207,31.831],[130.613,32.58],[130.572,32.846],[130.38,33.132],[130.142,33.079],[130.213,32.727],[129.853,32.7],[129.641,32.932],[129.681,33.091],[129.582,33.376],[129.995,33.435],[130.313,33.582],[130.534,33.875],[130.841,33.956],[131.111,33.613]]],[[[134.124,34.389],[134.629,34.18],[134.658,33.844],[134.218,33.392],[133.749,33.532],[133.3,33.388],[133.05,33.029],[132.972,32.744],[132.643,32.769],[132.506,32.915],[132.527,33.301],[132.348,33.505],[132.732,33.899],[133.073,33.978],[133.521,33.967],[133.65,34.187],[133.894,34.367],[134.124,34.389]]],[[[138.341,37.821],[138.243,38.083],[138.47,38.321],[138.576,38.072],[138.341,37.821]]],[[[144.344,43.964],[144.794,43.933],[145.132,44.164],[145.228,43.331],[145.441,43.183],[144.877,42.982],[144.497,42.939],[144.266,42.999],[144.013,42.921],[143.665,42.691],[143.349,42.34],[143.167,41.979],[141.816,42.606],[141.578,42.621],[141.157,42.435],[140.476,42.582],[140.293,42.247],[140.859,42.01],[141.194,41.801],[140.979,41.708],[140.78,41.773],[140.189,41.397],[139.986,41.569],[140.076,41.771],[139.969,42.124],[139.776,42.258],[139.829,42.576],[140.244,42.776],[140.529,43.026],[140.387,43.158],[140.531,43.35],[140.853,43.197],[141.169,43.143],[141.416,43.314],[141.404,43.816],[141.664,44.058],[141.793,44.614],[141.657,45.045],[141.697,45.396],[141.967,45.506],[142.742,44.764],[142.992,44.563],[143.517,44.266],[144.344,43.964]]]]}},{"type":"Feature","id":"XHT","properties":{"id":"XHT"},"geometry":{"type":"Polygon","coordinates":[[[34.087,22.004],[34.161,22.207],[34.436,22.254],[34.795,22.52],[35.101,22.817],[35.297,22.862],[35.623,23.147],[35.68,22.949],[35.844,22.762],[36.347,22.46],[36.891,22.064],[36.881,22.013],[34.087,22.004]]]}},{"type":"Feature","id":"KAZ","properties":{"id":"KAZ"},"geometry":{"type":"Polygon","coordinates":[[[87.286,49.116],[86.842,49.093],[86.726,48.988],[86.778,48.736],[86.583,48.54],[86.123,48.436],[85.787,48.417],[85.529,48.028],[85.697,47.385],[85.574,47.086],[84.977,46.877],[84.754,47.004],[84.127,46.968],[83.625,47.046],[83.052,47.225],[82.638,46.347],[82.334,45.891],[82.279,45.535],[82.543,45.421],[82.474,45.177],[81.932,45.232],[81.571,45.315],[80.996,45.159],[80.111,45.048],[80.162,44.817],[80.407,44.602],[80.37,44.428],[80.523,43.822],[80.754,43.446],[80.777,43.139],[80.449,42.964],[80.179,42.588],[80.289,42.26],[80.174,42.211],[79.967,42.416],[79.452,42.506],[79.17,42.743],[78.602,42.852],[77.563,42.931],[76.792,42.954],[75.786,42.884],[75.613,42.817],[75.247,42.857],[74.779,42.998],[74.205,43.234],[73.578,43.038],[73.307,42.474],[72.418,42.719],[71.833,42.838],[71.275,42.752],[70.99,42.493],[70.943,42.264],[70.258,41.95],[69.862,41.713],[69.278,41.448],[68.65,40.996],[68.653,40.599],[68.453,40.593],[67.982,40.811],[68.108,41.034],[67.743,41.18],[67.178,41.136],[66.709,41.141],[66.535,41.877],[65.999,41.937],[66.088,42.356],[66.098,42.939],[65.917,42.882],[65.401,43.383],[65.082,43.619],[64.762,43.665],[64.53,43.572],[63.088,43.622],[62.453,43.527],[62.004,43.506],[61.325,44.08],[61.08,44.377],[59.999,45.001],[58.59,45.59],[55.998,45.0],[55.999,41.319],[55.5,41.252],[55.105,41.635],[54.929,41.928],[54.215,42.377],[53.57,42.289],[52.985,42.121],[52.47,41.79],[52.466,42.187],[52.746,42.649],[52.551,42.807],[52.091,42.882],[51.422,43.163],[51.315,43.299],[50.852,44.164],[50.284,44.328],[50.306,44.653],[50.92,44.596],[51.149,44.479],[51.399,44.607],[50.963,44.852],[50.947,44.955],[51.452,45.353],[52.624,45.375],[52.746,45.644],[53.083,46.003],[53.208,46.684],[53.059,46.889],[52.866,46.952],[52.418,46.95],[52.24,46.802],[51.78,46.904],[51.527,47.055],[51.194,47.115],[50.974,47.059],[49.563,46.53],[49.221,46.345],[48.556,46.581],[48.958,46.841],[48.574,47.317],[48.3,47.574],[47.988,47.759],[47.198,47.759],[47.087,47.946],[47.119,48.261],[46.494,48.433],[46.779,48.948],[47.028,49.09],[46.792,49.38],[46.941,49.873],[47.314,50.155],[47.292,50.281],[47.612,50.464],[47.92,50.251],[48.231,49.882],[48.41,49.82],[48.899,50.015],[48.731,50.263],[48.612,50.613],[49.009,50.682],[49.362,50.84],[49.574,51.11],[50.365,51.346],[50.885,51.709],[51.379,51.641],[51.64,51.494],[51.999,51.683],[52.32,51.76],[52.567,51.459],[53.404,51.488],[54.162,51.063],[54.466,50.757],[54.729,50.625],[54.744,51.018],[55.261,50.728],[55.71,50.553],[55.982,50.664],[56.533,51.057],[57.146,51.088],[57.508,50.876],[57.939,51.09],[58.347,51.175],[58.816,50.752],[59.463,50.58],[59.778,50.541],[60.213,50.755],[60.326,50.67],[60.833,50.662],[61.455,50.829],[61.63,51.247],[61.485,51.41],[61.209,51.454],[60.417,51.713],[60.085,51.992],[60.767,52.203],[61.043,52.335],[60.765,52.627],[61.061,52.979],[61.268,53.023],[62.13,52.99],[62.119,53.112],[61.176,53.311],[61.338,53.558],[60.986,53.672],[61.122,53.974],[61.318,54.077],[61.717,54.024],[62.404,54.005],[62.906,54.117],[64.071,54.305],[65.234,54.397],[65.458,54.626],[66.609,54.737],[67.773,54.886],[68.121,54.958],[68.222,55.126],[68.916,55.366],[69.703,55.351],[69.894,55.264],[70.804,55.267],[71.249,54.608],[71.11,54.322],[71.183,54.097],[72.071,54.201],[72.439,54.116],[72.99,54.084],[73.276,53.943],[73.255,53.641],[73.44,53.436],[73.889,53.64],[74.474,53.578],[74.805,53.826],[74.962,53.822],[75.598,54.099],[76.929,54.458],[76.755,54.166],[76.505,54.036],[77.919,53.277],[79.195,51.913],[80.043,50.781],[80.325,50.925],[80.676,51.314],[81.109,51.196],[81.121,51.067],[81.468,50.809],[82.25,50.752],[82.735,50.854],[83.178,51.008],[83.414,51.01],[83.792,50.887],[84.216,50.543],[84.266,50.359],[85.032,50.002],[85.205,49.657],[85.322,49.591],[86.17,49.498],[86.562,49.714],[87.194,49.251],[87.286,49.116]]]}},{"type":"Feature","id":"KEN","properties":{"id":"KEN"},"geometry":{"type":"Polygon","coordinates":[[[35.948,4.62],[36.05,4.457],[36.787,4.45],[37.103,4.328],[38.051,3.676],[38.182,3.625],[39.021,3.524],[39.561,3.423],[39.866,3.871],[40.205,4.046],[40.751,4.276],[41.346,3.948],[41.91,3.983],[41.384,3.23],[40.996,2.822],[40.996,-0.78],[41.486,-1.496],[41.564,-1.664],[41.328,-1.935],[41.038,-2.044],[40.484,-2.531],[40.315,-2.608],[40.176,-2.786],[40.108,-3.302],[39.663,-4.012],[39.654,-4.138],[39.469,-4.521],[39.206,-4.68],[37.784,-3.677],[37.586,-3.441],[37.713,-3.312],[37.674,-3.061],[34.224,-1.104],[33.929,-0.996],[33.929,-0.54],[33.998,0.223],[34.094,0.461],[34.48,0.934],[34.992,1.662],[35.001,1.96],[34.879,2.57],[34.65,2.875],[34.452,3.232],[34.426,3.489],[34.326,3.725],[34.081,4.032],[33.995,4.228],[34.378,4.62],[35.509,4.62],[35.948,4.62]]]}},{"type":"Feature","id":"KGZ","properties":{"id":"KGZ"},"geometry":{"type":"Polygon","coordinates":[[[80.174,42.211],[80.108,42.039],[78.306,41.389],[77.78,41.026],[77.103,41.037],[76.733,40.896],[76.536,40.467],[76.346,40.358],[75.936,40.338],[75.685,40.423],[75.487,40.617],[73.964,40.039],[73.883,39.863],[73.947,39.598],[73.865,39.481],[73.6,39.459],[72.126,39.269],[71.765,39.346],[71.566,39.571],[71.083,39.461],[70.359,39.582],[69.347,39.556],[69.257,39.85],[69.528,40.122],[70.099,40.187],[70.558,39.983],[70.988,40.223],[71.205,40.346],[71.81,40.192],[72.249,40.473],[72.673,40.564],[73.03,40.765],[73.002,40.839],[72.013,41.142],[71.793,41.441],[71.654,41.476],[71.386,41.133],[70.796,41.218],[70.247,41.493],[70.286,41.62],[70.662,41.899],[71.224,42.143],[70.943,42.264],[70.99,42.493],[71.275,42.752],[71.833,42.838],[72.418,42.719],[73.307,42.474],[73.578,43.038],[74.205,43.234],[74.779,42.998],[75.247,42.857],[75.613,42.817],[75.786,42.884],[76.792,42.954],[77.563,42.931],[78.602,42.852],[79.17,42.743],[79.452,42.506],[79.967,42.416],[80.174,42.211]]]}},{"type":"Feature","id":"KHM","properties":{"id":"KHM"},"geometry":{"type":"Polygon","coordinates":[[[107.556,14.687],[107.398,13.993],[107.628,13.484],[107.578,13.232],[107.552,12.393],[107.385,12.282],[107.101,12.205],[106.577,11.972],[106.269,11.717],[106.072,11.774],[105.855,11.564],[105.909,11.249],[106.211,10.976],[106.197,10.788],[105.494,10.949],[105.077,10.778],[104.736,10.525],[104.445,10.426],[104.201,10.559],[103.854,10.602],[103.631,10.741],[103.713,10.851],[103.672,11.06],[103.445,11.103],[103.42,10.919],[103.127,10.874],[103.106,11.299],[102.911,11.647],[102.904,11.777],[102.352,13.298],[102.352,13.522],[102.613,13.614],[102.977,14.202],[103.147,14.318],[103.596,14.415],[104.017,14.338],[104.827,14.422],[105.2,14.343],[105.373,14.102],[106.099,13.917],[106.185,14.057],[105.999,14.368],[106.333,14.441],[106.678,14.431],[106.835,14.304],[107.251,14.479],[107.556,14.687]]]}},{"type":"Feature","id":"KWT","properties":{"id":"KWT"},"geometry":{"type":"MultiPolygon","coordinates":[[[[46.553,29.101],[46.896,29.496],[47.128,29.965],[47.371,30.104],[47.708,30.104],[47.959,30.004],[48.029,29.819],[47.933,29.349],[48.111,29.214],[48.433,28.534],[47.756,28.525],[47.468,29.0],[46.553,29.101]]],[[[48.334,29.662],[48.171,29.614],[48.081,29.823],[48.235,29.937],[48.334,29.662]]]]}},{"type":"Feature","id":"MAR","properties":{"id":"MAR"},"geometry":{"type":"Polygon","coordinates":[[[-2.212,35.085],[-1.742,34.742],[-1.675,34.163],[-1.646,33.419],[-1.543,32.958],[-1.398,32.765],[-1.055,32.462],[-1.158,32.11],[-1.571,32.093],[-1.981,32.167],[-2.766,32.116],[-2.927,32.025],[-3.087,31.749],[-3.666,31.625],[-3.771,31.152],[-3.534,31.013],[-3.653,30.694],[-4.323,30.528],[-4.89,30.16],[-5.334,29.765],[-5.723,29.57],[-6.222,29.575],[-7.239,29.481],[-7.794,29.245],[-8.666,28.714],[-8.667,27.662],[-13.169,27.667],[-12.986,27.876],[-12.086,28.082],[-11.627,28.259],[-10.824,28.858],[-10.509,29.03],[-10.212,29.324],[-9.788,29.872],[-9.607,30.363],[-9.826,30.627],[-9.811,31.436],[-9.675,31.689],[-9.384,31.998],[-9.068,32.713],[-8.499,33.258],[-7.39,33.709],[-7.034,33.878],[-6.731,34.157],[-6.371,34.733],[-5.975,35.657],[-5.848,35.8],[-5.382,35.912],[-5.221,35.545],[-4.683,35.205],[-4.309,35.168],[-3.925,35.242],[-3.598,35.231],[-2.953,35.32],[-2.902,35.148],[-2.652,35.091],[-2.212,35.085]]]}},{"type":"Feature","id":"KOR","properties":{"id":"KOR"},"geometry":{"type":"MultiPolygon","coordinates":[[[[126.692,37.843],[126.694,37.955],[127.12,38.295],[127.389,38.333],[128.081,38.31],[128.28,38.432],[128.361,38.615],[128.528,38.324],[129.321,37.287],[129.462,36.678],[129.372,36.033],[129.529,35.903],[129.416,35.476],[129.245,35.23],[128.951,35.084],[128.612,35.144],[128.203,34.9],[128.008,35.017],[127.58,34.922],[127.279,34.672],[126.766,34.548],[126.487,34.385],[126.347,34.699],[126.405,34.857],[126.328,35.136],[126.47,35.642],[126.736,35.985],[126.632,36.098],[126.464,36.583],[126.148,36.728],[126.419,36.897],[126.418,37.015],[126.825,36.982],[126.555,37.611],[126.692,37.843]]],[[[126.591,33.238],[126.293,33.203],[126.161,33.334],[126.31,33.462],[126.779,33.564],[126.848,33.325],[126.591,33.238]]]]}},{"type":"Feature","id":"LAO","properties":{"id":"LAO"},"geometry":{"type":"Polygon","coordinates":[[[101.143,21.564],[101.236,21.265],[101.626,21.195],[101.781,21.293],[101.772,21.816],[101.614,21.995],[101.57,22.205],[101.744,22.498],[102.144,22.401],[102.188,22.314],[102.64,21.861],[102.913,21.788],[102.925,21.161],[103.12,20.886],[103.264,20.824],[103.789,20.777],[104.1,20.974],[104.285,20.913],[104.541,20.677],[104.616,20.429],[104.906,20.152],[104.922,19.992],[104.634,19.626],[104.032,19.672],[103.917,19.335],[105.141,18.593],[105.1,18.44],[105.623,17.928],[105.748,17.695],[106.072,17.373],[106.53,16.981],[106.555,16.719],[106.69,16.447],[107.413,16.135],[107.316,15.88],[107.381,15.504],[107.561,15.185],[107.502,14.933],[107.556,14.687],[107.251,14.479],[106.835,14.304],[106.678,14.431],[106.333,14.441],[105.999,14.368],[106.185,14.057],[106.099,13.917],[105.373,14.102],[105.2,14.343],[105.427,14.414],[105.537,14.562],[105.602,15.476],[105.557,15.745],[105.013,16.215],[104.745,16.631],[104.797,17.397],[103.919,18.325],[103.388,18.444],[103.272,18.404],[102.996,17.991],[102.693,17.829],[102.183,18.153],[101.822,18.055],[101.165,17.478],[100.999,17.562],[101.179,18.293],[101.297,19.097],[101.209,19.605],[100.925,19.626],[100.757,19.512],[100.485,19.593],[100.419,19.729],[100.567,20.176],[100.37,20.356],[100.085,20.353],[100.168,20.61],[100.87,21.322],[101.143,21.564]]]}},{"type":"Feature","id":"LBN","properties":{"id":"LBN"},"geometry":{"type":"Polygon","coordinates":[[[35.624,33.242],[35.325,33.082],[35.104,33.094],[35.465,33.769],[35.641,34.207],[35.899,34.467],[35.976,34.634],[36.419,34.624],[36.617,34.195],[36.0,33.613],[36.019,33.528],[35.624,33.242]]]}},{"type":"Feature","id":"LBR","properties":{"id":"LBR"},"geometry":{"type":"Polygon","coordinates":[[[-8.471,7.557],[-8.312,7.195],[-8.345,6.769],[-8.595,6.501],[-8.261,6.32],[-7.901,6.274],[-7.562,5.867],[-7.439,5.787],[-7.389,5.372],[-7.58,4.913],[-7.527,4.362],[-7.726,4.375],[-8.371,4.643],[-9.23,5.12],[-9.441,5.288],[-10.065,5.904],[-11.365,6.786],[-11.499,6.924],[-11.268,7.232],[-10.803,7.592],[-10.3,8.203],[-10.279,8.485],[-9.728,8.513],[-9.507,8.306],[-9.365,7.727],[-9.423,7.425],[-9.05,7.215],[-8.837,7.287],[-8.719,7.582],[-8.471,7.557]]]}},{"type":"Feature","id":"LBY","properties":{"id":"LBY"},"geometry":{"type":"Polygon","coordinates":[[[11.999,23.515],[11.61,24.26],[11.132,24.393],[10.793,24.536],[10.422,24.478],[10.252,24.606],[10.036,24.977],[10.026,25.335],[9.424,26.165],[9.839,26.511],[9.899,26.886],[9.784,27.349],[9.889,27.612],[9.906,28.763],[9.783,29.427],[9.415,30.178],[9.552,30.246],[9.862,30.347],[10.274,30.817],[10.285,31.074],[10.137,31.486],[10.291,31.69],[10.706,31.982],[11.255,32.291],[11.52,32.603],[11.493,32.885],[11.564,33.165],[12.353,32.823],[12.738,32.793],[13.402,32.882],[14.023,32.728],[14.384,32.577],[15.085,32.41],[15.35,32.083],[15.528,31.603],[15.81,31.362],[16.158,31.247],[16.81,31.197],[17.346,31.08],[18.14,30.794],[18.687,30.404],[19.039,30.269],[19.26,30.279],[19.626,30.42],[19.886,30.641],[20.159,31.05],[20.15,31.239],[20.019,31.419],[19.947,31.95],[20.154,32.228],[20.66,32.587],[21.061,32.761],[21.785,32.919],[22.168,32.909],[23.125,32.6],[23.106,32.315],[23.241,32.221],[23.98,32.064],[24.086,32.013],[24.71,32.022],[25.036,31.908],[25.147,31.65],[24.877,31.417],[24.904,31.091],[25.018,30.778],[24.927,30.481],[24.711,30.136],[24.999,29.25],[25.0,22.0],[24.99,19.998],[24.0,19.998],[24.0,19.5],[19.981,21.554],[16.0,23.439],[15.0,22.998],[14.198,22.648],[13.681,23.072],[13.481,23.186],[11.999,23.515]]]}},{"type":"Feature","id":"LKA","properties":{"id":"LKA"},"geometry":{"type":"Polygon","coordinates":[[[81.332,6.21],[80.584,5.926],[80.192,6.044],[80.034,6.282],[79.845,6.943],[79.799,7.685],[79.756,7.888],[79.82,8.041],[79.92,8.818],[80.073,9.094],[80.158,9.449],[80.338,9.565],[80.005,9.663],[80.036,9.818],[80.257,9.813],[80.358,9.668],[80.791,9.314],[81.091,8.837],[81.467,8.058],[81.76,7.654],[81.858,7.355],[81.878,7.028],[81.695,6.491],[81.332,6.21]]]}},{"type":"Feature","id":"LSO","properties":{"id":"LSO"},"geometry":{"type":"Polygon","coordinates":[[[28.225,-30.431],[28.105,-30.673],[27.74,-30.6],[27.367,-30.22],[27.021,-29.666],[27.303,-29.518],[27.827,-28.912],[28.23,-28.699],[28.625,-28.58],[29.313,-29.081],[29.446,-29.378],[29.312,-29.546],[29.161,-29.921],[28.822,-30.097],[28.365,-30.169],[28.225,-30.431]]]}},{"type":"Feature","id":"LTU","properties":{"id":"LTU"},"geometry":{"type":"Polygon","coordinates":[[[26.63,55.681],[26.696,55.177],[26.233,55.102],[25.743,54.773],[25.67,54.323],[25.288,54.263],[24.482,53.932],[23.515,53.956],[23.489,54.144],[22.998,54.384],[22.792,54.364],[22.727,54.683],[22.881,54.812],[22.535,55.062],[22.129,55.038],[21.264,55.246],[20.982,55.277],[20.955,55.281],[21.101,55.549],[21.065,56.069],[21.614,56.325],[22.015,56.423],[22.607,56.383],[23.39,56.378],[24.475,56.268],[24.94,56.382],[25.174,56.174],[25.68,56.129],[26.306,55.747],[26.63,55.681]]]}},{"type":"Feature","id":"LUX","properties":{"id":"LUX"},"geometry":{"type":"Polygon","coordinates":[[[5.819,49.546],[5.882,49.706],[5.772,49.951],[5.974,50.174],[6.138,50.13],[6.166,49.971],[6.44,49.659],[6.367,49.47],[5.977,49.463],[5.819,49.546]]]}},{"type":"Feature","id":"LVA","properties":{"id":"LVA"},"geometry":{"type":"Polygon","coordinates":[[[28.151,56.171],[27.632,55.871],[26.63,55.681],[26.306,55.747],[25.68,56.129],[25.174,56.174],[24.94,56.382],[24.475,56.268],[23.39,56.378],[22.607,56.383],[22.015,56.423],[21.614,56.325],[21.065,56.069],[20.977,56.328],[21.055,56.805],[21.412,57.141],[21.419,57.291],[21.684,57.549],[22.594,57.744],[23.235,57.115],[23.561,56.976],[23.928,57.007],[24.398,57.245],[24.352,57.876],[25.19,58.08],[25.951,57.849],[26.337,57.581],[27.352,57.518],[27.744,57.358],[27.846,56.877],[28.136,56.549],[28.239,56.271],[28.151,56.171]]]}},{"type":"Feature","id":"MDG","properties":{"id":"MDG"},"geometry":{"type":"Polygon","coordinates":[[[49.272,-11.953],[49.356,-12.279],[49.556,-12.54],[49.56,-12.664],[49.929,-13.081],[50.141,-13.855],[50.184,-14.555],[50.337,-15.036],[50.477,-15.255],[50.451,-15.465],[50.233,-15.963],[50.019,-15.863],[49.897,-15.435],[49.617,-15.553],[49.851,-16.431],[49.702,-16.867],[49.587,-16.913],[49.417,-17.38],[49.484,-17.814],[49.338,-18.381],[48.656,-20.273],[48.303,-21.436],[47.866,-22.637],[47.595,-23.759],[47.318,-24.384],[47.124,-24.939],[46.801,-25.123],[46.336,-25.186],[46.071,-25.273],[45.523,-25.571],[45.131,-25.577],[44.652,-25.303],[44.355,-25.226],[44.041,-25.004],[43.67,-24.336],[43.647,-23.783],[43.715,-23.4],[43.35,-22.778],[43.231,-22.307],[43.245,-22.033],[43.462,-21.436],[43.691,-21.276],[44.484,-19.983],[44.426,-19.705],[44.464,-19.443],[44.242,-18.95],[44.021,-18.11],[43.935,-17.49],[44.327,-16.839],[44.44,-16.192],[44.771,-16.2],[45.051,-16.089],[45.563,-16.023],[45.685,-15.783],[45.9,-15.767],[46.287,-15.925],[46.328,-15.66],[46.871,-15.232],[47.235,-15.417],[47.094,-15.118],[47.32,-14.806],[47.484,-15.084],[47.737,-14.643],[47.695,-14.408],[47.777,-14.24],[48.04,-14.103],[47.859,-13.773],[48.039,-13.564],[48.288,-13.806],[48.517,-13.543],[48.836,-13.272],[48.945,-12.825],[48.857,-12.551],[49.191,-12.166],[49.272,-11.953]]]}},{"type":"Feature","id":"MEX","properties":{"id":"MEX"},"geometry":{"type":"MultiPolygon","coordinates":[[[[-88.316,18.487],[-88.454,18.484],[-88.637,18.214],[-88.929,17.93],[-89.152,17.816],[-90.988,17.816],[-90.988,17.251],[-91.418,17.209],[-90.862,16.813],[-90.428,16.425],[-90.442,16.074],[-91.732,16.074],[-92.211,15.261],[-92.098,15.011],[-92.152,14.654],[-92.231,14.537],[-92.967,15.266],[-93.462,15.694],[-93.841,15.949],[-94.227,16.106],[-94.715,16.21],[-95.155,16.174],[-95.595,15.944],[-96.264,15.685],[-96.495,15.659],[-96.89,15.759],[-97.211,15.923],[-97.902,16.059],[-98.377,16.264],[-98.736,16.511],[-99.202,16.627],[-99.599,16.685],[-99.868,16.828],[-101.02,17.26],[-101.699,17.763],[-102.092,17.984],[-102.326,17.974],[-102.719,18.064],[-103.481,18.326],[-103.7,18.652],[-104.109,18.939],[-105.02,19.398],[-105.491,19.989],[-105.691,20.384],[-105.6,20.475],[-105.323,20.514],[-105.195,21.436],[-105.448,21.634],[-105.612,21.929],[-105.676,22.346],[-105.822,22.654],[-106.395,23.183],[-106.891,23.839],[-107.213,24.114],[-107.951,24.616],[-108.444,25.252],[-109.082,25.505],[-109.392,25.677],[-109.448,25.949],[-109.258,26.32],[-109.29,26.541],[-109.57,26.691],[-110.534,27.287],[-110.601,27.375],[-110.616,27.781],[-110.815,27.937],[-110.986,27.959],[-111.362,28.22],[-111.809,28.634],[-112.481,29.597],[-113.04,30.607],[-113.068,31.024],[-113.629,31.452],[-113.968,31.579],[-114.169,31.499],[-114.55,31.73],[-114.805,31.82],[-114.89,31.145],[-114.756,30.955],[-114.634,30.47],[-114.661,30.182],[-114.388,29.812],[-114.06,29.621],[-113.658,29.301],[-113.559,28.997],[-112.927,28.467],[-112.861,28.355],[-112.707,27.763],[-112.249,27.326],[-112.006,27.034],[-111.596,26.715],[-111.387,26.28],[-111.311,25.791],[-110.827,25.049],[-110.673,24.346],[-110.378,24.173],[-110.136,24.235],[-109.826,23.993],[-109.486,23.562],[-109.418,23.382],[-109.547,23.104],[-109.895,22.876],[-110.012,22.901],[-110.426,23.619],[-111.028,24.098],[-111.531,24.358],[-111.693,24.351],[-112.056,24.539],[-112.245,24.788],[-112.111,25.392],[-112.101,25.748],[-112.334,26.159],[-113.05,26.589],[-114.293,27.141],[-114.666,27.506],[-115.032,27.769],[-114.503,27.772],[-114.304,27.872],[-114.062,28.208],[-114.047,28.468],[-114.156,28.619],[-114.875,29.285],[-115.697,29.765],[-116.028,30.622],[-116.31,31.119],[-116.55,31.452],[-116.816,31.979],[-117.041,32.291],[-117.123,32.534],[-114.72,32.719],[-114.677,32.453],[-113.101,31.963],[-111.097,31.34],[-108.219,31.333],[-108.209,31.751],[-108.078,31.784],[-106.528,31.784],[-106.381,31.732],[-106.05,31.396],[-105.543,30.985],[-104.908,30.582],[-104.692,30.109],[-104.657,29.889],[-104.512,29.644],[-104.051,29.328],[-103.362,29.019],[-103.179,28.981],[-102.899,29.21],[-102.807,29.51],[-102.668,29.74],[-102.202,29.839],[-101.596,29.772],[-101.306,29.625],[-100.683,29.11],[-100.346,28.407],[-99.886,27.852],[-99.625,27.637],[-99.488,27.414],[-99.446,27.024],[-99.053,26.402],[-98.852,26.365],[-98.388,26.159],[-98.034,26.055],[-97.339,25.93],[-97.147,25.956],[-97.184,25.678],[-97.506,25.071],[-97.677,24.505],[-97.736,23.982],[-97.763,23.103],[-97.856,22.461],[-97.745,22.046],[-97.522,21.729],[-97.328,21.012],[-97.195,20.701],[-96.462,19.861],[-96.25,19.281],[-95.901,18.859],[-95.646,18.736],[-95.081,18.642],[-94.785,18.496],[-94.598,18.195],[-94.478,18.151],[-93.785,18.324],[-93.114,18.443],[-92.661,18.61],[-91.986,18.699],[-91.703,18.697],[-91.111,19.04],[-90.737,19.335],[-90.454,19.951],[-90.481,20.21],[-90.415,20.812],[-90.306,21.032],[-89.825,21.254],[-88.7,21.45],[-88.34,21.555],[-87.872,21.576],[-87.246,21.43],[-86.935,21.468],[-86.753,21.123],[-86.872,20.855],[-87.255,20.475],[-87.478,20.077],[-87.494,19.81],[-87.742,19.664],[-87.593,19.404],[-87.682,19.205],[-87.55,19.115],[-87.86,18.19],[-88.046,18.862],[-88.316,18.487]]],[[[-112.267,28.78],[-112.568,28.883],[-112.458,29.192],[-112.3,29.223],[-112.206,29.036],[-112.267,28.78]]],[[[-113.107,29.047],[-113.23,29.059],[-113.588,29.409],[-113.509,29.537],[-113.219,29.288],[-113.107,29.047]]]]}},{"type":"Feature","id":"MKD","properties":{"id":"MKD"},"geometry":{"type":"Polygon","coordinates":[[[20.981,40.855],[20.705,40.989],[20.517,41.229],[20.473,41.559],[20.594,41.877],[20.84,42.094],[21.053,42.173],[21.933,42.338],[22.36,42.312],[22.877,41.977],[22.991,41.77],[22.927,41.338],[22.353,41.135],[21.907,41.075],[21.784,40.929],[20.981,40.855]]]}},{"type":"Feature","id":"MLI","properties":{"id":"MLI"},"geometry":{"type":"Polygon","coordinates":[[[0.233,14.916],[-0.246,15.078],[-0.711,15.083],[-1.139,14.772],[-1.794,14.483],[-2.188,14.196],[-2.474,14.298],[-2.852,14.005],[-3.257,13.404],[-3.427,13.201],[-3.588,13.201],[-3.934,13.426],[-4.101,13.357],[-4.334,13.147],[-4.265,12.707],[-4.554,12.158],[-4.723,12.024],[-5.059,11.979],[-5.36,11.832],[-5.261,11.734],[-5.2,11.442],[-5.347,11.125],[-5.513,10.431],[-5.764,10.438],[-5.984,10.197],[-6.23,10.298],[-6.179,10.501],[-6.215,10.716],[-6.582,10.622],[-6.668,10.464],[-7.081,10.181],[-7.417,10.347],[-7.762,10.31],[-7.981,10.171],[-8.314,10.771],[-8.502,11.01],[-8.478,11.251],[-8.81,11.833],[-8.826,12.037],[-8.958,12.357],[-9.16,12.489],[-9.367,12.489],[-9.422,12.265],[-9.68,12.103],[-9.942,12.102],[-10.307,12.221],[-10.481,12.123],[-11.244,12.003],[-11.495,12.187],[-11.375,12.415],[-11.383,12.992],[-11.532,13.262],[-11.83,13.321],[-12.062,13.7],[-11.944,13.931],[-12.024,14.277],[-12.24,14.766],[-12.043,14.735],[-11.807,14.892],[-11.845,15.094],[-11.71,15.532],[-11.522,15.598],[-11.358,15.549],[-11.139,15.35],[-10.789,15.307],[-10.677,15.434],[-10.219,15.481],[-9.933,15.458],[-8.991,15.501],[-5.546,15.5],[-5.49,15.55],[-5.335,16.324],[-5.614,16.5],[-6.586,25.0],[-4.833,25.0],[-1.697,23.002],[1.156,21.126],[1.185,20.862],[1.666,20.419],[2.085,20.239],[3.234,19.841],[3.233,19.438],[3.127,19.125],[3.346,18.976],[4.243,19.141],[4.24,17.187],[4.079,16.529],[4.076,16.32],[3.906,15.78],[3.518,15.341],[2.783,15.357],[1.324,15.265],[0.924,14.972],[0.241,14.99],[0.233,14.916]]]}},{"type":"Feature","id":"XBT","properties":{"id":"XBT"},"geometry":{"type":"Polygon","coordinates":[[[33.182,22.002],[34.087,22.004],[33.967,21.768],[33.564,21.725],[33.182,22.002]]]}},{"type":"Feature","id":"MMR","properties":{"id":"MMR"},"geometry":{"type":"MultiPolygon","coordinates":[[[[92.256,21.052],[92.188,21.192],[92.345,21.461],[92.544,21.379],[92.607,21.971],[92.913,21.97],[93.198,22.276],[93.111,22.554],[93.127,22.996],[93.364,23.12],[93.428,23.666],[93.357,23.944],[93.424,24.058],[94.09,23.887],[94.632,24.801],[94.738,25.023],[94.591,25.194],[94.672,25.445],[95.036,25.74],[95.117,26.162],[95.085,26.488],[95.222,26.666],[95.481,26.745],[96.225,27.277],[96.71,27.372],[97.013,27.313],[96.895,27.575],[97.063,27.75],[97.306,27.91],[97.346,28.216],[97.51,28.456],[97.724,28.492],[97.994,28.287],[98.159,28.085],[98.155,27.941],[98.32,27.522],[98.542,27.64],[98.656,27.585],[98.735,27.351],[98.769,26.574],[98.718,26.223],[98.6,25.816],[97.892,25.238],[97.563,24.729],[97.552,24.485],[97.709,24.102],[97.662,23.862],[98.11,24.093],[98.783,24.133],[98.778,23.783],[98.912,23.238],[99.525,22.903],[99.355,22.669],[99.254,22.332],[99.435,22.107],[99.865,22.051],[100.125,21.512],[100.605,21.465],[100.887,21.686],[101.116,21.769],[101.143,21.564],[100.87,21.322],[100.168,20.61],[100.085,20.353],[99.953,20.464],[99.588,20.343],[99.254,20.114],[99.033,19.883],[98.596,19.714],[98.393,19.69],[98.034,19.74],[97.803,19.377],[97.756,18.765],[97.541,18.51],[97.541,18.3],[97.693,17.833],[97.833,17.643],[98.378,17.059],[98.799,16.103],[98.587,15.82],[98.548,15.347],[98.296,15.309],[98.203,15.208],[98.241,14.874],[98.659,14.291],[98.97,14.046],[99.106,13.865],[99.201,13.481],[99.208,13.226],[99.113,13.087],[99.233,12.762],[99.42,12.511],[99.625,11.838],[99.526,11.623],[99.18,11.059],[98.916,10.806],[98.754,10.389],[98.623,10.126],[98.516,10.271],[98.455,10.623],[98.709,10.924],[98.722,11.341],[98.858,11.704],[98.761,11.886],[98.704,12.36],[98.713,12.798],[98.245,13.808],[98.132,13.55],[97.97,14.391],[97.965,14.72],[97.798,14.928],[97.634,16.201],[97.763,16.525],[97.604,16.573],[97.387,16.515],[97.234,16.685],[97.126,17.063],[96.876,17.175],[96.848,16.828],[96.597,16.529],[96.4,16.482],[96.233,16.609],[95.999,16.407],[95.86,16.442],[95.815,16.167],[95.45,15.735],[95.27,15.799],[95.361,16.009],[95.31,16.18],[95.141,16.17],[94.979,15.845],[94.905,16.092],[94.704,16.214],[94.679,16.438],[94.311,15.98],[94.196,16.051],[94.247,16.39],[94.354,16.69],[94.594,17.574],[94.452,17.997],[94.372,18.371],[94.113,18.881],[94.067,19.36],[93.777,19.588],[93.78,19.868],[93.516,19.99],[93.414,20.157],[93.178,20.197],[93.085,20.534],[92.909,20.159],[92.669,20.37],[92.39,20.711],[92.256,21.052]]],[[[93.982,18.976],[93.66,19.054],[93.47,19.366],[93.899,19.199],[93.982,18.976]]]]}},{"type":"Feature","id":"MNE","properties":{"id":"MNE"},"geometry":{"type":"Polygon","coordinates":[[[20.079,42.556],[19.832,42.466],[19.727,42.661],[19.407,42.314],[19.371,41.844],[19.244,41.91],[18.695,42.505],[18.525,42.42],[18.438,42.556],[18.552,42.721],[18.485,42.936],[18.699,43.261],[19.223,43.527],[19.571,43.241],[20.349,42.895],[20.079,42.556]]]}},{"type":"Feature","id":"MNG","properties":{"id":"MNG"},"geometry":{"type":"Polygon","coordinates":[[[116.714,49.846],[115.566,48.169],[115.601,47.902],[115.898,47.705],[116.258,47.88],[116.796,47.899],[117.231,47.732],[117.481,47.758],[117.805,48.014],[118.559,47.993],[119.77,47.109],[119.909,46.892],[119.904,46.667],[119.674,46.604],[119.293,46.614],[118.786,46.709],[118.316,46.739],[117.642,46.55],[117.371,46.416],[116.849,46.382],[116.575,46.28],[116.264,45.961],[116.087,45.68],[115.679,45.457],[114.536,45.337],[114.153,44.991],[113.561,44.754],[112.857,44.839],[112.336,45.063],[111.971,45.084],[111.739,44.946],[111.411,44.356],[111.558,44.167],[111.867,43.938],[111.947,43.69],[111.493,43.487],[111.062,43.355],[110.442,42.794],[109.45,42.453],[108.9,42.42],[107.512,42.445],[106.782,42.29],[105.23,41.748],[105.007,41.582],[104.523,41.823],[103.877,41.8],[103.424,41.88],[103.079,42.004],[102.037,42.266],[101.682,42.515],[100.848,42.673],[100.318,42.687],[99.428,42.572],[98.32,42.648],[97.098,42.779],[96.464,42.731],[95.951,43.205],[95.627,43.838],[95.373,44.226],[95.009,44.252],[94.696,44.365],[93.983,44.764],[93.526,44.957],[92.895,45.042],[92.626,45.021],[91.516,45.092],[90.876,45.217],[90.67,45.487],[90.715,45.727],[90.904,45.932],[91.072,46.565],[90.943,46.889],[90.503,47.347],[90.373,47.645],[89.596,47.965],[89.035,48.02],[88.661,48.169],[88.59,48.306],[87.988,48.614],[87.83,48.945],[87.814,49.17],[88.154,49.286],[88.208,49.471],[88.966,49.464],[89.435,49.633],[89.804,49.953],[90.715,50.301],[91.222,50.444],[91.656,50.644],[92.516,50.788],[93.314,50.609],[94.248,50.585],[94.383,50.261],[94.608,50.044],[95.241,49.962],[95.764,49.998],[96.999,49.889],[97.476,49.802],[98.057,50.033],[98.297,50.317],[98.313,50.495],[97.992,50.718],[97.884,50.936],[97.954,51.318],[98.234,51.602],[98.586,51.799],[98.911,52.148],[99.141,52.028],[99.843,51.806],[100.467,51.741],[101.019,51.585],[101.909,51.411],[102.151,51.283],[102.252,50.798],[102.698,50.394],[103.356,50.202],[104.02,50.15],[104.508,50.315],[105.258,50.441],[105.854,50.433],[106.732,50.317],[107.045,50.12],[107.955,49.892],[108.088,49.592],[108.46,49.359],[109.431,49.288],[109.647,49.226],[110.536,49.189],[110.963,49.223],[111.402,49.353],[111.87,49.375],[112.63,49.513],[113.121,49.712],[113.342,49.889],[114.325,50.283],[114.853,50.219],[115.239,49.984],[115.741,49.886],[116.286,50.019],[116.714,49.846]]]}},{"type":"Feature","id":"WSM","properties":{"id":"WSM"},"geometry":{"type":"MultiPolygon","coordinates":[[[[-172.348,-13.433],[-172.212,-13.57],[-172.207,-13.771],[-172.516,-13.799],[-172.721,-13.502],[-172.348,-13.433]]],[[[-171.82,-13.792],[-171.546,-13.9],[-171.765,-14.031],[-171.941,-13.977],[-171.82,-13.792]]]]}},{"type":"Feature","id":"MOZ","properties":{"id":"MOZ"},"geometry":{"type":"Polygon","coordinates":[[[32.893,-26.856],[32.135,-26.84],[32.086,-26.008],[31.975,-25.953],[32.034,-25.131],[32.006,-24.526],[31.888,-24.035],[31.605,-23.527],[31.563,-23.185],[31.306,-22.418],[31.378,-22.381],[32.467,-21.314],[32.426,-21.241],[32.493,-20.77],[32.585,-20.554],[32.706,-20.496],[33.026,-19.99],[33.061,-19.783],[32.85,-19.612],[32.776,-19.025],[32.844,-18.778],[33.051,-18.386],[32.995,-18.159],[33.038,-17.64],[32.921,-16.698],[32.384,-16.462],[31.904,-16.395],[31.666,-16.191],[31.114,-15.996],[30.459,-15.999],[30.42,-15.621],[30.363,-15.545],[30.235,-14.994],[30.971,-14.747],[31.411,-14.635],[32.155,-14.353],[33.244,-14.0],[33.451,-14.354],[33.623,-14.542],[34.359,-14.386],[34.51,-14.553],[34.591,-14.95],[34.601,-15.279],[34.325,-15.746],[34.28,-15.93],[34.486,-16.292],[35.07,-16.826],[35.11,-17.129],[35.309,-17.122],[35.306,-16.813],[35.22,-16.652],[35.294,-16.251],[35.813,-16.034],[35.844,-15.055],[35.918,-14.895],[35.825,-14.617],[35.12,-13.738],[34.545,-13.21],[34.416,-12.091],[34.656,-11.576],[34.959,-11.573],[35.278,-11.571],[35.751,-11.472],[36.187,-11.6],[36.282,-11.717],[36.551,-11.731],[36.788,-11.619],[37.428,-11.663],[37.75,-11.548],[37.83,-11.317],[38.121,-11.263],[38.604,-11.314],[39.424,-11.054],[39.973,-10.815],[40.389,-10.51],[40.51,-10.589],[40.566,-11.032],[40.408,-11.301],[40.466,-11.785],[40.459,-12.261],[40.572,-12.627],[40.492,-12.879],[40.605,-13.91],[40.559,-14.152],[40.712,-14.442],[40.832,-14.499],[40.835,-14.777],[40.74,-14.877],[40.574,-15.465],[40.137,-16.0],[39.902,-16.241],[39.729,-16.517],[39.064,-16.934],[38.364,-17.191],[38.074,-17.198],[37.84,-17.407],[37.447,-17.599],[36.914,-17.919],[36.904,-18.007],[36.626,-18.416],[36.275,-18.779],[35.72,-19.085],[35.353,-19.504],[34.892,-19.848],[34.696,-19.758],[34.651,-20.401],[34.668,-20.576],[34.933,-20.687],[35.046,-20.933],[35.126,-21.385],[35.315,-21.953],[35.462,-22.096],[35.536,-22.458],[35.549,-22.925],[35.388,-23.891],[35.5,-24.084],[35.15,-24.581],[34.803,-24.751],[33.435,-25.237],[33.024,-25.442],[32.831,-25.586],[32.551,-25.976],[32.925,-26.4],[32.893,-26.856]]]}},{"type":"Feature","id":"MRT","properties":{"id":"MRT"},"geometry":{"type":"Polygon","coordinates":[[[-8.667,27.313],[-6.748,26.18],[-4.833,25.0],[-6.586,25.0],[-5.614,16.5],[-5.335,16.324],[-5.49,15.55],[-5.546,15.5],[-8.991,15.501],[-9.933,15.458],[-10.219,15.481],[-10.677,15.434],[-10.789,15.307],[-11.139,15.35],[-11.358,15.549],[-11.522,15.598],[-11.71,15.532],[-11.845,15.094],[-11.807,14.892],[-12.043,14.735],[-12.24,14.766],[-12.687,15.098],[-13.091,15.538],[-13.28,15.804],[-13.373,16.046],[-13.561,16.136],[-13.867,16.139],[-14.161,16.486],[-14.412,16.64],[-15.098,16.631],[-15.632,16.49],[-15.931,16.506],[-16.31,16.433],[-16.509,16.057],[-16.441,16.621],[-16.1,17.458],[-16.031,17.935],[-16.056,18.453],[-16.177,18.888],[-16.469,19.421],[-16.284,19.738],[-16.252,20.284],[-16.492,20.724],[-16.674,20.693],[-16.914,21.159],[-17.05,20.773],[-17.07,20.892],[-16.957,21.333],[-13.0,21.333],[-13.08,22.521],[-13.15,22.761],[-13.015,23.011],[-12.59,23.279],[-12.0,23.566],[-12.0,26.0],[-8.667,26.0],[-8.667,27.313]]]}},{"type":"Feature","id":"MTQ","properties":{"id":"MTQ"},"geometry":{"type":"Polygon","coordinates":[[[-60.979,14.775],[-60.847,14.578],[-61.018,14.474],[-61.223,14.803],[-60.979,14.775]]]}},{"type":"Feature","id":"MWI","properties":{"id":"MWI"},"geometry":{"type":"Polygon","coordinates":[[[34.959,-11.573],[34.656,-11.576],[34.416,-12.091],[34.545,-13.21],[35.12,-13.738],[35.825,-14.617],[35.918,-14.895],[35.844,-15.055],[35.813,-16.034],[35.294,-16.251],[35.22,-16.652],[35.306,-16.813],[35.309,-17.122],[35.11,-17.129],[35.07,-16.826],[34.486,-16.292],[34.28,-15.93],[34.325,-15.746],[34.601,-15.279],[34.591,-14.95],[34.51,-14.553],[34.359,-14.386],[33.623,-14.542],[33.451,-14.354],[33.244,-14.0],[32.97,-13.94],[32.81,-13.795],[32.725,-13.581],[32.847,-13.517],[32.978,-13.246],[32.982,-12.884],[33.09,-12.596],[33.365,-12.561],[33.476,-12.325],[33.297,-12.023],[33.258,-11.424],[33.427,-10.816],[33.69,-10.572],[33.341,-9.831],[33.228,-9.649],[33.003,-9.559],[32.959,-9.399],[33.543,-9.605],[33.952,-9.602],[34.04,-9.494],[34.333,-9.772],[34.54,-10.066],[34.635,-10.636],[34.637,-11.106],[34.89,-11.37],[34.959,-11.573]]]}},{"type":"Feature","id":"XAC","properties":{"id":"XAC"},"geometry":{"type":"Polygon","coordinates":[[[77.924,35.497],[78.028,35.581],[78.829,35.912],[79.336,35.977],[79.575,35.849],[79.702,35.647],[79.968,35.552],[80.354,35.529],[80.206,34.911],[80.079,34.733],[79.906,34.696],[79.674,34.455],[79.57,34.223],[79.342,34.002],[79.155,34.011],[78.953,33.858],[78.937,33.387],[78.733,33.57],[78.674,34.026],[79.045,34.327],[78.33,34.608],[78.219,34.717],[77.924,35.497]]]}},{"type":"Feature","id":"MYS","properties":{"id":"MYS"},"geometry":{"type":"MultiPolygon","coordinates":[[[[114.071,4.589],[114.257,4.503],[114.615,4.01],[114.857,4.268],[114.795,4.739],[115.012,4.892],[115.037,4.798],[115.099,4.426],[115.335,4.301],[115.155,4.912],[115.359,4.897],[115.551,5.094],[115.367,5.383],[115.6,5.573],[115.873,5.581],[116.092,5.99],[116.65,6.831],[116.838,6.947],[117.009,6.785],[117.226,6.833],[117.294,6.611],[117.527,6.591],[117.735,6.428],[117.715,6.247],[117.588,6.178],[117.59,5.906],[117.766,5.907],[118.036,6.014],[118.239,5.84],[118.626,5.64],[119.255,5.36],[119.166,5.11],[118.727,4.946],[118.527,4.933],[118.32,5.019],[118.129,4.881],[118.222,4.713],[118.437,4.524],[118.346,4.342],[118.173,4.299],[117.747,4.344],[117.586,4.178],[117.21,4.348],[115.868,4.372],[115.682,4.154],[115.597,3.882],[115.584,3.464],[115.518,3.066],[115.258,3.003],[115.123,2.841],[115.029,2.371],[114.789,2.136],[114.852,1.894],[114.553,1.432],[114.387,1.515],[114.135,1.467],[113.622,1.237],[113.132,1.406],[113.04,1.563],[112.495,1.578],[112.304,1.488],[112.054,1.13],[111.752,1.007],[111.215,1.075],[110.945,1.028],[110.572,0.855],[110.267,1.051],[109.831,1.452],[109.661,1.676],[109.578,1.95],[109.642,2.08],[109.723,1.838],[109.887,1.722],[110.298,1.653],[110.485,1.689],[111.061,1.402],[111.031,1.676],[111.203,2.15],[111.44,2.373],[111.426,2.703],[111.633,2.836],[112.816,3.09],[113.017,3.174],[113.55,3.84],[113.759,4.034],[113.935,4.283],[114.071,4.589]]],[[[102.091,6.245],[102.412,6.049],[102.539,5.843],[103.102,5.405],[103.362,4.931],[103.447,4.705],[103.485,4.346],[103.349,3.809],[103.426,3.579],[103.444,2.911],[103.724,2.636],[103.919,2.351],[104.248,1.659],[104.281,1.362],[104.109,1.386],[103.961,1.592],[103.727,1.452],[103.677,1.419],[103.422,1.386],[102.998,1.744],[101.508,2.68],[101.343,2.991],[101.288,3.273],[101.055,3.594],[100.843,3.78],[100.642,4.169],[100.597,4.789],[100.494,4.905],[100.423,5.281],[100.339,6.026],[100.121,6.422],[100.166,6.571],[100.325,6.621],[101.066,6.259],[101.115,5.967],[101.056,5.74],[101.144,5.613],[101.306,5.81],[101.548,5.919],[101.716,5.766],[101.913,5.842],[102.091,6.245]]]]}},{"type":"Feature","id":"NAM","properties":{"id":"NAM"},"geometry":{"type":"Polygon","coordinates":[[[11.754,-17.253],[12.179,-17.185],[12.558,-17.241],[12.967,-16.995],[13.157,-16.964],[13.465,-17.014],[13.551,-17.152],[13.987,-17.433],[14.421,-17.39],[18.419,-17.39],[18.631,-17.639],[18.895,-17.816],[20.217,-17.885],[20.885,-17.999],[21.432,-18.025],[23.438,-17.638],[24.204,-17.484],[24.867,-17.529],[25.263,-17.791],[25.261,-17.792],[24.968,-17.81],[24.727,-17.907],[24.354,-17.961],[23.995,-18.168],[23.633,-18.49],[23.571,-18.467],[23.297,-18.0],[23.091,-18.002],[21.899,-18.223],[21.198,-18.313],[20.999,-18.598],[20.999,-22.0],[20.009,-22.0],[19.999,-24.762],[19.999,-28.428],[19.633,-28.513],[19.324,-28.737],[19.278,-28.872],[19.002,-28.906],[18.573,-28.857],[18.033,-28.859],[17.442,-28.713],[17.316,-28.226],[17.102,-28.047],[16.883,-28.106],[16.614,-28.514],[16.453,-28.632],[15.676,-27.944],[15.4,-27.464],[15.138,-26.843],[15.15,-26.675],[15.008,-26.353],[14.839,-25.673],[14.842,-25.166],[14.676,-24.645],[14.502,-24.221],[14.507,-23.654],[14.436,-22.949],[14.54,-22.884],[14.509,-22.576],[14.394,-22.283],[14.106,-21.915],[13.431,-20.892],[13.251,-20.391],[12.68,-19.289],[12.329,-18.745],[12.004,-18.422],[11.851,-18.131],[11.738,-17.59],[11.754,-17.253]]]}},{"type":"Feature","id":"NCL","properties":{"id":"NCL"},"geometry":{"type":"MultiPolygon","coordinates":[[[[164.162,-20.238],[164.575,-20.369],[165.114,-20.76],[165.807,-21.356],[166.283,-21.639],[166.924,-22.088],[167.016,-22.255],[166.888,-22.39],[166.448,-22.222],[166.15,-22.041],[166.068,-21.921],[165.528,-21.705],[165.259,-21.558],[164.388,-20.766],[164.246,-20.567],[164.162,-20.238]]],[[[168.069,-21.455],[168.103,-21.631],[167.853,-21.587],[167.811,-21.409],[168.069,-21.455]]],[[[167.281,-20.727],[167.27,-20.918],[167.441,-21.074],[167.336,-21.186],[167.024,-20.945],[167.065,-20.711],[167.281,-20.727]]]]}},{"type":"Feature","id":"XIT","properties":{"id":"XIT"},"geometry":{"type":"Polygon","coordinates":[[[35.509,4.62],[34.378,4.62],[35.291,5.013],[35.435,4.92],[35.509,4.62]]]}},{"type":"Feature","id":"NER","properties":{"id":"NER"},"geometry":{"type":"Polygon","coordinates":[[[3.588,11.711],[2.843,12.403],[2.588,12.29],[2.396,12.11],[2.408,11.899],[2.066,12.358],[2.275,12.429],[2.109,12.724],[1.869,12.605],[0.992,13.103],[0.992,13.375],[1.228,13.392],[0.609,13.745],[0.381,14.051],[0.162,14.534],[0.233,14.916],[0.241,14.99],[0.924,14.972],[1.324,15.265],[2.783,15.357],[3.518,15.341],[3.906,15.78],[4.076,16.32],[4.079,16.529],[4.24,17.187],[4.243,19.141],[5.491,19.382],[6.044,19.642],[7.459,20.843],[9.74,22.214],[11.999,23.515],[13.481,23.186],[13.681,23.072],[14.198,22.648],[15.0,22.998],[15.266,21.447],[15.576,20.925],[15.59,20.775],[15.982,20.36],[15.748,19.917],[15.595,18.737],[15.505,16.898],[14.537,15.884],[14.229,15.524],[13.898,15.074],[13.792,14.802],[13.479,14.46],[13.634,13.711],[13.384,13.711],[12.893,13.494],[12.555,13.212],[12.472,13.063],[12.162,13.103],[11.885,13.247],[11.522,13.352],[11.206,13.375],[10.669,13.357],[10.061,13.203],[9.65,12.804],[8.882,12.863],[8.645,12.951],[8.273,13.189],[7.771,13.315],[7.426,13.111],[6.934,12.989],[6.678,13.355],[6.414,13.639],[6.266,13.717],[5.784,13.803],[4.862,13.781],[4.464,13.678],[4.174,13.473],[4.094,12.977],[3.935,12.747],[3.671,12.536],[3.645,11.824],[3.588,11.711]]]}},{"type":"Feature","id":"NGA","properties":{"id":"NGA"},"geometry":{"type":"Polygon","coordinates":[[[2.709,6.375],[2.761,7.225],[2.712,7.992],[2.783,9.056],[2.889,9.078],[3.503,9.856],[3.727,10.433],[3.843,10.605],[3.723,11.09],[3.542,11.264],[3.478,11.433],[3.588,11.711],[3.645,11.824],[3.671,12.536],[3.935,12.747],[4.094,12.977],[4.174,13.473],[4.464,13.678],[4.862,13.781],[5.784,13.803],[6.266,13.717],[6.414,13.639],[6.678,13.355],[6.934,12.989],[7.426,13.111],[7.771,13.315],[8.273,13.189],[8.645,12.951],[8.882,12.863],[9.65,12.804],[10.061,13.203],[10.669,13.357],[11.206,13.375],[11.522,13.352],[11.885,13.247],[12.162,13.103],[12.472,13.063],[12.555,13.212],[12.893,13.494],[13.384,13.711],[13.634,13.711],[14.083,13.083],[14.203,12.538],[14.509,12.329],[14.656,12.132],[14.567,11.479],[14.318,11.326],[13.963,11.252],[13.76,11.002],[13.594,10.692],[13.531,10.393],[13.15,9.538],[12.916,9.273],[12.759,8.759],[12.609,8.607],[12.467,8.625],[12.302,8.441],[11.928,7.43],[11.548,6.663],[11.319,6.505],[11.098,6.52],[10.834,6.908],[10.56,7.039],[9.996,6.899],[9.585,6.484],[8.954,5.924],[8.854,5.711],[8.87,5.483],[8.773,5.109],[8.527,4.735],[8.116,4.545],[7.07,4.435],[6.706,4.339],[6.091,4.272],[5.869,4.381],[5.585,4.652],[5.36,5.159],[5.355,5.39],[4.872,6.014],[4.483,6.326],[3.854,6.435],[2.709,6.375]]]}},{"type":"Feature","id":"NIC","properties":{"id":"NIC"},"geometry":{"type":"Polygon","coordinates":[[[-83.667,10.931],[-83.662,10.824],[-83.935,10.712],[-84.222,10.824],[-84.349,10.95],[-84.681,11.084],[-84.867,10.97],[-85.549,11.197],[-85.693,11.08],[-86.517,11.789],[-86.758,12.154],[-87.521,12.794],[-87.476,12.951],[-87.308,12.988],[-87.065,13.002],[-86.791,13.294],[-86.742,13.513],[-86.568,13.796],[-85.943,13.944],[-85.751,13.878],[-85.194,14.335],[-85.021,14.708],[-84.816,14.829],[-84.531,14.647],[-83.933,14.764],[-83.539,14.949],[-83.156,14.995],[-83.314,14.769],[-83.245,14.492],[-83.486,13.818],[-83.571,13.261],[-83.51,12.497],[-83.63,12.364],[-83.718,11.983],[-83.739,11.565],[-83.872,11.374],[-83.808,11.068],[-83.667,10.931]]]}},{"type":"Feature","id":"NLD","properties":{"id":"NLD"},"geometry":{"type":"MultiPolygon","coordinates":[[[[6.021,50.754],[5.641,50.843],[5.826,51.167],[4.937,51.403],[4.749,51.497],[4.242,51.375],[3.552,51.45],[3.581,51.598],[4.002,51.577],[4.1,51.829],[4.015,51.964],[4.34,52.153],[4.589,52.476],[4.718,52.904],[4.965,52.925],[5.557,52.592],[5.669,52.83],[5.408,52.931],[5.384,53.11],[5.598,53.307],[6.035,53.408],[6.644,53.454],[7.211,53.235],[7.061,52.699],[6.897,52.651],[6.979,52.213],[6.704,51.906],[6.131,51.889],[5.987,51.739],[6.196,51.53],[6.021,50.754]]],[[[4.238,51.35],[3.886,51.199],[3.381,51.283],[3.364,51.371],[4.238,51.35]]]]}},{"type":"Feature","id":"NZL","properties":{"id":"NZL"},"geometry":{"type":"MultiPolygon","coordinates":[[[[168.128,-46.86],[168.152,-47.068],[167.949,-47.129],[167.714,-47.049],[167.724,-46.711],[167.97,-46.722],[168.128,-46.86]]],[[[-176.622,-43.702],[-176.405,-44.058],[-176.536,-44.108],[-176.705,-43.814],[-176.622,-43.702]]],[[[172.895,-40.513],[172.65,-40.656],[172.89,-40.831],[173.103,-41.29],[173.413,-41.148],[174.016,-41.016],[174.305,-41.003],[174.035,-41.478],[174.27,-41.748],[173.462,-42.624],[173.233,-42.958],[172.965,-43.081],[172.704,-43.393],[172.847,-43.615],[173.128,-43.745],[172.987,-43.887],[172.702,-43.827],[172.308,-43.869],[171.639,-44.121],[171.247,-44.38],[171.03,-45.059],[170.543,-45.869],[170.304,-45.959],[170.117,-46.189],[169.614,-46.482],[169.573,-46.564],[169.074,-46.669],[168.353,-46.536],[168.204,-46.401],[167.727,-46.301],[166.746,-46.213],[166.472,-46.011],[166.458,-45.817],[166.808,-45.71],[166.671,-45.556],[166.798,-45.324],[167.287,-44.866],[167.874,-44.613],[167.996,-44.366],[168.345,-44.04],[168.979,-43.874],[169.72,-43.51],[170.596,-42.992],[171.049,-42.652],[171.275,-42.319],[171.49,-41.746],[171.881,-41.602],[172.106,-41.264],[172.11,-40.883],[172.711,-40.503],[172.895,-40.513]]],[[[173.213,-34.876],[173.746,-35.075],[174.137,-35.327],[174.323,-35.316],[174.579,-35.839],[174.322,-35.833],[174.755,-36.315],[174.686,-36.424],[174.785,-36.796],[175.299,-37.101],[175.523,-37.052],[175.481,-36.737],[175.813,-36.842],[175.962,-37.631],[176.174,-37.667],[177.151,-38.033],[177.522,-37.924],[177.995,-37.545],[178.289,-37.554],[178.465,-37.64],[178.32,-38.383],[178.02,-38.672],[177.897,-39.061],[177.418,-39.063],[177.046,-39.194],[176.89,-39.484],[177.033,-39.65],[176.888,-40.072],[176.478,-40.547],[176.047,-41.142],[175.57,-41.49],[175.239,-41.605],[174.894,-41.235],[174.838,-41.095],[175.062,-40.824],[175.229,-40.33],[175.163,-40.108],[174.919,-39.895],[173.952,-39.538],[173.752,-39.282],[173.844,-39.156],[174.177,-38.999],[174.406,-38.983],[174.603,-38.759],[174.775,-38.129],[174.907,-38.076],[174.648,-37.272],[174.858,-37.056],[174.466,-36.946],[174.384,-36.144],[174.007,-36.278],[173.169,-35.318],[173.145,-34.986],[172.798,-34.582],[173.01,-34.616],[173.213,-34.876]]]]}},{"type":"Feature","id":"NOR","properties":{"id":"NOR"},"geometry":{"type":"MultiPolygon","coordinates":[[[[28.93,69.052],[28.832,69.224],[29.338,69.479],[29.134,69.696],[28.403,69.819],[27.886,70.085],[27.05,69.914],[26.489,69.944],[26.03,69.723],[25.707,69.254],[25.72,69.111],[24.905,68.577],[24.117,68.785],[23.117,68.641],[22.464,68.732],[21.686,69.239],[21.281,69.311],[20.55,69.06],[20.062,69.046],[20.334,68.803],[19.92,68.354],[18.412,68.581],[18.121,68.544],[18.151,68.195],[17.875,67.972],[17.278,68.115],[16.856,67.949],[16.261,67.525],[16.181,66.985],[15.483,66.54],[15.441,66.37],[15.023,66.155],[14.549,66.03],[14.466,65.291],[13.654,64.58],[14.114,64.463],[14.158,64.195],[13.975,64.015],[13.211,64.096],[12.687,63.974],[12.159,63.58],[12.07,63.167],[12.245,62.082],[12.136,61.719],[12.583,61.565],[12.869,61.36],[12.597,61.047],[12.225,61.011],[12.583,60.55],[12.449,60.038],[11.881,59.827],[11.78,59.643],[11.823,59.237],[11.688,58.956],[11.208,59.085],[10.83,59.163],[10.545,59.682],[10.24,59.568],[10.398,59.439],[10.362,59.185],[10.139,59.025],[9.629,59.115],[9.275,58.74],[8.374,58.236],[7.644,58.018],[6.827,58.079],[6.793,58.24],[6.426,58.266],[5.66,58.561],[5.521,58.727],[6.177,59.251],[5.855,59.485],[5.327,59.333],[5.232,59.505],[5.962,59.778],[5.941,59.954],[5.381,60.168],[5.282,60.447],[5.731,60.485],[5.759,60.701],[5.395,60.728],[5.097,60.974],[5.309,61.064],[5.0,61.285],[5.203,61.355],[5.055,61.759],[5.515,61.926],[5.236,62.102],[5.967,62.234],[6.718,62.456],[6.819,62.651],[7.429,62.591],[7.443,62.754],[6.988,62.723],[6.964,62.935],[7.967,62.971],[8.743,63.198],[8.71,63.334],[9.432,63.511],[10.851,63.443],[10.945,63.742],[10.112,63.499],[9.574,63.663],[9.64,63.833],[10.642,64.447],[11.073,64.565],[11.252,64.341],[11.717,64.587],[11.693,64.87],[12.207,65.216],[12.466,65.521],[12.665,65.922],[13.258,66.227],[13.144,66.412],[13.306,66.697],[13.776,66.971],[14.234,67.005],[14.651,67.458],[15.218,67.6],[14.931,67.749],[15.585,68.076],[16.02,68.192],[16.619,68.646],[17.464,68.893],[17.648,69.099],[17.941,69.15],[18.082,69.231],[18.152,69.447],[18.941,69.608],[19.143,69.749],[19.871,69.777],[20.404,69.891],[20.215,69.456],[20.642,69.54],[20.581,69.777],[21.181,69.936],[21.959,69.996],[21.173,70.219],[22.153,70.294],[23.391,69.974],[23.28,70.262],[24.038,70.515],[24.456,70.745],[24.543,70.927],[25.874,70.853],[25.041,70.508],[24.939,70.233],[25.232,70.099],[25.633,70.465],[26.497,70.929],[26.733,70.823],[26.92,70.482],[27.442,70.818],[27.215,71.031],[27.716,71.077],[28.549,70.978],[28.009,70.658],[28.415,70.548],[28.751,70.852],[29.322,70.725],[29.972,70.707],[30.958,70.44],[31.065,70.29],[29.732,70.077],[29.547,69.704],[30.358,69.844],[30.823,69.79],[30.94,69.561],[30.144,69.635],[29.937,69.407],[29.425,69.32],[28.93,69.052]]],[[[9.203,63.57],[8.537,63.435],[8.592,63.618],[9.203,63.57]]],[[[15.155,68.469],[14.727,68.261],[14.425,68.396],[15.155,68.469]]],[[[15.776,68.615],[16.236,68.564],[15.698,68.344],[15.089,68.386],[15.499,68.649],[15.776,68.615]]],[[[15.331,68.874],[15.408,68.685],[15.031,68.581],[14.73,68.764],[15.331,68.874]]],[[[17.812,69.574],[18.08,69.434],[18.006,69.197],[17.576,69.16],[17.198,69.059],[16.895,69.136],[17.221,69.467],[17.812,69.574]]],[[[19.355,69.827],[18.705,69.928],[19.225,70.082],[19.355,69.827]]],[[[23.587,70.594],[23.633,70.444],[23.094,70.285],[22.849,70.4],[23.587,70.594]]],[[[22.924,70.534],[22.11,70.513],[22.128,70.646],[22.906,70.701],[22.924,70.534]]]]}},{"type":"Feature","id":"NPL","properties":{"id":"NPL"},"geometry":{"type":"Polygon","coordinates":[[[81.042,30.212],[81.232,30.008],[81.461,30.406],[82.065,30.354],[82.16,30.189],[82.725,29.802],[83.164,29.609],[83.441,29.308],[83.74,29.245],[83.961,29.33],[84.169,29.241],[84.227,28.943],[84.741,28.617],[85.129,28.487],[85.413,28.322],[85.735,28.325],[86.001,27.911],[86.562,28.101],[86.667,28.101],[87.228,27.825],[88.136,27.882],[88.194,27.797],[88.057,27.466],[88.0,27.104],[88.12,26.987],[88.187,26.75],[88.029,26.367],[87.541,26.42],[86.847,26.442],[86.276,26.617],[85.955,26.632],[85.446,26.784],[85.197,26.771],[84.683,27.144],[84.62,27.339],[84.058,27.452],[83.795,27.386],[82.736,27.502],[82.695,27.718],[82.337,27.755],[81.813,27.904],[81.506,28.068],[81.028,28.424],[80.687,28.604],[80.403,28.634],[80.065,28.838],[80.059,28.917],[80.431,29.801],[80.944,30.218],[81.042,30.212]]]}},{"type":"Feature","id":"OMN","properties":{"id":"OMN"},"geometry":{"type":"MultiPolygon","coordinates":[[[[55.208,22.708],[55.233,23.11],[55.444,23.443],[55.5,23.915],[55.793,24.037],[55.813,24.911],[55.961,25.006],[56.081,24.743],[56.375,24.98],[56.6,24.51],[56.938,24.118],[57.151,23.95],[57.849,23.719],[58.567,23.627],[58.731,23.514],[59.381,22.68],[59.527,22.558],[59.796,22.526],[59.806,22.223],[59.414,21.568],[58.834,21.038],[58.517,20.413],[58.211,20.391],[58.077,20.556],[57.832,20.119],[57.707,19.582],[57.773,19.169],[57.563,18.94],[57.033,18.859],[56.799,18.749],[56.628,18.538],[56.549,18.153],[56.356,17.935],[55.732,17.902],[55.431,17.821],[55.305,17.636],[55.262,17.243],[55.083,17.046],[54.792,16.945],[54.516,17.034],[54.037,16.987],[53.109,16.651],[52.0,19.0],[54.752,19.92],[55.082,20.25],[55.667,22.0],[55.208,22.708]]],[[[56.271,25.626],[56.156,25.687],[56.173,25.924],[56.087,26.051],[56.213,26.247],[56.437,26.226],[56.365,25.828],[56.271,25.626]]]]}},{"type":"Feature","id":"PAK","properties":{"id":"PAK"},"geometry":{"type":"Polygon","coordinates":[[[60.873,29.859],[62.147,29.485],[62.814,29.42],[63.577,29.487],[64.18,29.482],[64.705,29.571],[65.044,29.532],[66.262,29.856],[66.362,29.956],[66.282,30.565],[66.377,30.889],[66.834,31.265],[67.037,31.311],[67.28,31.201],[67.773,31.322],[67.653,31.523],[68.072,31.703],[68.436,31.761],[68.722,31.709],[68.908,31.597],[69.12,31.711],[69.313,31.983],[69.248,32.416],[69.584,33.102],[69.927,33.114],[70.208,33.25],[70.314,33.402],[70.198,33.619],[69.962,33.775],[69.919,34.039],[70.557,33.951],[70.864,33.977],[71.08,34.077],[71.167,34.338],[71.023,34.456],[71.153,34.718],[71.511,34.978],[71.647,35.224],[71.535,35.733],[71.245,36.116],[71.707,36.456],[72.327,36.753],[72.796,36.848],[73.639,36.903],[73.524,36.723],[73.059,36.637],[72.553,36.231],[72.513,35.9],[72.671,35.818],[73.113,35.778],[73.722,35.428],[73.937,35.197],[74.116,35.123],[73.967,34.858],[73.476,34.573],[73.401,34.405],[73.579,33.766],[73.628,33.095],[74.549,32.751],[74.697,32.489],[75.111,32.468],[75.333,32.326],[75.281,32.123],[74.832,32.003],[74.595,31.872],[74.502,31.701],[74.583,31.388],[74.57,31.115],[74.09,30.57],[73.785,30.063],[73.343,29.767],[73.278,29.564],[72.961,29.059],[72.404,28.783],[71.903,27.986],[71.642,27.877],[71.001,27.75],[70.679,27.875],[70.554,28.026],[70.381,28.013],[70.152,27.827],[70.026,27.563],[69.586,27.181],[69.508,26.749],[69.788,26.6],[70.174,26.552],[70.175,26.251],[70.099,25.94],[70.269,25.713],[70.586,25.707],[71.029,24.802],[71.045,24.434],[70.898,24.256],[70.571,24.252],[70.521,24.405],[70.139,24.303],[70.08,24.23],[69.714,24.186],[69.571,24.285],[68.768,24.245],[68.753,23.972],[68.505,23.972],[68.077,24.012],[67.845,24.094],[67.473,24.117],[67.496,24.391],[67.431,24.761],[66.723,24.838],[66.737,25.14],[66.485,25.521],[66.362,25.459],[64.919,25.326],[64.639,25.246],[64.299,25.284],[63.966,25.442],[63.479,25.25],[63.326,25.23],[62.474,25.257],[61.769,25.091],[61.618,25.178],[61.822,25.966],[62.027,26.313],[62.36,26.534],[62.737,26.633],[63.012,26.645],[63.199,26.729],[63.32,27.143],[62.802,27.365],[62.822,27.791],[62.794,28.226],[62.112,28.498],[61.611,28.859],[61.214,29.49],[60.873,29.859]]]}},{"type":"Feature","id":"PAN","properties":{"id":"PAN"},"geometry":{"type":"MultiPolygon","coordinates":[[[[-82.9,8.04],[-82.876,8.697],[-82.934,9.475],[-82.564,9.572],[-82.374,9.415],[-82.358,9.207],[-82.251,9.025],[-82.073,8.927],[-81.619,8.895],[-81.307,8.778],[-80.979,8.839],[-80.423,9.138],[-80.044,9.29],[-79.578,8.975],[-79.767,8.796],[-79.754,8.615],[-80.179,8.332],[-80.356,8.299],[-80.397,7.996],[-80.058,7.639],[-80.02,7.451],[-80.439,7.238],[-80.713,7.206],[-80.936,7.265],[-81.06,7.882],[-81.203,7.684],[-81.49,7.753],[-81.749,8.194],[-82.201,8.248],[-82.282,8.339],[-82.649,8.325],[-82.9,8.04]]],[[[-81.607,7.356],[-81.743,7.344],[-81.887,7.51],[-81.737,7.627],[-81.607,7.356]]],[[[-77.37,8.675],[-77.352,8.326],[-77.164,7.968],[-77.366,7.824],[-77.61,7.552],[-77.792,7.481],[-77.893,7.221],[-78.184,7.539],[-78.446,8.062],[-78.18,8.349],[-78.37,8.395],[-78.575,8.659],[-78.913,8.921],[-79.16,9.011],[-79.49,9.0],[-79.798,9.188],[-79.811,9.34],[-79.541,9.637],[-78.714,9.441],[-78.548,9.434],[-77.918,9.112],[-77.555,8.72],[-77.37,8.675]]]]}},{"type":"Feature","id":"PER","properties":{"id":"PER"},"geometry":{"type":"Polygon","coordinates":[[[-69.573,-10.946],[-68.97,-11.918],[-68.652,-12.498],[-68.825,-12.805],[-68.862,-13.304],[-68.996,-13.639],[-68.971,-13.883],[-68.855,-14.22],[-69.131,-14.506],[-69.357,-14.811],[-69.346,-14.982],[-69.152,-15.267],[-69.411,-15.622],[-69.275,-16.119],[-68.825,-16.359],[-69.481,-17.123],[-69.576,-17.292],[-69.468,-17.498],[-69.657,-17.653],[-69.86,-18.17],[-70.005,-18.271],[-70.378,-18.352],[-71.312,-17.714],[-71.352,-17.604],[-71.658,-17.221],[-72.829,-16.58],[-73.667,-16.224],[-74.256,-15.871],[-74.853,-15.557],[-75.191,-15.307],[-75.702,-14.818],[-75.895,-14.675],[-76.259,-14.167],[-76.321,-13.919],[-76.194,-13.624],[-76.206,-13.4],[-76.362,-13.189],[-76.786,-12.456],[-76.941,-12.258],[-78.146,-10.174],[-78.428,-9.371],[-78.51,-9.257],[-78.909,-8.378],[-79.507,-7.551],[-79.736,-7.05],[-79.983,-6.743],[-80.222,-6.572],[-80.736,-6.319],[-81.095,-6.077],[-81.079,-5.796],[-80.849,-5.796],[-80.846,-5.63],[-81.032,-5.347],[-81.317,-4.668],[-81.21,-4.235],[-80.698,-3.691],[-80.324,-3.432],[-80.229,-3.428],[-80.193,-3.68],[-80.445,-4.203],[-80.441,-4.454],[-80.219,-4.361],[-79.705,-4.471],[-79.485,-4.628],[-79.283,-4.947],[-78.995,-4.973],[-78.719,-4.628],[-78.626,-4.417],[-78.353,-3.412],[-77.657,-2.936],[-76.633,-2.59],[-76.043,-2.125],[-75.578,-1.548],[-75.408,-1.007],[-75.23,-0.856],[-75.311,-0.477],[-75.586,-0.188],[-75.259,-0.114],[-75.094,-0.08],[-74.837,-0.215],[-74.421,-0.505],[-74.269,-0.957],[-73.682,-1.239],[-73.484,-1.606],[-73.231,-1.771],[-73.093,-2.321],[-72.941,-2.409],[-72.193,-2.437],[-71.937,-2.378],[-71.863,-2.265],[-71.139,-2.312],[-70.848,-2.255],[-70.064,-2.686],[-70.056,-2.759],[-70.617,-3.641],[-70.426,-3.833],[-70.054,-4.101],[-69.947,-4.227],[-70.025,-4.366],[-70.439,-4.146],[-70.664,-4.167],[-71.163,-4.392],[-71.925,-4.549],[-72.878,-5.179],[-72.959,-5.577],[-73.149,-5.868],[-73.183,-6.259],[-73.107,-6.42],[-73.244,-6.587],[-73.632,-6.753],[-73.761,-6.936],[-73.872,-7.668],[-73.734,-7.878],[-73.503,-8.376],[-72.961,-8.982],[-72.948,-9.125],[-73.106,-9.294],[-72.923,-9.412],[-72.412,-9.482],[-72.301,-9.533],[-72.105,-10.0],[-71.384,-10.0],[-71.224,-9.969],[-70.62,-9.473],[-70.516,-9.48],[-70.621,-9.828],[-70.621,-11.0],[-70.158,-11.039],[-69.759,-10.942],[-69.573,-10.946]]]}},{"type":"Feature","id":"REU","properties":{"id":"REU"},"geometry":{"type":"Polygon","coordinates":[[[55.501,-20.884],[55.664,-20.92],[55.827,-21.141],[55.806,-21.347],[55.651,-21.387],[55.329,-21.269],[55.231,-21.099],[55.296,-20.922],[55.501,-20.884]]]}},{"type":"Feature","id":"ROU","properties":{"id":"ROU"},"geometry":{"type":"Polygon","coordinates":[[[28.579,43.739],[28.224,43.763],[27.619,44.021],[27.049,44.141],[26.178,43.988],[25.786,43.71],[25.386,43.619],[25.014,43.717],[23.948,43.745],[23.402,43.852],[23.174,43.821],[22.676,44.215],[22.47,44.439],[22.703,44.603],[22.417,44.703],[22.232,44.56],[22.026,44.58],[21.426,44.774],[21.463,45.073],[21.299,45.241],[20.809,45.48],[20.66,45.829],[20.264,46.126],[21.031,46.258],[21.285,46.476],[21.965,47.381],[22.321,47.757],[22.679,47.789],[22.896,47.954],[23.111,48.07],[24.099,47.931],[24.654,47.914],[24.883,47.724],[25.2,47.846],[25.873,47.966],[26.261,48.075],[26.63,48.26],[26.813,48.25],[27.166,47.955],[27.267,47.733],[27.807,47.166],[28.096,46.978],[28.239,46.595],[28.117,46.209],[28.135,45.575],[28.213,45.468],[28.35,45.32],[28.711,45.224],[29.247,45.435],[29.649,45.341],[29.689,45.203],[29.455,44.817],[29.085,44.749],[28.707,44.371],[28.636,44.22],[28.579,43.739]]]}},{"type":"Feature","id":"PHL","properties":{"id":"PHL"},"geometry":{"type":"MultiPolygon","coordinates":[[[[121.608,18.371],[121.898,18.272],[122.131,18.385],[122.264,18.177],[122.138,17.796],[122.244,17.372],[122.4,17.29],[122.485,17.117],[122.456,16.871],[122.219,16.299],[121.731,16.057],[121.578,15.926],[121.405,15.384],[121.614,14.678],[121.658,14.412],[121.777,14.119],[121.946,13.989],[122.237,13.9],[122.275,14.231],[122.391,14.283],[122.849,14.281],[123.044,14.069],[123.046,13.777],[123.231,13.73],[123.441,13.919],[123.581,13.721],[123.53,13.576],[123.993,13.092],[124.168,13.006],[124.081,12.543],[123.874,12.659],[123.858,12.873],[123.359,13.02],[123.135,13.465],[122.749,13.803],[122.433,13.923],[122.607,13.522],[122.49,13.401],[122.338,13.575],[121.749,13.969],[121.5,13.855],[121.316,13.623],[121.109,13.628],[120.964,13.772],[120.674,13.799],[120.614,14.222],[120.977,14.482],[120.838,14.752],[120.55,14.831],[120.609,14.485],[120.393,14.458],[120.286,14.82],[120.062,14.975],[119.944,15.478],[119.905,15.863],[119.756,15.952],[119.783,16.319],[120.155,16.037],[120.422,16.161],[120.336,16.356],[120.314,16.632],[120.434,17.125],[120.422,17.536],[120.474,18.037],[120.582,18.449],[120.843,18.651],[120.964,18.57],[121.254,18.565],[121.608,18.371]]],[[[121.183,6.035],[121.26,5.886],[120.924,5.892],[120.899,6.005],[121.183,6.035]]],[[[122.181,6.456],[121.971,6.409],[121.802,6.615],[122.08,6.74],[122.282,6.648],[122.181,6.456]]],[[[126.31,8.937],[126.155,8.527],[126.323,8.348],[126.36,7.896],[126.561,7.603],[126.594,7.295],[126.446,7.014],[126.284,6.919],[126.19,6.307],[126.085,6.529],[125.983,6.982],[125.846,7.308],[125.647,7.217],[125.396,6.811],[125.392,6.602],[125.587,6.482],[125.703,6.211],[125.663,5.932],[125.413,5.572],[125.294,5.583],[125.188,5.833],[124.819,5.894],[124.308,6.131],[124.056,6.381],[123.971,6.777],[124.078,7.147],[124.229,7.415],[124.01,7.646],[123.576,7.85],[123.424,7.811],[123.297,7.515],[123.11,7.718],[122.827,7.524],[122.815,7.741],[122.538,7.718],[122.433,7.584],[122.155,6.91],[121.938,6.965],[121.903,7.141],[122.138,7.562],[122.11,7.761],[122.348,8.038],[122.69,8.119],[122.99,8.253],[123.082,8.518],[123.488,8.644],[123.749,8.596],[123.867,8.162],[124.074,8.193],[124.502,8.579],[124.744,8.496],[124.78,8.923],[125.027,8.908],[125.519,9.016],[125.508,9.265],[125.391,9.656],[125.491,9.792],[125.895,9.424],[126.31,8.937]]],[[[124.257,9.598],[123.857,9.637],[123.842,9.894],[124.009,9.964],[124.166,10.151],[124.34,10.126],[124.517,9.855],[124.393,9.653],[124.257,9.598]]],[[[123.17,9.083],[122.934,9.093],[122.429,9.669],[122.521,9.985],[122.693,9.991],[122.861,10.154],[122.959,10.82],[123.206,10.997],[123.533,10.837],[123.21,9.992],[123.112,9.651],[123.308,9.341],[123.17,9.083]]],[[[123.354,9.426],[123.371,9.846],[123.834,10.744],[124.03,10.947],[124.028,10.618],[123.822,10.238],[123.617,9.986],[123.463,9.566],[123.354,9.426]]],[[[119.492,10.891],[119.571,10.666],[119.706,10.532],[119.576,10.394],[119.322,10.308],[119.242,10.195],[118.917,9.978],[118.757,9.935],[118.715,9.621],[118.482,9.302],[118.137,9.148],[118.008,8.895],[117.538,8.615],[117.251,8.391],[117.294,8.656],[117.623,9.026],[117.882,9.243],[118.026,9.256],[118.414,9.691],[118.778,10.023],[119.001,10.36],[119.142,10.382],[119.428,10.723],[119.419,11.279],[119.542,11.327],[119.492,10.891]]],[[[125.007,11.143],[125.224,10.386],[125.219,10.247],[125.024,10.053],[124.756,10.19],[124.783,10.774],[124.596,11.013],[124.403,11.012],[124.287,11.522],[124.558,11.332],[124.965,11.328],[125.007,11.143]]],[[[122.734,10.785],[121.92,10.491],[122.04,11.145],[122.1,11.7],[122.025,11.879],[122.87,11.433],[123.134,11.412],[123.075,11.165],[122.767,10.943],[122.734,10.785]]],[[[119.908,12.322],[120.165,12.121],[120.056,12.011],[119.879,12.202],[119.908,12.322]]],[[[123.872,12.221],[124.027,12.005],[124.069,11.721],[123.788,11.922],[123.595,12.136],[123.271,12.159],[123.266,12.458],[123.356,12.482],[123.872,12.221]]],[[[125.171,12.562],[125.292,12.455],[125.461,12.099],[125.444,11.623],[125.544,11.424],[125.517,11.115],[125.209,11.115],[124.993,11.369],[124.938,11.754],[124.566,12.066],[124.335,12.364],[124.336,12.537],[124.654,12.508],[125.171,12.562]]],[[[120.447,13.521],[120.736,13.469],[120.968,13.502],[121.195,13.425],[121.52,13.065],[121.505,12.552],[121.339,12.315],[121.118,12.336],[120.897,12.658],[120.683,13.143],[120.393,13.395],[120.447,13.521]]],[[[122.132,13.391],[122.028,13.199],[121.858,13.298],[121.874,13.562],[122.132,13.391]]],[[[124.347,13.596],[124.206,13.542],[124.028,13.657],[124.129,14.057],[124.4,13.77],[124.347,13.596]]]]}},{"type":"Feature","id":"RWA","properties":{"id":"RWA"},"geometry":{"type":"Polygon","coordinates":[[[30.543,-2.413],[30.378,-2.333],[30.057,-2.377],[29.893,-2.747],[29.401,-2.82],[29.326,-2.653],[29.094,-2.592],[29.041,-2.744],[28.9,-2.662],[28.868,-2.395],[29.146,-2.007],[29.141,-1.82],[29.362,-1.506],[29.59,-1.388],[29.763,-1.35],[29.922,-1.48],[30.17,-1.345],[30.34,-1.096],[30.473,-1.058],[30.56,-1.297],[30.74,-1.456],[30.834,-1.677],[30.875,-2.122],[30.767,-2.391],[30.543,-2.413]]]}},{"type":"Feature","id":"SAU","properties":{"id":"SAU"},"geometry":{"type":"Polygon","coordinates":[[[51.59,24.249],[51.639,24.066],[52.457,23.086],[52.784,22.913],[54.983,22.648],[55.208,22.708],[55.667,22.0],[55.082,20.25],[54.752,19.92],[52.0,19.0],[50.36,18.747],[49.117,18.617],[48.183,18.167],[47.6,17.45],[47.482,17.156],[46.985,16.971],[46.75,17.283],[46.391,17.236],[45.472,17.325],[45.217,17.433],[44.366,17.433],[43.982,17.356],[43.431,17.564],[43.245,17.475],[43.169,17.091],[43.261,16.759],[42.95,16.408],[42.772,16.404],[42.722,16.681],[42.478,17.048],[42.318,17.386],[41.845,17.817],[41.485,18.291],[41.311,18.582],[41.111,19.1],[40.802,19.687],[40.517,19.98],[40.113,20.266],[39.95,20.262],[39.62,20.541],[39.315,20.925],[39.113,21.294],[39.155,21.525],[39.034,22.056],[39.082,22.551],[38.915,22.965],[38.784,23.15],[38.426,23.811],[38.258,23.947],[37.761,24.235],[37.427,24.491],[37.266,24.87],[37.265,25.093],[37.076,25.436],[36.315,26.493],[35.667,27.357],[35.188,28.054],[34.626,28.167],[34.787,28.644],[34.959,29.357],[36.088,29.199],[36.505,29.5],[36.676,29.753],[37.563,30.124],[37.966,30.533],[37.001,31.5],[38.986,31.994],[39.201,32.154],[40.413,31.948],[41.073,31.581],[42.086,31.112],[44.551,29.326],[44.956,29.181],[46.316,29.071],[46.553,29.101],[47.468,29.0],[47.756,28.525],[48.433,28.534],[48.805,27.754],[49.186,27.442],[49.356,27.167],[49.624,27.055],[50.005,26.751],[50.03,26.523],[50.194,26.407],[50.23,26.219],[50.133,26.051],[50.146,25.739],[50.538,25.269],[50.575,25.048],[50.812,24.744],[51.0,24.5],[51.301,24.505],[51.384,24.295],[51.59,24.249]]]}},{"type":"Feature","id":"PNG","properties":{"id":"PNG"},"geometry":{"type":"MultiPolygon","coordinates":[[[[141.02,-9.127],[141.02,-7.544],[140.999,-6.892],[140.842,-6.611],[141.0,-6.322],[141.0,-4.526],[141.0,-2.604],[141.449,-2.743],[142.55,-3.236],[143.548,-3.472],[143.934,-3.739],[144.474,-3.957],[145.228,-4.39],[145.341,-4.4],[145.795,-4.888],[145.766,-5.481],[146.055,-5.503],[146.522,-5.658],[147.02,-5.937],[147.331,-5.92],[147.587,-6.071],[147.851,-6.455],[147.793,-6.695],[147.313,-6.743],[146.979,-6.735],[146.948,-6.976],[147.273,-7.483],[147.507,-7.642],[147.695,-7.88],[148.036,-8.057],[148.206,-8.306],[148.527,-9.005],[148.761,-9.112],[149.141,-8.993],[149.322,-9.15],[149.176,-9.361],[149.229,-9.49],[149.476,-9.599],[150.014,-9.638],[149.998,-9.744],[149.716,-9.849],[149.922,-10.056],[150.412,-10.304],[150.343,-10.397],[150.621,-10.578],[150.234,-10.695],[150.03,-10.609],[150.111,-10.429],[148.998,-10.261],[148.773,-10.135],[148.363,-10.183],[147.74,-10.077],[147.582,-9.944],[147.285,-9.508],[147.086,-9.421],[146.96,-9.128],[146.588,-8.986],[146.509,-8.707],[146.088,-8.128],[145.755,-7.949],[144.879,-7.737],[144.751,-7.415],[144.339,-7.459],[144.108,-7.779],[143.826,-7.655],[143.909,-8.0],[143.745,-8.044],[143.47,-7.966],[143.537,-8.237],[142.875,-8.325],[143.107,-8.454],[143.379,-8.727],[143.419,-8.965],[142.529,-9.293],[142.236,-9.156],[141.264,-9.197],[141.02,-9.127]]],[[[153.755,-11.624],[153.535,-11.636],[153.188,-11.394],[153.209,-11.327],[153.698,-11.522],[153.755,-11.624]]],[[[150.76,-9.712],[151.147,-9.996],[151.003,-10.112],[150.76,-9.712]]],[[[150.934,-9.642],[150.483,-9.637],[150.498,-9.332],[150.761,-9.402],[150.934,-9.642]]],[[[150.385,-9.385],[150.15,-9.415],[150.23,-9.196],[150.385,-9.385]]],[[[152.757,-9.013],[153.017,-9.16],[152.829,-9.262],[152.658,-9.171],[152.757,-9.013]]],[[[155.966,-6.715],[155.714,-6.868],[155.525,-6.841],[155.18,-6.552],[155.134,-6.267],[154.959,-6.156],[154.731,-5.898],[154.75,-5.506],[155.059,-5.554],[155.174,-5.784],[155.423,-6.087],[155.627,-6.204],[155.9,-6.492],[155.966,-6.715]]],[[[151.774,-4.208],[152.007,-4.299],[152.108,-4.208],[152.366,-4.33],[152.332,-4.826],[152.156,-4.985],[152.05,-5.222],[152.091,-5.439],[151.904,-5.535],[151.499,-5.52],[151.465,-5.686],[151.162,-5.956],[150.801,-6.022],[150.324,-6.257],[149.678,-6.283],[149.453,-6.093],[149.01,-6.033],[148.403,-5.771],[148.308,-5.642],[148.415,-5.443],[149.445,-5.553],[149.861,-5.521],[150.03,-5.296],[150.094,-5.518],[150.277,-5.559],[150.732,-5.505],[151.005,-5.361],[151.082,-5.152],[151.363,-4.917],[151.589,-4.964],[151.685,-4.819],[151.52,-4.192],[151.774,-4.208]]],[[[152.895,-4.813],[152.676,-4.415],[152.677,-4.169],[152.315,-3.631],[152.128,-3.488],[151.706,-3.281],[150.995,-2.793],[151.574,-3.009],[152.087,-3.31],[152.23,-3.467],[152.767,-3.886],[153.078,-4.216],[153.059,-4.599],[152.895,-4.813]]],[[[150.44,-2.619],[150.085,-2.589],[150.186,-2.362],[150.443,-2.494],[150.44,-2.619]]],[[[147.321,-2.04],[147.172,-2.206],[146.637,-2.191],[146.61,-2.002],[147.085,-1.973],[147.321,-2.04]]]]}},{"type":"Feature","id":"POL","properties":{"id":"POL"},"geometry":{"type":"Polygon","coordinates":[[[18.851,49.517],[18.586,49.849],[17.99,50.014],[17.605,50.171],[17.598,50.271],[17.157,50.38],[16.724,50.105],[16.293,50.373],[16.231,50.669],[15.572,50.779],[15.285,50.945],[14.823,50.87],[15.04,51.275],[14.956,51.462],[14.604,51.805],[14.758,52.068],[14.22,52.989],[14.421,53.234],[14.267,53.698],[14.54,53.699],[14.801,54.008],[15.266,54.14],[15.963,54.25],[16.409,54.465],[17.1,54.684],[17.899,54.824],[18.348,54.825],[18.569,54.45],[18.743,54.374],[19.411,54.271],[19.804,54.443],[21.441,54.321],[22.792,54.364],[22.998,54.384],[23.489,54.144],[23.515,53.956],[23.654,53.537],[23.901,53.177],[23.939,52.713],[23.471,52.551],[23.179,52.284],[23.614,52.109],[23.685,51.986],[23.544,51.723],[23.618,51.508],[24.01,50.921],[24.095,50.63],[23.985,50.413],[23.694,50.359],[23.388,50.163],[22.641,49.53],[22.805,49.134],[22.566,49.088],[22.034,49.239],[21.868,49.372],[21.362,49.442],[21.058,49.403],[20.37,49.405],[20.113,49.261],[19.769,49.237],[19.741,49.404],[19.476,49.605],[18.851,49.517]]]}},{"type":"Feature","id":"PRI","properties":{"id":"PRI"},"geometry":{"type":"Polygon","coordinates":[[[-65.839,18.014],[-66.202,17.926],[-66.713,17.987],[-67.188,17.944],[-67.226,18.379],[-67.064,18.514],[-65.894,18.448],[-65.656,18.365],[-65.612,18.219],[-65.839,18.014]]]}},{"type":"Feature","id":"PRK","properties":{"id":"PRK"},"geometry":{"type":"Polygon","coordinates":[[[124.354,39.971],[124.352,40.084],[124.874,40.453],[125.913,40.883],[126.486,41.371],[126.605,41.656],[126.947,41.792],[127.116,41.536],[127.624,41.417],[128.117,41.366],[128.308,41.597],[128.152,41.725],[128.09,42.022],[128.863,42.023],[129.496,42.409],[129.698,42.426],[129.878,42.988],[130.082,42.98],[130.639,42.417],[130.099,42.086],[129.697,41.652],[129.653,41.49],[129.741,41.251],[129.745,40.958],[128.327,40.041],[127.87,39.936],[127.503,39.722],[127.368,39.276],[127.547,39.145],[128.267,38.745],[128.361,38.615],[128.28,38.432],[128.081,38.31],[127.389,38.333],[127.12,38.295],[126.694,37.955],[126.692,37.843],[126.062,37.83],[125.727,37.933],[125.576,37.769],[125.194,37.869],[125.132,38.092],[124.679,38.136],[125.197,38.646],[125.145,38.877],[125.374,39.234],[125.426,39.582],[124.647,39.671],[124.354,39.971]]]}},{"type":"Feature","id":"PRY","properties":{"id":"PRY"},"geometry":{"type":"Polygon","coordinates":[[[-54.594,-25.592],[-54.64,-26.232],[-54.844,-26.667],[-55.604,-27.218],[-55.869,-27.381],[-56.51,-27.518],[-57.047,-27.481],[-57.858,-27.296],[-58.326,-27.259],[-58.628,-27.114],[-58.248,-26.738],[-58.215,-26.422],[-58.127,-26.207],[-57.584,-25.571],[-57.555,-25.442],[-57.752,-25.196],[-57.957,-25.073],[-58.711,-24.797],[-59.297,-24.513],[-59.506,-24.314],[-59.983,-24.032],[-60.383,-24.013],[-61.019,-23.772],[-61.073,-23.702],[-62.008,-22.986],[-62.404,-22.446],[-62.645,-22.251],[-62.262,-21.059],[-62.175,-20.437],[-61.823,-19.858],[-61.486,-19.603],[-60.604,-19.457],[-59.864,-19.294],[-59.162,-19.29],[-58.987,-19.337],[-58.252,-19.766],[-58.169,-20.172],[-57.904,-20.747],[-57.863,-21.315],[-57.998,-22.027],[-57.907,-22.126],[-57.318,-22.238],[-56.878,-22.269],[-56.552,-22.186],[-55.858,-22.282],[-55.641,-22.613],[-55.65,-22.793],[-55.504,-23.635],[-55.402,-23.97],[-55.052,-23.985],[-54.659,-23.819],[-54.456,-23.9],[-54.284,-24.068],[-54.277,-24.395],[-54.594,-25.592]]]}},{"type":"Feature","id":"PYF","properties":{"id":"PYF"},"geometry":{"type":"Polygon","coordinates":[[[-149.173,-17.881],[-149.553,-17.754],[-149.623,-17.62],[-149.458,-17.505],[-149.143,-17.769],[-149.173,-17.881]]]}},{"type":"Feature","id":"QAT","properties":{"id":"QAT"},"geometry":{"type":"Polygon","coordinates":[[[51.301,24.505],[51.0,24.5],[50.812,24.744],[50.87,24.795],[50.774,25.136],[50.758,25.5],[50.942,25.61],[51.0,25.965],[51.253,26.159],[51.598,25.915],[51.482,25.526],[51.628,25.245],[51.622,25.055],[51.438,24.668],[51.301,24.505]]]}},{"type":"Feature","id":"SDN","properties":{"id":"SDN"},"geometry":{"type":"Polygon","coordinates":[[[24.224,8.642],[24.23,8.7],[23.648,8.742],[23.519,8.837],[23.507,9.176],[23.648,9.393],[23.699,9.678],[23.672,9.9],[23.336,10.436],[23.017,10.708],[22.876,10.931],[22.96,11.161],[22.854,11.417],[22.555,11.705],[22.425,12.525],[22.195,12.711],[21.945,12.624],[21.82,12.822],[21.926,13.046],[22.146,13.188],[22.272,13.406],[22.075,13.774],[22.463,14.079],[22.551,14.644],[22.686,14.783],[23.003,15.242],[22.952,15.575],[23.124,15.72],[23.5,15.74],[24.0,15.711],[24.0,19.5],[24.0,19.998],[24.99,19.998],[25.0,22.0],[27.941,22.03],[30.881,22.008],[31.388,22.154],[31.868,22.002],[33.182,22.002],[33.564,21.725],[33.967,21.768],[34.087,22.004],[36.881,22.013],[36.914,21.619],[37.11,21.222],[37.167,20.828],[37.199,20.038],[37.27,19.519],[37.41,18.888],[37.504,18.727],[37.675,18.729],[37.965,18.537],[38.235,18.227],[38.564,18.003],[38.408,17.797],[38.068,17.538],[37.628,17.377],[37.498,17.285],[37.401,17.061],[37.076,17.085],[36.943,16.681],[36.939,16.444],[36.838,16.033],[36.631,15.493],[36.442,15.141],[36.527,14.329],[36.56,14.258],[36.439,13.749],[36.101,12.713],[35.688,12.65],[35.161,11.851],[35.08,11.655],[34.965,10.926],[34.797,10.719],[34.589,10.894],[34.472,10.816],[34.29,10.509],[34.223,9.976],[34.113,9.499],[33.91,9.499],[33.993,9.929],[33.971,10.141],[33.565,10.562],[33.262,10.821],[33.16,11.471],[33.157,11.69],[33.266,12.215],[32.756,12.235],[32.715,11.947],[32.106,11.945],[32.334,11.747],[32.393,11.564],[32.452,11.034],[31.921,10.529],[31.754,10.268],[31.315,9.772],[30.877,9.738],[29.997,10.289],[29.539,10.082],[29.538,9.934],[29.238,9.75],[29.0,9.667],[27.914,9.61],[27.137,9.624],[26.711,9.49],[26.314,9.637],[25.918,10.408],[25.852,10.439],[25.277,10.342],[25.032,10.168],[24.866,9.882],[24.675,9.436],[24.491,8.83],[24.224,8.642]]]}},{"type":"Feature","id":"SEN","properties":{"id":"SEN"},"geometry":{"type":"Polygon","coordinates":[[[-11.375,12.415],[-12.135,12.392],[-12.382,12.343],[-12.81,12.476],[-13.127,12.639],[-13.709,12.676],[-14.842,12.678],[-15.92,12.443],[-16.712,12.335],[-16.761,12.539],[-16.747,13.064],[-16.676,13.167],[-16.088,13.167],[-15.446,13.373],[-15.057,13.552],[-14.335,13.235],[-13.886,13.317],[-13.943,13.567],[-14.34,13.45],[-14.858,13.782],[-15.285,13.781],[-15.722,13.601],[-16.561,13.6],[-16.582,13.844],[-17.263,14.708],[-16.618,15.616],[-16.509,16.057],[-16.31,16.433],[-15.931,16.506],[-15.632,16.49],[-15.098,16.631],[-14.412,16.64],[-14.161,16.486],[-13.867,16.139],[-13.561,16.136],[-13.373,16.046],[-13.28,15.804],[-13.091,15.538],[-12.687,15.098],[-12.24,14.766],[-12.024,14.277],[-11.944,13.931],[-12.062,13.7],[-11.83,13.321],[-11.532,13.262],[-11.383,12.992],[-11.375,12.415]]]}},{"type":"Feature","id":"SGS","properties":{"id":"SGS"},"geometry":{"type":"Polygon","coordinates":[[[-37.652,-54.005],[-36.762,-54.106],[-36.26,-54.314],[-35.859,-54.742],[-36.06,-54.881],[-36.581,-54.502],[-37.553,-54.137],[-37.652,-54.005]]]}},{"type":"Feature","id":"SJM","properties":{"id":"SJM"},"geometry":{"type":"MultiPolygon","coordinates":[[[[16.299,80.064],[17.332,79.929],[18.727,79.54],[18.907,79.167],[21.513,78.817],[19.75,78.623],[18.977,78.452],[18.988,78.201],[18.378,78.023],[18.215,77.5],[17.712,77.498],[16.799,76.571],[15.566,76.87],[15.062,77.133],[14.331,77.248],[13.942,77.528],[16.705,77.88],[13.815,77.731],[13.837,78.093],[15.033,78.122],[15.595,78.309],[15.186,78.731],[14.484,78.671],[14.576,78.466],[13.866,78.214],[13.085,78.211],[12.395,78.546],[11.597,78.75],[10.759,79.563],[11.364,79.78],[12.279,79.736],[13.853,79.868],[13.446,79.486],[14.919,79.74],[15.585,79.29],[16.006,79.283],[15.626,79.837],[16.299,80.064]]],[[[23.215,78.135],[23.56,77.89],[24.33,77.822],[24.199,77.646],[22.682,77.241],[22.747,77.496],[20.845,77.539],[21.553,77.909],[20.806,78.08],[21.716,78.215],[22.942,78.238],[23.215,78.135]]],[[[21.468,78.597],[21.94,78.581],[22.044,78.262],[20.817,78.234],[20.307,78.47],[21.468,78.597]]],[[[33.151,80.303],[33.344,80.147],[31.73,80.049],[31.635,80.194],[33.151,80.303]]],[[[23.0,80.45],[23.118,80.148],[24.569,80.32],[27.185,80.079],[26.943,79.858],[26.121,79.683],[25.747,79.44],[24.694,79.371],[24.043,79.232],[20.775,79.385],[18.731,79.728],[18.124,79.911],[18.008,80.126],[19.333,80.171],[19.419,80.448],[20.283,80.413],[20.908,80.198],[22.44,80.058],[22.365,80.405],[23.0,80.45]]]]}},{"type":"Feature","id":"SLB","properties":{"id":"SLB"},"geometry":{"type":"MultiPolygon","coordinates":[[[[159.758,-9.277],[160.0,-9.427],[160.345,-9.408],[160.577,-9.552],[160.827,-9.847],[160.461,-9.89],[159.833,-9.805],[159.597,-9.492],[159.599,-9.301],[159.758,-9.277]]],[[[161.397,-10.192],[162.041,-10.466],[162.26,-10.686],[162.056,-10.83],[161.767,-10.749],[161.508,-10.54],[161.397,-10.192]]],[[[160.724,-8.322],[161.01,-8.653],[161.018,-8.862],[161.248,-9.156],[161.382,-9.564],[161.084,-9.317],[160.761,-8.943],[160.604,-8.431],[160.724,-8.322]]],[[[157.508,-7.962],[157.627,-8.227],[157.771,-8.248],[157.878,-8.438],[157.807,-8.588],[157.562,-8.421],[157.512,-8.251],[157.274,-8.334],[157.194,-8.261],[157.396,-7.997],[157.508,-7.962]]],[[[157.084,-7.838],[157.175,-8.104],[156.993,-8.092],[156.954,-7.912],[157.084,-7.838]]],[[[158.451,-7.513],[158.731,-7.592],[159.081,-7.894],[159.419,-8.005],[159.854,-8.362],[159.596,-8.382],[159.002,-8.07],[158.652,-7.776],[158.451,-7.513]]],[[[156.471,-6.599],[156.613,-6.657],[157.11,-7.003],[157.129,-7.095],[157.483,-7.389],[157.133,-7.332],[156.413,-6.741],[156.471,-6.599]]]]}},{"type":"Feature","id":"SLE","properties":{"id":"SLE"},"geometry":{"type":"Polygon","coordinates":[[[-13.301,9.039],[-12.964,9.175],[-12.678,9.44],[-12.487,9.848],[-11.895,10.0],[-11.208,10.0],[-10.717,9.363],[-10.505,8.737],[-10.681,8.316],[-10.541,8.311],[-10.279,8.485],[-10.3,8.203],[-10.803,7.592],[-11.268,7.232],[-11.499,6.924],[-11.557,6.996],[-12.406,7.43],[-12.475,7.616],[-12.722,7.717],[-13.075,8.233],[-13.284,8.42],[-13.116,8.627],[-13.301,9.039]]]}},{"type":"Feature","id":"SLV","properties":{"id":"SLV"},"geometry":{"type":"Polygon","coordinates":[[[-90.135,13.745],[-90.082,13.874],[-89.832,14.062],[-89.579,14.398],[-89.356,14.42],[-89.008,14.269],[-88.509,13.92],[-88.072,13.971],[-87.717,13.773],[-87.721,13.446],[-87.815,13.407],[-87.787,13.288],[-87.99,13.163],[-88.528,13.188],[-88.808,13.248],[-89.288,13.481],[-89.491,13.499],[-90.135,13.745]]]}},{"type":"Feature","id":"SOM","properties":{"id":"SOM"},"geometry":{"type":"Polygon","coordinates":[[[42.968,10.997],[43.26,11.461],[43.439,11.364],[43.692,10.941],[43.93,10.706],[44.288,10.431],[44.555,10.381],[45.005,10.446],[45.705,10.809],[46.168,10.775],[46.45,10.681],[46.667,10.745],[47.113,11.014],[47.557,11.17],[47.72,11.095],[48.108,11.124],[48.288,11.214],[48.837,11.263],[48.955,11.238],[50.078,11.507],[50.432,11.67],[50.559,11.892],[50.766,11.97],[51.263,11.841],[51.086,11.187],[51.162,10.418],[50.891,10.122],[50.816,9.489],[50.137,8.236],[49.817,7.798],[49.566,7.281],[49.259,6.813],[49.113,6.487],[48.966,6.009],[48.666,5.516],[48.154,4.79],[47.968,4.476],[46.837,3.239],[46.029,2.452],[45.878,2.34],[44.67,1.64],[43.533,0.686],[42.725,-0.171],[41.983,-1.006],[41.564,-1.664],[41.486,-1.496],[40.996,-0.78],[40.996,2.822],[41.384,3.23],[41.91,3.983],[42.088,4.179],[42.527,4.203],[42.833,4.271],[43.044,4.572],[43.435,4.795],[44.015,4.96],[44.748,4.928],[45.232,5.175],[47.973,7.987],[47.026,8.0],[44.138,8.952],[43.432,9.471],[43.144,9.893],[42.881,10.207],[42.703,10.636],[42.968,10.997]]]}},{"type":"Feature","id":"SRB","properties":{"id":"SRB"},"geometry":{"type":"Polygon","coordinates":[[[20.594,41.877],[20.524,42.211],[20.079,42.556],[20.349,42.895],[19.571,43.241],[19.223,43.527],[19.581,44.066],[19.222,44.27],[19.265,44.647],[19.364,44.882],[19.022,44.855],[19.176,45.27],[18.935,45.639],[18.856,45.909],[19.202,45.993],[19.576,46.177],[20.264,46.126],[20.66,45.829],[20.809,45.48],[21.299,45.241],[21.463,45.073],[21.426,44.774],[22.026,44.58],[22.232,44.56],[22.417,44.703],[22.703,44.603],[22.47,44.439],[22.676,44.215],[22.418,44.006],[22.364,43.825],[22.533,43.473],[23.006,43.187],[22.776,42.935],[22.44,42.824],[22.559,42.481],[22.36,42.312],[21.933,42.338],[21.053,42.173],[20.84,42.094],[20.594,41.877]]]}},{"type":"Feature","id":"SSD","properties":{"id":"SSD"},"geometry":{"type":"Polygon","coordinates":[[[27.444,5.019],[27.259,5.601],[27.187,5.729],[26.852,5.934],[26.467,6.083],[26.3,6.489],[26.3,6.708],[26.045,6.977],[25.396,7.34],[25.202,7.493],[25.239,7.634],[25.13,7.906],[24.851,8.173],[24.354,8.255],[24.151,8.396],[24.224,8.642],[24.491,8.83],[24.675,9.436],[24.866,9.882],[25.032,10.168],[25.277,10.342],[25.852,10.439],[25.918,10.408],[26.314,9.637],[26.711,9.49],[27.137,9.624],[27.914,9.61],[29.0,9.667],[29.238,9.75],[29.538,9.934],[29.539,10.082],[29.997,10.289],[30.877,9.738],[31.315,9.772],[31.754,10.268],[31.921,10.529],[32.452,11.034],[32.393,11.564],[32.334,11.747],[32.106,11.945],[32.715,11.947],[32.756,12.235],[33.266,12.215],[33.157,11.69],[33.16,11.471],[33.262,10.821],[33.565,10.562],[33.971,10.141],[33.993,9.929],[33.91,9.499],[34.113,9.499],[34.14,8.595],[33.766,8.363],[33.616,8.464],[33.195,8.405],[33.008,7.949],[33.071,7.789],[33.632,7.702],[33.943,7.493],[34.322,6.959],[35.003,6.473],[34.964,6.284],[35.014,5.877],[35.297,5.412],[35.478,5.408],[35.861,5.288],[35.823,4.771],[35.948,4.62],[35.509,4.62],[35.435,4.92],[35.291,5.013],[34.378,4.62],[33.995,4.228],[33.597,3.835],[32.937,3.835],[32.527,3.752],[32.203,3.59],[31.667,3.72],[31.18,3.794],[30.979,3.698],[30.863,3.486],[30.753,3.655],[30.243,3.945],[29.868,4.339],[29.779,4.572],[29.512,4.678],[29.171,4.376],[29.039,4.478],[28.698,4.486],[28.371,4.299],[27.878,4.548],[27.695,4.856],[27.444,5.019]]]}},{"type":"Feature","id":"STP","properties":{"id":"STP"},"geometry":{"type":"Polygon","coordinates":[[[6.675,0.415],[6.755,0.247],[6.527,0.026],[6.517,0.33],[6.675,0.415]]]}},{"type":"Feature","id":"SUR","properties":{"id":"SUR"},"geometry":{"type":"Polygon","coordinates":[[[-54.574,2.33],[-54.804,2.441],[-55.288,2.515],[-55.817,2.461],[-56.042,2.211],[-56.079,1.853],[-56.477,1.946],[-56.775,2.15],[-57.21,2.942],[-57.394,3.367],[-57.772,3.629],[-58.004,3.983],[-58.05,4.151],[-57.93,4.439],[-57.909,4.784],[-57.574,5.0],[-57.305,5.015],[-57.233,5.134],[-57.139,5.81],[-56.944,6.0],[-56.311,5.902],[-55.924,5.897],[-55.598,5.981],[-55.362,5.958],[-54.815,5.989],[-54.024,5.824],[-54.009,5.62],[-54.013,5.531],[-54.419,5.071],[-54.471,4.879],[-54.35,4.043],[-54.026,3.64],[-54.008,3.466],[-54.209,2.776],[-54.345,2.539],[-54.574,2.33]]]}},{"type":"Feature","id":"SVK","properties":{"id":"SVK"},"geometry":{"type":"Polygon","coordinates":[[[17.161,48.007],[16.847,48.349],[16.94,48.617],[17.193,48.875],[17.509,48.82],[17.856,48.926],[18.227,49.294],[18.66,49.504],[18.851,49.517],[19.476,49.605],[19.741,49.404],[19.769,49.237],[20.113,49.261],[20.37,49.405],[21.058,49.403],[21.362,49.442],[21.868,49.372],[22.034,49.239],[22.566,49.088],[22.17,48.585],[22.155,48.404],[21.818,48.335],[21.625,48.464],[20.818,48.578],[20.541,48.538],[20.283,48.263],[19.951,48.149],[19.528,48.198],[19.033,48.067],[18.85,47.83],[18.609,47.758],[17.79,47.74],[17.344,47.986],[17.161,48.007]]]}},{"type":"Feature","id":"SVN","properties":{"id":"SVN"},"geometry":{"type":"Polygon","coordinates":[[[13.714,46.523],[14.553,46.393],[14.929,46.619],[15.456,46.635],[15.908,46.711],[16.114,46.869],[16.597,46.476],[16.264,46.449],[15.729,46.221],[15.627,45.832],[15.312,45.684],[15.228,45.434],[14.439,45.513],[13.887,45.429],[13.586,45.479],[13.723,45.595],[13.444,46.225],[13.714,46.523]]]}},{"type":"Feature","id":"TWN","properties":{"id":"TWN"},"geometry":{"type":"Polygon","coordinates":[[[120.886,22.165],[120.708,22.093],[120.244,22.66],[120.065,23.043],[120.133,23.561],[120.207,23.789],[120.952,24.896],[121.47,25.27],[121.579,25.293],[121.866,25.126],[121.919,24.964],[121.853,24.622],[121.573,23.814],[121.491,23.435],[121.367,23.098],[121.069,22.692],[120.886,22.165]]]}},{"type":"Feature","id":"SWE","properties":{"id":"SWE"},"geometry":{"type":"MultiPolygon","coordinates":[[[[20.55,69.06],[22.008,68.511],[23.065,68.289],[23.56,67.903],[23.489,67.668],[23.611,67.274],[23.97,66.787],[23.651,66.298],[23.936,66.121],[24.154,65.819],[23.195,65.806],[22.369,65.864],[22.259,65.646],[21.462,65.374],[21.564,65.181],[21.16,64.824],[21.316,64.589],[21.6,64.436],[21.291,64.292],[20.571,63.797],[19.775,63.542],[19.44,63.524],[19.123,63.279],[18.72,63.266],[17.478,62.271],[17.42,61.725],[17.089,61.568],[17.204,61.28],[17.228,60.691],[17.74,60.53],[18.013,60.546],[18.565,60.116],[18.826,60.099],[18.946,59.895],[18.73,59.66],[18.33,59.463],[17.967,59.438],[18.446,59.167],[18.042,59.045],[17.669,59.102],[17.486,58.823],[16.735,58.607],[16.788,58.117],[16.539,57.905],[16.561,57.343],[16.324,56.658],[16.068,56.325],[15.787,56.153],[15.012,56.152],[14.482,56.033],[14.207,55.702],[14.363,55.554],[14.187,55.38],[13.714,55.428],[13.303,55.341],[12.888,55.399],[12.854,55.861],[12.64,56.252],[12.878,56.428],[12.81,56.654],[12.263,57.07],[12.131,57.345],[11.789,57.752],[11.862,58.332],[11.253,58.443],[11.208,59.085],[11.688,58.956],[11.823,59.237],[11.78,59.643],[11.881,59.827],[12.449,60.038],[12.583,60.55],[12.225,61.011],[12.597,61.047],[12.869,61.36],[12.583,61.565],[12.136,61.719],[12.245,62.082],[12.07,63.167],[12.159,63.58],[12.687,63.974],[13.211,64.096],[13.975,64.015],[14.158,64.195],[14.114,64.463],[13.654,64.58],[14.466,65.291],[14.549,66.03],[15.023,66.155],[15.441,66.37],[15.483,66.54],[16.181,66.985],[16.261,67.525],[16.856,67.949],[17.278,68.115],[17.875,67.972],[18.151,68.195],[18.121,68.544],[18.412,68.581],[19.92,68.354],[20.334,68.803],[20.062,69.046],[20.55,69.06]]],[[[16.487,56.23],[16.385,56.494],[16.522,56.742],[17.022,57.123],[16.487,56.23]]],[[[18.379,57.001],[18.209,56.993],[18.137,57.434],[18.208,57.599],[18.736,57.928],[18.824,57.438],[18.379,57.001]]]]}},{"type":"Feature","id":"SWZ","properties":{"id":"SWZ"},"geometry":{"type":"Polygon","coordinates":[[[31.975,-25.953],[32.086,-26.008],[32.135,-26.84],[32.013,-26.817],[31.979,-27.318],[31.494,-27.316],[31.151,-27.202],[30.803,-26.825],[30.831,-26.411],[31.119,-25.952],[31.43,-25.727],[31.868,-25.999],[31.975,-25.953]]]}},{"type":"Feature","id":"SYR","properties":{"id":"SYR"},"geometry":{"type":"Polygon","coordinates":[[[42.352,37.1],[42.349,37.049],[41.779,36.582],[41.4,36.524],[41.284,36.349],[41.264,36.044],[41.382,35.625],[41.22,35.25],[41.217,34.766],[40.876,34.373],[40.64,34.315],[38.794,33.375],[36.809,32.316],[36.407,32.378],[35.88,32.725],[35.672,32.691],[35.624,33.242],[36.019,33.528],[36.0,33.613],[36.617,34.195],[36.419,34.624],[35.976,34.634],[35.791,35.507],[35.829,35.85],[35.918,35.929],[36.17,35.887],[36.336,35.988],[36.616,36.335],[36.544,36.502],[36.678,36.826],[37.15,36.667],[37.383,36.651],[37.788,36.752],[38.132,36.894],[38.427,36.89],[38.871,36.702],[39.213,36.669],[39.845,36.771],[40.76,37.12],[41.227,37.072],[41.966,37.163],[42.148,37.261],[42.352,37.1]]]}},{"type":"Feature","id":"TCD","properties":{"id":"TCD"},"geometry":{"type":"Polygon","coordinates":[[[22.876,10.931],[22.509,11.007],[21.843,10.843],[21.597,10.213],[21.283,9.986],[20.77,9.415],[20.458,9.181],[19.704,9.029],[19.172,9.021],[18.862,8.853],[19.097,8.658],[18.854,8.315],[18.586,8.046],[17.694,7.982],[17.436,7.876],[16.907,7.569],[16.801,7.556],[16.622,7.761],[16.004,7.502],[15.766,7.458],[15.496,7.532],[15.588,7.757],[15.054,8.681],[14.487,9.069],[13.999,9.628],[14.24,10.006],[15.382,9.956],[15.489,10.126],[15.194,10.506],[15.077,10.854],[15.061,11.412],[15.107,11.498],[15.077,11.857],[14.849,12.572],[14.467,13.083],[14.083,13.083],[13.634,13.711],[13.479,14.46],[13.792,14.802],[13.898,15.074],[14.229,15.524],[14.537,15.884],[15.505,16.898],[15.595,18.737],[15.748,19.917],[15.982,20.36],[15.59,20.775],[15.576,20.925],[15.266,21.447],[15.0,22.998],[16.0,23.439],[19.981,21.554],[24.0,19.5],[24.0,15.711],[23.5,15.74],[23.124,15.72],[22.952,15.575],[23.003,15.242],[22.686,14.783],[22.551,14.644],[22.463,14.079],[22.075,13.774],[22.272,13.406],[22.146,13.188],[21.926,13.046],[21.82,12.822],[21.945,12.624],[22.195,12.711],[22.425,12.525],[22.555,11.705],[22.854,11.417],[22.96,11.161],[22.876,10.931]]]}},{"type":"Feature","id":"TGO","properties":{"id":"TGO"},"geometry":{"type":"Polygon","coordinates":[[[0.914,11.001],[0.824,10.748],[0.777,10.382],[1.353,10.0],[1.362,9.673],[1.621,9.044],[1.633,7.068],[1.601,6.838],[1.803,6.294],[1.637,6.236],[1.198,6.112],[0.719,6.503],[0.542,6.827],[0.613,7.41],[0.545,7.608],[0.598,8.016],[0.731,8.294],[0.433,8.799],[0.5,8.954],[0.565,9.401],[0.374,9.495],[0.369,10.266],[0.303,10.369],[-0.068,10.652],[0.03,10.975],[-0.136,11.139],[0.629,10.987],[0.914,11.001]]]}},{"type":"Feature","id":"THA","properties":{"id":"THA"},"geometry":{"type":"Polygon","coordinates":[[[105.2,14.343],[104.827,14.422],[104.017,14.338],[103.596,14.415],[103.147,14.318],[102.977,14.202],[102.613,13.614],[102.352,13.522],[102.352,13.298],[102.904,11.777],[102.911,11.647],[102.645,12.176],[102.537,12.107],[102.334,12.196],[101.862,12.643],[101.673,12.684],[101.324,12.639],[100.968,12.644],[100.86,12.766],[100.971,13.461],[100.576,13.518],[100.27,13.491],[99.956,13.306],[100.059,12.995],[99.919,12.053],[99.649,11.539],[99.435,10.842],[99.229,10.468],[99.138,9.813],[99.224,9.256],[99.395,9.199],[99.699,9.323],[99.845,9.278],[99.91,9.079],[99.96,8.608],[100.152,8.387],[100.324,8.0],[100.434,7.516],[100.532,7.276],[100.769,6.982],[100.984,6.864],[101.328,6.92],[101.596,6.78],[101.809,6.461],[102.091,6.245],[101.913,5.842],[101.716,5.766],[101.548,5.919],[101.306,5.81],[101.144,5.613],[101.056,5.74],[101.115,5.967],[101.066,6.259],[100.325,6.621],[100.166,6.571],[100.121,6.422],[99.801,6.806],[99.568,7.334],[99.327,7.495],[99.064,7.911],[98.747,8.206],[98.627,8.381],[98.282,8.238],[98.216,8.58],[98.262,8.944],[98.363,9.07],[98.368,9.28],[98.754,10.389],[98.916,10.806],[99.18,11.059],[99.526,11.623],[99.625,11.838],[99.42,12.511],[99.233,12.762],[99.113,13.087],[99.208,13.226],[99.201,13.481],[99.106,13.865],[98.97,14.046],[98.659,14.291],[98.241,14.874],[98.203,15.208],[98.296,15.309],[98.548,15.347],[98.587,15.82],[98.799,16.103],[98.378,17.059],[97.833,17.643],[97.693,17.833],[97.541,18.3],[97.541,18.51],[97.756,18.765],[97.803,19.377],[98.034,19.74],[98.393,19.69],[98.596,19.714],[99.033,19.883],[99.254,20.114],[99.588,20.343],[99.953,20.464],[100.085,20.353],[100.37,20.356],[100.567,20.176],[100.419,19.729],[100.485,19.593],[100.757,19.512],[100.925,19.626],[101.209,19.605],[101.297,19.097],[101.179,18.293],[100.999,17.562],[101.165,17.478],[101.822,18.055],[102.183,18.153],[102.693,17.829],[102.996,17.991],[103.272,18.404],[103.388,18.444],[103.919,18.325],[104.797,17.397],[104.745,16.631],[105.013,16.215],[105.557,15.745],[105.602,15.476],[105.537,14.562],[105.427,14.414],[105.2,14.343]]]}},{"type":"Feature","id":"TJK","properties":{"id":"TJK"},"geometry":{"type":"Polygon","coordinates":[[[74.89,37.234],[74.685,37.397],[74.271,37.404],[73.845,37.238],[73.774,37.427],[73.285,37.456],[71.844,36.682],[71.564,36.774],[71.435,37.088],[71.551,37.737],[71.373,38.256],[70.956,38.477],[70.711,38.414],[70.267,37.956],[70.301,37.69],[70.164,37.53],[69.845,37.604],[69.518,37.564],[69.381,37.429],[69.433,37.235],[69.1,37.198],[68.896,37.321],[68.022,36.923],[67.786,37.172],[67.854,37.526],[68.124,37.888],[68.242,37.925],[68.403,38.191],[68.1,38.438],[68.123,38.818],[67.891,39.019],[67.469,39.2],[67.423,39.536],[67.704,39.657],[68.114,39.559],[68.551,39.542],[68.851,39.869],[69.004,40.226],[69.204,40.212],[69.345,40.706],[69.76,40.647],[70.55,40.98],[70.795,40.728],[70.388,40.383],[70.573,40.242],[70.988,40.223],[70.558,39.983],[70.099,40.187],[69.528,40.122],[69.257,39.85],[69.347,39.556],[70.359,39.582],[71.083,39.461],[71.566,39.571],[71.765,39.346],[72.126,39.269],[73.6,39.459],[73.548,39.287],[73.738,38.927],[73.808,38.632],[73.989,38.525],[74.292,38.594],[74.687,38.412],[74.888,38.03],[75.055,37.52],[75.029,37.299],[74.89,37.234]]]}},{"type":"Feature","id":"TKM","properties":{"id":"TKM"},"geometry":{"type":"Polygon","coordinates":[[[66.554,37.355],[66.298,37.329],[65.764,37.539],[65.645,37.398],[64.759,37.099],[64.636,36.442],[64.447,36.244],[63.874,36.007],[63.194,35.861],[63.183,35.659],[63.052,35.412],[62.749,35.26],[62.293,35.212],[61.884,35.435],[61.274,35.605],[61.191,35.943],[61.184,36.563],[61.146,36.64],[60.352,36.628],[60.094,36.955],[59.544,37.145],[59.301,37.525],[58.813,37.689],[58.503,37.651],[57.594,37.915],[57.358,38.038],[57.144,38.251],[56.461,38.264],[56.331,38.153],[55.454,38.082],[54.858,37.758],[54.66,37.438],[54.371,37.357],[53.909,37.34],[53.804,37.893],[53.841,38.419],[53.928,38.771],[53.579,39.319],[53.3,39.342],[53.3,39.525],[53.564,39.462],[53.732,39.515],[53.489,39.883],[53.348,39.973],[52.99,39.972],[52.739,40.05],[52.722,40.446],[52.916,41.019],[53.038,40.888],[53.737,40.617],[54.365,40.722],[54.707,40.875],[54.732,41.104],[54.074,41.476],[53.898,42.069],[53.66,42.143],[53.15,42.095],[52.965,41.994],[52.821,41.697],[52.875,41.509],[52.821,41.22],[52.47,41.79],[52.985,42.121],[53.57,42.289],[54.215,42.377],[54.929,41.928],[55.105,41.635],[55.5,41.252],[55.999,41.319],[56.941,41.258],[57.038,41.441],[57.0,41.91],[57.277,42.126],[57.594,42.147],[58.399,42.667],[58.772,42.69],[59.276,42.387],[59.92,42.281],[60.05,42.169],[60.074,41.453],[60.433,41.243],[61.085,41.22],[61.611,41.259],[61.985,40.981],[62.475,39.957],[63.696,39.25],[64.95,38.634],[65.553,38.291],[65.928,38.269],[66.691,37.915],[66.543,37.769],[66.554,37.355]]]}},{"type":"Feature","id":"TLS","properties":{"id":"TLS"},"geometry":{"type":"MultiPolygon","coordinates":[[[[125.087,-9.463],[124.949,-8.958],[125.198,-8.611],[125.615,-8.535],[127.251,-8.383],[127.0,-8.682],[126.695,-8.759],[126.524,-8.877],[125.894,-9.132],[125.398,-9.263],[125.087,-9.463]]],[[[124.476,-9.174],[124.354,-9.485],[124.043,-9.336],[124.476,-9.174]]]]}},{"type":"Feature","id":"TTO","properties":{"id":"TTO"},"geometry":{"type":"Polygon","coordinates":[[[-60.944,10.836],[-61.003,10.141],[-61.153,10.073],[-61.881,10.043],[-61.461,10.334],[-61.392,10.773],[-60.944,10.836]]]}},{"type":"Feature","id":"TUN","properties":{"id":"TUN"},"geometry":{"type":"Polygon","coordinates":[[[9.552,30.246],[9.075,32.087],[8.568,32.38],[8.135,33.079],[7.785,33.275],[7.543,33.787],[7.532,34.055],[8.26,34.659],[8.394,35.255],[8.297,36.026],[8.328,36.433],[8.643,36.852],[8.642,36.94],[9.232,37.217],[9.732,37.344],[10.181,37.211],[10.284,36.786],[10.536,36.757],[10.908,37.031],[11.107,36.837],[10.861,36.561],[10.553,36.382],[10.485,36.051],[10.643,35.821],[10.931,35.663],[11.122,35.252],[10.904,34.866],[10.549,34.527],[10.119,34.311],[10.017,34.164],[10.115,33.893],[10.342,33.705],[10.758,33.474],[11.057,33.616],[11.197,33.206],[11.564,33.165],[11.493,32.885],[11.52,32.603],[11.255,32.291],[10.706,31.982],[10.291,31.69],[10.137,31.486],[10.285,31.074],[10.274,30.817],[9.862,30.347],[9.552,30.246]]]}},{"type":"Feature","id":"TUR","properties":{"id":"TUR"},"geometry":{"type":"MultiPolygon","coordinates":[[[[43.474,41.123],[43.676,40.93],[43.745,40.685],[43.601,40.372],[43.664,40.11],[43.977,40.026],[44.234,40.047],[44.553,39.903],[44.767,39.716],[44.808,39.629],[44.614,39.782],[44.097,39.276],[44.261,38.85],[44.407,38.213],[44.268,37.867],[44.6,37.617],[44.784,37.145],[44.623,37.186],[44.42,37.061],[43.956,37.282],[43.479,37.252],[43.117,37.372],[42.827,37.363],[42.352,37.1],[42.148,37.261],[41.966,37.163],[41.227,37.072],[40.76,37.12],[39.845,36.771],[39.213,36.669],[38.871,36.702],[38.427,36.89],[38.132,36.894],[37.788,36.752],[37.383,36.651],[37.15,36.667],[36.678,36.826],[36.544,36.502],[36.616,36.335],[36.336,35.988],[36.17,35.887],[35.918,35.929],[35.978,36.019],[35.782,36.322],[36.196,36.607],[36.199,36.794],[36.006,36.931],[35.72,36.763],[35.55,36.571],[35.282,36.578],[34.798,36.802],[34.657,36.806],[34.248,36.558],[33.951,36.264],[32.78,36.027],[32.295,36.237],[32.009,36.543],[31.383,36.784],[30.691,36.884],[30.409,36.258],[30.2,36.316],[29.657,36.153],[29.109,36.386],[29.077,36.681],[28.87,36.697],[28.271,36.853],[27.469,36.659],[28.327,37.048],[27.334,37.0],[27.556,37.128],[27.617,37.273],[27.33,37.355],[27.213,37.576],[27.206,37.992],[26.825,38.157],[26.692,38.345],[26.97,38.453],[26.735,38.661],[27.029,38.938],[26.835,39.045],[26.764,39.367],[26.937,39.575],[26.141,39.454],[26.064,39.478],[26.218,40.005],[26.701,40.369],[27.27,40.466],[27.538,40.301],[27.763,40.307],[28.017,40.448],[29.054,40.363],[28.782,40.537],[29.051,40.647],[29.551,40.692],[29.113,40.93],[29.081,41.137],[29.461,41.196],[30.899,41.075],[31.267,41.108],[31.584,41.373],[32.5,41.797],[33.1,41.943],[33.556,41.996],[34.646,41.942],[35.11,41.888],[35.465,41.649],[35.769,41.671],[36.121,41.506],[36.393,41.253],[36.606,41.344],[37.025,41.253],[37.438,41.077],[38.372,40.913],[39.394,41.094],[40.182,40.915],[41.108,41.249],[41.547,41.521],[41.878,41.459],[42.582,41.569],[42.806,41.53],[43.474,41.123]]],[[[26.358,41.711],[26.369,41.821],[27.108,42.087],[27.287,42.096],[27.696,41.976],[28.032,41.981],[27.979,41.833],[28.1,41.631],[28.342,41.468],[29.039,41.255],[29.035,41.055],[28.675,40.964],[28.14,41.069],[27.516,40.976],[27.13,40.613],[26.693,40.449],[26.167,40.054],[26.272,40.348],[26.596,40.499],[26.561,40.612],[26.113,40.597],[26.036,40.73],[26.264,40.904],[26.321,41.091],[26.627,41.348],[26.57,41.61],[26.358,41.711]]]]}},{"type":"Feature","id":"TZA","properties":{"id":"TZA"},"geometry":{"type":"MultiPolygon","coordinates":[[[[29.423,-4.448],[29.689,-4.451],[30.005,-4.287],[30.158,-4.115],[30.448,-3.575],[30.838,-3.254],[30.809,-2.986],[30.419,-2.875],[30.543,-2.413],[30.767,-2.391],[30.875,-2.122],[30.834,-1.677],[30.74,-1.456],[30.56,-1.297],[30.473,-1.058],[31.184,-0.999],[31.785,-0.998],[33.929,-0.996],[34.224,-1.104],[37.674,-3.061],[37.713,-3.312],[37.586,-3.441],[37.784,-3.677],[39.206,-4.68],[39.103,-5.068],[38.782,-6.056],[38.873,-6.392],[39.293,-6.832],[39.447,-6.867],[39.438,-7.197],[39.35,-7.326],[39.236,-7.844],[39.394,-7.919],[39.261,-8.307],[39.385,-8.917],[39.594,-9.13],[39.748,-9.703],[39.765,-9.975],[40.247,-10.281],[40.41,-10.331],[40.389,-10.51],[39.973,-10.815],[39.424,-11.054],[38.604,-11.314],[38.121,-11.263],[37.83,-11.317],[37.75,-11.548],[37.428,-11.663],[36.788,-11.619],[36.551,-11.731],[36.282,-11.717],[36.187,-11.6],[35.751,-11.472],[35.278,-11.571],[34.959,-11.573],[34.89,-11.37],[34.637,-11.106],[34.635,-10.636],[34.54,-10.066],[34.333,-9.772],[34.04,-9.494],[33.952,-9.602],[33.543,-9.605],[32.959,-9.399],[31.754,-8.909],[31.579,-8.741],[31.051,-8.603],[30.795,-8.277],[30.669,-7.915],[30.315,-7.144],[30.065,-6.846],[29.739,-6.635],[29.55,-6.295],[29.495,-6.009],[29.57,-5.852],[29.365,-4.716],[29.423,-4.448]]],[[[39.566,-6.435],[39.293,-6.293],[39.224,-5.899],[39.358,-5.847],[39.426,-6.135],[39.566,-6.435]]]]}},{"type":"Feature","id":"UGA","properties":{"id":"UGA"},"geometry":{"type":"Polygon","coordinates":[[[29.59,-1.388],[29.719,0.031],[29.967,0.683],[30.296,1.169],[30.571,1.287],[31.314,2.117],[31.073,2.342],[30.842,2.401],[30.794,2.648],[30.801,3.006],[30.942,3.48],[30.863,3.486],[30.979,3.698],[31.18,3.794],[31.667,3.72],[32.203,3.59],[32.527,3.752],[32.937,3.835],[33.597,3.835],[33.995,4.228],[34.081,4.032],[34.326,3.725],[34.426,3.489],[34.452,3.232],[34.65,2.875],[34.879,2.57],[35.001,1.96],[34.992,1.662],[34.48,0.934],[34.094,0.461],[33.998,0.223],[33.929,-0.54],[33.929,-0.996],[31.785,-0.998],[31.184,-0.999],[30.473,-1.058],[30.34,-1.096],[30.17,-1.345],[29.922,-1.48],[29.763,-1.35],[29.59,-1.388]]]}},{"type":"Feature","id":"UKR","properties":{"id":"UKR"},"geometry":{"type":"Polygon","coordinates":[[[23.618,51.508],[24.574,51.894],[25.32,51.944],[25.956,51.923],[26.962,51.746],[27.378,51.61],[27.845,51.55],[28.169,51.632],[28.906,51.589],[29.28,51.459],[30.165,51.503],[30.341,51.37],[30.62,51.424],[30.542,51.67],[30.929,52.049],[31.782,52.112],[31.943,52.059],[32.345,52.157],[32.624,52.295],[33.365,52.361],[33.838,52.36],[34.323,51.877],[34.253,51.556],[34.301,51.334],[34.668,51.199],[35.15,51.221],[35.375,51.009],[35.414,50.569],[35.627,50.352],[36.066,50.451],[36.684,50.25],[37.36,50.436],[37.645,50.174],[38.058,49.924],[38.302,50.087],[38.778,49.885],[39.228,49.823],[39.944,49.586],[40.163,49.368],[40.105,49.209],[39.793,49.053],[39.773,48.591],[39.979,48.227],[39.819,47.951],[39.503,47.84],[38.837,47.859],[38.289,47.489],[38.23,47.119],[37.658,47.093],[36.769,46.756],[35.783,46.605],[35.336,46.344],[35.227,46.451],[34.835,46.209],[34.977,45.764],[35.264,45.444],[35.53,45.283],[36.132,45.459],[36.584,45.437],[36.455,45.101],[36.24,45.035],[35.384,45.032],[34.951,44.841],[34.48,44.725],[34.326,44.553],[33.975,44.396],[33.73,44.398],[33.481,44.514],[33.618,44.912],[33.494,45.158],[32.96,45.345],[32.65,45.318],[32.555,45.462],[33.206,45.762],[33.764,45.926],[33.64,46.079],[33.194,46.175],[32.545,46.076],[31.896,46.291],[31.749,46.491],[32.312,46.558],[31.912,46.704],[31.145,46.629],[30.814,46.559],[30.748,46.376],[30.247,45.886],[29.774,45.615],[29.689,45.203],[29.649,45.341],[29.247,45.435],[28.711,45.224],[28.35,45.32],[28.213,45.468],[28.375,45.526],[28.908,45.992],[28.999,46.479],[29.162,46.539],[29.814,46.391],[30.164,46.413],[29.967,46.683],[29.98,46.819],[29.644,46.938],[29.486,47.35],[29.148,47.512],[29.237,47.747],[29.175,47.994],[28.503,48.13],[28.135,48.245],[27.749,48.458],[26.895,48.387],[26.63,48.26],[26.261,48.075],[25.873,47.966],[25.2,47.846],[24.883,47.724],[24.654,47.914],[24.099,47.931],[23.111,48.07],[22.896,47.954],[22.25,48.411],[22.155,48.404],[22.17,48.585],[22.566,49.088],[22.805,49.134],[22.641,49.53],[23.388,50.163],[23.694,50.359],[23.985,50.413],[24.095,50.63],[24.01,50.921],[23.618,51.508]]]}},{"type":"Feature","id":"URY","properties":{"id":"URY"},"geometry":{"type":"Polygon","coordinates":[[[-58.131,-33.026],[-58.172,-32.553],[-58.151,-32.072],[-57.814,-30.685],[-57.647,-30.194],[-57.254,-30.287],[-57.063,-30.09],[-56.783,-30.126],[-56.176,-30.634],[-55.999,-30.878],[-55.344,-31.079],[-55.058,-31.332],[-54.496,-31.543],[-54.052,-31.905],[-53.311,-32.6],[-53.211,-32.853],[-53.52,-33.151],[-53.531,-33.682],[-53.369,-33.744],[-53.775,-34.356],[-54.149,-34.661],[-54.94,-34.959],[-55.395,-34.794],[-55.703,-34.772],[-55.972,-34.856],[-56.815,-34.697],[-57.071,-34.503],[-57.9,-34.397],[-58.407,-33.926],[-58.426,-33.59],[-58.354,-33.199],[-58.131,-33.026]]]}},{"type":"Feature","id":"UZB","properties":{"id":"UZB"},"geometry":{"type":"Polygon","coordinates":[[[67.786,37.172],[67.101,37.335],[66.554,37.355],[66.543,37.769],[66.691,37.915],[65.928,38.269],[65.553,38.291],[64.95,38.634],[63.696,39.25],[62.475,39.957],[61.985,40.981],[61.611,41.259],[61.085,41.22],[60.433,41.243],[60.074,41.453],[60.05,42.169],[59.92,42.281],[59.276,42.387],[58.772,42.69],[58.399,42.667],[57.594,42.147],[57.277,42.126],[57.0,41.91],[57.038,41.441],[56.941,41.258],[55.999,41.319],[55.998,45.0],[58.59,45.59],[59.999,45.001],[61.08,44.377],[61.325,44.08],[62.004,43.506],[62.453,43.527],[63.088,43.622],[64.53,43.572],[64.762,43.665],[65.082,43.619],[65.401,43.383],[65.917,42.882],[66.098,42.939],[66.088,42.356],[65.999,41.937],[66.535,41.877],[66.709,41.141],[67.178,41.136],[67.743,41.18],[68.108,41.034],[67.982,40.811],[68.453,40.593],[68.653,40.599],[68.65,40.996],[69.278,41.448],[69.862,41.713],[70.258,41.95],[70.943,42.264],[71.224,42.143],[70.662,41.899],[70.286,41.62],[70.247,41.493],[70.796,41.218],[71.386,41.133],[71.654,41.476],[71.793,41.441],[72.013,41.142],[73.002,40.839],[73.03,40.765],[72.673,40.564],[72.249,40.473],[71.81,40.192],[71.205,40.346],[70.988,40.223],[70.573,40.242],[70.388,40.383],[70.795,40.728],[70.55,40.98],[69.76,40.647],[69.345,40.706],[69.204,40.212],[69.004,40.226],[68.851,39.869],[68.551,39.542],[68.114,39.559],[67.704,39.657],[67.423,39.536],[67.469,39.2],[67.891,39.019],[68.123,38.818],[68.1,38.438],[68.403,38.191],[68.242,37.925],[68.124,37.888],[67.854,37.526],[67.786,37.172]]]}},{"type":"Feature","id":"VEN","properties":{"id":"VEN"},"geometry":{"type":"MultiPolygon","coordinates":[[[[-60.737,5.201],[-60.591,4.935],[-60.954,4.561],[-61.323,4.505],[-61.646,4.255],[-62.112,4.096],[-62.354,4.164],[-62.736,4.039],[-62.761,3.682],[-62.928,3.637],[-63.417,3.93],[-63.777,3.937],[-64.794,4.285],[-64.769,4.078],[-64.316,3.712],[-64.14,3.486],[-64.105,2.968],[-64.036,2.579],[-63.896,2.467],[-63.372,2.427],[-63.393,2.153],[-63.906,1.986],[-64.062,1.703],[-64.383,1.443],[-64.484,1.459],[-64.911,1.233],[-65.397,0.791],[-65.615,1.01],[-65.942,0.877],[-66.348,0.778],[-66.853,1.23],[-66.882,1.401],[-67.255,2.422],[-67.584,2.77],[-67.808,2.831],[-67.311,3.376],[-67.44,3.629],[-67.635,3.788],[-67.823,4.497],[-67.852,5.252],[-67.462,5.949],[-67.485,6.218],[-67.82,6.327],[-67.911,6.252],[-68.649,6.133],[-68.943,6.182],[-69.221,6.089],[-69.428,6.107],[-70.145,6.98],[-70.585,7.07],[-71.317,7.021],[-71.841,7.028],[-72.442,7.425],[-72.48,7.93],[-72.363,8.012],[-72.408,8.371],[-72.634,8.606],[-72.749,9.017],[-73.077,9.246],[-73.347,9.217],[-72.971,9.809],[-72.894,10.447],[-72.496,11.08],[-72.14,11.34],[-71.964,11.646],[-71.324,11.848],[-71.434,11.73],[-71.935,11.609],[-71.926,11.326],[-71.724,11.02],[-71.596,10.65],[-71.652,10.437],[-71.947,10.106],[-72.101,9.852],[-71.82,9.228],[-71.704,9.061],[-71.494,9.048],[-71.227,9.163],[-71.06,9.373],[-71.025,9.713],[-71.074,9.835],[-71.455,10.386],[-71.546,10.767],[-71.361,10.971],[-70.051,11.442],[-69.891,11.455],[-69.941,11.675],[-70.231,11.622],[-70.285,11.924],[-70.182,12.108],[-70.011,12.202],[-69.891,12.127],[-69.573,11.461],[-69.255,11.529],[-68.807,11.416],[-68.406,11.173],[-68.279,10.946],[-68.279,10.647],[-68.124,10.484],[-67.916,10.455],[-66.963,10.604],[-66.205,10.629],[-65.909,10.277],[-65.809,10.219],[-65.071,10.059],[-64.837,10.079],[-64.555,10.239],[-63.99,10.44],[-63.689,10.642],[-62.746,10.742],[-61.944,10.653],[-62.567,10.558],[-62.69,10.393],[-62.341,9.812],[-62.195,10.02],[-62.016,9.948],[-61.811,9.756],[-61.653,9.787],[-61.212,9.574],[-61.024,9.569],[-60.781,9.325],[-60.957,9.198],[-61.013,8.829],[-60.985,8.571],[-60.549,8.55],[-60.348,8.647],[-59.997,8.546],[-59.811,8.268],[-60.362,7.825],[-60.54,7.816],[-60.684,7.464],[-60.615,7.291],[-60.294,7.131],[-60.366,6.968],[-60.754,6.766],[-61.12,6.726],[-61.224,6.59],[-61.143,6.281],[-61.351,5.88],[-60.737,5.201]]],[[[-63.916,10.899],[-64.052,10.872],[-64.349,11.047],[-63.961,11.104],[-63.916,10.899]]]]}},{"type":"Feature","id":"VNM","properties":{"id":"VNM"},"geometry":{"type":"Polygon","coordinates":[[[102.144,22.401],[102.481,22.781],[103.083,22.449],[103.316,22.802],[103.82,22.627],[104.397,22.696],[104.67,22.822],[105.048,23.245],[105.321,23.391],[105.63,23.08],[106.252,22.923],[106.535,22.943],[106.797,22.818],[106.605,22.579],[106.562,22.365],[106.712,22.099],[107.194,21.733],[107.49,21.603],[107.888,21.613],[108.025,21.549],[107.373,21.265],[107.204,20.963],[106.761,20.98],[106.569,20.283],[105.948,19.897],[105.878,19.77],[105.674,19.097],[105.65,18.889],[105.922,18.451],[106.284,18.179],[106.486,17.923],[106.461,17.767],[106.662,17.444],[107.779,16.379],[108.038,16.312],[108.244,16.101],[108.564,15.577],[108.904,15.204],[109.286,13.886],[109.26,13.428],[109.411,12.869],[109.363,12.687],[109.2,12.566],[109.253,11.975],[109.219,11.718],[108.898,11.33],[107.524,10.515],[107.102,10.351],[106.931,10.469],[106.789,10.44],[106.773,10.241],[106.573,9.733],[106.189,9.409],[105.433,9.024],[105.265,8.765],[105.11,8.634],[104.725,8.6],[104.788,8.852],[104.839,9.571],[104.888,9.829],[105.083,9.942],[104.801,10.198],[104.651,10.153],[104.445,10.426],[104.736,10.525],[105.077,10.778],[105.494,10.949],[106.197,10.788],[106.211,10.976],[105.909,11.249],[105.855,11.564],[106.072,11.774],[106.269,11.717],[106.577,11.972],[107.101,12.205],[107.385,12.282],[107.552,12.393],[107.578,13.232],[107.628,13.484],[107.398,13.993],[107.556,14.687],[107.502,14.933],[107.561,15.185],[107.381,15.504],[107.316,15.88],[107.413,16.135],[106.69,16.447],[106.555,16.719],[106.53,16.981],[106.072,17.373],[105.748,17.695],[105.623,17.928],[105.1,18.44],[105.141,18.593],[103.917,19.335],[104.032,19.672],[104.634,19.626],[104.922,19.992],[104.906,20.152],[104.616,20.429],[104.541,20.677],[104.285,20.913],[104.1,20.974],[103.789,20.777],[103.264,20.824],[103.12,20.886],[102.925,21.161],[102.913,21.788],[102.64,21.861],[102.188,22.314],[102.144,22.401]]]}},{"type":"Feature","id":"VUT","properties":{"id":"VUT"},"geometry":{"type":"MultiPolygon","coordinates":[[[[166.622,-14.647],[166.788,-14.967],[167.061,-14.988],[167.221,-15.518],[166.774,-15.628],[166.658,-15.362],[166.545,-14.84],[166.622,-14.647]]],[[[169.316,-19.318],[169.5,-19.524],[169.356,-19.632],[169.221,-19.448],[169.316,-19.318]]],[[[169.111,-18.621],[169.343,-18.945],[168.99,-18.869],[169.111,-18.621]]],[[[168.396,-17.532],[168.578,-17.684],[168.483,-17.817],[168.205,-17.728],[168.396,-17.532]]],[[[168.188,-16.567],[168.423,-16.772],[168.233,-16.82],[168.188,-16.567]]],[[[168.191,-16.123],[168.307,-16.291],[168.121,-16.367],[167.928,-16.215],[168.191,-16.123]]],[[[167.271,-15.891],[167.427,-16.104],[167.754,-16.344],[167.776,-16.511],[167.42,-16.493],[167.376,-16.185],[167.159,-16.048],[167.271,-15.891]]]]}},{"type":"Feature","id":"XJK","properties":{"id":"XJK"},"geometry":{"type":"Polygon","coordinates":[[[73.639,36.903],[74.131,36.856],[74.565,37.031],[75.044,37.008],[75.719,36.752],[75.941,36.599],[76.053,36.249],[75.98,36.164],[76.145,35.855],[76.609,35.767],[77.214,35.523],[77.671,35.467],[77.924,35.497],[78.219,34.717],[78.33,34.608],[79.045,34.327],[78.674,34.026],[78.733,33.57],[78.937,33.387],[79.28,33.142],[79.385,32.716],[79.08,32.38],[78.806,32.445],[78.727,32.679],[78.402,32.527],[77.599,32.882],[77.279,32.84],[77.006,32.966],[76.755,33.158],[76.484,33.171],[76.038,32.908],[75.826,32.494],[75.531,32.321],[75.333,32.326],[75.111,32.468],[74.697,32.489],[74.549,32.751],[73.628,33.095],[73.579,33.766],[73.401,34.405],[73.476,34.573],[73.967,34.858],[74.116,35.123],[73.937,35.197],[73.722,35.428],[73.113,35.778],[72.671,35.818],[72.513,35.9],[72.553,36.231],[73.059,36.637],[73.524,36.723],[73.639,36.903]]]}},{"type":"Feature","id":"YEM","properties":{"id":"YEM"},"geometry":{"type":"MultiPolygon","coordinates":[[[[52.0,19.0],[53.109,16.651],[52.516,16.451],[52.203,16.133],[52.085,15.568],[51.593,15.329],[51.224,15.189],[49.923,14.84],[49.381,14.648],[49.082,14.505],[48.836,14.16],[48.687,14.039],[48.302,13.994],[47.968,14.044],[47.206,13.595],[46.715,13.434],[46.045,13.416],[45.669,13.347],[45.008,12.833],[44.253,12.625],[43.917,12.626],[43.565,12.728],[43.256,13.204],[43.176,13.937],[43.038,14.305],[42.944,14.909],[42.78,15.187],[42.771,15.437],[42.829,16.102],[42.772,16.404],[42.95,16.408],[43.261,16.759],[43.169,17.091],[43.245,17.475],[43.431,17.564],[43.982,17.356],[44.366,17.433],[45.217,17.433],[45.472,17.325],[46.391,17.236],[46.75,17.283],[46.985,16.971],[47.482,17.156],[47.6,17.45],[48.183,18.167],[49.117,18.617],[50.36,18.747],[52.0,19.0]]],[[[53.74,12.638],[54.135,12.681],[54.494,12.548],[54.097,12.355],[53.669,12.305],[53.329,12.539],[53.552,12.713],[53.74,12.638]]]]}},{"type":"Feature","id":"ZAF","properties":{"id":"ZAF"},"geometry":{"type":"Polygon","coordinates":[[[19.999,-24.762],[20.403,-25.08],[20.787,-25.84],[20.851,-26.123],[20.617,-26.457],[20.635,-26.793],[20.705,-26.886],[21.256,-26.84],[21.625,-26.866],[21.962,-26.664],[22.668,-26.077],[22.852,-25.499],[23.049,-25.294],[23.343,-25.286],[23.559,-25.363],[23.84,-25.559],[24.616,-25.802],[25.314,-25.771],[25.583,-25.637],[25.844,-24.972],[25.85,-24.798],[26.29,-24.662],[26.747,-24.309],[26.906,-24.031],[27.025,-23.644],[27.153,-23.529],[27.769,-23.181],[28.16,-22.73],[28.34,-22.578],[28.83,-22.475],[29.013,-22.237],[29.375,-22.196],[29.667,-22.132],[29.989,-22.226],[30.56,-22.327],[30.814,-22.296],[31.166,-22.329],[31.306,-22.418],[31.563,-23.185],[31.605,-23.527],[31.888,-24.035],[32.006,-24.526],[32.034,-25.131],[31.975,-25.953],[31.868,-25.999],[31.43,-25.727],[31.119,-25.952],[30.831,-26.411],[30.803,-26.825],[31.151,-27.202],[31.494,-27.316],[31.979,-27.318],[32.013,-26.817],[32.135,-26.84],[32.893,-26.856],[32.518,-28.224],[32.412,-28.492],[32.029,-28.865],[31.842,-28.942],[31.338,-29.385],[30.54,-30.632],[30.012,-31.294],[29.334,-31.807],[28.546,-32.573],[27.894,-33.044],[27.094,-33.528],[26.559,-33.747],[25.847,-33.723],[25.611,-33.931],[24.879,-34.114],[24.455,-34.149],[24.15,-34.061],[23.641,-33.982],[23.371,-34.083],[22.566,-33.996],[22.113,-34.141],[21.702,-34.395],[20.881,-34.382],[20.427,-34.528],[20.053,-34.799],[19.674,-34.78],[19.108,-34.377],[18.86,-34.153],[18.442,-34.191],[18.308,-34.038],[18.484,-33.889],[18.444,-33.713],[18.042,-33.064],[17.894,-33.028],[17.924,-32.721],[18.152,-32.765],[18.32,-32.548],[18.326,-32.207],[18.225,-31.754],[17.799,-31.203],[17.297,-30.37],[16.941,-29.373],[16.55,-28.709],[16.453,-28.632],[16.614,-28.514],[16.883,-28.106],[17.102,-28.047],[17.316,-28.226],[17.442,-28.713],[18.033,-28.859],[18.573,-28.857],[19.002,-28.906],[19.278,-28.872],[19.324,-28.737],[19.633,-28.513],[19.999,-28.428],[19.999,-24.762]],[[28.225,-30.431],[28.365,-30.169],[28.822,-30.097],[29.161,-29.921],[29.312,-29.546],[29.446,-29.378],[29.313,-29.081],[28.625,-28.58],[28.23,-28.699],[27.827,-28.912],[27.303,-29.518],[27.021,-29.666],[27.367,-30.22],[27.74,-30.6],[28.105,-30.673],[28.225,-30.431]]]}},{"type":"Feature","id":"ZMB","properties":{"id":"ZMB"},"geometry":{"type":"Polygon","coordinates":[[[23.438,-17.638],[23.126,-17.445],[22.224,-16.57],[21.999,-16.131],[22.003,-13.108],[22.114,-12.999],[23.732,-12.997],[23.926,-12.881],[24.022,-12.454],[23.984,-11.629],[24.033,-11.199],[23.999,-10.89],[24.391,-11.101],[24.342,-11.367],[25.014,-11.249],[25.335,-11.238],[25.328,-11.609],[25.499,-11.75],[25.995,-11.92],[26.652,-11.989],[26.87,-11.981],[27.019,-11.744],[27.225,-11.631],[27.628,-12.271],[28.272,-12.418],[28.788,-12.959],[29.007,-13.423],[29.382,-13.33],[29.799,-13.445],[29.815,-12.149],[29.559,-12.194],[29.498,-12.402],[29.022,-12.341],[28.65,-11.951],[28.441,-11.796],[28.385,-11.545],[28.485,-11.09],[28.653,-10.535],[28.643,-10.016],[28.527,-9.166],[28.751,-8.974],[28.936,-8.724],[28.891,-8.477],[29.568,-8.378],[30.795,-8.277],[31.051,-8.603],[31.579,-8.741],[31.754,-8.909],[32.959,-9.399],[33.003,-9.559],[33.228,-9.649],[33.341,-9.831],[33.69,-10.572],[33.427,-10.816],[33.258,-11.424],[33.297,-12.023],[33.476,-12.325],[33.365,-12.561],[33.09,-12.596],[32.982,-12.884],[32.978,-13.246],[32.847,-13.517],[32.725,-13.581],[32.81,-13.795],[32.97,-13.94],[33.244,-14.0],[32.155,-14.353],[31.411,-14.635],[30.971,-14.747],[30.235,-14.994],[30.363,-15.545],[30.42,-15.621],[29.873,-15.612],[29.589,-15.651],[29.214,-15.768],[28.917,-15.949],[28.836,-16.279],[28.588,-16.587],[28.287,-16.711],[27.815,-16.984],[27.628,-17.271],[27.026,-17.957],[26.766,-18.02],[25.855,-17.931],[25.263,-17.791],[24.867,-17.529],[24.204,-17.484],[23.438,-17.638]]]}},{"type":"Feature","id":"ZWE","properties":{"id":"ZWE"},"geometry":{"type":"Polygon","coordinates":[[[29.375,-22.196],[28.936,-21.774],[28.554,-21.646],[28.234,-21.602],[27.971,-21.482],[27.779,-21.166],[27.684,-20.49],[27.298,-20.312],[26.944,-20.011],[26.63,-19.885],[26.143,-19.482],[25.994,-19.031],[25.723,-18.599],[25.548,-18.411],[25.246,-17.932],[25.261,-17.792],[25.263,-17.791],[25.855,-17.931],[26.766,-18.02],[27.026,-17.957],[27.628,-17.271],[27.815,-16.984],[28.287,-16.711],[28.588,-16.587],[28.836,-16.279],[28.917,-15.949],[29.214,-15.768],[29.589,-15.651],[29.873,-15.612],[30.42,-15.621],[30.459,-15.999],[31.114,-15.996],[31.666,-16.191],[31.904,-16.395],[32.384,-16.462],[32.921,-16.698],[33.038,-17.64],[32.995,-18.159],[33.051,-18.386],[32.844,-18.778],[32.776,-19.025],[32.85,-19.612],[33.061,-19.783],[33.026,-19.99],[32.706,-20.496],[32.585,-20.554],[32.493,-20.77],[32.426,-21.241],[32.467,-21.314],[31.378,-22.381],[31.306,-22.418],[31.166,-22.329],[30.814,-22.296],[30.56,-22.327],[29.989,-22.226],[29.667,-22.132],[29.375,-22.196]]]}},{"type":"Feature","id":"PSE","properties":{"id":"PSE"},"geometry":{"type":"Polygon","coordinates":[[[34.269,31.221],[34.219,31.323],[34.492,31.595],[34.269,31.221]]]}},{"type":"Feature","id":"PSE","properties":{"id":"PSE"},"geometry":{"type":"Polygon","coordinates":[[[35.476,31.493],[35.233,31.376],[34.935,31.345],[35.012,31.662],[35.222,31.8],[34.986,31.968],[34.991,32.21],[35.09,32.475],[35.232,32.543],[35.555,32.389],[35.522,31.715],[35.476,31.493]]]}},{"type":"Feature","id":"ECU","properties":{"id":"ECU"},"geometry":{"type":"MultiPolygon","coordinates":[[[[-78.782,1.401],[-78.246,1.029],[-77.814,0.819],[-77.367,0.398],[-77.085,0.307],[-76.423,0.234],[-76.26,0.416],[-76.052,0.33],[-75.767,0.04],[-75.259,-0.114],[-75.586,-0.188],[-75.311,-0.477],[-75.23,-0.856],[-75.408,-1.007],[-75.578,-1.548],[-76.043,-2.125],[-76.633,-2.59],[-77.657,-2.936],[-78.353,-3.412],[-78.626,-4.417],[-78.719,-4.628],[-78.995,-4.973],[-79.283,-4.947],[-79.485,-4.628],[-79.705,-4.471],[-80.219,-4.361],[-80.441,-4.454],[-80.445,-4.203],[-80.193,-3.68],[-80.229,-3.428],[-79.931,-3.171],[-79.794,-2.738],[-79.833,-2.395],[-80.027,-2.356],[-80.258,-2.743],[-80.943,-2.219],[-80.734,-1.887],[-80.739,-1.367],[-80.785,-1.283],[-80.726,-0.94],[-80.429,-0.568],[-80.234,-0.138],[-80.06,0.066],[-80.013,0.527],[-80.03,0.818],[-79.662,0.99],[-79.172,1.093],[-78.951,1.324],[-78.782,1.401]]],[[[-80.111,-2.991],[-80.257,-3.027],[-80.22,-2.738],[-80.005,-2.821],[-80.111,-2.991]]]]}},{"type":"Feature","id":"ECU","properties":{"id":"ECU"},"geometry":{"type":"MultiPolygon","coordinates":[[[[-91.34,0.164],[-90.795,-0.742],[-90.905,-0.953],[-91.216,-1.044],[-91.435,-1.003],[-91.497,-0.858],[-91.211,-0.672],[-91.405,-0.103],[-91.34,0.164]]],[[[-90.234,-0.733],[-90.533,-0.696],[-90.503,-0.531],[-90.248,-0.495],[-90.234,-0.733]]],[[[-91.389,-0.457],[-91.609,-0.481],[-91.658,-0.306],[-91.458,-0.261],[-91.389,-0.457]]]]}},{"type":"Feature","id":"ESP","properties":{"id":"ESP"},"geometry":{"type":"MultiPolygon","coordinates":[[[[-1.786,43.351],[-1.433,43.114],[-0.662,42.869],[0.268,42.702],[0.623,42.695],[0.816,42.837],[1.325,42.724],[1.443,42.604],[1.726,42.504],[1.961,42.391],[2.433,42.381],[3.022,42.471],[3.175,42.435],[3.226,41.955],[3.166,41.867],[2.152,41.326],[0.981,41.04],[0.709,40.807],[0.735,40.619],[0.467,40.464],[0.081,40.059],[-0.264,39.61],[-0.331,39.413],[-0.233,39.138],[-0.017,38.875],[0.216,38.729],[-0.461,38.354],[-0.847,37.739],[-0.733,37.631],[-1.311,37.56],[-1.801,37.22],[-1.925,36.933],[-2.139,36.735],[-2.6,36.772],[-4.013,36.746],[-4.437,36.696],[-5.178,36.414],[-5.34,36.16],[-5.353,36.16],[-5.605,36.014],[-6.069,36.233],[-6.431,36.749],[-6.337,36.843],[-6.94,37.214],[-7.414,37.214],[-7.503,37.522],[-7.409,37.764],[-7.033,38.184],[-7.323,38.479],[-7.053,39.118],[-7.299,39.33],[-7.438,39.658],[-7.016,39.671],[-6.904,39.884],[-6.787,40.371],[-6.849,40.925],[-6.581,41.239],[-6.19,41.576],[-6.744,41.941],[-7.086,41.969],[-7.6,41.864],[-7.954,41.872],[-8.189,42.135],[-8.481,42.081],[-8.801,41.912],[-8.741,42.651],[-8.919,42.619],[-9.252,42.896],[-9.273,43.023],[-8.963,43.263],[-8.483,43.352],[-8.293,43.555],[-7.903,43.763],[-7.534,43.737],[-7.238,43.568],[-6.1,43.563],[-5.876,43.633],[-4.612,43.398],[-4.196,43.402],[-3.646,43.498],[-3.014,43.384],[-2.746,43.443],[-2.44,43.334],[-1.786,43.351]]],[[[1.609,39.029],[1.403,38.849],[1.296,39.034],[1.609,39.029]]],[[[3.227,39.36],[3.095,39.292],[2.478,39.467],[2.375,39.614],[2.793,39.855],[3.203,39.953],[3.436,39.642],[3.227,39.36]]],[[[4.3,39.895],[3.832,39.926],[4.087,40.09],[4.3,39.895]]]]}},{"type":"Feature","id":"ESP","properties":{"id":"ESP"},"geometry":{"type":"MultiPolygon","coordinates":[[[[-16.552,28.023],[-16.699,28.009],[-16.907,28.332],[-16.574,28.395],[-16.246,28.564],[-16.139,28.515],[-16.552,28.023]]],[[[-15.456,27.792],[-15.604,27.735],[-15.784,27.832],[-15.821,28.001],[-15.7,28.143],[-15.438,28.15],[-15.373,27.995],[-15.456,27.792]]],[[[-13.83,28.7],[-13.942,28.226],[-14.264,28.101],[-14.039,28.579],[-13.83,28.7]]],[[[-17.795,28.502],[-17.996,28.74],[-17.727,28.745],[-17.795,28.502]]]]}},{"type":"Feature","id":"MUS","properties":{"id":"MUS"},"geometry":{"type":"Polygon","coordinates":[[[57.538,-20.522],[57.318,-20.464],[57.403,-20.199],[57.613,-19.983],[57.806,-20.233],[57.717,-20.446],[57.538,-20.522]]]}},{"type":"Feature","id":"PRT","properties":{"id":"PRT"},"geometry":{"type":"Polygon","coordinates":[[[-8.801,41.912],[-8.481,42.081],[-8.189,42.135],[-7.954,41.872],[-7.6,41.864],[-7.086,41.969],[-6.744,41.941],[-6.19,41.576],[-6.581,41.239],[-6.849,40.925],[-6.787,40.371],[-6.904,39.884],[-7.016,39.671],[-7.438,39.658],[-7.299,39.33],[-7.053,39.118],[-7.323,38.479],[-7.033,38.184],[-7.409,37.764],[-7.503,37.522],[-7.414,37.214],[-7.869,37.01],[-8.514,37.105],[-8.993,37.022],[-8.799,37.441],[-8.817,38.064],[-8.749,38.538],[-9.217,38.417],[-9.259,38.66],[-9.487,38.758],[-9.244,39.415],[-9.069,39.598],[-8.895,40.044],[-8.884,40.236],[-8.644,40.807],[-8.67,41.139],[-8.855,41.705],[-8.801,41.912]]]}},{"type":"Feature","id":"PRT","properties":{"id":"PRT"},"geometry":{"type":"Polygon","coordinates":[[[-16.854,32.635],[-17.207,32.731],[-17.189,32.867],[-16.727,32.746],[-16.854,32.635]]]}},{"type":"Feature","id":"USA","properties":{"id":"USA"},"geometry":{"type":"MultiPolygon","coordinates":[[[[-154.97,19.354],[-155.569,19.026],[-155.917,19.128],[-156.014,19.645],[-155.832,19.982],[-155.852,20.269],[-155.205,19.969],[-154.811,19.527],[-154.97,19.354]]],[[[-156.594,21.031],[-156.24,20.936],[-156.001,20.791],[-156.119,20.63],[-156.426,20.594],[-156.687,20.884],[-156.594,21.031]]],[[[-156.791,21.072],[-157.304,21.095],[-157.244,21.22],[-156.791,21.072]]],[[[-157.844,21.47],[-157.775,21.27],[-158.122,21.324],[-158.282,21.575],[-157.981,21.711],[-157.844,21.47]]],[[[-159.33,21.96],[-159.597,21.895],[-159.787,22.019],[-159.587,22.218],[-159.391,22.225],[-159.33,21.96]]],[[[-81.677,24.563],[-81.754,24.654],[-81.443,24.813],[-81.406,24.643],[-81.677,24.563]]],[[[-122.354,47.984],[-122.77,48.224],[-122.644,48.405],[-122.354,47.984]]],[[[-122.758,49.002],[-102.153,49.0],[-95.153,48.999],[-95.129,49.37],[-94.845,49.324],[-94.588,48.718],[-93.978,48.638],[-93.81,48.544],[-93.255,48.643],[-92.693,48.543],[-92.301,48.288],[-91.845,48.209],[-91.531,48.057],[-91.267,48.079],[-90.839,48.239],[-90.653,48.103],[-90.182,48.11],[-89.843,47.997],[-89.247,48.011],[-88.679,48.244],[-88.369,48.305],[-86.602,47.615],[-84.86,46.889],[-84.792,46.711],[-84.139,46.372],[-83.815,46.116],[-83.434,45.998],[-83.25,45.668],[-82.519,45.339],[-82.123,43.591],[-82.305,43.23],[-82.472,42.755],[-82.892,42.359],[-83.08,42.309],[-83.15,42.041],[-83.049,41.854],[-82.656,41.677],[-82.377,41.686],[-81.246,42.208],[-80.293,42.361],[-79.887,42.468],[-78.957,42.82],[-79.201,43.451],[-78.69,43.631],[-77.116,43.633],[-76.634,43.843],[-76.439,44.094],[-75.277,44.852],[-74.827,45.016],[-74.03,44.996],[-71.583,45.013],[-71.066,45.311],[-70.681,45.456],[-70.317,45.857],[-70.224,46.293],[-69.997,46.696],[-69.225,47.46],[-69.043,47.427],[-68.906,47.182],[-68.293,47.359],[-67.795,47.069],[-67.781,46.147],[-67.806,45.77],[-67.491,45.601],[-67.485,45.291],[-67.095,45.074],[-66.97,44.806],[-67.84,44.563],[-67.995,44.396],[-68.199,44.517],[-68.559,44.374],[-68.8,44.445],[-69.284,43.959],[-69.427,43.973],[-69.717,43.792],[-69.988,43.863],[-70.18,43.761],[-70.809,42.913],[-70.776,42.701],[-71.041,42.303],[-70.878,42.278],[-70.533,41.805],[-70.235,41.732],[-69.938,41.809],[-69.991,41.589],[-70.639,41.649],[-71.17,41.464],[-71.38,41.739],[-71.484,41.372],[-72.954,41.255],[-73.64,41.003],[-73.576,40.911],[-72.265,41.046],[-71.899,41.043],[-73.013,40.68],[-73.94,40.555],[-74.186,40.646],[-74.0,40.217],[-74.102,39.749],[-74.329,39.44],[-74.747,39.062],[-74.928,39.051],[-75.593,39.478],[-75.304,38.913],[-75.092,38.804],[-75.054,38.415],[-75.242,38.027],[-75.657,37.498],[-75.83,37.179],[-76.019,37.318],[-75.902,37.625],[-75.681,37.856],[-75.823,37.949],[-75.961,38.344],[-76.146,38.233],[-76.326,38.467],[-76.254,38.622],[-76.266,39.181],[-76.501,39.214],[-76.518,38.539],[-76.326,38.148],[-76.311,37.635],[-76.433,37.594],[-76.339,37.169],[-76.551,37.082],[-76.489,36.894],[-76.249,36.954],[-75.977,36.86],[-75.846,36.411],[-75.956,36.198],[-76.369,36.085],[-76.714,36.215],[-76.727,35.943],[-75.836,35.97],[-75.735,35.837],[-75.75,35.613],[-76.156,35.338],[-76.482,35.31],[-76.569,35.098],[-76.313,34.927],[-76.498,34.732],[-77.113,34.681],[-77.582,34.4],[-78.161,33.913],[-78.391,33.899],[-78.773,33.769],[-79.085,33.484],[-79.171,33.295],[-79.522,33.035],[-79.886,32.685],[-80.246,32.536],[-80.678,32.237],[-81.131,31.723],[-81.435,31.015],[-81.442,30.601],[-81.254,29.777],[-80.966,29.148],[-80.74,28.802],[-80.564,28.436],[-80.509,27.97],[-80.365,27.685],[-80.032,26.796],[-80.155,25.723],[-80.249,25.713],[-80.376,25.308],[-80.515,25.22],[-81.08,25.119],[-81.157,25.435],[-81.379,25.757],[-81.593,25.883],[-82.171,26.771],[-82.265,26.757],[-82.687,27.508],[-82.849,27.863],[-82.653,28.577],[-82.82,29.162],[-83.088,29.216],[-83.601,29.833],[-84.024,30.103],[-84.246,30.093],[-84.759,29.788],[-85.316,29.687],[-85.405,29.938],[-85.923,30.238],[-86.314,30.366],[-86.739,30.393],[-87.918,30.253],[-87.835,30.361],[-88.011,30.685],[-88.24,30.375],[-88.846,30.421],[-89.288,30.333],[-89.846,30.021],[-89.665,29.863],[-89.376,29.906],[-89.344,29.782],[-89.683,29.597],[-89.526,29.418],[-89.2,29.344],[-89.067,29.091],[-89.378,28.956],[-89.456,29.192],[-89.671,29.39],[-89.982,29.438],[-90.108,29.265],[-90.455,29.329],[-90.89,29.13],[-91.157,29.244],[-91.336,29.468],[-91.836,29.828],[-92.167,29.7],[-92.323,29.531],[-92.671,29.6],[-93.251,29.778],[-93.635,29.753],[-94.056,29.671],[-94.564,29.481],[-94.719,29.765],[-94.999,29.709],[-94.919,29.287],[-95.392,28.868],[-96.342,28.419],[-96.482,28.33],[-96.705,28.356],[-97.009,28.203],[-97.274,27.882],[-97.495,27.287],[-97.479,26.807],[-97.414,26.513],[-97.147,25.956],[-97.339,25.93],[-98.034,26.055],[-98.388,26.159],[-98.852,26.365],[-99.053,26.402],[-99.446,27.024],[-99.488,27.414],[-99.625,27.637],[-99.886,27.852],[-100.346,28.407],[-100.683,29.11],[-101.306,29.625],[-101.596,29.772],[-102.202,29.839],[-102.668,29.74],[-102.807,29.51],[-102.899,29.21],[-103.179,28.981],[-103.362,29.019],[-104.051,29.328],[-104.512,29.644],[-104.657,29.889],[-104.692,30.109],[-104.908,30.582],[-105.543,30.985],[-106.05,31.396],[-106.381,31.732],[-106.528,31.784],[-108.078,31.784],[-108.209,31.751],[-108.219,31.333],[-111.097,31.34],[-113.101,31.963],[-114.677,32.453],[-114.72,32.719],[-117.123,32.534],[-117.281,33.012],[-117.506,33.333],[-118.055,33.701],[-118.413,33.884],[-119.257,34.213],[-119.617,34.421],[-120.474,34.467],[-120.608,34.557],[-120.633,35.033],[-121.021,35.479],[-121.794,36.233],[-121.993,36.959],[-122.155,36.981],[-122.409,37.214],[-122.517,37.591],[-122.163,37.667],[-122.364,37.905],[-122.694,37.901],[-122.961,38.113],[-123.22,38.499],[-123.703,38.902],[-123.777,39.226],[-123.767,39.56],[-123.84,39.796],[-124.081,40.066],[-124.363,40.261],[-124.409,40.443],[-124.118,40.989],[-124.102,41.597],[-124.544,42.823],[-124.232,43.562],[-124.15,43.911],[-123.976,45.143],[-123.949,45.565],[-124.007,46.372],[-123.975,46.714],[-123.852,46.964],[-124.151,47.021],[-124.431,47.746],[-124.672,47.968],[-124.731,48.376],[-123.84,48.156],[-122.98,48.096],[-122.749,48.117],[-122.65,47.864],[-122.477,47.746],[-122.533,47.454],[-122.83,47.133],[-122.674,47.108],[-122.325,47.348],[-122.421,47.576],[-122.247,48.034],[-122.478,48.468],[-122.449,48.623],[-122.818,48.939],[-122.758,49.002]]],[[[-177.913,51.628],[-178.092,51.919],[-177.71,51.835],[-177.913,51.628]]],[[[-176.397,51.733],[-176.921,51.608],[-176.784,51.896],[-176.579,52.001],[-176.397,51.733]]],[[[-174.754,52.016],[-174.245,52.276],[-174.212,52.106],[-174.754,52.016]]],[[[173.251,52.944],[172.904,52.762],[172.629,53.001],[173.251,52.944]]],[[[-168.533,53.034],[-168.805,53.12],[-168.331,53.48],[-168.133,53.548],[-167.84,53.395],[-168.533,53.034]]],[[[-166.638,53.884],[-166.244,53.877],[-166.313,53.677],[-166.67,53.518],[-167.471,53.291],[-167.69,53.387],[-167.089,53.529],[-166.638,53.884]]],[[[-163.409,54.857],[-163.208,54.694],[-163.805,54.636],[-164.829,54.418],[-164.929,54.596],[-164.558,54.865],[-163.911,55.026],[-163.529,55.045],[-163.409,54.857]]],[[[-133.096,56.055],[-132.815,56.014],[-132.507,55.818],[-132.252,55.532],[-131.954,54.799],[-132.344,54.746],[-132.731,55.141],[-133.076,55.163],[-133.302,55.311],[-133.088,55.423],[-133.437,55.658],[-133.33,55.826],[-133.621,56.084],[-133.625,56.359],[-133.317,56.332],[-133.096,56.055]]],[[[-132.951,56.874],[-132.543,56.589],[-132.802,56.496],[-133.431,56.457],[-133.886,56.599],[-133.961,56.091],[-134.252,56.135],[-134.338,56.899],[-134.044,56.92],[-133.911,57.099],[-133.316,57.013],[-132.951,56.874]]],[[[-134.635,56.249],[-134.896,56.328],[-135.056,56.574],[-135.389,56.778],[-135.287,57.041],[-135.345,57.245],[-135.62,57.371],[-135.539,57.448],[-135.537,57.508],[-134.962,57.426],[-134.834,57.296],[-134.622,56.667],[-134.635,56.249]]],[[[-153.257,57.998],[-152.498,57.729],[-152.446,57.437],[-153.107,57.291],[-152.958,57.121],[-153.242,57.004],[-153.576,57.042],[-153.974,56.744],[-154.301,56.851],[-154.77,57.288],[-154.603,57.518],[-154.226,57.662],[-153.981,57.646],[-153.634,57.883],[-153.257,57.998]]],[[[-134.201,58.112],[-134.285,57.887],[-133.937,57.602],[-133.869,57.38],[-134.491,57.027],[-134.639,57.185],[-134.568,57.471],[-134.873,58.182],[-134.722,58.232],[-134.201,58.112]]],[[[-135.657,58.228],[-134.951,58.039],[-134.995,57.884],[-134.851,57.582],[-135.088,57.465],[-135.566,57.67],[-135.553,57.456],[-135.707,57.369],[-135.967,57.472],[-136.213,57.763],[-136.55,57.909],[-136.538,58.097],[-135.779,58.284],[-135.657,58.228]]],[[[-152.759,58.012],[-153.36,58.04],[-152.829,58.298],[-152.743,58.456],[-152.447,58.481],[-152.057,58.31],[-152.759,58.012]]],[[[-147.541,59.843],[-147.473,60.079],[-147.094,60.36],[-146.915,60.296],[-147.541,59.843]]],[[[-165.693,60.255],[-165.645,59.982],[-166.209,59.775],[-167.117,59.992],[-167.438,60.2],[-166.185,60.388],[-165.693,60.255]]],[[[-171.547,63.665],[-170.948,63.572],[-170.294,63.687],[-170.055,63.534],[-169.488,63.361],[-169.071,63.339],[-169.001,63.151],[-169.775,63.023],[-170.433,63.318],[-171.104,63.422],[-171.401,63.32],[-171.841,63.489],[-171.547,63.665]]],[[[-141.0,69.646],[-141.002,60.306],[-140.537,60.223],[-139.825,60.265],[-139.693,60.335],[-139.075,60.352],[-139.199,60.088],[-138.829,59.933],[-137.607,59.244],[-137.506,59.003],[-136.576,59.174],[-136.325,59.59],[-135.479,59.798],[-135.029,59.564],[-134.688,59.217],[-133.402,58.418],[-133.129,58.089],[-132.498,57.452],[-132.054,56.855],[-131.776,56.602],[-130.737,56.338],[-130.104,56.123],[-130.009,55.912],[-130.153,55.766],[-130.093,55.199],[-130.283,54.967],[-130.738,54.749],[-130.945,54.816],[-131.064,55.26],[-131.234,55.401],[-131.674,55.333],[-132.186,55.588],[-132.235,55.744],[-131.648,56.2],[-132.182,56.158],[-132.125,55.953],[-132.703,56.114],[-132.548,56.323],[-132.232,56.415],[-132.367,56.595],[-132.762,56.832],[-132.856,57.013],[-133.394,57.134],[-133.672,57.625],[-133.631,57.8],[-134.088,58.187],[-134.628,58.323],[-135.194,58.693],[-135.069,58.303],[-135.477,58.426],[-136.732,58.27],[-137.593,58.596],[-138.338,59.067],[-139.314,59.345],[-139.857,59.535],[-139.496,59.694],[-139.77,59.842],[-140.325,59.693],[-140.875,59.739],[-141.778,59.972],[-142.699,60.093],[-143.81,60.003],[-144.126,60.015],[-144.372,60.168],[-144.824,60.216],[-145.111,60.334],[-145.739,60.46],[-145.663,60.659],[-146.43,60.685],[-146.733,60.918],[-147.414,61.001],[-148.103,60.737],[-147.993,60.409],[-148.15,60.035],[-148.676,59.927],[-149.437,60.029],[-150.342,59.436],[-150.741,59.416],[-151.099,59.242],[-151.744,59.159],[-151.884,59.359],[-151.302,59.58],[-151.871,59.77],[-151.27,60.539],[-151.176,60.781],[-150.432,61.024],[-149.923,60.921],[-149.724,61.015],[-150.044,61.249],[-150.685,61.264],[-151.48,61.012],[-152.294,60.412],[-152.74,60.228],[-152.866,59.875],[-153.049,59.699],[-154.133,59.373],[-154.158,59.022],[-153.686,59.061],[-153.293,58.859],[-153.459,58.709],[-154.01,58.491],[-154.403,58.127],[-154.835,58.019],[-155.89,57.545],[-156.488,57.331],[-156.337,57.188],[-156.56,57.016],[-157.363,56.853],[-157.969,56.493],[-158.285,56.48],[-158.622,56.202],[-158.735,55.976],[-159.606,55.81],[-159.821,55.856],[-160.439,55.574],[-161.242,55.356],[-161.504,55.361],[-161.878,55.237],[-162.219,55.03],[-163.056,54.932],[-163.299,55.105],[-162.629,55.365],[-162.306,55.652],[-161.789,55.896],[-161.275,55.985],[-160.67,55.697],[-160.47,55.829],[-160.574,55.987],[-160.35,56.283],[-159.868,56.517],[-158.697,56.938],[-158.231,57.319],[-157.678,57.562],[-157.536,58.272],[-157.413,58.52],[-157.061,58.726],[-157.257,58.838],[-158.172,58.613],[-158.515,58.849],[-158.855,58.725],[-158.701,58.487],[-159.065,58.424],[-159.623,58.934],[-159.947,58.803],[-160.518,59.011],[-161.757,58.58],[-161.835,59.042],[-162.057,59.271],[-161.75,59.543],[-162.373,60.169],[-162.63,59.974],[-163.158,59.845],[-163.705,59.795],[-164.137,59.843],[-164.169,59.966],[-164.713,60.292],[-165.344,60.578],[-164.868,60.833],[-165.002,61.056],[-165.365,61.108],[-165.838,61.309],[-166.067,61.532],[-165.692,62.125],[-165.183,62.481],[-164.79,62.588],[-164.811,62.911],[-164.411,63.215],[-164.044,63.261],[-163.332,63.033],[-162.663,63.227],[-162.335,63.459],[-161.15,63.501],[-160.769,63.769],[-160.955,64.213],[-161.236,64.375],[-160.792,64.619],[-161.15,64.921],[-162.217,64.649],[-162.607,64.46],[-163.598,64.564],[-164.307,64.561],[-165.097,64.45],[-166.181,64.577],[-166.718,65.109],[-166.39,65.304],[-167.278,65.397],[-168.045,65.57],[-167.915,65.742],[-165.895,66.306],[-164.401,66.581],[-163.753,66.549],[-163.967,66.172],[-163.619,66.057],[-162.717,66.075],[-161.887,66.027],[-161.492,66.261],[-161.112,66.327],[-161.885,66.718],[-161.823,67.049],[-162.649,67.007],[-163.742,67.15],[-163.864,67.406],[-164.154,67.622],[-165.336,68.024],[-166.632,68.338],[-166.372,68.426],[-166.191,68.773],[-164.239,68.932],[-163.558,69.129],[-163.19,69.357],[-162.943,69.85],[-162.467,70.129],[-161.871,70.328],[-161.288,70.297],[-160.325,70.52],[-159.649,70.795],[-158.992,70.765],[-157.841,70.861],[-157.421,70.977],[-156.569,71.353],[-155.521,71.073],[-155.072,71.153],[-154.577,70.999],[-154.493,70.825],[-153.043,70.909],[-152.308,70.776],[-152.36,70.599],[-151.73,70.433],[-151.085,70.403],[-149.5,70.509],[-147.856,70.238],[-147.219,70.167],[-146.286,70.176],[-144.688,69.966],[-143.685,70.134],[-143.134,70.118],[-141.41,69.693],[-141.0,69.646]]]]}},{"type":"Feature","id":"FJI","properties":{"id":"FJI"},"geometry":{"type":"MultiPolygon","coordinates":[[[[178.608,-17.979],[178.554,-18.101],[178.345,-18.128],[178.118,-18.262],[177.881,-18.269],[177.341,-18.125],[177.273,-17.863],[177.69,-17.436],[178.182,-17.335],[178.449,-17.565],[178.608,-17.979]]],[[[179.97,-16.181],[179.564,-16.571],[179.548,-16.763],[179.382,-16.802],[179.199,-16.699],[179.067,-16.881],[178.797,-16.959],[178.504,-16.826],[178.587,-16.649],[179.356,-16.407],[179.479,-16.289],[179.97,-16.181]]]]}},{"type":"Feature","id":"RUS","properties":{"id":"RUS"},"geometry":{"type":"MultiPolygon","coordinates":[[[[149.685,45.619],[149.68,45.846],[150.219,46.18],[150.306,46.061],[149.685,45.619]]],[[[155.879,50.243],[155.386,50.035],[155.285,50.306],[155.641,50.378],[155.903,50.695],[156.153,50.582],[155.879,50.243]]],[[[142.827,54.26],[142.887,53.953],[143.131,53.382],[143.098,53.08],[143.321,52.774],[143.095,52.158],[143.147,51.815],[143.467,51.362],[143.69,50.676],[143.907,50.126],[144.462,48.997],[144.136,49.223],[143.741,49.309],[143.32,49.295],[142.982,49.128],[142.552,48.069],[142.536,47.788],[142.624,47.588],[143.054,47.029],[143.429,46.817],[143.59,46.389],[143.152,46.601],[142.685,46.747],[142.409,46.58],[142.196,46.066],[141.932,46.06],[141.813,46.584],[142.059,47.08],[141.967,47.613],[142.196,48.0],[142.044,48.461],[141.972,48.889],[142.134,49.504],[142.167,50.141],[142.101,50.42],[142.249,51.147],[142.011,51.515],[141.661,51.904],[141.69,52.404],[141.821,52.592],[141.88,53.097],[141.753,53.366],[142.246,53.532],[142.443,53.368],[142.655,53.502],[142.787,53.73],[142.331,54.279],[142.827,54.26]]],[[[137.946,54.747],[137.727,54.623],[137.241,54.759],[137.519,55.125],[137.944,55.114],[138.137,54.997],[137.946,54.747]]],[[[21.264,55.246],[22.129,55.038],[22.535,55.062],[22.881,54.812],[22.727,54.683],[22.792,54.364],[21.441,54.321],[19.804,54.443],[20.042,54.567],[19.985,54.964],[20.45,54.958],[20.955,55.281],[20.982,55.277],[20.53,54.961],[21.01,54.894],[21.253,54.97],[21.264,55.246]]],[[[166.63,54.858],[166.192,54.93],[165.79,55.319],[165.962,55.372],[166.63,54.858]]],[[[164.233,58.814],[163.574,58.575],[163.977,59.027],[164.614,59.223],[164.656,58.87],[164.233,58.814]]],[[[71.534,66.622],[71.026,66.589],[70.927,66.798],[71.356,66.855],[71.534,66.622]]],[[[49.703,68.878],[48.67,68.706],[48.265,68.871],[48.413,69.348],[49.254,69.506],[50.236,69.172],[49.703,68.878]]],[[[169.258,69.584],[168.918,69.554],[167.777,69.811],[168.373,70.015],[169.458,69.81],[169.258,69.584]]],[[[59.069,70.456],[60.456,69.899],[60.486,69.726],[59.605,69.709],[58.631,70.059],[58.717,70.346],[59.069,70.456]]],[[[53.13,70.947],[52.317,71.343],[52.817,71.388],[53.21,71.138],[53.13,70.947]]],[[[77.613,72.29],[77.055,72.393],[77.614,72.603],[78.166,72.56],[78.316,72.395],[77.613,72.29]]],[[[79.548,72.74],[78.62,72.856],[79.295,73.096],[79.548,72.74]]],[[[55.221,73.351],[56.346,73.228],[56.006,72.776],[55.408,72.433],[55.321,71.92],[56.198,71.186],[56.925,70.889],[57.58,70.705],[57.261,70.548],[55.59,70.703],[55.17,70.545],[53.768,70.93],[53.743,71.15],[52.643,71.537],[52.088,71.457],[51.653,71.527],[51.438,71.778],[51.574,72.06],[52.407,72.046],[52.942,72.545],[52.424,72.737],[52.571,72.847],[53.289,72.901],[53.173,73.133],[53.421,73.228],[55.221,73.351]]],[[[70.897,73.114],[69.92,73.04],[70.085,73.403],[70.912,73.489],[71.272,73.428],[71.646,73.167],[70.897,73.114]]],[[[143.598,73.455],[143.257,73.18],[141.633,73.294],[140.842,73.423],[140.81,73.622],[141.165,73.866],[142.122,73.91],[143.272,73.627],[143.598,73.455]]],[[[140.705,73.912],[140.203,74.074],[140.414,74.258],[141.125,74.203],[140.705,73.912]]],[[[113.464,74.356],[112.826,74.081],[111.697,74.24],[112.018,74.548],[113.212,74.497],[113.464,74.356]]],[[[146.761,75.366],[147.631,75.443],[148.258,75.403],[148.989,75.225],[149.396,75.264],[150.709,75.126],[150.673,74.891],[149.551,74.755],[148.227,74.775],[147.561,74.973],[146.219,75.24],[146.761,75.366]]],[[[140.62,75.709],[141.061,76.058],[141.811,76.112],[142.639,75.856],[144.087,75.801],[145.233,75.58],[144.792,75.374],[144.714,75.144],[144.116,75.014],[142.519,74.802],[142.232,75.017],[139.529,74.736],[139.18,74.637],[138.341,74.747],[137.376,75.061],[136.983,75.269],[137.299,75.491],[137.178,75.71],[137.755,76.001],[138.596,76.17],[139.772,75.976],[140.62,75.709]]],[[[68.823,76.521],[68.14,76.251],[66.237,75.962],[62.193,75.443],[61.284,75.273],[60.5,74.937],[60.34,74.768],[58.578,74.449],[58.683,74.223],[57.89,73.902],[57.895,73.769],[56.743,73.233],[54.936,73.439],[53.702,73.776],[55.491,74.267],[55.75,74.431],[55.625,74.64],[56.654,74.655],[55.788,75.07],[56.647,75.077],[57.058,75.373],[57.715,75.372],[58.162,75.662],[58.684,75.78],[60.445,76.0],[61.081,76.263],[62.657,76.199],[64.564,76.361],[65.964,76.587],[66.048,76.744],[67.538,76.991],[68.78,76.872],[68.823,76.521]]],[[[-180.0,68.98],[-179.011,68.787],[-177.761,68.359],[-175.294,67.605],[-174.763,67.301],[-174.9,67.038],[-174.739,66.599],[-174.468,66.401],[-173.853,66.288],[-174.02,66.962],[-173.658,67.096],[-171.639,66.911],[-171.369,66.685],[-170.112,66.205],[-169.854,66.165],[-170.56,65.848],[-170.583,65.604],[-171.166,65.716],[-171.238,65.52],[-172.246,65.42],[-172.093,65.089],[-172.387,64.917],[-172.876,64.865],[-172.876,64.696],[-172.409,64.526],[-172.592,64.375],[-173.086,64.246],[-173.96,64.417],[-174.262,64.651],[-175.392,64.821],[-175.777,65.066],[-175.899,65.407],[-176.922,65.6],[-177.519,65.456],[-178.247,65.447],[-178.505,65.534],[-178.662,65.785],[-178.642,66.038],[-179.062,66.244],[-179.672,66.16],[-179.661,65.765],[-179.282,65.51],[-179.578,65.202],[-180.0,65.028],[-180.527,64.796],[-181.211,64.629],[-182.28,64.688],[-182.705,64.823],[-183.53,64.812],[-183.255,64.59],[-182.629,64.747],[-182.5,64.412],[-182.187,64.252],[-181.378,64.047],[-181.107,63.419],[-180.424,62.825],[-180.41,62.615],[-180.918,62.271],[-181.92,62.521],[-183.015,62.514],[-184.584,62.099],[-185.365,61.835],[-186.255,61.699],[-186.927,61.384],[-187.502,61.186],[-187.907,60.881],[-189.299,60.407],[-189.569,59.969],[-189.731,59.93],[-190.106,60.164],[-190.26,60.396],[-190.844,60.554],[-191.628,60.599],[-192.891,60.361],[-193.729,59.817],[-193.914,59.816],[-193.663,60.386],[-193.926,60.416],[-194.695,60.132],[-194.763,59.997],[-195.184,59.873],[-195.547,60.108],[-196.419,59.892],[-196.709,59.591],[-196.952,59.003],[-197.482,58.726],[-197.873,58.334],[-197.998,58.013],[-197.709,57.796],[-197.257,57.926],[-196.693,57.727],[-196.878,57.502],[-197.173,57.38],[-197.199,56.864],[-197.018,56.699],[-196.735,56.7],[-196.631,56.189],[-196.938,56.01],[-197.378,56.232],[-197.908,56.082],[-198.213,55.645],[-198.198,55.169],[-197.878,54.752],[-198.357,54.516],[-198.807,54.582],[-199.441,54.457],[-199.955,54.166],[-200.155,53.78],[-200.011,53.251],[-200.383,53.25],[-200.966,53.08],[-201.385,53.04],[-201.466,52.903],[-201.531,52.263],[-202.1,51.635],[-202.762,51.221],[-203.274,50.94],[-203.47,51.33],[-203.48,51.891],[-203.538,52.127],[-203.884,52.991],[-204.058,53.816],[-204.318,54.599],[-204.453,55.388],[-204.344,55.904],[-204.011,56.688],[-203.883,56.815],[-203.268,57.124],[-203.048,57.352],[-203.107,57.696],[-202.935,57.801],[-202.499,57.814],[-201.856,58.008],[-200.915,58.433],[-200.264,58.87],[-200.164,59.1],[-199.546,59.447],[-199.089,59.634],[-198.275,60.102],[-197.714,60.53],[-196.853,60.777],[-196.263,60.847],[-196.224,61.173],[-196.016,61.66],[-195.827,62.271],[-195.429,62.44],[-194.796,62.486],[-195.548,62.686],[-196.711,62.516],[-196.855,62.067],[-197.163,61.71],[-197.69,61.576],[-198.976,60.93],[-199.145,60.781],[-199.829,60.643],[-199.688,60.898],[-200.078,61.012],[-200.129,61.255],[-199.719,61.561],[-199.669,61.938],[-200.196,61.703],[-200.588,61.857],[-201.122,61.871],[-201.819,61.768],[-202.435,61.789],[-202.984,61.611],[-203.5,61.19],[-204.072,60.871],[-204.085,60.753],[-205.146,60.312],[-205.586,59.997],[-205.77,59.737],[-205.531,59.533],[-204.853,59.379],[-204.872,59.178],[-206.104,59.102],[-206.624,59.225],[-207.115,58.917],[-207.455,58.964],[-207.998,58.879],[-208.647,58.871],[-208.881,59.096],[-208.528,59.163],[-207.957,59.145],[-207.836,59.292],[-208.228,59.358],[-208.536,59.568],[-209.351,59.522],[-209.531,59.597],[-210.416,59.758],[-210.913,59.624],[-211.034,59.283],[-211.399,59.246],[-211.596,59.377],[-212.15,59.375],[-212.459,59.258],[-213.548,59.463],[-213.701,59.189],[-214.016,59.149],[-214.159,59.406],[-215.238,59.374],[-216.837,59.359],[-217.534,59.2],[-218.0,58.978],[-218.455,58.601],[-219.227,58.299],[-219.478,57.95],[-220.482,57.35],[-220.927,57.205],[-221.83,56.606],[-221.862,56.442],[-222.28,56.162],[-223.693,55.454],[-223.852,55.297],[-224.449,55.086],[-224.773,54.902],[-224.725,54.72],[-224.288,54.574],[-223.131,54.556],[-223.32,53.916],[-223.212,53.759],[-222.875,53.806],[-222.524,54.124],[-222.279,53.962],[-222.681,53.529],[-222.147,53.563],[-221.729,53.713],[-221.54,53.521],[-221.34,53.708],[-221.217,54.283],[-220.782,54.174],[-220.381,54.242],[-219.792,54.024],[-219.645,53.77],[-218.559,53.162],[-218.813,52.997],[-218.736,52.651],[-218.801,52.507],[-218.563,52.151],[-218.735,51.887],[-219.252,51.342],[-219.499,50.861],[-219.555,50.493],[-219.502,50.257],[-219.536,49.465],[-219.699,48.877],[-219.953,48.365],[-220.701,47.82],[-220.874,47.57],[-221.381,47.075],[-221.899,46.262],[-222.279,45.856],[-222.748,45.472],[-223.221,45.139],[-223.598,44.783],[-224.088,44.411],[-224.346,44.146],[-224.49,43.895],[-224.744,43.713],[-224.87,43.497],[-226.038,42.907],[-226.987,42.716],[-227.514,42.91],[-227.657,43.167],[-228.241,43.286],[-228.58,42.926],[-228.783,42.608],[-229.107,42.632],[-229.361,42.417],[-229.604,42.724],[-229.34,42.845],[-228.963,42.87],[-228.74,43.32],[-228.78,43.587],[-228.704,44.043],[-228.938,44.768],[-228.826,44.935],[-228.511,44.98],[-228.274,45.228],[-228.08,45.308],[-227.057,45.022],[-226.889,45.226],[-226.818,45.491],[-226.552,45.7],[-226.265,46.075],[-225.854,47.092],[-225.613,47.437],[-225.229,47.755],[-225.333,48.173],[-225.29,48.394],[-225.847,48.354],[-226.734,48.112],[-227.162,47.955],[-227.534,47.721],[-228.438,47.691],[-229.045,47.789],[-229.3,48.153],[-229.347,48.824],[-229.78,48.88],[-230.458,49.366],[-231.631,49.57],[-232.181,49.59],[-232.477,49.868],[-232.491,50.079],[-232.716,50.712],[-233.109,51.213],[-233.66,52.376],[-234.372,53.054],[-234.833,53.2],[-235.126,53.162],[-235.655,53.295],[-236.421,53.538],[-237.157,53.459],[-237.718,53.474],[-238.882,53.288],[-239.402,53.092],[-239.839,52.812],[-239.682,52.624],[-239.291,52.554],[-239.232,52.179],[-239.288,52.0],[-239.871,51.675],[-240.223,51.151],[-240.843,50.418],[-240.638,50.31],[-240.911,49.996],[-241.415,49.932],[-241.922,49.624],[-242.33,49.562],[-243.006,49.725],[-243.286,49.846],[-243.714,50.019],[-244.259,49.886],[-244.761,49.984],[-245.147,50.219],[-245.675,50.283],[-246.658,49.889],[-246.879,49.712],[-247.37,49.513],[-248.13,49.375],[-248.598,49.353],[-249.037,49.223],[-249.464,49.189],[-250.353,49.226],[-250.569,49.288],[-251.54,49.359],[-251.912,49.592],[-252.045,49.892],[-252.955,50.12],[-253.268,50.317],[-254.146,50.433],[-254.742,50.441],[-255.492,50.315],[-255.98,50.15],[-256.644,50.202],[-257.302,50.394],[-257.748,50.798],[-257.849,51.283],[-258.091,51.411],[-258.981,51.585],[-259.533,51.741],[-260.157,51.806],[-260.859,52.028],[-261.089,52.148],[-261.414,51.799],[-261.766,51.602],[-262.046,51.318],[-262.116,50.936],[-262.008,50.718],[-261.687,50.495],[-261.703,50.317],[-261.943,50.033],[-262.524,49.802],[-263.001,49.889],[-264.236,49.998],[-264.759,49.962],[-265.392,50.044],[-265.617,50.261],[-265.752,50.585],[-266.686,50.609],[-267.484,50.788],[-268.344,50.644],[-268.778,50.444],[-269.285,50.301],[-270.196,49.953],[-270.565,49.633],[-271.034,49.464],[-271.792,49.471],[-271.846,49.286],[-272.186,49.17],[-272.714,49.116],[-272.806,49.251],[-273.438,49.714],[-273.83,49.498],[-274.678,49.591],[-274.795,49.657],[-274.968,50.002],[-275.734,50.359],[-275.784,50.543],[-276.208,50.887],[-276.586,51.01],[-276.822,51.008],[-277.265,50.854],[-277.75,50.752],[-278.532,50.809],[-278.879,51.067],[-278.891,51.196],[-279.324,51.314],[-279.675,50.925],[-279.957,50.781],[-280.805,51.913],[-282.081,53.277],[-283.495,54.036],[-283.245,54.166],[-283.071,54.458],[-284.402,54.099],[-285.038,53.822],[-285.195,53.826],[-285.526,53.578],[-286.111,53.64],[-286.56,53.436],[-286.745,53.641],[-286.724,53.943],[-287.01,54.084],[-287.561,54.116],[-287.929,54.201],[-288.817,54.097],[-288.89,54.322],[-288.751,54.608],[-289.196,55.267],[-290.106,55.264],[-290.297,55.351],[-291.084,55.366],[-291.778,55.126],[-291.879,54.958],[-292.227,54.886],[-293.391,54.737],[-294.542,54.626],[-294.766,54.397],[-295.929,54.305],[-297.094,54.117],[-297.596,54.005],[-298.283,54.024],[-298.682,54.077],[-298.878,53.974],[-299.014,53.672],[-298.662,53.558],[-298.824,53.311],[-297.881,53.112],[-297.87,52.99],[-298.732,53.023],[-298.939,52.979],[-299.235,52.627],[-298.957,52.335],[-299.233,52.203],[-299.915,51.992],[-299.583,51.713],[-298.791,51.454],[-298.515,51.41],[-298.37,51.247],[-298.545,50.829],[-299.167,50.662],[-299.674,50.67],[-299.787,50.755],[-300.222,50.541],[-300.537,50.58],[-301.184,50.752],[-301.653,51.175],[-302.061,51.09],[-302.492,50.876],[-302.854,51.088],[-303.467,51.057],[-304.018,50.664],[-304.29,50.553],[-304.739,50.728],[-305.256,51.018],[-305.271,50.625],[-305.534,50.757],[-305.838,51.063],[-306.596,51.488],[-307.433,51.459],[-307.68,51.76],[-308.001,51.683],[-308.36,51.494],[-308.621,51.641],[-309.115,51.709],[-309.635,51.346],[-310.426,51.11],[-310.638,50.84],[-310.991,50.682],[-311.388,50.613],[-311.269,50.263],[-311.101,50.015],[-311.59,49.82],[-311.769,49.882],[-312.08,50.251],[-312.388,50.464],[-312.708,50.281],[-312.686,50.155],[-313.059,49.873],[-313.208,49.38],[-312.972,49.09],[-313.221,48.948],[-313.506,48.433],[-312.881,48.261],[-312.913,47.946],[-312.802,47.759],[-312.012,47.759],[-311.7,47.574],[-311.426,47.317],[-311.042,46.841],[-311.444,46.581],[-310.779,46.345],[-311.373,45.911],[-311.863,45.741],[-312.146,45.717],[-312.432,45.564],[-312.883,44.865],[-313.227,44.692],[-313.287,44.425],[-312.943,44.318],[-312.734,44.144],[-312.434,43.685],[-312.513,43.456],[-312.534,43.014],[-312.201,42.614],[-311.681,42.058],[-311.421,41.844],[-312.127,41.217],[-312.598,41.269],[-312.849,41.538],[-313.161,41.745],[-313.574,41.912],[-314.026,42.035],[-314.389,42.21],[-314.489,42.538],[-314.844,42.708],[-315.31,42.749],[-316.013,42.567],[-316.189,42.598],[-316.599,42.897],[-317.16,43.177],[-317.556,43.229],[-318.359,43.224],[-319.286,43.532],[-319.884,43.569],[-319.992,43.385],[-320.765,43.977],[-321.22,44.282],[-322.28,44.647],[-323.167,45.114],[-323.28,45.351],[-323.021,45.395],[-322.653,45.326],[-322.47,45.376],[-322.305,45.701],[-322.103,45.914],[-321.85,46.008],[-321.71,46.264],[-322.096,46.412],[-322.262,46.683],[-321.644,46.658],[-321.086,46.956],[-320.694,47.063],[-320.762,47.255],[-321.18,47.174],[-321.77,47.119],[-321.711,47.489],[-321.163,47.859],[-320.497,47.84],[-320.181,47.951],[-320.021,48.227],[-320.227,48.591],[-320.207,49.053],[-319.895,49.209],[-319.837,49.368],[-320.056,49.586],[-320.772,49.823],[-321.222,49.885],[-321.698,50.087],[-321.942,49.924],[-322.355,50.174],[-322.64,50.436],[-323.316,50.25],[-323.934,50.451],[-324.373,50.352],[-324.586,50.569],[-324.625,51.009],[-324.85,51.221],[-325.332,51.199],[-325.699,51.334],[-325.747,51.556],[-325.677,51.877],[-326.162,52.36],[-326.635,52.361],[-327.376,52.295],[-327.655,52.157],[-328.057,52.059],[-328.218,52.112],[-328.509,52.858],[-328.664,52.99],[-328.592,53.199],[-327.852,53.083],[-327.253,53.343],[-327.251,53.467],[-327.586,53.73],[-328.197,53.855],[-328.31,54.107],[-328.687,54.284],[-329.012,54.691],[-329.003,55.136],[-329.155,55.625],[-329.485,55.788],[-330.025,55.871],[-330.434,55.73],[-330.55,55.957],[-330.857,56.028],[-331.681,56.059],[-331.849,56.171],[-331.761,56.271],[-331.864,56.549],[-332.154,56.877],[-332.256,57.358],[-332.648,57.518],[-332.332,57.958],[-332.506,58.312],[-332.573,58.821],[-331.791,59.372],[-331.958,59.472],[-331.777,59.708],[-330.665,59.98],[-329.84,59.862],[-330.054,60.111],[-330.471,60.183],[-330.975,60.182],[-331.249,60.321],[-331.234,60.721],[-331.766,60.547],[-332.197,60.549],[-331.612,60.882],[-330.722,61.303],[-328.777,62.5],[-328.413,62.909],[-328.762,63.219],[-329.537,63.482],[-330.028,63.757],[-329.472,64.049],[-329.656,64.307],[-330.39,65.009],[-330.245,65.61],[-329.966,65.69],[-330.076,66.127],[-330.875,66.787],[-330.926,66.997],[-330.07,67.522],[-329.99,67.661],[-330.508,67.94],[-331.347,68.195],[-331.566,68.539],[-331.454,68.886],[-331.07,69.052],[-330.575,69.32],[-330.063,69.407],[-329.856,69.635],[-329.06,69.561],[-329.177,69.79],[-328.493,69.669],[-327.586,69.862],[-326.917,69.743],[-327.148,69.563],[-326.145,69.3],[-324.839,69.174],[-324.697,69.24],[-323.693,69.074],[-322.352,68.691],[-321.544,68.333],[-320.358,68.019],[-320.065,68.046],[-319.422,67.761],[-319.026,67.696],[-318.904,67.301],[-318.645,67.095],[-318.799,66.818],[-319.627,66.378],[-320.014,66.251],[-321.397,66.053],[-322.13,66.082],[-323.123,66.276],[-324.522,66.389],[-324.933,66.525],[-326.177,66.752],[-326.563,66.739],[-327.148,66.969],[-327.303,66.751],[-327.122,66.527],[-326.397,66.462],[-326.381,66.298],[-325.425,66.047],[-325.221,65.593],[-325.639,65.381],[-325.208,64.983],[-325.194,64.507],[-324.672,64.299],[-324.369,64.376],[-323.779,64.108],[-323.69,63.979],[-322.554,63.785],[-321.93,63.99],[-321.963,64.325],[-322.163,64.429],[-322.669,64.342],[-323.424,64.72],[-323.562,64.923],[-323.156,65.146],[-322.419,65.05],[-321.82,64.713],[-321.086,64.736],[-320.44,64.543],[-319.475,64.524],[-319.336,64.668],[-319.68,64.99],[-320.277,65.339],[-320.204,65.591],[-318.949,66.014],[-318.502,66.111],[-317.785,66.512],[-317.383,66.401],[-316.829,66.411],[-316.396,66.288],[-315.949,66.042],[-315.512,66.665],[-315.521,66.93],[-315.835,67.13],[-316.231,67.193],[-315.85,67.743],[-315.78,68.277],[-316.606,68.582],[-314.256,68.466],[-313.564,68.148],[-313.325,67.813],[-314.595,67.722],[-315.029,67.479],[-315.087,67.324],[-314.732,67.225],[-313.957,66.824],[-313.454,66.821],[-312.424,66.909],[-312.256,67.013],[-312.113,67.492],[-311.957,67.629],[-311.13,67.68],[-311.192,67.845],[-310.474,67.942],[-309.172,68.351],[-307.938,68.539],[-307.685,68.307],[-307.233,68.474],[-307.542,68.588],[-306.639,68.883],[-306.065,68.794],[-306.263,68.244],[-305.875,68.11],[-305.066,68.274],[-304.63,68.544],[-303.456,68.612],[-302.686,68.529],[-302.173,68.783],[-301.097,68.979],[-300.681,68.96],[-300.886,68.406],[-300.474,68.333],[-300.084,68.412],[-299.928,68.675],[-298.799,68.843],[-299.751,69.492],[-299.241,69.654],[-299.104,69.859],[-298.413,69.767],[-296.988,69.695],[-295.688,69.493],[-294.986,69.253],[-293.249,68.866],[-292.561,68.633],[-291.773,68.28],[-291.454,68.255],[-291.018,68.683],[-291.138,68.904],[-291.514,68.968],[-291.865,69.209],[-291.974,69.494],[-293.192,69.703],[-293.113,69.96],[-292.563,70.029],[-292.772,70.516],[-292.602,70.703],[-293.189,70.933],[-292.818,71.302],[-292.046,71.506],[-291.491,71.826],[-291.055,72.64],[-290.661,72.936],[-289.93,72.867],[-288.443,72.885],[-287.311,72.671],[-287.209,72.314],[-287.72,71.673],[-288.131,71.417],[-287.479,71.152],[-287.208,70.878],[-287.283,70.391],[-287.456,70.069],[-287.377,69.326],[-287.513,69.092],[-287.19,68.797],[-286.525,68.577],[-286.578,68.397],[-286.957,68.079],[-286.784,67.902],[-288.289,66.892],[-289.703,66.752],[-291.088,66.862],[-290.862,66.611],[-290.556,66.489],[-289.614,66.326],[-288.58,66.336],[-288.178,66.234],[-287.748,66.25],[-287.502,66.591],[-287.248,66.616],[-286.147,66.979],[-286.044,67.213],[-285.61,67.532],[-285.272,67.668],[-285.202,68.028],[-285.641,68.418],[-285.39,68.765],[-283.913,68.989],[-283.35,68.839],[-282.737,68.474],[-282.893,67.819],[-282.494,67.649],[-282.374,67.356],[-281.771,67.56],[-282.544,67.748],[-282.522,68.114],[-282.01,68.367],[-282.395,68.905],[-284.022,69.253],[-285.912,69.101],[-286.212,69.226],[-286.333,69.835],[-286.244,70.093],[-285.734,70.454],[-285.689,70.595],[-286.389,71.176],[-286.766,71.338],[-286.518,71.764],[-285.438,71.996],[-285.006,72.171],[-284.935,72.436],[-285.234,72.794],[-284.546,72.744],[-284.416,72.232],[-284.613,72.024],[-284.763,71.43],[-284.106,71.197],[-282.263,71.115],[-282.08,70.957],[-281.6,70.914],[-281.716,71.218],[-282.627,71.302],[-283.579,71.542],[-283.936,71.872],[-283.115,72.056],[-282.425,71.823],[-281.895,71.861],[-281.96,72.089],[-282.5,72.189],[-281.491,72.378],[-280.482,72.335],[-279.361,72.076],[-278.672,71.747],[-278.337,71.684],[-277.05,71.757],[-276.685,71.658],[-277.013,71.435],[-277.757,71.25],[-277.758,70.665],[-277.998,70.395],[-277.711,70.147],[-277.338,70.144],[-276.462,69.722],[-276.04,69.757],[-276.68,70.066],[-276.94,70.32],[-276.215,70.453],[-276.803,71.2],[-276.369,71.64],[-276.696,71.836],[-277.341,71.911],[-277.729,72.245],[-278.667,72.343],[-279.225,72.498],[-279.119,72.931],[-279.552,73.269],[-279.174,73.547],[-278.073,73.626],[-276.244,73.655],[-274.511,73.73],[-274.238,73.818],[-273.058,73.863],[-272.68,74.044],[-274.101,74.359],[-273.398,74.557],[-274.183,74.638],[-273.865,74.83],[-273.079,74.684],[-272.553,75.037],[-271.752,75.135],[-270.771,75.485],[-266.575,75.829],[-266.933,76.048],[-265.995,76.044],[-264.528,76.156],[-263.852,76.095],[-263.834,75.946],[-262.391,75.985],[-260.772,76.333],[-260.713,76.459],[-259.677,76.442],[-258.875,76.544],[-258.815,76.943],[-257.864,77.353],[-256.807,77.612],[-256.032,77.694],[-254.153,77.56],[-254.491,77.075],[-252.695,76.995],[-252.691,76.818],[-253.422,76.574],[-252.408,76.499],[-251.555,76.724],[-248.341,76.695],[-247.184,76.312],[-246.532,76.162],[-246.129,75.763],[-246.327,75.311],[-247.23,74.942],[-248.335,74.682],[-249.597,74.489],[-250.128,74.195],[-250.92,74.046],[-251.748,73.682],[-252.927,73.516],[-253.456,73.158],[-252.137,73.162],[-251.591,73.295],[-250.283,73.432],[-249.401,73.637],[-250.255,73.67],[-250.405,73.828],[-250.036,73.999],[-248.8,73.962],[-248.203,73.736],[-247.365,73.706],[-246.803,73.828],[-246.496,73.507],[-245.11,73.602],[-244.68,73.702],[-242.791,73.598],[-241.279,73.555],[-241.586,73.412],[-241.472,73.179],[-240.403,73.027],[-239.172,72.953],[-236.786,72.9],[-236.356,73.188],[-236.62,73.386],[-236.216,73.586],[-235.52,73.75],[-234.883,73.67],[-233.548,73.351],[-232.991,73.512],[-230.752,73.094],[-230.594,72.933],[-230.715,72.605],[-230.421,72.138],[-231.31,72.058],[-231.409,71.886],[-230.665,71.515],[-230.504,71.287],[-229.721,70.961],[-228.937,70.704],[-228.31,70.922],[-227.746,71.645],[-227.427,71.879],[-226.801,71.581],[-226.24,71.42],[-225.329,71.39],[-224.491,71.606],[-223.966,71.626],[-222.719,71.406],[-222.308,71.246],[-221.798,71.571],[-221.157,71.63],[-220.549,71.433],[-219.936,71.516],[-220.372,71.932],[-220.128,72.087],[-220.722,72.356],[-220.382,72.487],[-219.509,72.467],[-218.765,72.586],[-218.797,72.854],[-218.106,72.728],[-216.446,72.69],[-214.334,72.538],[-213.121,72.358],[-211.534,72.318],[-210.648,72.2],[-210.095,72.036],[-209.937,71.829],[-210.373,71.743],[-209.222,71.358],[-208.792,71.368],[-208.25,71.233],[-207.933,70.987],[-207.479,70.825],[-206.121,70.881],[-203.953,71.082],[-202.659,71.07],[-201.293,70.923],[-200.416,70.7],[-199.883,70.258],[-200.307,69.872],[-199.878,69.707],[-199.027,69.622],[-198.974,69.238],[-197.501,69.65],[-195.791,69.689],[-195.184,69.557],[-194.258,69.566],[-193.036,69.474],[-192.337,69.739],[-191.952,69.683],[-191.502,69.203],[-190.674,69.08],[-190.485,68.796],[-189.639,68.806],[-188.927,69.087],[-189.318,69.566],[-189.55,69.591],[-189.478,70.093],[-188.876,70.077],[-187.482,69.932],[-186.088,69.83],[-183.888,69.877],[-183.11,69.637],[-181.179,69.386],[-180.0,68.98],[-180.0,68.98]]],[[[103.142,79.299],[104.483,78.842],[105.205,78.794],[105.389,78.54],[104.833,78.31],[102.798,78.175],[101.245,78.164],[99.748,77.948],[99.747,78.186],[100.93,78.811],[101.388,79.2],[102.372,79.404],[103.142,79.299]]],[[[93.668,79.829],[93.133,79.713],[91.313,79.837],[91.242,80.038],[93.071,80.023],[93.668,79.829]]],[[[97.683,80.157],[98.127,80.05],[99.326,80.05],[100.022,79.86],[99.814,79.27],[99.97,78.912],[99.418,78.816],[97.666,78.809],[96.927,78.996],[94.847,79.07],[94.436,79.232],[94.415,79.482],[93.32,79.552],[94.455,79.787],[94.968,80.09],[97.683,80.157]]],[[[57.057,80.063],[55.825,80.09],[55.948,80.301],[57.004,80.35],[57.197,80.298],[57.057,80.063]]],[[[53.779,80.185],[52.395,80.188],[52.925,80.377],[53.779,80.185]]],[[[58.956,80.414],[57.35,80.153],[57.286,80.332],[57.006,80.446],[58.956,80.414]]],[[[47.665,80.836],[47.87,80.757],[46.476,80.5],[46.156,80.666],[47.665,80.836]]],[[[62.071,80.854],[62.074,80.59],[61.118,80.362],[59.369,80.497],[59.6,80.778],[62.071,80.854]]],[[[50.974,80.884],[51.802,80.713],[49.841,80.483],[48.961,80.266],[46.943,80.187],[46.786,80.317],[48.242,80.398],[49.532,80.64],[49.805,80.907],[50.974,80.884]]],[[[57.582,80.7],[54.492,80.993],[54.689,81.103],[56.674,80.952],[57.582,80.7]]],[[[63.738,80.686],[62.521,80.78],[63.191,80.936],[65.385,80.913],[64.979,80.78],[63.738,80.686]]],[[[97.816,80.788],[97.183,80.634],[97.41,80.272],[94.73,80.13],[93.823,80.009],[92.637,80.124],[92.045,80.419],[92.88,80.476],[93.29,80.94],[94.911,81.104],[95.79,81.262],[96.837,80.905],[97.816,80.788]]],[[[148.547,45.287],[148.29,45.2],[147.5,44.795],[146.971,44.433],[146.938,44.576],[147.989,45.346],[148.296,45.268],[148.588,45.483],[148.9,45.506],[148.848,45.328],[148.547,45.287]]],[[[-180.0,71.528],[-179.093,71.589],[-178.262,71.513],[-177.512,71.265],[-177.973,71.021],[-179.486,70.885],[-180.0,70.975],[-180.001,71.0],[-180.416,70.866],[-181.225,70.79],[-181.334,71.101],[-180.598,71.387],[-180.0,71.528]]]]}}]}