{"type":"FeatureCollection","features":[{"type":"Feature","id":"WA","properties":{"id":"WA"},"geometry":{"type":"MultiPolygon","coordinates":[[[[112.965,-25.781],[112.953,-25.741],[112.913,-25.587],[112.915,-25.563],[112.947,-25.531],[112.973,-25.523],[113.049,-25.692],[113.096,-25.815],[113.132,-25.883],[113.132,-25.952],[113.148,-25.974],[113.183,-26.053],[113.161,-26.087],[112.965,-25.781]]],[[[129.002,-25.999],[129.002,-31.693],[128.946,-31.703],[128.704,-31.815],[128.599,-31.856],[128.084,-32.06],[128.021,-32.077],[127.678,-32.151],[127.394,-32.241],[127.288,-32.269],[127.226,-32.277],[127.033,-32.291],[126.775,-32.311],[126.367,-32.276],[126.298,-32.268],[126.15,-32.249],[126.077,-32.268],[125.917,-32.297],[125.701,-32.426],[125.372,-32.583],[125.267,-32.615],[124.939,-32.787],[124.705,-32.873],[124.538,-32.933],[124.441,-32.95],[124.373,-32.959],[124.36,-32.964],[124.351,-32.966],[124.319,-32.982],[124.244,-33.015],[124.126,-33.129],[123.967,-33.446],[123.868,-33.596],[123.65,-33.836],[123.507,-33.916],[123.365,-33.905],[123.264,-33.959],[123.211,-33.954],[123.16,-33.949],[123.02,-33.862],[122.839,-33.888],[122.778,-33.891],[122.392,-33.953],[122.148,-33.988],[122.061,-33.875],[121.946,-33.857],[121.832,-33.86],[121.604,-33.841],[121.353,-33.82],[121.101,-33.85],[120.815,-33.871],[120.641,-33.901],[119.986,-33.941],[119.9,-33.97],[119.854,-33.975],[119.801,-34.003],[119.791,-34.007],[119.77,-34.02],[119.729,-34.041],[119.635,-34.101],[119.626,-34.114],[119.524,-34.241],[119.518,-34.271],[119.45,-34.368],[119.248,-34.457],[119.081,-34.459],[118.895,-34.48],[118.752,-34.578],[118.741,-34.58],[118.68,-34.627],[118.52,-34.737],[118.167,-34.966],[118.095,-34.995],[118.006,-35.013],[117.863,-35.055],[117.675,-35.075],[117.621,-35.088],[117.509,-35.06],[117.325,-35.013],[117.007,-35.03],[116.865,-35.026],[116.517,-34.988],[116.26,-34.883],[115.961,-34.748],[115.803,-34.605],[115.726,-34.526],[115.692,-34.504],[115.67,-34.485],[115.598,-34.443],[115.439,-34.352],[115.305,-34.315],[115.278,-34.304],[115.195,-34.309],[115.139,-34.336],[115.124,-34.334],[115.114,-34.332],[115.069,-34.299],[115.037,-34.272],[114.999,-34.008],[114.991,-33.956],[115.006,-33.534],[115.04,-33.544],[115.067,-33.561],[115.111,-33.615],[115.12,-33.627],[115.196,-33.652],[115.206,-33.655],[115.221,-33.654],[115.366,-33.644],[115.443,-33.586],[115.494,-33.547],[115.494,-33.546],[115.515,-33.531],[115.548,-33.473],[115.677,-33.298],[115.691,-33.131],[115.672,-33.011],[115.671,-33.002],[115.655,-32.901],[115.746,-32.407],[115.744,-31.832],[115.705,-31.723],[115.704,-31.722],[115.699,-31.694],[115.688,-31.678],[115.676,-31.645],[115.358,-31.098],[115.294,-30.962],[115.231,-30.879],[115.199,-30.824],[115.069,-30.519],[114.982,-30.13],[114.969,-30.042],[114.969,-30.04],[114.959,-29.658],[114.956,-29.637],[114.971,-29.54],[114.959,-29.434],[114.877,-29.201],[114.861,-29.11],[114.602,-28.671],[114.583,-28.645],[114.538,-28.543],[114.354,-28.295],[114.25,-28.177],[114.146,-27.689],[114.128,-27.607],[114.082,-27.498],[114.028,-27.347],[113.997,-27.299],[113.994,-27.291],[113.961,-27.242],[113.71,-26.848],[113.651,-26.781],[113.618,-26.732],[113.534,-26.647],[113.333,-26.417],[113.231,-26.241],[113.228,-26.238],[113.225,-26.23],[113.233,-26.219],[113.25,-26.196],[113.253,-26.197],[113.3,-26.24],[113.323,-26.244],[113.345,-26.208],[113.343,-26.13],[113.391,-26.112],[113.482,-26.332],[113.478,-26.404],[113.658,-26.674],[113.694,-26.676],[113.82,-26.589],[113.837,-26.564],[113.865,-26.523],[113.872,-26.332],[113.573,-26.057],[113.513,-25.898],[113.404,-25.726],[113.424,-25.631],[113.439,-25.61],[113.451,-25.599],[113.526,-25.621],[113.563,-25.666],[113.712,-25.846],[113.698,-26.004],[113.684,-26.052],[113.692,-26.092],[113.724,-26.13],[113.766,-26.16],[113.812,-26.116],[113.844,-26.039],[113.868,-26.075],[113.941,-26.253],[113.942,-26.259],[113.944,-26.261],[113.989,-26.369],[114.061,-26.446],[114.151,-26.402],[114.197,-26.379],[114.228,-26.314],[114.211,-26.078],[114.228,-25.969],[114.214,-25.852],[114.192,-25.821],[114.192,-25.817],[113.841,-25.247],[113.744,-25.035],[113.62,-24.765],[113.575,-24.709],[113.569,-24.693],[113.504,-24.595],[113.418,-24.436],[113.413,-24.254],[113.422,-24.132],[113.472,-23.94],[113.608,-23.647],[113.617,-23.634],[113.755,-23.53],[113.782,-23.464],[113.83,-23.046],[113.795,-22.947],[113.795,-22.914],[113.768,-22.813],[113.692,-22.656],[113.684,-22.634],[113.775,-22.386],[113.977,-21.922],[114.023,-21.881],[114.124,-21.829],[114.143,-21.91],[114.135,-21.948],[114.101,-22.086],[114.082,-22.158],[114.124,-22.471],[114.158,-22.525],[114.173,-22.523],[114.188,-22.521],[114.377,-22.426],[114.393,-22.418],[114.571,-22.015],[114.603,-21.943],[114.603,-21.942],[114.709,-21.823],[114.722,-21.816],[115.006,-21.698],[115.454,-21.512],[115.702,-21.288],[115.772,-21.242],[115.885,-21.125],[116.644,-20.713],[116.87,-20.717],[117.485,-20.727],[117.701,-20.693],[117.742,-20.68],[117.778,-20.668],[117.884,-20.579],[117.94,-20.532],[117.954,-20.499],[118.087,-20.419],[118.199,-20.375],[118.447,-20.329],[118.453,-20.328],[118.795,-20.28],[119.026,-20.054],[119.104,-19.995],[119.359,-20.012],[119.586,-20.038],[119.722,-19.979],[119.797,-19.969],[120.197,-19.918],[120.322,-19.874],[120.434,-19.842],[120.588,-19.78],[120.696,-19.743],[120.765,-19.71],[120.878,-19.665],[120.998,-19.604],[121.017,-19.591],[121.085,-19.559],[121.14,-19.517],[121.235,-19.445],[121.327,-19.338],[121.398,-19.257],[121.461,-19.152],[121.493,-19.106],[121.526,-19.043],[121.697,-18.756],[121.864,-18.475],[121.997,-18.406],[122.103,-18.322],[122.284,-18.181],[122.297,-18.139],[122.345,-18.112],[122.361,-18.037],[122.336,-18.018],[122.348,-17.98],[122.224,-17.898],[122.191,-17.72],[122.148,-17.549],[122.144,-17.46],[122.165,-17.305],[122.261,-17.136],[122.333,-17.059],[122.432,-16.97],[122.523,-16.943],[122.598,-16.865],[122.72,-16.788],[122.772,-16.71],[122.848,-16.552],[122.917,-16.433],[122.971,-16.437],[123.027,-16.589],[123.034,-16.672],[123.102,-16.776],[123.142,-16.863],[123.266,-17.037],[123.383,-17.293],[123.388,-17.299],[123.392,-17.327],[123.487,-17.434],[123.507,-17.456],[123.525,-17.486],[123.563,-17.521],[123.563,-17.519],[123.57,-17.526],[123.615,-17.253],[123.609,-17.203],[123.601,-17.141],[123.837,-17.152],[123.846,-17.104],[123.866,-17.006],[123.842,-16.974],[123.875,-16.919],[123.857,-16.865],[123.778,-16.868],[123.745,-16.801],[123.68,-16.724],[123.632,-16.687],[123.496,-16.501],[123.495,-16.5],[123.577,-16.471],[123.581,-16.471],[123.583,-16.468],[123.65,-16.444],[123.7,-16.426],[123.702,-16.382],[123.704,-16.343],[123.639,-16.32],[123.607,-16.224],[123.647,-16.18],[123.729,-16.192],[123.779,-16.265],[123.738,-16.258],[123.714,-16.253],[123.758,-16.292],[123.891,-16.411],[123.912,-16.395],[123.974,-16.346],[124.181,-16.401],[124.366,-16.449],[124.792,-16.426],[124.889,-16.421],[124.758,-16.374],[124.757,-16.373],[124.669,-16.339],[124.57,-16.332],[124.53,-16.333],[124.504,-16.243],[124.467,-16.112],[124.469,-16.11],[124.51,-16.116],[124.577,-16.114],[124.585,-16.02],[124.602,-15.961],[124.728,-15.82],[124.791,-15.7],[124.735,-15.65],[124.634,-15.79],[124.55,-15.804],[124.455,-15.819],[124.443,-15.835],[124.399,-15.78],[124.389,-15.695],[124.42,-15.611],[124.459,-15.504],[124.625,-15.5],[124.684,-15.456],[124.703,-15.354],[124.845,-15.365],[125.043,-15.487],[125.057,-15.49],[125.164,-15.51],[125.129,-15.4],[125.059,-15.182],[125.009,-15.158],[124.924,-15.116],[125.501,-15.159],[125.393,-15.037],[125.383,-15.026],[125.384,-15.016],[125.364,-15.006],[125.362,-15.004],[125.276,-14.961],[125.252,-14.924],[125.241,-14.91],[125.24,-14.875],[125.18,-14.794],[125.179,-14.715],[125.225,-14.68],[125.36,-14.585],[125.393,-14.603],[125.428,-14.623],[125.581,-14.557],[125.591,-14.493],[125.601,-14.431],[125.652,-14.389],[125.681,-14.414],[125.681,-14.48],[125.662,-14.529],[125.691,-14.525],[125.708,-14.505],[125.732,-14.458],[125.84,-14.55],[125.843,-14.554],[125.85,-14.597],[125.883,-14.614],[125.907,-14.65],[125.917,-14.647],[125.933,-14.643],[125.988,-14.506],[126.021,-14.494],[126.019,-14.431],[126.096,-14.238],[126.089,-14.192],[126.101,-14.184],[126.112,-14.114],[126.076,-14.069],[126.137,-13.999],[126.22,-14.231],[126.226,-14.246],[126.347,-14.191],[126.304,-14.152],[126.471,-14.103],[126.518,-14.166],[126.573,-14.24],[126.639,-14.184],[126.741,-14.008],[126.741,-14.007],[126.781,-13.955],[126.77,-13.903],[126.779,-13.87],[126.768,-13.845],[126.775,-13.789],[126.864,-13.762],[126.912,-13.747],[126.97,-13.765],[127.073,-13.868],[127.145,-13.988],[127.172,-13.966],[127.229,-13.92],[127.25,-13.92],[127.293,-13.935],[127.458,-14.032],[127.531,-14.095],[127.642,-14.174],[127.938,-14.549],[127.989,-14.578],[128.057,-14.738],[128.11,-14.864],[128.094,-15.021],[128.09,-15.051],[128.08,-15.088],[128.078,-15.153],[127.963,-15.518],[127.864,-15.577],[127.844,-15.604],[127.849,-15.614],[127.87,-15.65],[128.2,-15.416],[128.28,-15.359],[128.368,-15.084],[128.456,-15.048],[128.497,-14.962],[128.468,-14.886],[128.456,-14.876],[128.409,-14.834],[128.41,-14.829],[128.477,-14.788],[128.507,-14.784],[128.513,-14.784],[128.639,-14.782],[128.974,-14.864],[129.002,-14.879],[129.002,-25.999]]]]}},{"type":"Feature","id":"NT","properties":{"id":"NT"},"geometry":{"type":"MultiPolygon","coordinates":[[[[129.002,-25.999],[129.002,-14.879],[129.035,-14.897],[129.12,-14.944],[129.165,-14.988],[129.175,-15.115],[129.216,-15.16],[129.238,-15.08],[129.234,-14.926],[129.266,-14.901],[129.37,-14.907],[129.386,-14.908],[129.433,-14.923],[129.449,-14.929],[129.459,-14.933],[129.509,-14.986],[129.561,-15.055],[129.561,-15.054],[129.568,-15.05],[129.588,-15.103],[129.635,-15.14],[129.65,-15.087],[129.628,-15.012],[129.628,-15.011],[129.76,-14.845],[129.763,-14.845],[129.849,-14.829],[129.808,-14.8],[129.768,-14.792],[129.778,-14.685],[129.792,-14.533],[129.698,-14.566],[129.698,-14.557],[129.608,-14.56],[129.484,-14.49],[129.379,-14.392],[129.459,-14.213],[129.62,-14.038],[129.71,-13.98],[129.716,-13.939],[129.726,-13.933],[129.745,-13.921],[129.896,-13.532],[129.925,-13.511],[129.952,-13.516],[130.009,-13.526],[130.1,-13.473],[130.121,-13.462],[130.133,-13.45],[130.136,-13.448],[130.165,-13.419],[130.255,-13.33],[130.248,-13.318],[130.26,-13.302],[130.159,-13.176],[130.177,-13.023],[130.186,-12.949],[130.318,-12.883],[130.379,-12.738],[130.509,-12.704],[130.598,-12.711],[130.752,-12.722],[130.615,-12.648],[130.617,-12.647],[130.61,-12.491],[130.623,-12.431],[130.672,-12.407],[130.736,-12.428],[130.776,-12.495],[130.816,-12.522],[130.863,-12.587],[130.968,-12.674],[130.958,-12.594],[130.951,-12.541],[130.892,-12.494],[130.883,-12.455],[130.879,-12.414],[130.91,-12.359],[130.956,-12.348],[131.023,-12.343],[131.03,-12.271],[131.019,-12.214],[131.041,-12.194],[131.314,-12.174],[131.319,-12.178],[131.339,-12.196],[131.342,-12.21],[131.399,-12.249],[131.426,-12.274],[131.435,-12.275],[131.438,-12.277],[131.502,-12.277],[131.597,-12.281],[131.658,-12.283],[131.962,-12.26],[132.064,-12.281],[132.139,-12.247],[132.352,-12.23],[132.372,-12.239],[132.411,-12.295],[132.432,-12.213],[132.476,-12.182],[132.571,-12.115],[132.584,-12.11],[132.677,-12.13],[132.713,-12.123],[132.63,-12.035],[132.635,-11.955],[132.634,-11.929],[132.729,-11.612],[132.543,-11.45],[132.526,-11.435],[132.438,-11.442],[132.255,-11.457],[132.237,-11.466],[132.194,-11.487],[132.134,-11.501],[132.129,-11.499],[132.009,-11.413],[131.945,-11.349],[131.895,-11.33],[131.826,-11.28],[131.831,-11.26],[131.962,-11.181],[132.018,-11.196],[132.106,-11.281],[132.156,-11.311],[132.198,-11.305],[132.225,-11.239],[132.263,-11.204],[132.334,-11.224],[132.557,-11.367],[132.683,-11.506],[132.747,-11.469],[132.827,-11.412],[133.068,-11.543],[133.079,-11.554],[133.114,-11.622],[133.185,-11.706],[133.231,-11.712],[133.252,-11.733],[133.415,-11.783],[133.486,-11.787],[133.533,-11.816],[133.655,-11.811],[133.904,-11.832],[133.925,-11.842],[133.935,-11.849],[133.99,-11.889],[134.164,-12.084],[134.158,-12.113],[134.177,-12.137],[134.379,-12.094],[134.459,-12.077],[134.553,-12.073],[134.806,-12.063],[134.831,-12.104],[134.85,-12.136],[135.078,-12.257],[135.103,-12.262],[135.213,-12.288],[135.225,-12.284],[135.334,-12.251],[135.404,-12.181],[135.369,-12.181],[135.461,-12.116],[135.607,-12.077],[135.732,-12.123],[135.702,-12.152],[135.704,-12.21],[135.744,-12.242],[135.791,-12.227],[135.857,-12.179],[135.87,-12.174],[135.891,-12.182],[135.998,-12.454],[136.198,-12.467],[136.232,-12.446],[136.252,-12.434],[136.261,-12.434],[136.265,-12.426],[136.296,-12.406],[136.328,-12.306],[136.328,-12.306],[136.328,-12.305],[136.354,-12.226],[136.335,-12.213],[136.317,-12.201],[136.295,-12.204],[136.292,-12.196],[136.25,-12.173],[136.27,-12.132],[136.437,-11.958],[136.444,-11.952],[136.446,-11.952],[136.507,-11.955],[136.502,-11.995],[136.605,-12.194],[136.645,-12.271],[136.738,-12.274],[136.747,-12.258],[136.759,-12.237],[136.738,-12.225],[136.836,-12.219],[136.878,-12.236],[136.934,-12.322],[136.935,-12.352],[136.935,-12.363],[136.885,-12.416],[136.725,-12.556],[136.672,-12.642],[136.537,-12.784],[136.518,-12.833],[136.569,-12.906],[136.566,-12.923],[136.581,-12.946],[136.594,-13.004],[136.517,-13.132],[136.383,-13.2],[136.365,-13.176],[136.294,-13.138],[136.232,-13.165],[136.166,-13.181],[136.147,-13.191],[136.143,-13.19],[136.095,-13.199],[135.995,-13.217],[135.91,-13.276],[135.853,-13.46],[135.873,-13.71],[135.888,-13.718],[135.943,-13.747],[135.964,-13.731],[135.988,-13.804],[135.909,-14.075],[135.883,-14.153],[135.806,-14.234],[135.768,-14.267],[135.722,-14.304],[135.597,-14.474],[135.541,-14.552],[135.525,-14.6],[135.499,-14.628],[135.044,-14.766],[134.969,-14.788],[134.975,-14.797],[134.981,-14.806],[135.034,-14.823],[135.202,-14.764],[135.416,-14.879],[135.447,-14.906],[135.454,-14.923],[135.531,-15.0],[135.585,-15.029],[135.616,-15.056],[135.641,-15.152],[135.657,-15.208],[135.898,-15.22],[135.962,-15.264],[135.969,-15.27],[135.978,-15.275],[136.014,-15.3],[136.103,-15.36],[136.257,-15.49],[136.259,-15.495],[136.292,-15.57],[136.434,-15.642],[136.712,-15.878],[136.771,-15.885],[136.785,-15.894],[136.839,-15.894],[136.909,-15.902],[137.299,-16.066],[137.526,-16.167],[137.557,-16.178],[137.758,-16.296],[137.85,-16.404],[137.89,-16.457],[137.906,-16.469],[137.913,-16.477],[138.002,-16.556],[138.002,-16.557],[138.002,-25.999],[129.002,-25.999]]],[[[136.391,-14.186],[136.393,-14.175],[136.428,-14.126],[136.412,-14.014],[136.418,-13.956],[136.475,-13.885],[136.519,-13.829],[136.634,-13.79],[136.634,-13.783],[136.633,-13.713],[136.677,-13.691],[136.698,-13.709],[136.696,-13.726],[136.715,-13.804],[136.73,-13.818],[136.764,-13.975],[136.774,-13.988],[136.745,-14.073],[136.75,-14.115],[136.787,-14.158],[136.886,-14.197],[136.931,-14.18],[136.95,-14.188],[136.931,-14.246],[136.894,-14.293],[136.763,-14.273],[136.65,-14.281],[136.585,-14.265],[136.391,-14.186]]],[[[130.502,-11.836],[130.317,-11.772],[130.131,-11.825],[130.117,-11.825],[130.137,-11.697],[130.139,-11.697],[130.198,-11.658],[130.187,-11.541],[130.168,-11.505],[130.176,-11.45],[130.251,-11.361],[130.295,-11.337],[130.339,-11.337],[130.377,-11.42],[130.386,-11.51],[130.433,-11.592],[130.459,-11.679],[130.49,-11.688],[130.502,-11.836]]],[[[130.681,-11.43],[130.738,-11.434],[130.842,-11.385],[130.957,-11.33],[130.962,-11.329],[130.987,-11.34],[131.023,-11.335],[131.046,-11.32],[131.179,-11.412],[131.247,-11.459],[131.243,-11.444],[131.202,-11.297],[131.288,-11.211],[131.321,-11.247],[131.437,-11.313],[131.472,-11.38],[131.51,-11.466],[131.505,-11.471],[131.468,-11.509],[131.467,-11.516],[131.409,-11.584],[131.383,-11.583],[131.308,-11.688],[131.203,-11.767],[130.962,-11.919],[130.854,-11.868],[130.645,-11.742],[130.512,-11.618],[130.423,-11.446],[130.405,-11.305],[130.369,-11.215],[130.385,-11.192],[130.403,-11.181],[130.423,-11.183],[130.461,-11.219],[130.519,-11.28],[130.535,-11.29],[130.594,-11.347],[130.619,-11.376],[130.625,-11.376],[130.681,-11.43]]]]}},{"type":"Feature","id":"SA","properties":{"id":"SA"},"geometry":{"type":"MultiPolygon","coordinates":[[[[129.002,-31.693],[129.002,-25.999],[138.002,-25.999],[141.002,-25.999],[141.002,-28.999],[141.026,-34.043],[140.997,-34.016],[140.968,-34.005],[140.966,-38.067],[140.912,-38.064],[140.627,-38.028],[140.417,-37.911],[140.388,-37.894],[140.212,-37.642],[139.886,-37.362],[139.845,-37.317],[139.791,-37.254],[139.781,-37.227],[139.742,-37.122],[139.739,-37.06],[139.784,-36.903],[139.787,-36.895],[139.837,-36.847],[139.86,-36.726],[139.853,-36.699],[139.857,-36.662],[139.817,-36.571],[139.802,-36.516],[139.711,-36.328],[139.7,-36.306],[139.695,-36.298],[139.531,-36.058],[139.419,-35.944],[139.355,-35.878],[139.211,-35.78],[138.996,-35.633],[138.985,-35.617],[138.973,-35.59],[139.005,-35.599],[139.322,-35.841],[139.472,-35.984],[139.531,-36.04],[139.683,-36.242],[139.61,-36.119],[139.523,-35.972],[139.093,-35.658],[138.993,-35.585],[139.067,-35.598],[139.113,-35.542],[139.178,-35.523],[139.23,-35.598],[139.289,-35.611],[139.292,-35.486],[139.325,-35.427],[139.302,-35.4],[139.283,-35.375],[139.193,-35.347],[139.094,-35.39],[139.018,-35.443],[138.915,-35.489],[138.875,-35.537],[138.811,-35.538],[138.704,-35.517],[138.579,-35.587],[138.491,-35.636],[138.467,-35.638],[138.405,-35.644],[138.389,-35.645],[138.185,-35.613],[138.252,-35.487],[138.256,-35.483],[138.294,-35.467],[138.44,-35.323],[138.443,-35.32],[138.538,-34.932],[138.564,-34.826],[138.286,-34.417],[138.099,-34.142],[138.066,-34.143],[138.035,-34.192],[138.006,-34.239],[137.95,-34.416],[137.919,-34.456],[137.899,-34.576],[137.794,-34.91],[137.728,-35.061],[137.599,-35.143],[137.576,-35.148],[137.566,-35.148],[137.459,-35.131],[137.272,-35.179],[137.144,-35.236],[137.03,-35.237],[136.967,-35.255],[136.883,-35.24],[137.014,-34.916],[137.129,-34.925],[137.171,-34.92],[137.318,-34.933],[137.324,-34.916],[137.391,-34.913],[137.454,-34.764],[137.493,-34.598],[137.472,-34.505],[137.48,-34.481],[137.504,-34.142],[137.65,-33.859],[137.716,-33.781],[137.801,-33.687],[137.932,-33.579],[137.914,-33.461],[137.899,-33.414],[137.99,-33.143],[137.985,-33.102],[137.993,-33.094],[137.913,-32.771],[137.863,-32.674],[137.815,-32.616],[137.759,-32.472],[137.758,-32.512],[137.753,-32.641],[137.592,-33.01],[137.555,-33.075],[137.536,-33.089],[137.443,-33.194],[137.36,-33.415],[137.332,-33.464],[137.201,-33.556],[136.986,-33.707],[136.931,-33.679],[136.622,-33.893],[136.536,-33.977],[136.526,-33.984],[136.431,-34.03],[136.276,-34.229],[135.903,-34.592],[135.802,-34.792],[135.894,-34.765],[135.935,-34.753],[135.951,-34.767],[135.991,-34.914],[135.993,-34.951],[135.97,-34.982],[135.919,-34.962],[135.792,-34.863],[135.733,-34.89],[135.416,-34.715],[135.4,-34.706],[135.324,-34.643],[135.231,-34.58],[135.191,-34.573],[135.168,-34.577],[135.155,-34.57],[135.2,-34.546],[135.255,-34.517],[135.293,-34.546],[135.379,-34.598],[135.427,-34.602],[135.45,-34.581],[135.372,-34.385],[135.252,-33.986],[135.204,-33.936],[135.185,-33.907],[135.118,-33.846],[135.032,-33.756],[134.81,-33.367],[134.791,-33.328],[134.783,-33.32],[134.704,-33.182],[134.598,-33.145],[134.484,-33.148],[134.294,-33.154],[134.174,-32.979],[134.105,-32.762],[134.143,-32.775],[134.214,-32.798],[134.288,-32.694],[134.264,-32.577],[134.19,-32.495],[134.119,-32.454],[133.901,-32.325],[133.835,-32.273],[133.676,-32.147],[133.48,-32.108],[133.467,-32.147],[133.457,-32.176],[133.039,-32.097],[132.758,-31.956],[132.648,-31.949],[132.467,-31.989],[132.069,-31.913],[132.002,-31.873],[131.721,-31.696],[131.393,-31.549],[131.285,-31.521],[131.278,-31.52],[131.15,-31.468],[130.758,-31.55],[130.552,-31.594],[130.158,-31.579],[130.153,-31.58],[130.13,-31.579],[129.569,-31.627],[129.188,-31.66],[129.133,-31.67],[129.052,-31.677],[129.02,-31.69],[129.002,-31.693]]],[[[137.12,-36.029],[137.077,-36.03],[137.026,-36.024],[136.981,-36.033],[136.809,-36.038],[136.809,-36.038],[136.755,-36.033],[136.589,-35.935],[136.548,-35.897],[136.562,-35.845],[136.579,-35.809],[136.639,-35.749],[137.092,-35.664],[137.24,-35.62],[137.367,-35.595],[137.53,-35.605],[137.585,-35.62],[137.604,-35.634],[137.575,-35.73],[137.597,-35.738],[137.597,-35.739],[137.598,-35.739],[138.01,-35.902],[137.996,-35.904],[137.835,-35.868],[137.671,-35.898],[137.622,-35.938],[137.615,-35.958],[137.302,-36.003],[137.21,-35.982],[137.166,-36.023],[137.12,-36.029]]]]}},{"type":"Feature","id":"QL","properties":{"id":"QL"},"geometry":{"type":"MultiPolygon","coordinates":[[[[138.002,-25.999],[138.002,-16.557],[138.002,-16.556],[138.071,-16.617],[138.16,-16.669],[138.202,-16.702],[138.295,-16.74],[138.315,-16.748],[138.481,-16.783],[138.506,-16.79],[138.511,-16.789],[138.788,-16.847],[138.82,-16.861],[139.01,-16.899],[139.043,-16.938],[139.129,-17.061],[139.145,-17.101],[139.154,-17.168],[139.248,-17.329],[139.329,-17.35],[139.345,-17.374],[139.724,-17.571],[140.003,-17.715],[140.046,-17.719],[140.116,-17.725],[140.343,-17.676],[140.506,-17.642],[140.595,-17.589],[140.842,-17.443],[141.014,-17.07],[141.192,-16.686],[141.219,-16.646],[141.272,-16.514],[141.306,-16.439],[141.35,-16.242],[141.355,-16.221],[141.412,-16.07],[141.393,-15.905],[141.448,-15.623],[141.54,-15.36],[141.581,-15.241],[141.603,-15.129],[141.625,-15.057],[141.622,-15.025],[141.636,-14.953],[141.551,-14.4],[141.548,-14.379],[141.559,-14.338],[141.594,-14.153],[141.535,-14.019],[141.481,-13.927],[141.475,-13.835],[141.523,-13.622],[141.543,-13.534],[141.565,-13.482],[141.641,-13.38],[141.691,-13.386],[141.692,-13.457],[141.733,-13.392],[141.742,-13.378],[141.672,-13.207],[141.63,-13.102],[141.615,-12.957],[141.653,-12.908],[141.734,-12.834],[141.782,-12.779],[141.876,-12.778],[141.92,-12.803],[141.928,-12.753],[141.954,-12.724],[141.946,-12.677],[141.93,-12.592],[141.752,-12.533],[141.747,-12.529],[141.678,-12.491],[141.688,-12.351],[141.806,-12.08],[141.871,-11.976],[141.913,-12.019],[141.961,-12.054],[141.968,-11.976],[141.952,-11.896],[142.04,-11.632],[142.139,-11.273],[142.148,-11.168],[142.154,-11.147],[142.357,-10.883],[142.391,-10.818],[142.407,-10.802],[142.454,-10.713],[142.496,-10.709],[142.513,-10.707],[142.544,-10.707],[142.559,-10.717],[142.566,-10.722],[142.58,-10.731],[142.559,-10.839],[142.545,-10.907],[142.677,-10.976],[142.68,-10.976],[142.723,-11.01],[142.78,-11.115],[142.803,-11.214],[142.804,-11.217],[142.823,-11.363],[142.851,-11.59],[142.85,-11.632],[142.872,-11.821],[142.934,-11.881],[142.988,-11.919],[143.018,-11.921],[143.028,-11.939],[143.099,-12.227],[143.11,-12.304],[143.12,-12.31],[143.129,-12.346],[143.256,-12.404],[143.29,-12.499],[143.369,-12.599],[143.383,-12.627],[143.401,-12.662],[143.398,-12.717],[143.357,-12.872],[143.453,-12.929],[143.478,-12.944],[143.512,-13.095],[143.516,-13.146],[143.538,-13.471],[143.549,-13.647],[143.556,-13.681],[143.549,-13.741],[143.589,-13.863],[143.599,-13.88],[143.605,-13.913],[143.654,-14.049],[143.744,-14.304],[143.756,-14.349],[143.762,-14.353],[143.773,-14.384],[143.869,-14.474],[143.935,-14.476],[144.025,-14.479],[144.156,-14.396],[144.353,-14.27],[144.473,-14.232],[144.586,-14.355],[144.62,-14.429],[144.621,-14.436],[144.624,-14.438],[144.648,-14.492],[144.916,-14.674],[144.928,-14.684],[144.95,-14.701],[144.952,-14.703],[145.064,-14.791],[145.18,-14.857],[145.188,-14.863],[145.288,-15.362],[145.271,-15.477],[145.35,-15.701],[145.376,-15.881],[145.405,-15.943],[145.413,-16.373],[145.427,-16.399],[145.426,-16.406],[145.49,-16.532],[145.507,-16.557],[145.511,-16.566],[145.522,-16.589],[145.539,-16.607],[145.55,-16.625],[145.638,-16.726],[145.755,-16.88],[145.778,-16.888],[145.903,-17.073],[145.948,-17.167],[146.09,-17.518],[146.124,-17.629],[146.073,-17.981],[146.066,-18.009],[146.046,-18.062],[146.007,-18.165],[146.025,-18.261],[146.032,-18.27],[146.032,-18.273],[146.187,-18.466],[146.22,-18.61],[146.281,-18.885],[146.473,-19.086],[146.477,-19.091],[146.866,-19.295],[146.918,-19.319],[147.122,-19.414],[147.357,-19.423],[147.42,-19.425],[147.495,-19.666],[147.558,-19.727],[147.656,-19.823],[148.238,-20.026],[148.362,-20.084],[148.367,-20.088],[148.371,-20.088],[148.715,-20.249],[148.76,-20.29],[148.821,-20.366],[148.885,-20.481],[148.805,-20.492],[148.758,-20.477],[148.691,-20.444],[148.658,-20.457],[148.693,-20.634],[148.843,-20.852],[149.013,-20.942],[149.071,-20.974],[149.174,-21.089],[149.179,-21.101],[149.204,-21.147],[149.222,-21.185],[149.242,-21.25],[149.275,-21.293],[149.283,-21.308],[149.329,-21.476],[149.385,-21.522],[149.591,-22.288],[149.634,-22.541],[149.901,-22.612],[150.057,-22.653],[150.001,-22.526],[150.005,-22.522],[149.942,-22.308],[149.981,-22.184],[150.021,-22.168],[150.06,-22.166],[150.176,-22.348],[150.608,-22.626],[150.632,-22.567],[150.642,-22.541],[150.566,-22.491],[150.564,-22.486],[150.569,-22.384],[150.623,-22.367],[150.672,-22.418],[150.764,-22.576],[150.783,-22.903],[150.783,-23.177],[150.784,-23.182],[150.774,-23.313],[150.675,-23.461],[150.605,-23.416],[150.551,-23.382],[150.552,-23.384],[150.685,-23.582],[150.703,-23.6],[150.932,-23.678],[151.033,-23.644],[151.088,-23.696],[151.148,-23.776],[151.181,-23.868],[151.447,-24.08],[151.5,-24.085],[151.678,-24.1],[151.673,-24.05],[151.661,-24.037],[151.691,-24.038],[151.806,-24.108],[151.81,-24.113],[151.976,-24.353],[152.038,-24.499],[152.195,-24.69],[152.522,-24.999],[152.563,-25.072],[152.654,-25.202],[152.789,-25.274],[152.82,-25.313],[152.888,-25.547],[152.899,-25.696],[152.91,-25.708],[152.958,-25.763],[152.985,-25.816],[153.028,-25.87],[153.06,-25.887],[153.091,-25.967],[153.132,-26.068],[153.13,-26.113],[153.084,-26.304],[153.105,-26.488],[153.078,-26.906],[153.055,-26.947],[153.056,-27.088],[153.058,-27.278],[153.152,-27.406],[153.183,-27.449],[153.359,-27.849],[153.402,-27.967],[153.479,-28.169],[153.382,-28.235],[153.194,-28.258],[153.118,-28.352],[152.846,-28.325],[152.752,-28.356],[152.609,-28.294],[152.57,-28.323],[152.493,-28.262],[152.413,-28.343],[152.292,-28.387],[152.216,-28.436],[152.163,-28.436],[151.966,-28.535],[152.007,-28.637],[152.069,-28.704],[152.024,-28.874],[151.935,-28.923],[151.855,-28.919],[151.823,-28.972],[151.761,-28.945],[151.73,-28.887],[151.554,-28.955],[151.529,-29.035],[151.478,-29.087],[151.393,-29.139],[151.335,-29.104],[151.303,-28.982],[151.231,-28.898],[151.118,-28.851],[151.058,-28.805],[151.05,-28.758],[150.983,-28.71],[150.856,-28.66],[150.712,-28.639],[150.47,-28.65],[150.341,-28.564],[150.149,-28.558],[149.852,-28.604],[149.677,-28.612],[149.596,-28.566],[149.512,-28.579],[149.467,-28.608],[149.433,-28.657],[149.335,-28.723],[149.174,-28.806],[149.081,-28.875],[149.058,-28.928],[148.993,-28.986],[148.974,-28.999],[141.002,-28.999],[141.002,-25.999],[138.002,-25.999]]],[[[153.325,-24.964],[153.16,-25.473],[153.141,-25.513],[153.084,-25.682],[153.081,-25.709],[152.99,-25.63],[152.977,-25.551],[152.999,-25.448],[153.051,-25.354],[153.061,-25.302],[153.053,-25.267],[153.09,-25.151],[153.189,-25.07],[153.227,-25.006],[153.231,-24.983],[153.24,-24.972],[153.236,-24.955],[153.242,-24.923],[153.186,-24.833],[153.144,-24.815],[153.145,-24.813],[153.274,-24.736],[153.287,-24.793],[153.298,-24.915],[153.319,-24.937],[153.325,-24.964]]],[[[139.602,-16.521],[139.576,-16.5],[139.441,-16.612],[139.396,-16.65],[139.392,-16.649],[139.38,-16.664],[139.332,-16.704],[139.283,-16.719],[139.258,-16.719],[139.243,-16.71],[139.181,-16.671],[139.187,-16.59],[139.235,-16.522],[139.261,-16.498],[139.318,-16.463],[139.459,-16.439],[139.554,-16.406],[139.638,-16.444],[139.698,-16.515],[139.606,-16.525],[139.602,-16.521]]]]}},{"type":"Feature","id":"TS","properties":{"id":"TS"},"geometry":{"type":"MultiPolygon","coordinates":[[[[148.168,-42.004],[148.123,-42.067],[148.071,-42.165],[148.067,-42.17],[148.041,-42.222],[148.018,-42.266],[147.989,-42.391],[147.959,-42.526],[147.924,-42.572],[147.914,-42.647],[147.777,-42.798],[147.704,-42.878],[147.694,-42.872],[147.574,-42.846],[147.536,-42.878],[147.542,-42.923],[147.424,-42.942],[147.408,-42.894],[147.298,-42.791],[147.302,-42.84],[147.348,-42.926],[147.344,-42.957],[147.32,-43.016],[147.281,-43.032],[147.26,-43.071],[147.26,-43.126],[147.249,-43.189],[147.154,-43.246],[146.997,-43.156],[146.985,-43.19],[146.985,-43.191],[146.982,-43.189],[147.034,-43.068],[147.038,-43.059],[147.04,-43.052],[147.035,-43.054],[147.029,-43.056],[146.966,-43.157],[146.966,-43.177],[146.965,-43.192],[146.983,-43.217],[147.046,-43.309],[147.036,-43.319],[147.005,-43.37],[146.955,-43.502],[146.894,-43.585],[146.857,-43.616],[146.834,-43.619],[146.753,-43.609],[146.669,-43.583],[146.548,-43.509],[146.417,-43.519],[146.313,-43.504],[146.022,-43.462],[146.016,-43.456],[146.013,-43.445],[145.982,-43.408],[145.994,-43.376],[146.109,-43.354],[146.227,-43.355],[146.208,-43.316],[146.177,-43.302],[146.125,-43.311],[145.975,-43.277],[145.914,-43.286],[145.8,-43.227],[145.774,-43.205],[145.682,-43.076],[145.61,-42.998],[145.567,-42.968],[145.518,-42.951],[145.488,-42.927],[145.283,-42.57],[145.269,-42.524],[145.221,-42.361],[145.211,-42.303],[145.251,-42.28],[145.376,-42.368],[145.436,-42.41],[145.468,-42.493],[145.527,-42.388],[145.521,-42.37],[145.544,-42.355],[145.346,-42.201],[145.34,-42.191],[145.331,-42.147],[145.309,-42.173],[145.26,-42.135],[145.254,-42.126],[145.259,-42.107],[145.238,-42.02],[145.055,-41.827],[144.915,-41.644],[144.782,-41.425],[144.766,-41.387],[144.764,-41.342],[144.698,-41.191],[144.662,-41.079],[144.646,-40.981],[144.71,-40.783],[144.717,-40.688],[144.723,-40.674],[144.8,-40.712],[144.845,-40.742],[145.017,-40.785],[145.16,-40.821],[145.204,-40.814],[145.264,-40.806],[145.792,-41.007],[145.822,-41.024],[145.928,-41.059],[146.164,-41.149],[146.317,-41.178],[146.36,-41.186],[146.415,-41.178],[146.803,-41.128],[146.848,-41.168],[146.836,-41.109],[146.857,-41.058],[146.92,-41.018],[146.99,-40.992],[147.106,-40.994],[147.138,-40.991],[147.388,-40.995],[147.402,-40.989],[147.455,-41.002],[147.501,-40.964],[147.521,-40.941],[147.725,-40.859],[147.817,-40.872],[147.873,-40.873],[147.969,-40.779],[148.033,-40.781],[148.212,-40.854],[148.293,-40.955],[148.285,-41.115],[148.292,-41.175],[148.297,-41.194],[148.288,-41.241],[148.287,-41.543],[148.287,-41.555],[148.287,-41.558],[148.286,-41.738],[148.285,-42.049],[148.23,-41.985],[148.223,-41.987],[148.213,-41.97],[148.18,-42.0],[148.168,-42.004]]],[[[147.969,-43.16],[147.88,-43.19],[147.839,-43.195],[147.791,-43.217],[147.781,-43.214],[147.699,-43.123],[147.648,-43.021],[147.687,-42.98],[147.719,-42.989],[147.755,-43.045],[147.804,-43.05],[147.842,-43.054],[147.863,-43.035],[147.881,-43.019],[147.855,-42.938],[147.841,-42.893],[147.909,-42.85],[147.928,-42.859],[147.958,-42.96],[147.981,-43.156],[147.969,-43.16]]],[[[148.308,-40.16],[148.301,-40.173],[148.299,-40.172],[148.211,-40.234],[148.19,-40.239],[148.039,-40.199],[148.025,-40.172],[147.96,-40.095],[147.893,-40.006],[147.906,-39.971],[147.876,-39.905],[147.822,-39.91],[147.786,-39.86],[147.839,-39.832],[147.881,-39.784],[147.953,-39.735],[147.962,-39.74],[148.242,-40.01],[148.284,-40.051],[148.288,-40.067],[148.251,-40.1],[148.302,-40.131],[148.308,-40.16]]],[[[144.106,-40.017],[144.101,-40.03],[144.06,-40.06],[144.016,-40.084],[144.013,-40.086],[143.928,-40.116],[143.899,-40.12],[143.876,-40.064],[143.888,-39.984],[143.844,-39.913],[143.844,-39.912],[143.842,-39.893],[143.865,-39.824],[143.864,-39.796],[143.888,-39.7],[143.916,-39.675],[143.939,-39.658],[143.947,-39.596],[143.973,-39.594],[144.097,-39.666],[144.121,-39.785],[144.106,-39.874],[144.136,-39.943],[144.106,-40.017]]]]}},{"type":"Feature","id":"VI","properties":{"id":"VI"},"geometry":{"type":"Polygon","coordinates":[[[140.966,-38.067],[140.968,-34.005],[140.997,-34.016],[141.026,-34.043],[141.094,-34.066],[141.192,-34.073],[141.318,-34.112],[141.47,-34.183],[141.586,-34.191],[141.666,-34.137],[141.761,-34.112],[141.926,-34.117],[142.158,-34.173],[142.253,-34.223],[142.287,-34.286],[142.328,-34.322],[142.373,-34.333],[142.394,-34.387],[142.388,-34.485],[142.426,-34.593],[142.507,-34.711],[142.571,-34.775],[142.619,-34.784],[142.663,-34.741],[142.705,-34.649],[142.742,-34.598],[142.774,-34.588],[142.812,-34.607],[142.857,-34.655],[142.965,-34.691],[143.221,-34.733],[143.325,-34.788],[143.361,-34.882],[143.363,-35.032],[143.377,-35.127],[143.405,-35.168],[143.459,-35.203],[143.54,-35.234],[143.583,-35.279],[143.585,-35.327],[143.714,-35.411],[143.971,-35.528],[144.163,-35.634],[144.29,-35.73],[144.378,-35.821],[144.428,-35.905],[144.524,-35.994],[144.668,-36.088],[144.799,-36.126],[144.917,-36.107],[144.965,-36.075],[144.944,-36.029],[144.943,-35.978],[144.962,-35.922],[145.008,-35.884],[145.083,-35.862],[145.224,-35.846],[145.432,-35.835],[145.588,-35.863],[145.692,-35.931],[145.815,-35.977],[146.038,-36.017],[146.216,-36.057],[146.324,-36.054],[146.403,-36.033],[146.47,-35.993],[146.589,-36.005],[146.746,-36.061],[146.896,-36.1],[147.047,-36.106],[147.1,-36.05],[147.157,-36.036],[147.272,-36.049],[147.323,-36.069],[147.35,-36.052],[147.371,-36.004],[147.407,-35.971],[147.458,-35.954],[147.502,-35.959],[147.538,-35.984],[147.591,-35.982],[147.674,-35.954],[147.762,-35.956],[147.931,-36.019],[147.975,-36.046],[148.034,-36.181],[148.146,-36.546],[148.197,-36.625],[148.162,-36.73],[148.133,-36.777],[148.216,-36.803],[149.942,-37.501],[149.933,-37.528],[149.809,-37.548],[149.709,-37.617],[149.588,-37.713],[149.394,-37.776],[148.995,-37.791],[148.944,-37.789],[148.785,-37.798],[148.274,-37.817],[147.7,-37.88],[147.573,-38.0],[147.539,-38.033],[147.597,-38.022],[147.706,-38.002],[147.471,-38.167],[147.396,-38.219],[147.39,-38.223],[146.845,-38.607],[146.222,-38.7],[146.203,-38.759],[146.216,-38.78],[146.216,-38.783],[146.22,-38.786],[146.298,-38.907],[146.331,-38.888],[146.337,-38.894],[146.372,-38.865],[146.393,-38.853],[146.453,-38.902],[146.474,-38.919],[146.475,-38.956],[146.479,-39.051],[146.423,-39.113],[146.401,-39.138],[146.359,-39.131],[146.349,-39.127],[146.338,-39.113],[146.332,-39.077],[146.254,-38.964],[146.159,-38.866],[146.07,-38.834],[146.047,-38.849],[146.018,-38.824],[145.86,-38.768],[145.791,-38.667],[145.692,-38.656],[145.606,-38.657],[145.535,-38.61],[145.507,-38.595],[145.442,-38.539],[145.431,-38.466],[145.444,-38.447],[145.482,-38.411],[145.542,-38.394],[145.534,-38.364],[145.552,-38.347],[145.495,-38.274],[145.495,-38.274],[145.476,-38.244],[145.471,-38.243],[145.454,-38.221],[145.288,-38.213],[145.26,-38.225],[145.169,-38.395],[144.989,-38.486],[144.947,-38.487],[144.936,-38.487],[144.847,-38.436],[144.77,-38.379],[144.777,-38.366],[144.779,-38.361],[144.833,-38.371],[144.845,-38.373],[144.981,-38.328],[145.066,-38.206],[145.067,-38.205],[145.067,-38.204],[145.069,-38.202],[145.125,-38.121],[145.118,-38.095],[145.12,-38.091],[145.116,-38.087],[145.1,-38.032],[144.945,-37.85],[144.9,-37.831],[144.499,-38.091],[144.465,-38.102],[144.396,-38.137],[144.501,-38.162],[144.505,-38.22],[144.509,-38.274],[144.46,-38.301],[144.448,-38.304],[144.329,-38.348],[144.101,-38.462],[143.966,-38.573],[143.953,-38.58],[143.927,-38.605],[143.814,-38.697],[143.672,-38.772],[143.603,-38.797],[143.556,-38.805],[143.511,-38.812],[143.339,-38.758],[143.298,-38.753],[143.167,-38.703],[143.083,-38.646],[142.854,-38.585],[142.832,-38.576],[142.612,-38.452],[142.456,-38.386],[142.344,-38.372],[142.309,-38.378],[142.271,-38.364],[141.942,-38.285],[141.929,-38.286],[141.925,-38.284],[141.725,-38.271],[141.686,-38.306],[141.602,-38.313],[141.435,-38.289],[141.36,-38.279],[141.231,-38.175],[141.13,-38.128],[141.003,-38.069],[140.966,-38.067]]]}},{"type":"Feature","id":"CT","properties":{"id":"CT"},"geometry":{"type":"Polygon","coordinates":[[[149.404,-35.329],[149.368,-35.356],[149.279,-35.347],[149.185,-35.383],[149.14,-35.441],[149.149,-35.508],[149.127,-35.584],[149.087,-35.611],[149.105,-35.829],[149.051,-35.914],[148.949,-35.887],[148.899,-35.821],[148.89,-35.744],[148.85,-35.749],[148.792,-35.709],[148.775,-35.637],[148.77,-35.494],[148.828,-35.312],[149.105,-35.146],[149.19,-35.177],[149.194,-35.218],[149.256,-35.271],[149.404,-35.329]]]}},{"type":"Feature","id":"JB","properties":{"id":"JB"},"geometry":{"type":"Polygon","coordinates":[[[150.612,-35.19],[150.636,-35.146],[150.705,-35.12],[150.706,-35.12],[150.706,-35.12],[150.641,-35.167],[150.632,-35.179],[150.612,-35.19]]]}},{"type":"Feature","id":"NS","properties":{"id":"NS"},"geometry":{"type":"Polygon","coordinates":[[[141.026,-34.043],[141.002,-28.999],[148.974,-28.999],[148.993,-28.986],[149.058,-28.928],[149.081,-28.875],[149.174,-28.806],[149.335,-28.723],[149.433,-28.657],[149.467,-28.608],[149.512,-28.579],[149.596,-28.566],[149.677,-28.612],[149.852,-28.604],[150.149,-28.558],[150.341,-28.564],[150.47,-28.65],[150.712,-28.639],[150.856,-28.66],[150.983,-28.71],[151.05,-28.758],[151.058,-28.805],[151.118,-28.851],[151.231,-28.898],[151.303,-28.982],[151.335,-29.104],[151.393,-29.139],[151.478,-29.087],[151.529,-29.035],[151.554,-28.955],[151.73,-28.887],[151.761,-28.945],[151.823,-28.972],[151.855,-28.919],[151.935,-28.923],[152.024,-28.874],[152.069,-28.704],[152.007,-28.637],[151.966,-28.535],[152.163,-28.436],[152.216,-28.436],[152.292,-28.387],[152.413,-28.343],[152.493,-28.262],[152.57,-28.323],[152.609,-28.294],[152.752,-28.356],[152.846,-28.325],[153.118,-28.352],[153.194,-28.258],[153.382,-28.235],[153.479,-28.169],[153.511,-28.255],[153.486,-28.277],[153.491,-28.277],[153.509,-28.279],[153.57,-28.408],[153.572,-28.42],[153.569,-28.533],[153.598,-28.617],[153.613,-28.732],[153.612,-28.743],[153.597,-28.823],[153.587,-28.877],[153.584,-28.883],[153.462,-29.05],[153.363,-29.259],[153.281,-29.365],[153.286,-29.402],[153.297,-29.408],[153.347,-29.435],[153.347,-29.497],[153.294,-29.779],[153.251,-29.94],[153.224,-29.999],[153.188,-30.164],[153.155,-30.247],[153.042,-30.487],[152.994,-30.692],[152.995,-30.79],[152.996,-30.839],[153.009,-30.865],[153.019,-30.883],[153.04,-30.888],[153.046,-30.889],[153.048,-30.907],[153.022,-31.087],[152.982,-31.209],[152.961,-31.331],[152.957,-31.345],[152.797,-31.714],[152.738,-31.788],[152.554,-32.02],[152.52,-32.099],[152.512,-32.118],[152.506,-32.169],[152.515,-32.181],[152.547,-32.223],[152.545,-32.243],[152.516,-32.33],[152.47,-32.439],[152.344,-32.547],[152.241,-32.611],[152.043,-32.668],[151.965,-32.663],[151.947,-32.678],[151.948,-32.717],[151.994,-32.75],[152.046,-32.788],[152.023,-32.8],[151.954,-32.82],[151.813,-32.901],[151.805,-32.912],[151.77,-32.93],[151.636,-32.999],[151.554,-33.167],[151.553,-33.271],[151.53,-33.301],[151.484,-33.347],[151.463,-33.397],[151.443,-33.479],[151.414,-33.526],[151.386,-33.532],[151.308,-33.55],[151.159,-33.475],[151.155,-33.501],[151.152,-33.526],[151.273,-33.652],[151.287,-33.657],[151.299,-33.661],[151.308,-33.643],[151.312,-33.657],[151.31,-33.673],[151.296,-33.801],[151.267,-33.83],[151.167,-33.828],[151.066,-33.825],[151.197,-33.867],[151.268,-33.862],[151.203,-33.965],[151.202,-33.964],[151.168,-33.974],[151.125,-34.005],[151.173,-34.013],[151.139,-34.067],[150.937,-34.311],[150.923,-34.327],[150.75,-34.873],[150.76,-34.952],[150.768,-35.016],[150.756,-35.007],[150.697,-35.042],[150.681,-35.077],[150.706,-35.12],[150.705,-35.12],[150.636,-35.146],[150.612,-35.19],[150.567,-35.214],[150.494,-35.355],[150.213,-35.713],[150.145,-35.911],[150.095,-36.347],[149.966,-36.792],[149.965,-36.826],[149.96,-36.846],[149.95,-37.08],[149.986,-37.259],[149.963,-37.353],[149.962,-37.444],[149.942,-37.501],[148.216,-36.803],[148.133,-36.777],[148.162,-36.73],[148.197,-36.625],[148.146,-36.546],[148.034,-36.181],[147.975,-36.046],[147.931,-36.019],[147.762,-35.956],[147.674,-35.954],[147.591,-35.982],[147.538,-35.984],[147.502,-35.959],[147.458,-35.954],[147.407,-35.971],[147.371,-36.004],[147.35,-36.052],[147.323,-36.069],[147.272,-36.049],[147.157,-36.036],[147.1,-36.05],[147.047,-36.106],[146.896,-36.1],[146.746,-36.061],[146.589,-36.005],[146.47,-35.993],[146.403,-36.033],[146.324,-36.054],[146.216,-36.057],[146.038,-36.017],[145.815,-35.977],[145.692,-35.931],[145.588,-35.863],[145.432,-35.835],[145.224,-35.846],[145.083,-35.862],[145.008,-35.884],[144.962,-35.922],[144.943,-35.978],[144.944,-36.029],[144.965,-36.075],[144.917,-36.107],[144.799,-36.126],[144.668,-36.088],[144.524,-35.994],[144.428,-35.905],[144.378,-35.821],[144.29,-35.73],[144.163,-35.634],[143.971,-35.528],[143.714,-35.411],[143.585,-35.327],[143.583,-35.279],[143.54,-35.234],[143.459,-35.203],[143.405,-35.168],[143.377,-35.127],[143.363,-35.032],[143.361,-34.882],[143.325,-34.788],[143.221,-34.733],[142.965,-34.691],[142.857,-34.655],[142.812,-34.607],[142.774,-34.588],[142.742,-34.598],[142.705,-34.649],[142.663,-34.741],[142.619,-34.784],[142.571,-34.775],[142.507,-34.711],[142.426,-34.593],[142.388,-34.485],[142.394,-34.387],[142.373,-34.333],[142.328,-34.322],[142.287,-34.286],[142.253,-34.223],[142.158,-34.173],[141.926,-34.117],[141.761,-34.112],[141.666,-34.137],[141.586,-34.191],[141.47,-34.183],[141.318,-34.112],[141.192,-34.073],[141.094,-34.066],[141.026,-34.043]],[[149.404,-35.329],[149.256,-35.271],[149.194,-35.218],[149.19,-35.177],[149.105,-35.146],[148.828,-35.312],[148.77,-35.494],[148.775,-35.637],[148.792,-35.709],[148.85,-35.749],[148.89,-35.744],[148.899,-35.821],[148.949,-35.887],[149.051,-35.914],[149.105,-35.829],[149.087,-35.611],[149.127,-35.584],[149.149,-35.508],[149.14,-35.441],[149.185,-35.383],[149.279,-35.347],[149.368,-35.356],[149.404,-35.329]]]}},{"type":"Feature","id":"AC","properties":{"id":"AC"},"geometry":{"type":"Polygon","coordinates":[[[-66.628,-9.925],[-66.672,-9.947],[-66.73,-9.975],[-67.098,-10.258],[-67.111,-10.269],[-67.19,-10.311],[-67.2,-10.312],[-67.28,-10.317],[-67.333,-10.358],[-67.417,-10.39],[-67.582,-10.506],[-67.586,-10.51],[-67.667,-10.599],[-67.722,-10.683],[-67.786,-10.686],[-67.835,-10.663],[-67.949,-10.671],[-67.992,-10.674],[-68.072,-10.703],[-68.159,-10.785],[-68.267,-10.933],[-68.311,-10.975],[-68.398,-11.019],[-68.498,-11.055],[-68.623,-11.109],[-68.678,-11.113],[-68.718,-11.121],[-68.727,-11.122],[-68.77,-11.098],[-68.784,-11.045],[-68.848,-11.011],[-69.002,-10.994],[-69.229,-10.956],[-69.463,-10.948],[-69.57,-10.951],[-69.579,-10.952],[-69.674,-10.954],[-69.763,-10.943],[-69.84,-10.933],[-69.96,-10.93],[-70.066,-10.983],[-70.192,-11.036],[-70.22,-11.048],[-70.291,-11.064],[-70.342,-11.067],[-70.392,-11.059],[-70.451,-11.025],[-70.463,-11.013],[-70.533,-10.947],[-70.597,-10.977],[-70.621,-10.995],[-70.642,-11.01],[-70.642,-10.841],[-70.64,-10.586],[-70.639,-10.361],[-70.638,-10.182],[-70.638,-9.972],[-70.637,-9.824],[-70.608,-9.787],[-70.594,-9.768],[-70.567,-9.705],[-70.576,-9.68],[-70.599,-9.621],[-70.592,-9.543],[-70.57,-9.49],[-70.563,-9.477],[-70.541,-9.437],[-70.608,-9.464],[-70.637,-9.478],[-70.666,-9.511],[-70.673,-9.518],[-70.682,-9.524],[-70.759,-9.572],[-70.816,-9.625],[-70.885,-9.669],[-70.957,-9.75],[-70.971,-9.766],[-71.03,-9.81],[-71.042,-9.819],[-71.115,-9.852],[-71.238,-9.966],[-71.339,-9.989],[-71.519,-10.0],[-71.608,-10.006],[-71.888,-10.006],[-72.143,-10.005],[-72.182,-10.004],[-72.18,-9.937],[-72.179,-9.91],[-72.173,-9.844],[-72.189,-9.831],[-72.26,-9.774],[-72.266,-9.689],[-72.289,-9.629],[-72.318,-9.557],[-72.379,-9.51],[-72.465,-9.492],[-72.586,-9.458],[-72.605,-9.452],[-72.814,-9.411],[-72.927,-9.409],[-73.014,-9.407],[-73.209,-9.411],[-73.09,-9.266],[-72.97,-9.12],[-72.974,-8.993],[-73.071,-8.883],[-73.122,-8.814],[-73.203,-8.719],[-73.302,-8.654],[-73.357,-8.567],[-73.355,-8.542],[-73.352,-8.514],[-73.36,-8.479],[-73.398,-8.459],[-73.436,-8.427],[-73.488,-8.392],[-73.489,-8.392],[-73.549,-8.346],[-73.549,-8.299],[-73.572,-8.25],[-73.61,-8.192],[-73.61,-8.146],[-73.645,-8.073],[-73.683,-8.021],[-73.72,-7.986],[-73.776,-7.936],[-73.773,-7.896],[-73.735,-7.877],[-73.732,-7.876],[-73.715,-7.829],[-73.72,-7.783],[-73.767,-7.754],[-73.822,-7.739],[-73.837,-7.722],[-73.895,-7.655],[-73.947,-7.611],[-73.982,-7.585],[-74.002,-7.556],[-73.982,-7.536],[-73.958,-7.507],[-73.953,-7.46],[-73.964,-7.417],[-73.964,-7.379],[-73.929,-7.367],[-73.892,-7.373],[-73.854,-7.35],[-73.847,-7.349],[-73.805,-7.341],[-73.749,-7.335],[-73.72,-7.309],[-73.723,-7.263],[-73.758,-7.173],[-73.793,-7.135],[-73.797,-7.117],[-72.663,-7.593],[-70.373,-8.155],[-69.806,-8.454],[-66.828,-9.838],[-66.639,-9.92],[-66.628,-9.925],[-66.628,-9.925]]]}},{"type":"Feature","id":"RO","properties":{"id":"RO"},"geometry":{"type":"Polygon","coordinates":[[[-66.628,-9.925],[-66.628,-9.925],[-66.639,-9.92],[-66.828,-9.838],[-66.744,-9.749],[-66.695,-9.749],[-66.597,-9.664],[-66.503,-9.633],[-66.405,-9.526],[-66.396,-9.405],[-66.106,-9.418],[-65.998,-9.401],[-65.931,-9.414],[-65.766,-9.566],[-65.677,-9.535],[-65.632,-9.45],[-65.525,-9.414],[-65.445,-9.445],[-65.418,-9.392],[-65.222,-9.258],[-65.199,-9.267],[-65.172,-9.374],[-65.092,-9.436],[-65.039,-9.401],[-64.905,-9.213],[-64.927,-9.119],[-64.887,-9.061],[-64.779,-8.985],[-64.69,-9.021],[-64.596,-9.026],[-64.476,-8.95],[-64.418,-8.972],[-64.382,-8.941],[-64.217,-8.95],[-64.119,-8.936],[-64.128,-8.686],[-64.074,-8.713],[-63.998,-8.682],[-63.923,-8.535],[-63.994,-8.441],[-63.918,-8.334],[-63.753,-8.284],[-63.726,-8.191],[-63.592,-8.164],[-63.588,-8.079],[-63.538,-7.999],[-62.904,-8.008],[-62.829,-8.017],[-62.722,-8.061],[-62.677,-8.115],[-62.637,-8.222],[-62.556,-8.289],[-62.538,-8.361],[-62.454,-8.347],[-62.373,-8.383],[-62.306,-8.57],[-62.173,-8.611],[-62.132,-8.767],[-61.998,-8.812],[-61.918,-8.874],[-61.873,-8.856],[-61.838,-8.744],[-61.762,-8.727],[-61.717,-8.686],[-61.61,-8.722],[-61.61,-8.767],[-61.507,-8.847],[-61.485,-8.914],[-61.53,-8.999],[-61.556,-9.128],[-61.53,-9.227],[-61.592,-9.24],[-61.61,-9.321],[-61.547,-9.41],[-61.552,-9.463],[-61.481,-9.637],[-61.521,-9.704],[-61.565,-9.727],[-61.521,-9.86],[-61.534,-9.995],[-61.57,-10.061],[-61.565,-10.262],[-61.472,-10.436],[-61.503,-10.686],[-61.472,-10.758],[-61.521,-10.789],[-61.507,-10.878],[-61.521,-10.954],[-61.472,-10.999],[-60.44,-11.003],[-60.44,-11.039],[-60.382,-11.102],[-60.279,-11.079],[-60.177,-11.12],[-60.07,-11.115],[-60.003,-11.146],[-59.909,-11.383],[-60.025,-11.535],[-60.101,-11.601],[-60.101,-11.744],[-60.061,-11.905],[-59.985,-11.919],[-59.932,-12.052],[-59.887,-12.128],[-59.891,-12.245],[-59.824,-12.387],[-59.909,-12.619],[-60.003,-12.731],[-60.043,-12.874],[-60.083,-12.927],[-60.195,-12.972],[-60.271,-13.07],[-60.275,-13.137],[-60.351,-13.271],[-60.382,-13.419],[-60.659,-13.601],[-60.725,-13.663],[-60.914,-13.562],[-61.077,-13.49],[-61.129,-13.498],[-61.273,-13.513],[-61.416,-13.527],[-61.512,-13.541],[-61.576,-13.525],[-61.79,-13.526],[-61.816,-13.508],[-61.874,-13.47],[-61.945,-13.406],[-61.952,-13.398],[-62.095,-13.242],[-62.117,-13.163],[-62.118,-13.16],[-62.176,-13.134],[-62.226,-13.139],[-62.264,-13.144],[-62.353,-13.132],[-62.474,-13.085],[-62.525,-13.064],[-62.687,-12.994],[-62.722,-12.996],[-62.766,-12.997],[-62.835,-12.954],[-62.958,-12.847],[-63.015,-12.806],[-63.036,-12.761],[-63.041,-12.75],[-63.068,-12.669],[-63.117,-12.652],[-63.181,-12.666],[-63.204,-12.68],[-63.25,-12.708],[-63.347,-12.68],[-63.465,-12.605],[-63.542,-12.547],[-63.586,-12.519],[-63.689,-12.478],[-63.788,-12.469],[-63.938,-12.53],[-63.961,-12.525],[-64.062,-12.505],[-64.14,-12.496],[-64.255,-12.483],[-64.351,-12.458],[-64.407,-12.443],[-64.42,-12.44],[-64.429,-12.423],[-64.481,-12.326],[-64.513,-12.251],[-64.612,-12.204],[-64.69,-12.146],[-64.783,-12.059],[-64.83,-12.03],[-64.914,-12.006],[-64.95,-11.992],[-64.992,-11.975],[-64.998,-11.938],[-65.001,-11.92],[-65.03,-11.847],[-65.037,-11.829],[-65.09,-11.741],[-65.115,-11.735],[-65.143,-11.752],[-65.157,-11.761],[-65.163,-11.765],[-65.186,-11.75],[-65.188,-11.727],[-65.19,-11.71],[-65.175,-11.647],[-65.206,-11.581],[-65.282,-11.511],[-65.284,-11.507],[-65.322,-11.439],[-65.325,-11.371],[-65.325,-11.365],[-65.34,-11.324],[-65.342,-11.315],[-65.373,-11.29],[-65.39,-11.246],[-65.394,-11.184],[-65.372,-11.11],[-65.324,-11.025],[-65.334,-10.893],[-65.402,-10.715],[-65.44,-10.586],[-65.447,-10.507],[-65.437,-10.449],[-65.395,-10.392],[-65.382,-10.37],[-65.313,-10.253],[-65.298,-10.147],[-65.309,-10.098],[-65.324,-10.027],[-65.328,-9.936],[-65.309,-9.873],[-65.338,-9.79],[-65.396,-9.712],[-65.437,-9.71],[-65.492,-9.732],[-65.559,-9.797],[-65.637,-9.809],[-65.707,-9.768],[-65.925,-9.785],[-66.264,-9.826],[-66.399,-9.868],[-66.479,-9.886],[-66.575,-9.9],[-66.628,-9.925]]]}},{"type":"Feature","id":"RR","properties":{"id":"RR"},"geometry":{"type":"Polygon","coordinates":[[[-58.869,0.224],[-59.771,0.229],[-60.025,0.224],[-60.128,0.131],[-60.168,0.006],[-60.217,-0.043],[-60.253,-0.151],[-60.311,-0.235],[-60.315,-0.307],[-60.387,-0.463],[-60.391,-0.521],[-60.315,-0.62],[-60.306,-0.673],[-60.338,-0.704],[-60.467,-0.74],[-60.516,-0.829],[-60.641,-0.86],[-60.735,-0.852],[-60.815,-0.686],[-60.905,-0.61],[-60.931,-0.557],[-61.061,-0.53],[-61.106,-0.494],[-61.221,-0.499],[-61.244,-0.548],[-61.458,-0.637],[-61.534,-0.727],[-61.579,-0.945],[-61.561,-1.021],[-61.574,-1.142],[-61.619,-1.276],[-61.62,-1.449],[-61.717,-1.401],[-61.799,-1.389],[-61.881,-1.389],[-61.878,-1.369],[-61.936,-1.245],[-62.03,-1.146],[-62.141,-1.066],[-62.204,-1.044],[-62.244,-0.981],[-62.315,-0.945],[-62.418,-0.829],[-62.507,-0.771],[-62.476,-0.695],[-62.378,-0.718],[-62.311,-0.642],[-62.32,-0.521],[-62.369,-0.468],[-62.373,-0.343],[-62.405,-0.271],[-62.476,-0.222],[-62.512,-0.124],[-62.57,-0.048],[-62.579,0.019],[-62.525,0.095],[-62.565,0.175],[-62.57,0.247],[-62.534,0.314],[-62.529,0.43],[-62.489,0.488],[-62.485,0.541],[-62.538,0.675],[-62.534,0.733],[-62.445,0.805],[-62.512,0.961],[-62.516,1.059],[-62.614,1.363],[-62.623,1.416],[-62.722,1.497],[-62.789,1.604],[-62.713,1.738],[-62.731,1.832],[-62.69,1.912],[-62.708,1.948],[-62.847,2.019],[-63.003,2.019],[-63.123,2.113],[-63.15,2.18],[-63.307,2.166],[-63.377,2.213],[-63.394,2.224],[-63.375,2.34],[-63.389,2.412],[-63.585,2.434],[-63.713,2.434],[-63.924,2.452],[-64.025,2.482],[-64.047,2.502],[-64.049,2.525],[-64.029,2.574],[-64.029,2.576],[-64.009,2.672],[-64.038,2.801],[-64.095,2.913],[-64.144,3.005],[-64.219,3.205],[-64.229,3.344],[-64.227,3.491],[-64.221,3.587],[-64.275,3.663],[-64.568,3.9],[-64.621,3.958],[-64.669,4.012],[-64.703,4.089],[-64.816,4.23],[-64.818,4.232],[-64.811,4.243],[-64.789,4.276],[-64.768,4.276],[-64.722,4.274],[-64.676,4.244],[-64.666,4.237],[-64.614,4.158],[-64.576,4.14],[-64.526,4.14],[-64.372,4.14],[-64.256,4.14],[-64.193,4.127],[-64.154,4.1],[-64.122,4.067],[-64.114,4.052],[-64.073,3.974],[-64.022,3.929],[-63.915,3.931],[-63.747,3.932],[-63.714,3.936],[-63.653,3.941],[-63.639,3.934],[-63.597,3.915],[-63.527,3.894],[-63.417,3.93],[-63.38,3.943],[-63.339,3.944],[-63.295,3.922],[-63.198,3.821],[-63.136,3.756],[-63.045,3.687],[-62.969,3.594],[-62.857,3.593],[-62.765,3.673],[-62.764,3.681],[-62.753,3.802],[-62.74,3.94],[-62.712,4.018],[-62.665,4.04],[-62.61,4.042],[-62.544,4.084],[-62.504,4.115],[-62.472,4.139],[-62.411,4.157],[-62.39,4.152],[-62.153,4.098],[-62.139,4.104],[-62.082,4.126],[-61.821,4.197],[-61.635,4.26],[-61.554,4.288],[-61.54,4.31],[-61.48,4.402],[-61.452,4.41],[-61.368,4.433],[-61.287,4.51],[-61.28,4.517],[-61.26,4.514],[-61.21,4.508],[-61.102,4.505],[-61.036,4.519],[-61.003,4.535],[-60.983,4.557],[-60.967,4.575],[-60.906,4.687],[-60.833,4.729],[-60.752,4.769],[-60.742,4.774],[-60.679,4.827],[-60.627,4.893],[-60.624,4.9],[-60.604,4.949],[-60.604,4.974],[-60.604,4.995],[-60.635,5.082],[-60.657,5.13],[-60.672,5.164],[-60.712,5.192],[-60.742,5.202],[-60.738,5.203],[-60.73,5.205],[-60.652,5.221],[-60.576,5.193],[-60.459,5.188],[-60.409,5.21],[-60.335,5.199],[-60.242,5.258],[-60.182,5.239],[-60.17,5.239],[-60.142,5.239],[-60.106,5.194],[-60.094,5.172],[-60.078,5.144],[-59.997,5.088],[-59.991,5.083],[-59.991,5.076],[-59.999,4.99],[-60.015,4.907],[-60.027,4.813],[-60.032,4.74],[-60.069,4.667],[-60.125,4.598],[-60.141,4.57],[-60.149,4.533],[-60.111,4.511],[-60.045,4.505],[-59.979,4.502],[-59.962,4.502],[-59.906,4.48],[-59.833,4.476],[-59.746,4.417],[-59.703,4.381],[-59.7,4.353],[-59.712,4.323],[-59.727,4.288],[-59.739,4.227],[-59.717,4.188],[-59.691,4.16],[-59.62,4.023],[-59.586,3.975],[-59.567,3.965],[-59.558,3.96],[-59.551,3.934],[-59.576,3.883],[-59.604,3.82],[-59.67,3.753],[-59.679,3.7],[-59.732,3.666],[-59.749,3.655],[-59.855,3.588],[-59.833,3.462],[-59.831,3.432],[-59.829,3.399],[-59.831,3.349],[-59.873,3.283],[-59.883,3.257],[-59.946,3.088],[-59.972,2.99],[-59.996,2.765],[-59.995,2.69],[-59.963,2.594],[-59.961,2.588],[-59.892,2.37],[-59.889,2.363],[-59.886,2.36],[-59.849,2.327],[-59.755,2.274],[-59.744,2.122],[-59.744,2.11],[-59.752,1.962],[-59.756,1.901],[-59.741,1.874],[-59.699,1.861],[-59.688,1.855],[-59.668,1.842],[-59.664,1.795],[-59.667,1.746],[-59.597,1.718],[-59.536,1.7],[-59.479,1.632],[-59.378,1.527],[-59.337,1.508],[-59.317,1.465],[-59.239,1.384],[-59.231,1.376],[-59.211,1.371],[-59.1,1.344],[-58.969,1.304],[-58.966,1.302],[-58.962,1.255],[-58.869,0.224]]]}},{"type":"Feature","id":"AM","properties":{"id":"AM"},"geometry":{"type":"Polygon","coordinates":[[[-66.828,-9.838],[-69.806,-8.454],[-70.373,-8.155],[-72.663,-7.593],[-73.797,-7.117],[-73.798,-7.113],[-73.805,-7.08],[-73.776,-6.974],[-73.758,-6.906],[-73.694,-6.834],[-73.692,-6.832],[-73.5,-6.679],[-73.431,-6.638],[-73.325,-6.575],[-73.24,-6.564],[-73.177,-6.525],[-73.137,-6.466],[-73.126,-6.401],[-73.131,-6.368],[-73.135,-6.344],[-73.168,-6.261],[-73.18,-6.227],[-73.207,-6.156],[-73.235,-6.098],[-73.209,-6.029],[-73.163,-5.933],[-73.153,-5.919],[-73.068,-5.789],[-72.98,-5.635],[-72.972,-5.597],[-72.97,-5.59],[-72.959,-5.495],[-72.918,-5.303],[-72.896,-5.198],[-72.907,-5.158],[-72.887,-5.123],[-72.832,-5.094],[-72.736,-5.075],[-72.699,-5.067],[-72.608,-5.01],[-72.568,-4.978],[-72.469,-4.901],[-72.353,-4.786],[-72.257,-4.749],[-72.083,-4.642],[-71.983,-4.575],[-71.943,-4.553],[-71.845,-4.504],[-71.668,-4.487],[-71.565,-4.475],[-71.521,-4.47],[-71.5,-4.462],[-71.438,-4.438],[-71.323,-4.425],[-71.317,-4.424],[-71.314,-4.423],[-71.235,-4.388],[-71.151,-4.387],[-71.144,-4.387],[-70.974,-4.35],[-70.926,-4.305],[-70.916,-4.295],[-70.866,-4.23],[-70.8,-4.173],[-70.722,-4.159],[-70.654,-4.166],[-70.634,-4.169],[-70.531,-4.168],[-70.423,-4.153],[-70.405,-4.15],[-70.364,-4.179],[-70.344,-4.194],[-70.317,-4.247],[-70.239,-4.301],[-70.184,-4.298],[-70.184,-4.298],[-70.129,-4.286],[-70.053,-4.333],[-70.004,-4.327],[-69.972,-4.301],[-69.966,-4.236],[-69.956,-4.217],[-69.948,-4.2],[-69.911,-3.996],[-69.85,-3.66],[-69.794,-3.354],[-69.733,-3.017],[-69.669,-2.668],[-69.605,-2.314],[-69.552,-2.024],[-69.507,-1.775],[-69.479,-1.622],[-69.435,-1.422],[-69.418,-1.246],[-69.413,-1.231],[-69.4,-1.195],[-69.411,-1.152],[-69.419,-1.14],[-69.449,-1.091],[-69.449,-1.065],[-69.445,-1.03],[-69.449,-0.999],[-69.488,-0.966],[-69.519,-0.946],[-69.544,-0.917],[-69.555,-0.877],[-69.575,-0.838],[-69.583,-0.796],[-69.612,-0.763],[-69.621,-0.721],[-69.601,-0.681],[-69.594,-0.649],[-69.592,-0.639],[-69.601,-0.6],[-69.612,-0.553],[-69.634,-0.509],[-69.667,-0.482],[-69.747,-0.453],[-69.828,-0.381],[-69.923,-0.318],[-69.934,-0.306],[-70.044,-0.196],[-70.071,-0.139],[-70.071,0.019],[-70.066,0.189],[-70.058,0.447],[-70.054,0.579],[-69.985,0.586],[-69.925,0.589],[-69.862,0.598],[-69.82,0.605],[-69.807,0.608],[-69.803,0.609],[-69.757,0.626],[-69.719,0.65],[-69.674,0.665],[-69.639,0.66],[-69.603,0.68],[-69.565,0.7],[-69.527,0.716],[-69.472,0.73],[-69.421,0.698],[-69.403,0.679],[-69.392,0.667],[-69.36,0.652],[-69.359,0.651],[-69.327,0.655],[-69.306,0.653],[-69.283,0.627],[-69.254,0.625],[-69.213,0.63],[-69.174,0.635],[-69.156,0.643],[-69.153,0.659],[-69.163,0.687],[-69.177,0.713],[-69.166,0.753],[-69.165,0.802],[-69.164,0.832],[-69.163,0.864],[-69.172,0.873],[-69.194,0.898],[-69.224,0.963],[-69.258,1.015],[-69.312,1.05],[-69.361,1.064],[-69.403,1.042],[-69.441,1.039],[-69.47,1.059],[-69.517,1.059],[-69.567,1.066],[-69.621,1.073],[-69.717,1.059],[-69.751,1.077],[-69.798,1.078],[-69.852,1.059],[-69.851,1.309],[-69.85,1.544],[-69.849,1.709],[-69.845,1.709],[-69.8,1.705],[-69.758,1.726],[-69.74,1.735],[-69.67,1.738],[-69.65,1.739],[-69.644,1.742],[-69.581,1.771],[-69.543,1.773],[-69.47,1.758],[-69.444,1.747],[-69.394,1.726],[-69.32,1.721],[-69.124,1.721],[-68.913,1.721],[-68.679,1.721],[-68.443,1.722],[-68.24,1.722],[-68.177,1.72],[-68.188,1.737],[-68.213,1.774],[-68.256,1.845],[-68.239,1.901],[-68.218,1.958],[-68.194,1.987],[-68.13,1.956],[-68.077,1.86],[-68.041,1.801],[-68.033,1.788],[-67.99,1.752],[-67.936,1.748],[-67.875,1.761],[-67.815,1.79],[-67.712,1.922],[-67.683,1.954],[-67.609,2.035],[-67.601,2.04],[-67.556,2.073],[-67.549,2.077],[-67.5,2.108],[-67.458,2.121],[-67.456,2.121],[-67.401,2.117],[-67.352,2.086],[-67.321,2.032],[-67.206,1.845],[-67.119,1.704],[-67.09,1.616],[-67.088,1.401],[-67.09,1.35],[-67.093,1.235],[-67.094,1.21],[-67.09,1.202],[-67.082,1.185],[-67.065,1.178],[-66.887,1.22],[-66.876,1.223],[-66.619,0.992],[-66.429,0.822],[-66.347,0.767],[-66.302,0.752],[-66.191,0.763],[-66.06,0.786],[-65.996,0.81],[-65.926,0.863],[-65.811,0.937],[-65.718,0.978],[-65.682,0.983],[-65.645,0.97],[-65.566,0.926],[-65.523,0.844],[-65.563,0.747],[-65.556,0.688],[-65.473,0.691],[-65.407,0.79],[-65.405,0.794],[-65.361,0.869],[-65.264,0.932],[-65.17,1.022],[-65.104,1.108],[-65.027,1.158],[-64.947,1.2],[-64.91,1.22],[-64.818,1.257],[-64.731,1.254],[-64.667,1.294],[-64.585,1.37],[-64.526,1.431],[-64.486,1.453],[-64.409,1.447],[-64.405,1.447],[-64.375,1.449],[-64.304,1.455],[-64.205,1.529],[-64.115,1.619],[-64.098,1.674],[-64.067,1.77],[-64.036,1.904],[-64.009,1.932],[-63.976,1.953],[-63.937,1.967],[-63.916,1.969],[-63.844,1.977],[-63.751,2.018],[-63.682,2.048],[-63.57,2.12],[-63.464,2.136],[-63.433,2.156],[-63.394,2.223],[-63.394,2.224],[-63.377,2.213],[-63.307,2.166],[-63.15,2.18],[-63.123,2.113],[-63.003,2.019],[-62.847,2.019],[-62.708,1.948],[-62.69,1.912],[-62.731,1.832],[-62.713,1.738],[-62.789,1.604],[-62.722,1.497],[-62.623,1.416],[-62.614,1.363],[-62.516,1.059],[-62.512,0.961],[-62.445,0.805],[-62.534,0.733],[-62.538,0.675],[-62.485,0.541],[-62.489,0.488],[-62.529,0.43],[-62.534,0.314],[-62.57,0.247],[-62.565,0.175],[-62.525,0.095],[-62.579,0.019],[-62.57,-0.048],[-62.512,-0.124],[-62.476,-0.222],[-62.405,-0.271],[-62.373,-0.343],[-62.369,-0.468],[-62.32,-0.521],[-62.311,-0.642],[-62.378,-0.718],[-62.476,-0.695],[-62.507,-0.771],[-62.418,-0.829],[-62.315,-0.945],[-62.244,-0.981],[-62.204,-1.044],[-62.141,-1.066],[-62.03,-1.146],[-61.936,-1.245],[-61.878,-1.369],[-61.881,-1.389],[-61.799,-1.389],[-61.717,-1.401],[-61.62,-1.449],[-61.619,-1.276],[-61.574,-1.142],[-61.561,-1.021],[-61.579,-0.945],[-61.534,-0.727],[-61.458,-0.637],[-61.244,-0.548],[-61.221,-0.499],[-61.106,-0.494],[-61.061,-0.53],[-60.931,-0.557],[-60.905,-0.61],[-60.815,-0.686],[-60.735,-0.852],[-60.641,-0.86],[-60.516,-0.829],[-60.467,-0.74],[-60.338,-0.704],[-60.306,-0.673],[-60.315,-0.62],[-60.391,-0.521],[-60.387,-0.463],[-60.315,-0.307],[-60.311,-0.235],[-60.253,-0.151],[-60.217,-0.043],[-60.168,0.006],[-60.128,0.131],[-60.025,0.224],[-59.771,0.229],[-58.869,0.224],[-58.851,-0.084],[-58.865,-0.173],[-58.856,-0.352],[-58.739,-0.432],[-58.748,-0.624],[-58.704,-0.695],[-58.628,-0.767],[-58.57,-0.762],[-58.44,-0.86],[-58.391,-1.048],[-58.315,-1.119],[-58.253,-1.128],[-58.159,-1.236],[-58.083,-1.298],[-57.98,-1.347],[-57.9,-1.423],[-57.828,-1.445],[-57.655,-1.588],[-57.565,-1.624],[-57.449,-1.691],[-57.338,-1.731],[-57.275,-1.713],[-57.248,-1.758],[-57.168,-1.771],[-57.088,-1.811],[-57.007,-1.936],[-56.824,-2.035],[-56.744,-2.052],[-56.748,-2.177],[-56.637,-2.222],[-56.498,-2.16],[-56.485,-2.249],[-56.401,-2.336],[-56.391,-2.392],[-56.757,-3.186],[-58.293,-6.499],[-58.375,-6.57],[-58.437,-6.676],[-58.456,-6.794],[-58.386,-6.949],[-58.228,-7.142],[-58.146,-7.264],[-58.137,-7.338],[-58.202,-7.414],[-58.224,-7.485],[-58.224,-7.575],[-58.259,-7.673],[-58.33,-7.78],[-58.353,-7.906],[-58.329,-8.05],[-58.354,-8.276],[-58.397,-8.415],[-58.427,-8.523],[-58.472,-8.691],[-58.547,-8.749],[-61.61,-8.767],[-61.61,-8.722],[-61.717,-8.686],[-61.762,-8.727],[-61.838,-8.744],[-61.873,-8.856],[-61.918,-8.874],[-61.998,-8.812],[-62.132,-8.767],[-62.173,-8.611],[-62.306,-8.57],[-62.373,-8.383],[-62.454,-8.347],[-62.538,-8.361],[-62.556,-8.289],[-62.637,-8.222],[-62.677,-8.115],[-62.722,-8.061],[-62.829,-8.017],[-62.904,-8.008],[-63.538,-7.999],[-63.588,-8.079],[-63.592,-8.164],[-63.726,-8.191],[-63.753,-8.284],[-63.918,-8.334],[-63.994,-8.441],[-63.923,-8.535],[-63.998,-8.682],[-64.074,-8.713],[-64.128,-8.686],[-64.119,-8.936],[-64.217,-8.95],[-64.382,-8.941],[-64.418,-8.972],[-64.476,-8.95],[-64.596,-9.026],[-64.69,-9.021],[-64.779,-8.985],[-64.887,-9.061],[-64.927,-9.119],[-64.905,-9.213],[-65.039,-9.401],[-65.092,-9.436],[-65.172,-9.374],[-65.199,-9.267],[-65.222,-9.258],[-65.418,-9.392],[-65.445,-9.445],[-65.525,-9.414],[-65.632,-9.45],[-65.677,-9.535],[-65.766,-9.566],[-65.931,-9.414],[-65.998,-9.401],[-66.106,-9.418],[-66.396,-9.405],[-66.405,-9.526],[-66.503,-9.633],[-66.597,-9.664],[-66.695,-9.749],[-66.744,-9.749],[-66.828,-9.838]]]}},{"type":"Feature","id":"PA","properties":{"id":"PA"},"geometry":{"type":"MultiPolygon","coordinates":[[[[-58.869,0.224],[-58.962,1.255],[-58.966,1.302],[-58.917,1.249],[-58.887,1.224],[-58.862,1.204],[-58.822,1.201],[-58.787,1.209],[-58.741,1.24],[-58.73,1.248],[-58.685,1.281],[-58.605,1.279],[-58.528,1.284],[-58.512,1.285],[-58.496,1.312],[-58.487,1.348],[-58.492,1.372],[-58.506,1.439],[-58.473,1.466],[-58.444,1.472],[-58.396,1.482],[-58.38,1.53],[-58.377,1.534],[-58.363,1.557],[-58.341,1.588],[-58.314,1.592],[-58.281,1.574],[-58.231,1.563],[-58.173,1.548],[-58.152,1.527],[-58.142,1.517],[-58.091,1.514],[-58.035,1.52],[-58.012,1.54],[-57.995,1.574],[-57.983,1.649],[-57.946,1.651],[-57.873,1.667],[-57.796,1.7],[-57.692,1.705],[-57.672,1.705],[-57.594,1.704],[-57.546,1.726],[-57.501,1.774],[-57.437,1.872],[-57.413,1.909],[-57.367,1.94],[-57.317,1.963],[-57.276,1.959],[-57.189,1.982],[-57.119,2.014],[-57.093,2.006],[-57.038,1.937],[-57.01,1.921],[-56.97,1.916],[-56.897,1.897],[-56.837,1.881],[-56.813,1.885],[-56.766,1.892],[-56.69,1.914],[-56.616,1.923],[-56.599,1.917],[-56.564,1.907],[-56.525,1.927],[-56.483,1.942],[-56.453,1.932],[-56.386,1.924],[-56.227,1.885],[-56.146,1.869],[-56.079,1.855],[-56.02,1.842],[-55.963,1.857],[-55.929,1.888],[-55.922,1.977],[-55.915,2.04],[-55.962,2.095],[-56.02,2.158],[-56.044,2.193],[-56.073,2.237],[-56.138,2.259],[-56.129,2.3],[-56.088,2.341],[-56.045,2.364],[-56.02,2.393],[-55.994,2.497],[-55.976,2.516],[-55.958,2.52],[-55.936,2.517],[-55.894,2.49],[-55.824,2.454],[-55.73,2.406],[-55.659,2.419],[-55.385,2.44],[-55.344,2.489],[-55.286,2.5],[-55.263,2.511],[-55.188,2.547],[-55.149,2.551],[-55.114,2.539],[-55.07,2.548],[-55.006,2.593],[-54.979,2.598],[-54.968,2.548],[-54.927,2.497],[-54.879,2.453],[-54.876,2.45],[-54.852,2.44],[-54.824,2.445],[-54.767,2.455],[-54.722,2.442],[-54.715,2.425],[-54.735,2.416],[-54.734,2.408],[-54.717,2.265],[-54.788,2.13],[-54.753,2.081],[-54.793,2.01],[-54.762,1.97],[-54.766,1.899],[-54.735,1.773],[-54.579,1.782],[-54.498,1.747],[-54.365,1.76],[-54.204,1.657],[-54.172,1.657],[-54.083,1.541],[-54.079,1.506],[-54.007,1.523],[-53.922,1.461],[-53.891,1.407],[-53.757,1.394],[-53.74,1.434],[-53.659,1.421],[-53.65,1.363],[-53.556,1.367],[-53.538,1.242],[-53.44,1.26],[-53.409,1.184],[-53.467,1.153],[-53.418,0.943],[-53.266,0.782],[-53.132,0.751],[-53.114,0.72],[-53.141,0.537],[-53.128,0.385],[-53.043,0.247],[-53.007,0.135],[-53.016,0.055],[-52.976,-0.017],[-52.913,-0.191],[-52.829,-0.182],[-52.699,-0.302],[-52.628,-0.396],[-52.632,-0.557],[-52.606,-0.61],[-52.525,-0.646],[-52.507,-0.731],[-52.516,-0.874],[-52.4,-0.869],[-52.369,-0.923],[-52.391,-0.954],[-52.36,-1.07],[-52.239,-1.146],[-52.132,-1.151],[-52.052,-1.177],[-51.985,-1.142],[-51.888,-1.16],[-51.922,-1.181],[-51.935,-1.32],[-51.981,-1.368],[-52.021,-1.399],[-52.229,-1.362],[-52.553,-1.514],[-52.664,-1.552],[-52.31,-1.56],[-52.197,-1.64],[-51.948,-1.587],[-51.646,-1.394],[-51.531,-1.354],[-51.297,-1.224],[-51.202,-1.136],[-51.029,-1.032],[-50.992,-0.986],[-50.895,-0.938],[-50.842,-1.0],[-50.838,-1.039],[-50.918,-1.115],[-50.897,-1.164],[-50.844,-1.226],[-50.825,-1.311],[-50.819,-1.376],[-50.786,-1.49],[-50.679,-1.644],[-50.675,-1.695],[-50.69,-1.762],[-50.639,-1.817],[-50.586,-1.85],[-50.403,-2.016],[-50.265,-1.926],[-49.818,-1.897],[-49.719,-1.926],[-49.585,-1.867],[-49.314,-1.732],[-49.399,-1.971],[-49.46,-2.192],[-49.507,-2.28],[-49.553,-2.52],[-49.599,-2.584],[-49.637,-2.657],[-49.576,-2.631],[-49.524,-2.597],[-49.457,-2.505],[-49.408,-2.344],[-49.246,-1.993],[-49.194,-1.905],[-49.155,-1.879],[-48.991,-1.83],[-48.924,-1.748],[-48.899,-1.741],[-48.71,-1.488],[-48.6,-1.489],[-48.53,-1.567],[-48.463,-1.614],[-48.449,-1.537],[-48.383,-1.514],[-48.374,-1.511],[-48.372,-1.51],[-48.319,-1.478],[-48.319,-1.449],[-48.333,-1.451],[-48.399,-1.46],[-48.407,-1.456],[-48.445,-1.399],[-48.473,-1.359],[-48.478,-1.324],[-48.408,-1.229],[-48.443,-1.16],[-48.326,-1.093],[-48.321,-1.102],[-48.313,-1.114],[-48.289,-1.112],[-48.278,-1.111],[-48.304,-0.947],[-48.194,-0.824],[-48.128,-0.795],[-48.115,-0.738],[-48.069,-0.714],[-48.033,-0.705],[-47.961,-0.77],[-47.883,-0.693],[-47.808,-0.664],[-47.774,-0.677],[-47.732,-0.71],[-47.687,-0.725],[-47.651,-0.719],[-47.557,-0.67],[-47.485,-0.735],[-47.476,-0.757],[-47.433,-0.761],[-47.419,-0.766],[-47.42,-0.763],[-47.406,-0.764],[-47.366,-0.748],[-47.236,-0.697],[-47.163,-0.716],[-47.159,-0.717],[-47.127,-0.745],[-47.035,-0.75],[-46.846,-0.799],[-46.715,-0.872],[-46.694,-0.885],[-46.682,-0.905],[-46.662,-0.939],[-46.676,-0.964],[-46.676,-0.965],[-46.525,-1.027],[-46.427,-1.028],[-46.422,-1.03],[-46.321,-1.039],[-46.285,-1.036],[-46.216,-1.09],[-46.215,-1.1],[-46.209,-1.101],[-46.15,-1.237],[-46.126,-1.228],[-46.12,-1.225],[-46.141,-1.24],[-46.159,-1.316],[-46.123,-1.347],[-46.199,-1.486],[-46.181,-1.575],[-46.199,-1.677],[-46.244,-1.722],[-46.315,-1.731],[-46.302,-1.803],[-46.217,-1.807],[-46.212,-1.927],[-46.28,-2.142],[-46.378,-2.254],[-46.414,-2.24],[-46.409,-2.387],[-46.436,-2.41],[-46.427,-2.512],[-46.485,-2.548],[-46.507,-2.615],[-46.601,-2.664],[-46.668,-2.74],[-46.574,-2.847],[-46.65,-2.914],[-46.637,-2.986],[-46.668,-3.093],[-46.744,-3.191],[-46.824,-3.329],[-46.86,-3.329],[-46.945,-3.396],[-46.967,-3.526],[-47.03,-3.57],[-47.025,-3.597],[-47.065,-3.843],[-47.288,-4.079],[-47.311,-4.066],[-47.333,-4.164],[-47.382,-4.276],[-47.458,-4.338],[-47.489,-4.423],[-47.583,-4.548],[-47.655,-4.606],[-47.802,-4.597],[-48.253,-4.954],[-48.731,-5.338],[-48.722,-5.355],[-48.722,-5.356],[-48.722,-5.356],[-48.597,-5.399],[-48.511,-5.408],[-48.422,-5.398],[-48.357,-5.424],[-48.317,-5.486],[-48.275,-5.522],[-48.232,-5.533],[-48.193,-5.565],[-48.159,-5.619],[-48.181,-5.672],[-48.259,-5.724],[-48.28,-5.796],[-48.245,-5.888],[-48.254,-5.945],[-48.307,-5.966],[-48.321,-6.007],[-48.297,-6.067],[-48.319,-6.112],[-48.39,-6.142],[-48.414,-6.207],[-48.391,-6.309],[-48.41,-6.358],[-48.471,-6.353],[-48.527,-6.372],[-48.58,-6.414],[-48.622,-6.489],[-48.653,-6.596],[-48.805,-6.718],[-49.079,-6.856],[-49.21,-7.006],[-49.195,-7.169],[-49.24,-7.335],[-49.34,-7.51],[-49.334,-7.649],[-49.22,-7.752],[-49.172,-7.867],[-49.19,-7.995],[-49.227,-8.139],[-49.283,-8.301],[-49.379,-8.498],[-49.503,-8.709],[-49.613,-8.839],[-49.708,-8.895],[-49.83,-9.022],[-49.979,-9.22],[-50.084,-9.422],[-50.175,-9.73],[-50.235,-9.843],[-51.297,-9.789],[-55.092,-9.566],[-56.463,-9.468],[-56.489,-9.468],[-56.677,-9.378],[-56.771,-9.396],[-56.838,-9.271],[-56.927,-9.244],[-57.047,-9.231],[-57.074,-9.186],[-57.083,-9.079],[-57.101,-9.052],[-57.297,-8.959],[-57.48,-8.793],[-57.579,-8.758],[-57.641,-8.615],[-57.65,-8.499],[-57.682,-8.436],[-57.641,-8.231],[-57.78,-8.048],[-57.896,-7.691],[-57.949,-7.62],[-57.98,-7.53],[-58.061,-7.41],[-58.137,-7.338],[-58.146,-7.264],[-58.228,-7.142],[-58.386,-6.949],[-58.456,-6.794],[-58.437,-6.676],[-58.375,-6.57],[-58.293,-6.499],[-56.757,-3.186],[-56.391,-2.392],[-56.401,-2.336],[-56.485,-2.249],[-56.498,-2.16],[-56.637,-2.222],[-56.748,-2.177],[-56.744,-2.052],[-56.824,-2.035],[-57.007,-1.936],[-57.088,-1.811],[-57.168,-1.771],[-57.248,-1.758],[-57.275,-1.713],[-57.338,-1.731],[-57.449,-1.691],[-57.565,-1.624],[-57.655,-1.588],[-57.828,-1.445],[-57.9,-1.423],[-57.98,-1.347],[-58.083,-1.298],[-58.159,-1.236],[-58.253,-1.128],[-58.315,-1.119],[-58.391,-1.048],[-58.44,-0.86],[-58.57,-0.762],[-58.628,-0.767],[-58.704,-0.695],[-58.748,-0.624],[-58.739,-0.432],[-58.856,-0.352],[-58.865,-0.173],[-58.851,-0.084],[-58.869,0.224]]],[[[-51.424,-0.566],[-51.254,-0.541],[-51.161,-0.667],[-51.276,-1.022],[-51.31,-1.024],[-51.465,-1.211],[-51.638,-1.342],[-51.665,-1.355],[-51.833,-1.434],[-51.938,-1.453],[-51.802,-1.202],[-51.68,-1.086],[-51.68,-1.019],[-51.678,-0.855],[-51.546,-0.65],[-51.424,-0.566]]],[[[-50.634,-0.382],[-50.542,-0.208],[-50.462,-0.157],[-50.248,-0.116],[-49.629,-0.229],[-49.535,-0.234],[-49.403,-0.215],[-49.351,-0.187],[-48.714,-0.221],[-48.636,-0.228],[-48.389,-0.37],[-48.428,-0.442],[-48.464,-0.535],[-48.497,-0.665],[-48.523,-0.691],[-48.567,-0.685],[-48.54,-0.801],[-48.549,-0.848],[-48.571,-0.893],[-48.624,-0.987],[-48.705,-1.107],[-48.728,-1.132],[-48.79,-1.173],[-48.84,-1.226],[-48.829,-1.277],[-48.804,-1.327],[-48.834,-1.39],[-48.861,-1.416],[-48.983,-1.503],[-48.986,-1.505],[-49.038,-1.514],[-49.087,-1.505],[-49.173,-1.413],[-49.182,-1.485],[-49.205,-1.559],[-49.224,-1.585],[-49.276,-1.598],[-49.345,-1.595],[-49.407,-1.555],[-49.507,-1.512],[-49.526,-1.63],[-49.588,-1.712],[-49.598,-1.716],[-49.994,-1.717],[-50.01,-1.709],[-50.066,-1.704],[-50.093,-1.731],[-50.146,-1.749],[-50.338,-1.756],[-50.443,-1.801],[-50.508,-1.788],[-50.602,-1.698],[-50.617,-1.638],[-50.673,-1.516],[-50.724,-1.371],[-50.76,-1.24],[-50.729,-1.127],[-50.668,-1.131],[-50.596,-1.148],[-50.581,-1.139],[-50.577,-1.103],[-50.593,-1.073],[-50.709,-1.078],[-50.783,-1.01],[-50.796,-0.906],[-50.781,-0.69],[-50.771,-0.645],[-50.72,-0.583],[-50.703,-0.529],[-50.706,-0.517],[-50.634,-0.382]]],[[[-51.032,-0.223],[-50.916,-0.087],[-50.902,-0.072],[-50.842,-0.05],[-50.765,-0.041],[-50.667,-0.058],[-50.651,-0.106],[-50.653,-0.132],[-50.926,-0.327],[-51.019,-0.263],[-51.036,-0.231],[-51.032,-0.223]]],[[[-49.703,-0.135],[-49.785,-0.113],[-49.827,-0.095],[-49.777,-0.033],[-49.712,0.015],[-49.602,0.063],[-49.532,0.078],[-49.448,0.059],[-49.395,0.047],[-49.372,0.001],[-49.381,-0.055],[-49.444,-0.112],[-49.639,-0.135],[-49.703,-0.135]]],[[[-49.829,0.063],[-50.007,-0.027],[-50.011,-0.024],[-50.019,0.0],[-50.032,0.009],[-50.045,0.017],[-50.086,0.034],[-50.171,0.042],[-50.209,0.045],[-50.239,0.23],[-50.238,0.231],[-50.128,0.226],[-49.879,0.305],[-49.738,0.268],[-49.697,0.216],[-49.755,0.131],[-49.829,0.063]]],[[[-50.365,0.237],[-50.451,0.175],[-50.535,0.225],[-50.525,0.248],[-50.451,0.327],[-50.426,0.425],[-50.425,0.478],[-50.421,0.488],[-50.347,0.495],[-50.343,0.382],[-50.333,0.261],[-50.365,0.237]]],[[[-50.043,0.583],[-50.044,0.545],[-50.045,0.526],[-50.135,0.423],[-50.194,0.38],[-50.261,0.359],[-50.282,0.391],[-50.282,0.516],[-50.251,0.585],[-50.192,0.594],[-50.043,0.583]]]]}},{"type":"Feature","id":"MS","properties":{"id":"MS"},"geometry":{"type":"Polygon","coordinates":[[[-50.964,-19.511],[-50.997,-19.664],[-50.994,-20.102],[-51.064,-20.223],[-51.161,-20.307],[-51.397,-20.442],[-51.534,-20.558],[-51.593,-20.667],[-51.619,-20.807],[-51.692,-20.944],[-51.811,-21.077],[-51.866,-21.183],[-51.857,-21.26],[-51.873,-21.33],[-51.936,-21.423],[-51.955,-21.47],[-51.99,-21.494],[-52.048,-21.511],[-52.073,-21.554],[-52.065,-21.623],[-52.122,-21.718],[-52.246,-21.84],[-52.339,-21.957],[-52.403,-22.069],[-52.566,-22.207],[-52.961,-22.455],[-53.116,-22.64],[-53.272,-22.752],[-53.481,-22.852],[-53.62,-23.001],[-53.677,-23.173],[-53.771,-23.322],[-53.907,-23.407],[-53.996,-23.57],[-54.05,-23.823],[-54.125,-23.979],[-54.243,-24.047],[-54.371,-23.971],[-54.44,-23.902],[-54.53,-23.852],[-54.626,-23.813],[-54.652,-23.822],[-54.672,-23.829],[-54.721,-23.852],[-54.817,-23.889],[-54.927,-23.951],[-54.983,-23.974],[-55.082,-23.998],[-55.194,-24.017],[-55.287,-24.004],[-55.366,-23.991],[-55.388,-23.973],[-55.405,-23.96],[-55.416,-23.951],[-55.442,-23.865],[-55.442,-23.838],[-55.442,-23.793],[-55.459,-23.687],[-55.501,-23.644],[-55.518,-23.627],[-55.538,-23.581],[-55.542,-23.525],[-55.535,-23.462],[-55.535,-23.461],[-55.518,-23.416],[-55.528,-23.359],[-55.555,-23.32],[-55.548,-23.25],[-55.562,-23.154],[-55.597,-23.101],[-55.601,-23.095],[-55.621,-23.025],[-55.621,-22.964],[-55.621,-22.956],[-55.623,-22.95],[-55.651,-22.886],[-55.654,-22.81],[-55.65,-22.799],[-55.628,-22.741],[-55.618,-22.671],[-55.642,-22.631],[-55.648,-22.622],[-55.704,-22.592],[-55.747,-22.513],[-55.751,-22.446],[-55.753,-22.41],[-55.8,-22.354],[-55.83,-22.326],[-55.849,-22.308],[-55.905,-22.308],[-55.991,-22.281],[-56.067,-22.284],[-56.19,-22.281],[-56.246,-22.265],[-56.276,-22.228],[-56.283,-22.223],[-56.352,-22.179],[-56.395,-22.093],[-56.448,-22.076],[-56.524,-22.102],[-56.55,-22.136],[-56.58,-22.182],[-56.633,-22.235],[-56.702,-22.232],[-56.775,-22.261],[-56.845,-22.265],[-56.892,-22.268],[-56.937,-22.271],[-56.967,-22.263],[-57.03,-22.245],[-57.142,-22.215],[-57.238,-22.195],[-57.331,-22.215],[-57.394,-22.198],[-57.476,-22.189],[-57.569,-22.182],[-57.642,-22.129],[-57.721,-22.099],[-57.764,-22.109],[-57.82,-22.142],[-57.82,-22.142],[-57.88,-22.136],[-57.956,-22.109],[-57.965,-22.091],[-57.986,-22.046],[-57.979,-22.007],[-57.962,-21.967],[-57.933,-21.911],[-57.949,-21.851],[-57.943,-21.798],[-57.929,-21.752],[-57.916,-21.699],[-57.926,-21.649],[-57.926,-21.649],[-57.929,-21.597],[-57.936,-21.547],[-57.946,-21.494],[-57.906,-21.418],[-57.873,-21.355],[-57.893,-21.302],[-57.886,-21.266],[-57.861,-21.208],[-57.86,-21.206],[-57.827,-21.134],[-57.83,-20.998],[-57.86,-20.919],[-57.877,-20.907],[-57.892,-20.897],[-57.9,-20.873],[-57.887,-20.847],[-57.885,-20.842],[-57.89,-20.833],[-57.902,-20.809],[-57.908,-20.776],[-57.901,-20.764],[-57.891,-20.747],[-57.915,-20.69],[-57.933,-20.684],[-57.962,-20.674],[-57.979,-20.657],[-57.996,-20.595],[-58.009,-20.522],[-58.008,-20.519],[-58.002,-20.465],[-58.025,-20.416],[-58.059,-20.386],[-58.091,-20.333],[-58.098,-20.326],[-58.125,-20.294],[-58.137,-20.241],[-58.138,-20.237],[-58.159,-20.166],[-58.16,-20.165],[-58.155,-20.164],[-58.094,-20.151],[-58.068,-20.11],[-58.059,-20.1],[-58.021,-20.055],[-57.993,-20.049],[-57.96,-20.041],[-57.888,-20.02],[-57.861,-19.98],[-58.03,-19.833],[-58.127,-19.749],[-58.132,-19.744],[-58.072,-19.625],[-57.972,-19.424],[-57.927,-19.335],[-57.875,-19.229],[-57.8,-19.081],[-57.781,-19.053],[-57.717,-19.044],[-57.729,-18.967],[-57.731,-18.917],[-57.769,-18.915],[-57.783,-18.914],[-57.725,-18.733],[-57.639,-18.475],[-57.574,-18.279],[-57.57,-18.273],[-57.553,-18.246],[-57.506,-18.237],[-57.495,-18.215],[-57.552,-18.183],[-57.579,-18.136],[-57.587,-18.122],[-57.662,-17.947],[-57.753,-17.735],[-57.753,-17.735],[-57.726,-17.736],[-57.632,-17.74],[-57.601,-17.816],[-57.494,-17.87],[-57.471,-17.901],[-57.419,-17.882],[-57.37,-17.876],[-57.198,-17.812],[-57.08,-17.734],[-56.98,-17.595],[-56.887,-17.518],[-56.79,-17.386],[-56.745,-17.317],[-56.668,-17.32],[-56.489,-17.303],[-56.436,-17.32],[-56.329,-17.285],[-56.248,-17.218],[-56.101,-17.186],[-56.025,-17.213],[-55.985,-17.267],[-55.833,-17.311],[-55.788,-17.352],[-55.61,-17.392],[-55.534,-17.504],[-55.338,-17.584],[-55.181,-17.686],[-55.074,-17.682],[-54.9,-17.651],[-54.811,-17.602],[-54.78,-17.557],[-54.699,-17.517],[-54.525,-17.512],[-54.422,-17.579],[-54.391,-17.673],[-54.32,-17.673],[-54.235,-17.637],[-54.146,-17.628],[-54.083,-17.588],[-54.038,-17.512],[-53.949,-17.459],[-53.82,-17.307],[-53.744,-17.253],[-53.681,-17.258],[-53.753,-17.642],[-53.86,-17.691],[-53.989,-17.901],[-53.976,-17.932],[-53.869,-17.945],[-53.726,-18.008],[-53.605,-17.994],[-53.494,-18.012],[-53.306,-17.999],[-53.146,-18.03],[-53.065,-18.021],[-53.052,-18.017],[-53.043,-18.097],[-53.056,-18.294],[-53.034,-18.356],[-52.989,-18.387],[-52.909,-18.347],[-52.784,-18.392],[-52.788,-18.463],[-52.846,-18.535],[-52.891,-18.637],[-52.869,-18.682],[-52.761,-18.709],[-52.615,-18.722],[-52.498,-18.704],[-52.342,-18.816],[-52.271,-18.811],[-52.097,-18.896],[-52.061,-18.945],[-51.914,-18.99],[-51.842,-19.048],[-51.641,-19.128],[-51.543,-19.137],[-51.405,-19.168],[-51.311,-19.253],[-51.137,-19.285],[-51.034,-19.369],[-50.964,-19.511]]]}},{"type":"Feature","id":"AP","properties":{"id":"AP"},"geometry":{"type":"MultiPolygon","coordinates":[[[[-51.888,-1.16],[-51.985,-1.142],[-52.052,-1.177],[-52.132,-1.151],[-52.239,-1.146],[-52.36,-1.07],[-52.391,-0.954],[-52.369,-0.923],[-52.4,-0.869],[-52.516,-0.874],[-52.507,-0.731],[-52.525,-0.646],[-52.606,-0.61],[-52.632,-0.557],[-52.628,-0.396],[-52.699,-0.302],[-52.829,-0.182],[-52.913,-0.191],[-52.976,-0.017],[-53.016,0.055],[-53.007,0.135],[-53.043,0.247],[-53.128,0.385],[-53.141,0.537],[-53.114,0.72],[-53.132,0.751],[-53.266,0.782],[-53.418,0.943],[-53.467,1.153],[-53.409,1.184],[-53.44,1.26],[-53.538,1.242],[-53.556,1.367],[-53.65,1.363],[-53.659,1.421],[-53.74,1.434],[-53.757,1.394],[-53.891,1.407],[-53.922,1.461],[-54.007,1.523],[-54.079,1.506],[-54.083,1.541],[-54.172,1.657],[-54.204,1.657],[-54.365,1.76],[-54.498,1.747],[-54.579,1.782],[-54.735,1.773],[-54.766,1.899],[-54.762,1.97],[-54.793,2.01],[-54.753,2.081],[-54.788,2.13],[-54.717,2.265],[-54.734,2.408],[-54.735,2.416],[-54.715,2.425],[-54.703,2.398],[-54.702,2.392],[-54.698,2.36],[-54.662,2.328],[-54.616,2.327],[-54.592,2.314],[-54.551,2.293],[-54.515,2.245],[-54.485,2.232],[-54.433,2.207],[-54.394,2.193],[-54.293,2.154],[-54.235,2.153],[-54.228,2.153],[-54.174,2.139],[-54.167,2.137],[-54.13,2.121],[-54.09,2.15],[-54.09,2.151],[-54.069,2.162],[-53.947,2.233],[-53.877,2.278],[-53.863,2.289],[-53.83,2.313],[-53.794,2.346],[-53.768,2.355],[-53.75,2.335],[-53.735,2.309],[-53.735,2.308],[-53.684,2.293],[-53.564,2.262],[-53.509,2.253],[-53.432,2.279],[-53.416,2.291],[-53.366,2.324],[-53.335,2.34],[-53.285,2.295],[-53.257,2.242],[-53.252,2.232],[-53.23,2.205],[-53.18,2.211],[-53.148,2.208],[-53.082,2.202],[-53.01,2.182],[-53.01,2.182],[-52.965,2.184],[-52.904,2.212],[-52.903,2.212],[-52.871,2.267],[-52.783,2.317],[-52.701,2.364],[-52.653,2.426],[-52.583,2.529],[-52.56,2.573],[-52.554,2.648],[-52.456,2.864],[-52.418,2.904],[-52.396,2.972],[-52.356,3.052],[-52.356,3.118],[-52.328,3.182],[-52.271,3.237],[-52.229,3.272],[-52.163,3.365],[-52.116,3.452],[-51.999,3.647],[-51.99,3.702],[-51.944,3.735],[-51.929,3.777],[-51.879,3.829],[-51.827,3.87],[-51.805,3.93],[-51.767,3.993],[-51.727,4.015],[-51.683,4.04],[-51.653,4.061],[-51.558,4.234],[-51.547,4.311],[-51.462,4.314],[-51.433,4.295],[-51.242,4.121],[-51.22,4.094],[-51.09,3.713],[-51.07,3.563],[-51.053,3.282],[-51.01,3.134],[-51.007,3.108],[-50.82,2.596],[-50.816,2.573],[-50.79,2.478],[-50.745,2.392],[-50.684,2.227],[-50.679,2.21],[-50.676,2.18],[-50.714,2.134],[-50.659,2.131],[-50.631,2.116],[-50.587,2.035],[-50.576,1.999],[-50.534,1.927],[-50.516,1.904],[-50.471,1.82],[-50.427,1.802],[-50.41,1.795],[-50.346,1.806],[-50.304,1.798],[-50.222,1.79],[-50.016,1.703],[-49.957,1.66],[-49.881,1.42],[-49.888,1.381],[-49.9,1.321],[-49.918,1.232],[-49.977,1.096],[-50.047,1.052],[-50.071,1.015],[-50.16,0.944],[-50.244,0.881],[-50.265,0.859],[-50.294,0.836],[-50.304,0.819],[-50.429,0.69],[-50.454,0.646],[-50.463,0.637],[-50.542,0.494],[-50.584,0.451],[-50.847,0.184],[-50.887,0.164],[-50.91,0.161],[-50.967,0.13],[-50.977,0.119],[-50.986,0.114],[-51.08,0.041],[-51.203,-0.055],[-51.207,-0.063],[-51.283,-0.085],[-51.3,-0.179],[-51.39,-0.364],[-51.419,-0.412],[-51.496,-0.509],[-51.555,-0.549],[-51.703,-0.762],[-51.721,-0.856],[-51.72,-1.018],[-51.819,-1.118],[-51.888,-1.16]]],[[[-50.363,2.155],[-50.342,2.142],[-50.292,1.98],[-50.299,1.939],[-50.399,1.893],[-50.456,1.91],[-50.509,2.029],[-50.491,2.129],[-50.419,2.161],[-50.363,2.155]]]]}},{"type":"Feature","id":"MT","properties":{"id":"MT"},"geometry":{"type":"Polygon","coordinates":[[[-60.725,-13.663],[-60.659,-13.601],[-60.382,-13.419],[-60.351,-13.271],[-60.275,-13.137],[-60.271,-13.07],[-60.195,-12.972],[-60.083,-12.927],[-60.043,-12.874],[-60.003,-12.731],[-59.909,-12.619],[-59.824,-12.387],[-59.891,-12.245],[-59.887,-12.128],[-59.932,-12.052],[-59.985,-11.919],[-60.061,-11.905],[-60.101,-11.744],[-60.101,-11.601],[-60.025,-11.535],[-59.909,-11.383],[-60.003,-11.146],[-60.07,-11.115],[-60.177,-11.12],[-60.279,-11.079],[-60.382,-11.102],[-60.44,-11.039],[-60.44,-11.003],[-61.472,-10.999],[-61.521,-10.954],[-61.507,-10.878],[-61.521,-10.789],[-61.472,-10.758],[-61.503,-10.686],[-61.472,-10.436],[-61.565,-10.262],[-61.57,-10.061],[-61.534,-9.995],[-61.521,-9.86],[-61.565,-9.727],[-61.521,-9.704],[-61.481,-9.637],[-61.552,-9.463],[-61.547,-9.41],[-61.61,-9.321],[-61.592,-9.24],[-61.53,-9.227],[-61.556,-9.128],[-61.53,-8.999],[-61.485,-8.914],[-61.507,-8.847],[-61.61,-8.767],[-58.547,-8.749],[-58.472,-8.691],[-58.427,-8.523],[-58.397,-8.415],[-58.354,-8.276],[-58.329,-8.05],[-58.353,-7.906],[-58.33,-7.78],[-58.259,-7.673],[-58.224,-7.575],[-58.224,-7.485],[-58.202,-7.414],[-58.137,-7.338],[-58.061,-7.41],[-57.98,-7.53],[-57.949,-7.62],[-57.896,-7.691],[-57.78,-8.048],[-57.641,-8.231],[-57.682,-8.436],[-57.65,-8.499],[-57.641,-8.615],[-57.579,-8.758],[-57.48,-8.793],[-57.297,-8.959],[-57.101,-9.052],[-57.083,-9.079],[-57.074,-9.186],[-57.047,-9.231],[-56.927,-9.244],[-56.838,-9.271],[-56.771,-9.396],[-56.677,-9.378],[-56.489,-9.468],[-56.463,-9.468],[-55.092,-9.566],[-51.297,-9.789],[-50.235,-9.843],[-50.338,-10.034],[-50.395,-10.177],[-50.403,-10.258],[-50.455,-10.389],[-50.551,-10.567],[-50.599,-10.69],[-50.61,-11.001],[-50.645,-11.163],[-50.708,-11.346],[-50.717,-11.483],[-50.671,-11.574],[-50.666,-11.652],[-50.717,-11.749],[-50.662,-11.853],[-50.654,-11.922],[-50.675,-11.99],[-50.667,-12.112],[-50.632,-12.289],[-50.629,-12.437],[-50.661,-12.558],[-50.655,-12.667],[-50.614,-12.763],[-50.566,-12.82],[-50.485,-12.843],[-50.566,-13.015],[-50.595,-13.131],[-50.599,-13.249],[-50.667,-13.41],[-50.799,-13.612],[-50.861,-13.806],[-50.852,-13.995],[-50.868,-14.095],[-50.909,-14.107],[-50.941,-14.201],[-50.978,-14.463],[-51.114,-14.838],[-51.189,-14.977],[-51.246,-15.004],[-51.286,-15.003],[-51.472,-15.044],[-51.59,-15.141],[-51.665,-15.261],[-51.696,-15.403],[-51.732,-15.49],[-51.773,-15.523],[-51.788,-15.557],[-51.779,-15.593],[-51.798,-15.656],[-51.847,-15.747],[-51.962,-15.819],[-52.142,-15.873],[-52.257,-15.936],[-52.309,-16.009],[-52.362,-16.058],[-52.417,-16.082],[-52.538,-16.169],[-52.534,-16.227],[-52.668,-16.289],[-52.681,-16.36],[-52.615,-16.428],[-52.68,-16.576],[-52.789,-16.705],[-52.943,-16.814],[-53.024,-16.91],[-53.033,-16.995],[-53.078,-17.095],[-53.158,-17.209],[-53.202,-17.304],[-53.211,-17.409],[-53.115,-17.855],[-53.052,-18.017],[-53.065,-18.021],[-53.146,-18.03],[-53.306,-17.999],[-53.494,-18.012],[-53.605,-17.994],[-53.726,-18.008],[-53.869,-17.945],[-53.976,-17.932],[-53.989,-17.901],[-53.86,-17.691],[-53.753,-17.642],[-53.681,-17.258],[-53.744,-17.253],[-53.82,-17.307],[-53.949,-17.459],[-54.038,-17.512],[-54.083,-17.588],[-54.146,-17.628],[-54.235,-17.637],[-54.32,-17.673],[-54.391,-17.673],[-54.422,-17.579],[-54.525,-17.512],[-54.699,-17.517],[-54.78,-17.557],[-54.811,-17.602],[-54.9,-17.651],[-55.074,-17.682],[-55.181,-17.686],[-55.338,-17.584],[-55.534,-17.504],[-55.61,-17.392],[-55.788,-17.352],[-55.833,-17.311],[-55.985,-17.267],[-56.025,-17.213],[-56.101,-17.186],[-56.248,-17.218],[-56.329,-17.285],[-56.436,-17.32],[-56.489,-17.303],[-56.668,-17.32],[-56.745,-17.317],[-56.79,-17.386],[-56.887,-17.518],[-56.98,-17.595],[-57.08,-17.734],[-57.198,-17.812],[-57.37,-17.876],[-57.419,-17.882],[-57.471,-17.901],[-57.494,-17.87],[-57.601,-17.816],[-57.632,-17.74],[-57.726,-17.736],[-57.753,-17.735],[-57.753,-17.735],[-57.78,-17.672],[-57.788,-17.581],[-57.789,-17.573],[-57.832,-17.512],[-57.846,-17.516],[-57.905,-17.532],[-57.991,-17.513],[-58.072,-17.456],[-58.205,-17.363],[-58.271,-17.326],[-58.348,-17.282],[-58.396,-17.234],[-58.415,-17.095],[-58.417,-17.08],[-58.46,-16.911],[-58.471,-16.783],[-58.478,-16.701],[-58.47,-16.65],[-58.45,-16.623],[-58.35,-16.491],[-58.351,-16.41],[-58.34,-16.34],[-58.346,-16.284],[-58.375,-16.283],[-58.424,-16.308],[-58.431,-16.31],[-58.497,-16.327],[-58.538,-16.328],[-58.957,-16.313],[-59.434,-16.296],[-59.831,-16.282],[-60.176,-16.269],[-60.187,-16.132],[-60.204,-15.934],[-60.207,-15.902],[-60.22,-15.739],[-60.242,-15.48],[-60.346,-15.359],[-60.381,-15.318],[-60.53,-15.143],[-60.583,-15.098],[-60.402,-15.093],[-60.274,-15.089],[-60.299,-14.619],[-60.338,-14.571],[-60.361,-14.47],[-60.373,-14.419],[-60.396,-14.333],[-60.46,-14.263],[-60.468,-14.219],[-60.474,-14.185],[-60.473,-14.176],[-60.463,-14.133],[-60.428,-14.1],[-60.405,-14.019],[-60.41,-13.998],[-60.422,-13.938],[-60.46,-13.862],[-60.507,-13.79],[-60.595,-13.745],[-60.663,-13.702],[-60.722,-13.664],[-60.725,-13.663]]]}},{"type":"Feature","id":"PR","properties":{"id":"PR"},"geometry":{"type":"Polygon","coordinates":[[[-54.243,-24.047],[-54.125,-23.979],[-54.05,-23.823],[-53.996,-23.57],[-53.907,-23.407],[-53.771,-23.322],[-53.677,-23.173],[-53.62,-23.001],[-53.481,-22.852],[-53.272,-22.752],[-53.116,-22.64],[-53.044,-22.636],[-52.949,-22.57],[-52.695,-22.602],[-52.615,-22.57],[-52.521,-22.615],[-52.445,-22.602],[-52.315,-22.62],[-52.262,-22.602],[-52.217,-22.642],[-52.164,-22.602],[-52.141,-22.544],[-52.065,-22.521],[-51.985,-22.548],[-51.873,-22.611],[-51.744,-22.62],[-51.695,-22.664],[-51.641,-22.651],[-51.548,-22.686],[-51.355,-22.651],[-51.181,-22.74],[-51.003,-22.794],[-50.882,-22.821],[-50.784,-22.945],[-50.726,-22.95],[-50.628,-22.923],[-50.431,-22.945],[-50.369,-22.914],[-50.293,-22.954],[-50.123,-22.941],[-49.971,-22.914],[-49.958,-22.963],[-49.914,-22.986],[-49.909,-23.035],[-49.73,-23.106],[-49.637,-23.258],[-49.614,-23.41],[-49.655,-23.508],[-49.605,-23.642],[-49.552,-23.713],[-49.57,-23.834],[-49.601,-23.865],[-49.409,-24.084],[-49.333,-24.142],[-49.338,-24.213],[-49.275,-24.316],[-49.226,-24.338],[-49.24,-24.419],[-49.311,-24.53],[-49.298,-24.664],[-49.217,-24.691],[-49.092,-24.686],[-49.025,-24.669],[-48.828,-24.664],[-48.78,-24.695],[-48.614,-24.682],[-48.489,-24.744],[-48.543,-24.811],[-48.565,-25.057],[-48.512,-25.084],[-48.413,-24.959],[-48.266,-25.035],[-48.231,-25.012],[-48.186,-25.191],[-48.092,-25.236],[-48.091,-25.248],[-48.186,-25.316],[-48.189,-25.315],[-48.186,-25.31],[-48.206,-25.309],[-48.332,-25.264],[-48.413,-25.235],[-48.433,-25.293],[-48.458,-25.311],[-48.449,-25.339],[-48.451,-25.345],[-48.452,-25.347],[-48.727,-25.373],[-48.732,-25.369],[-48.731,-25.373],[-48.739,-25.374],[-48.736,-25.381],[-48.691,-25.499],[-48.681,-25.502],[-48.591,-25.525],[-48.515,-25.586],[-48.436,-25.65],[-48.545,-25.816],[-48.666,-25.844],[-48.679,-25.875],[-48.613,-25.875],[-48.576,-25.935],[-48.585,-25.986],[-48.65,-25.972],[-48.918,-25.976],[-48.945,-26.008],[-49.11,-25.995],[-49.213,-26.03],[-49.298,-26.106],[-49.454,-26.169],[-49.489,-26.222],[-49.596,-26.222],[-49.722,-26.16],[-49.753,-26.124],[-49.882,-26.039],[-49.949,-26.012],[-50.19,-26.053],[-50.315,-26.053],[-50.369,-26.086],[-50.458,-26.026],[-50.543,-26.026],[-50.646,-26.07],[-50.735,-26.231],[-50.771,-26.222],[-50.9,-26.28],[-50.945,-26.244],[-51.074,-26.235],[-51.248,-26.347],[-51.288,-26.423],[-51.279,-26.499],[-51.239,-26.606],[-51.284,-26.651],[-51.422,-26.7],[-51.503,-26.602],[-51.873,-26.602],[-52.007,-26.584],[-52.199,-26.45],[-52.458,-26.432],[-52.543,-26.401],[-52.641,-26.401],[-52.673,-26.378],[-52.815,-26.338],[-52.913,-26.365],[-52.994,-26.352],[-53.123,-26.37],[-53.28,-26.262],[-53.355,-26.24],[-53.458,-26.289],[-53.516,-26.289],[-53.663,-26.258],[-53.67,-26.258],[-53.671,-26.225],[-53.747,-26.084],[-53.767,-26.051],[-53.823,-25.96],[-53.864,-25.749],[-53.891,-25.669],[-53.955,-25.648],[-53.999,-25.594],[-54.012,-25.578],[-54.063,-25.574],[-54.085,-25.572],[-54.096,-25.563],[-54.119,-25.545],[-54.155,-25.523],[-54.206,-25.53],[-54.24,-25.561],[-54.25,-25.57],[-54.259,-25.571],[-54.332,-25.572],[-54.383,-25.589],[-54.444,-25.625],[-54.501,-25.608],[-54.538,-25.576],[-54.595,-25.576],[-54.616,-25.576],[-54.611,-25.433],[-54.538,-25.321],[-54.473,-25.22],[-54.436,-25.121],[-54.451,-25.076],[-54.454,-25.065],[-54.413,-24.868],[-54.313,-24.528],[-54.281,-24.306],[-54.317,-24.201],[-54.318,-24.128],[-54.284,-24.086],[-54.267,-24.066],[-54.242,-24.047],[-54.243,-24.047]]]}},{"type":"Feature","id":"DF","properties":{"id":"DF"},"geometry":{"type":"Polygon","coordinates":[[[-47.302,-16.039],[-47.855,-16.044],[-48.181,-16.039],[-48.253,-16.03],[-48.235,-15.959],[-48.279,-15.838],[-48.204,-15.735],[-48.239,-15.691],[-48.181,-15.49],[-47.766,-15.49],[-47.422,-15.499],[-47.414,-15.535],[-47.306,-15.588],[-47.306,-15.709],[-47.351,-15.834],[-47.36,-15.986],[-47.302,-16.039]]]}},{"type":"Feature","id":"GO","properties":{"id":"GO"},"geometry":{"type":"Polygon","coordinates":[[[-50.964,-19.511],[-51.034,-19.369],[-51.137,-19.285],[-51.311,-19.253],[-51.405,-19.168],[-51.543,-19.137],[-51.641,-19.128],[-51.842,-19.048],[-51.914,-18.99],[-52.061,-18.945],[-52.097,-18.896],[-52.271,-18.811],[-52.342,-18.816],[-52.498,-18.704],[-52.615,-18.722],[-52.761,-18.709],[-52.869,-18.682],[-52.891,-18.637],[-52.846,-18.535],[-52.788,-18.463],[-52.784,-18.392],[-52.909,-18.347],[-52.989,-18.387],[-53.034,-18.356],[-53.056,-18.294],[-53.043,-18.097],[-53.052,-18.017],[-53.115,-17.855],[-53.211,-17.409],[-53.202,-17.304],[-53.158,-17.209],[-53.078,-17.095],[-53.033,-16.995],[-53.024,-16.91],[-52.943,-16.814],[-52.789,-16.705],[-52.68,-16.576],[-52.615,-16.428],[-52.681,-16.36],[-52.668,-16.289],[-52.534,-16.227],[-52.538,-16.169],[-52.417,-16.082],[-52.362,-16.058],[-52.309,-16.009],[-52.257,-15.936],[-52.142,-15.873],[-51.962,-15.819],[-51.847,-15.747],[-51.798,-15.656],[-51.779,-15.593],[-51.788,-15.557],[-51.773,-15.523],[-51.732,-15.49],[-51.696,-15.403],[-51.665,-15.261],[-51.59,-15.141],[-51.472,-15.044],[-51.286,-15.003],[-51.246,-15.004],[-51.189,-14.977],[-51.114,-14.838],[-50.978,-14.463],[-50.941,-14.201],[-50.909,-14.107],[-50.868,-14.095],[-50.852,-13.995],[-50.861,-13.806],[-50.799,-13.612],[-50.667,-13.41],[-50.599,-13.249],[-50.595,-13.131],[-50.566,-13.015],[-50.485,-12.843],[-50.392,-12.617],[-50.295,-12.49],[-50.164,-12.388],[-50.137,-12.476],[-50.204,-12.57],[-50.199,-12.655],[-50.275,-12.789],[-50.271,-12.892],[-50.239,-12.932],[-50.052,-13.021],[-49.971,-13.026],[-49.914,-13.07],[-49.686,-13.177],[-49.521,-13.2],[-49.382,-13.249],[-49.36,-13.133],[-49.298,-13.003],[-49.137,-12.735],[-49.016,-12.655],[-48.998,-12.749],[-48.927,-12.785],[-48.824,-12.874],[-48.797,-12.927],[-48.802,-12.999],[-48.766,-13.097],[-48.762,-13.209],[-48.775,-13.352],[-48.739,-13.383],[-48.686,-13.338],[-48.655,-13.177],[-48.588,-13.155],[-48.48,-13.195],[-48.369,-13.186],[-48.226,-13.093],[-48.164,-13.102],[-48.175,-13.181],[-48.074,-13.195],[-48.003,-13.249],[-47.936,-13.244],[-47.855,-13.294],[-47.681,-13.356],[-47.659,-13.32],[-47.721,-13.151],[-47.641,-13.115],[-47.557,-13.244],[-47.44,-13.249],[-47.293,-13.2],[-47.092,-13.097],[-46.972,-13.07],[-46.829,-13.07],[-46.753,-13.035],[-46.646,-12.923],[-46.592,-12.892],[-46.436,-12.847],[-46.302,-12.834],[-46.235,-12.798],[-46.088,-12.914],[-46.074,-12.977],[-46.15,-13.026],[-46.181,-13.16],[-46.177,-13.218],[-46.083,-13.253],[-46.096,-13.352],[-46.186,-13.405],[-46.271,-13.655],[-46.262,-13.869],[-46.221,-13.999],[-46.172,-14.075],[-46.128,-14.182],[-46.038,-14.253],[-46.011,-14.298],[-45.923,-14.352],[-45.963,-14.468],[-45.963,-14.535],[-45.914,-14.691],[-45.931,-14.749],[-46.025,-14.869],[-46.079,-14.923],[-46.19,-14.936],[-46.297,-14.91],[-46.315,-14.847],[-46.387,-14.771],[-46.516,-14.713],[-46.583,-14.794],[-46.556,-14.869],[-46.578,-14.914],[-46.547,-15.039],[-46.637,-15.07],[-46.735,-15.017],[-46.833,-15.012],[-46.891,-15.048],[-46.931,-15.227],[-46.891,-15.24],[-46.855,-15.325],[-46.936,-15.432],[-46.931,-15.544],[-46.869,-15.593],[-46.833,-15.843],[-46.864,-15.883],[-47.079,-15.936],[-47.128,-15.923],[-47.23,-16.035],[-47.302,-16.039],[-47.36,-15.986],[-47.351,-15.834],[-47.306,-15.709],[-47.306,-15.588],[-47.414,-15.535],[-47.422,-15.499],[-47.766,-15.49],[-48.181,-15.49],[-48.239,-15.691],[-48.204,-15.735],[-48.279,-15.838],[-48.235,-15.959],[-48.253,-16.03],[-48.181,-16.039],[-47.855,-16.044],[-47.302,-16.039],[-47.337,-16.146],[-47.324,-16.227],[-47.351,-16.302],[-47.431,-16.41],[-47.454,-16.494],[-47.405,-16.57],[-47.266,-16.66],[-47.159,-16.918],[-47.15,-16.976],[-47.23,-17.026],[-47.213,-17.075],[-47.311,-17.142],[-47.422,-17.271],[-47.454,-17.347],[-47.498,-17.329],[-47.53,-17.454],[-47.458,-17.526],[-47.409,-17.499],[-47.288,-17.548],[-47.271,-17.669],[-47.329,-17.744],[-47.355,-17.825],[-47.346,-17.878],[-47.279,-18.061],[-47.319,-18.083],[-47.446,-18.171],[-47.786,-18.379],[-47.929,-18.445],[-48.018,-18.434],[-48.227,-18.34],[-48.954,-18.326],[-49.108,-18.388],[-49.179,-18.405],[-49.248,-18.469],[-49.337,-18.585],[-49.417,-18.603],[-49.488,-18.522],[-49.553,-18.51],[-49.612,-18.567],[-49.678,-18.6],[-49.789,-18.615],[-49.96,-18.616],[-50.094,-18.641],[-50.247,-18.69],[-50.368,-18.769],[-50.457,-18.877],[-50.499,-18.953],[-50.49,-19.02],[-50.532,-19.087],[-50.577,-19.112],[-50.642,-19.119],[-50.713,-19.161],[-50.792,-19.238],[-50.844,-19.311],[-50.869,-19.377],[-50.871,-19.424],[-50.864,-19.438],[-50.881,-19.459],[-50.924,-19.464],[-50.964,-19.511]]]}},{"type":"Feature","id":"TO","properties":{"id":"TO"},"geometry":{"type":"Polygon","coordinates":[[[-50.235,-9.843],[-50.175,-9.73],[-50.084,-9.422],[-49.979,-9.22],[-49.83,-9.022],[-49.708,-8.895],[-49.613,-8.839],[-49.503,-8.709],[-49.379,-8.498],[-49.283,-8.301],[-49.227,-8.139],[-49.19,-7.995],[-49.172,-7.867],[-49.22,-7.752],[-49.334,-7.649],[-49.34,-7.51],[-49.24,-7.335],[-49.195,-7.169],[-49.21,-7.006],[-49.079,-6.856],[-48.805,-6.718],[-48.653,-6.596],[-48.622,-6.489],[-48.58,-6.414],[-48.527,-6.372],[-48.471,-6.353],[-48.41,-6.358],[-48.391,-6.309],[-48.414,-6.207],[-48.39,-6.142],[-48.319,-6.112],[-48.297,-6.067],[-48.321,-6.007],[-48.307,-5.966],[-48.254,-5.945],[-48.245,-5.888],[-48.28,-5.796],[-48.259,-5.724],[-48.181,-5.672],[-48.159,-5.619],[-48.193,-5.565],[-48.232,-5.533],[-48.275,-5.522],[-48.317,-5.486],[-48.357,-5.424],[-48.422,-5.398],[-48.511,-5.408],[-48.597,-5.399],[-48.722,-5.356],[-48.722,-5.356],[-48.722,-5.355],[-48.63,-5.33],[-48.574,-5.288],[-48.524,-5.22],[-48.458,-5.181],[-48.378,-5.169],[-48.282,-5.189],[-48.169,-5.241],[-48.06,-5.263],[-47.953,-5.256],[-47.885,-5.286],[-47.854,-5.351],[-47.763,-5.407],[-47.612,-5.455],[-47.52,-5.507],[-47.486,-5.561],[-47.445,-5.75],[-47.397,-6.072],[-47.405,-6.421],[-47.471,-6.796],[-47.537,-7.027],[-47.606,-7.115],[-47.665,-7.167],[-47.716,-7.185],[-47.717,-7.222],[-47.669,-7.28],[-47.612,-7.301],[-47.546,-7.288],[-47.507,-7.306],[-47.495,-7.356],[-47.498,-7.45],[-47.458,-7.535],[-47.414,-7.53],[-47.346,-7.66],[-47.304,-7.663],[-47.279,-7.731],[-47.15,-7.856],[-47.079,-7.977],[-47.016,-8.044],[-46.985,-8.039],[-46.869,-7.959],[-46.744,-7.923],[-46.574,-7.905],[-46.489,-7.963],[-46.467,-8.07],[-46.503,-8.173],[-46.507,-8.276],[-46.543,-8.32],[-46.503,-8.396],[-46.659,-8.396],[-46.793,-8.436],[-46.838,-8.486],[-46.882,-8.584],[-46.922,-8.744],[-46.905,-8.829],[-47.065,-8.977],[-47.083,-9.035],[-47.039,-9.066],[-46.94,-9.07],[-46.847,-9.169],[-46.829,-9.307],[-46.753,-9.41],[-46.561,-9.499],[-46.534,-9.557],[-46.601,-9.651],[-46.65,-9.664],[-46.668,-9.744],[-46.507,-9.856],[-46.463,-9.95],[-46.472,-10.003],[-46.347,-10.169],[-46.284,-10.186],[-46.19,-10.178],[-46.088,-10.209],[-46.034,-10.271],[-45.945,-10.316],[-45.757,-10.329],[-45.86,-10.468],[-46.038,-10.57],[-46.088,-10.584],[-46.302,-10.758],[-46.235,-10.883],[-46.248,-10.914],[-46.369,-10.968],[-46.463,-11.178],[-46.53,-11.235],[-46.57,-11.316],[-46.552,-11.378],[-46.489,-11.414],[-46.427,-11.499],[-46.19,-11.543],[-46.083,-11.601],[-46.105,-11.664],[-46.244,-11.727],[-46.275,-11.767],[-46.248,-11.843],[-46.159,-11.834],[-46.101,-11.865],[-46.079,-11.928],[-46.212,-11.999],[-46.248,-12.048],[-46.324,-12.093],[-46.338,-12.128],[-46.347,-12.343],[-46.315,-12.423],[-46.159,-12.503],[-46.159,-12.602],[-46.235,-12.713],[-46.235,-12.798],[-46.302,-12.834],[-46.436,-12.847],[-46.592,-12.892],[-46.646,-12.923],[-46.753,-13.035],[-46.829,-13.07],[-46.972,-13.07],[-47.092,-13.097],[-47.293,-13.2],[-47.44,-13.249],[-47.557,-13.244],[-47.641,-13.115],[-47.721,-13.151],[-47.659,-13.32],[-47.681,-13.356],[-47.855,-13.294],[-47.936,-13.244],[-48.003,-13.249],[-48.074,-13.195],[-48.175,-13.181],[-48.164,-13.102],[-48.226,-13.093],[-48.369,-13.186],[-48.48,-13.195],[-48.588,-13.155],[-48.655,-13.177],[-48.686,-13.338],[-48.739,-13.383],[-48.775,-13.352],[-48.762,-13.209],[-48.766,-13.097],[-48.802,-12.999],[-48.797,-12.927],[-48.824,-12.874],[-48.927,-12.785],[-48.998,-12.749],[-49.016,-12.655],[-49.137,-12.735],[-49.298,-13.003],[-49.36,-13.133],[-49.382,-13.249],[-49.521,-13.2],[-49.686,-13.177],[-49.914,-13.07],[-49.971,-13.026],[-50.052,-13.021],[-50.239,-12.932],[-50.271,-12.892],[-50.275,-12.789],[-50.199,-12.655],[-50.204,-12.57],[-50.137,-12.476],[-50.164,-12.388],[-50.295,-12.49],[-50.392,-12.617],[-50.485,-12.843],[-50.566,-12.82],[-50.614,-12.763],[-50.655,-12.667],[-50.661,-12.558],[-50.629,-12.437],[-50.632,-12.289],[-50.667,-12.112],[-50.675,-11.99],[-50.654,-11.922],[-50.662,-11.853],[-50.717,-11.749],[-50.666,-11.652],[-50.671,-11.574],[-50.717,-11.483],[-50.708,-11.346],[-50.645,-11.163],[-50.61,-11.001],[-50.599,-10.69],[-50.551,-10.567],[-50.455,-10.389],[-50.403,-10.258],[-50.395,-10.177],[-50.338,-10.034],[-50.235,-9.843]]]}},{"type":"Feature","id":"SP","properties":{"id":"SP"},"geometry":{"type":"Polygon","coordinates":[[[-53.116,-22.64],[-52.961,-22.455],[-52.566,-22.207],[-52.403,-22.069],[-52.339,-21.957],[-52.246,-21.84],[-52.122,-21.718],[-52.065,-21.623],[-52.073,-21.554],[-52.048,-21.511],[-51.99,-21.494],[-51.955,-21.47],[-51.936,-21.423],[-51.873,-21.33],[-51.857,-21.26],[-51.866,-21.183],[-51.811,-21.077],[-51.692,-20.944],[-51.619,-20.807],[-51.593,-20.667],[-51.534,-20.558],[-51.397,-20.442],[-51.161,-20.307],[-51.064,-20.223],[-50.994,-20.102],[-50.584,-19.821],[-50.489,-19.791],[-50.434,-19.8],[-50.365,-19.858],[-49.377,-19.978],[-49.278,-19.987],[-49.259,-20.017],[-49.288,-20.074],[-49.284,-20.148],[-49.239,-20.246],[-49.2,-20.294],[-49.166,-20.295],[-49.113,-20.259],[-49.04,-20.187],[-48.995,-20.214],[-48.978,-20.338],[-48.953,-20.41],[-48.918,-20.429],[-48.887,-20.37],[-48.858,-20.233],[-48.812,-20.159],[-48.716,-20.144],[-48.364,-20.138],[-48.253,-20.093],[-48.178,-20.083],[-48.11,-20.117],[-48.051,-20.12],[-47.991,-20.083],[-47.909,-20.082],[-47.862,-20.056],[-47.86,-20.012],[-47.819,-19.981],[-47.75,-19.977],[-47.696,-19.991],[-47.656,-20.023],[-47.594,-20.019],[-47.518,-19.994],[-47.46,-20.001],[-47.428,-20.036],[-47.329,-20.118],[-47.244,-20.174],[-47.235,-20.204],[-47.266,-20.285],[-47.293,-20.423],[-47.253,-20.477],[-47.154,-20.526],[-47.11,-20.633],[-47.213,-20.807],[-47.221,-20.914],[-47.145,-20.981],[-47.123,-21.133],[-47.056,-21.195],[-46.994,-21.343],[-47.003,-21.401],[-46.896,-21.405],[-46.815,-21.361],[-46.686,-21.396],[-46.655,-21.374],[-46.605,-21.427],[-46.507,-21.459],[-46.494,-21.526],[-46.561,-21.673],[-46.605,-21.682],[-46.628,-21.771],[-46.668,-21.812],[-46.659,-21.905],[-46.619,-21.986],[-46.659,-22.053],[-46.601,-22.133],[-46.663,-22.204],[-46.699,-22.32],[-46.641,-22.41],[-46.547,-22.441],[-46.543,-22.472],[-46.454,-22.517],[-46.396,-22.615],[-46.472,-22.682],[-46.369,-22.749],[-46.36,-22.843],[-46.289,-22.883],[-46.154,-22.847],[-46.146,-22.892],[-46.02,-22.874],[-45.909,-22.821],[-45.86,-22.86],[-45.793,-22.852],[-45.744,-22.798],[-45.744,-22.727],[-45.802,-22.7],[-45.672,-22.62],[-45.63,-22.623],[-45.583,-22.615],[-45.53,-22.651],[-45.471,-22.612],[-45.409,-22.646],[-45.271,-22.606],[-45.244,-22.561],[-45.056,-22.468],[-44.922,-22.45],[-44.833,-22.405],[-44.771,-22.423],[-44.65,-22.561],[-44.637,-22.602],[-44.539,-22.62],[-44.217,-22.593],[-44.168,-22.7],[-44.248,-22.749],[-44.275,-22.821],[-44.36,-22.856],[-44.471,-22.852],[-44.588,-22.879],[-44.726,-22.937],[-44.798,-22.99],[-44.806,-23.137],[-44.864,-23.204],[-44.783,-23.354],[-44.818,-23.36],[-44.879,-23.35],[-44.932,-23.378],[-44.952,-23.381],[-44.984,-23.405],[-45.674,-23.765],[-45.843,-23.764],[-45.876,-23.772],[-45.882,-23.772],[-45.934,-23.771],[-46.0,-23.798],[-46.127,-23.852],[-46.487,-24.036],[-46.517,-24.056],[-46.631,-24.11],[-46.867,-24.236],[-47.068,-24.427],[-47.161,-24.49],[-47.55,-24.752],[-47.556,-24.758],[-47.592,-24.781],[-47.831,-24.953],[-47.877,-24.998],[-47.914,-25.0],[-47.989,-25.036],[-47.959,-25.065],[-47.908,-25.068],[-47.921,-25.127],[-48.091,-25.248],[-48.092,-25.236],[-48.186,-25.191],[-48.231,-25.012],[-48.266,-25.035],[-48.413,-24.959],[-48.512,-25.084],[-48.565,-25.057],[-48.543,-24.811],[-48.489,-24.744],[-48.614,-24.682],[-48.78,-24.695],[-48.828,-24.664],[-49.025,-24.669],[-49.092,-24.686],[-49.217,-24.691],[-49.298,-24.664],[-49.311,-24.53],[-49.24,-24.419],[-49.226,-24.338],[-49.275,-24.316],[-49.338,-24.213],[-49.333,-24.142],[-49.409,-24.084],[-49.601,-23.865],[-49.57,-23.834],[-49.552,-23.713],[-49.605,-23.642],[-49.655,-23.508],[-49.614,-23.41],[-49.637,-23.258],[-49.73,-23.106],[-49.909,-23.035],[-49.914,-22.986],[-49.958,-22.963],[-49.971,-22.914],[-50.123,-22.941],[-50.293,-22.954],[-50.369,-22.914],[-50.431,-22.945],[-50.628,-22.923],[-50.726,-22.95],[-50.784,-22.945],[-50.882,-22.821],[-51.003,-22.794],[-51.181,-22.74],[-51.355,-22.651],[-51.548,-22.686],[-51.641,-22.651],[-51.695,-22.664],[-51.744,-22.62],[-51.873,-22.611],[-51.985,-22.548],[-52.065,-22.521],[-52.141,-22.544],[-52.164,-22.602],[-52.217,-22.642],[-52.262,-22.602],[-52.315,-22.62],[-52.445,-22.602],[-52.521,-22.615],[-52.615,-22.57],[-52.695,-22.602],[-52.949,-22.57],[-53.044,-22.636],[-53.116,-22.64]]]}},{"type":"Feature","id":"MA","properties":{"id":"MA"},"geometry":{"type":"Polygon","coordinates":[[[-48.722,-5.355],[-48.731,-5.338],[-48.253,-4.954],[-47.802,-4.597],[-47.655,-4.606],[-47.583,-4.548],[-47.489,-4.423],[-47.458,-4.338],[-47.382,-4.276],[-47.333,-4.164],[-47.311,-4.066],[-47.288,-4.079],[-47.065,-3.843],[-47.025,-3.597],[-47.03,-3.57],[-46.967,-3.526],[-46.945,-3.396],[-46.86,-3.329],[-46.824,-3.329],[-46.744,-3.191],[-46.668,-3.093],[-46.637,-2.986],[-46.65,-2.914],[-46.574,-2.847],[-46.668,-2.74],[-46.601,-2.664],[-46.507,-2.615],[-46.485,-2.548],[-46.427,-2.512],[-46.436,-2.41],[-46.409,-2.387],[-46.414,-2.24],[-46.378,-2.254],[-46.28,-2.142],[-46.212,-1.927],[-46.217,-1.807],[-46.302,-1.803],[-46.315,-1.731],[-46.244,-1.722],[-46.199,-1.677],[-46.181,-1.575],[-46.199,-1.486],[-46.123,-1.347],[-46.159,-1.316],[-46.141,-1.24],[-46.12,-1.225],[-46.073,-1.207],[-46.04,-1.184],[-46.0,-1.156],[-45.972,-1.187],[-45.878,-1.218],[-45.684,-1.406],[-45.681,-1.409],[-45.55,-1.42],[-45.514,-1.434],[-45.428,-1.468],[-45.418,-1.487],[-45.383,-1.55],[-45.348,-1.75],[-45.281,-1.747],[-45.247,-1.713],[-45.224,-1.689],[-45.248,-1.645],[-45.137,-1.527],[-45.083,-1.471],[-45.057,-1.484],[-45.026,-1.513],[-44.92,-1.589],[-44.849,-1.652],[-44.782,-1.746],[-44.754,-1.771],[-44.778,-1.799],[-44.729,-1.793],[-44.701,-1.818],[-44.681,-1.825],[-44.647,-1.836],[-44.596,-1.901],[-44.604,-2.065],[-44.608,-2.142],[-44.617,-2.152],[-44.647,-2.207],[-44.661,-2.228],[-44.708,-2.241],[-44.756,-2.266],[-44.701,-2.321],[-44.663,-2.373],[-44.579,-2.23],[-44.52,-2.19],[-44.444,-2.17],[-44.428,-2.186],[-44.391,-2.27],[-44.382,-2.366],[-44.489,-2.396],[-44.491,-2.396],[-44.492,-2.397],[-44.52,-2.405],[-44.52,-2.449],[-44.549,-2.502],[-44.56,-2.522],[-44.561,-2.523],[-44.562,-2.524],[-44.589,-2.573],[-44.611,-2.677],[-44.639,-2.763],[-44.64,-2.767],[-44.792,-3.236],[-44.786,-3.272],[-44.779,-3.312],[-44.744,-3.307],[-44.74,-3.307],[-44.494,-3.026],[-44.481,-2.99],[-44.438,-2.944],[-44.381,-2.738],[-44.308,-2.535],[-44.235,-2.476],[-44.225,-2.471],[-44.179,-2.471],[-44.106,-2.493],[-44.101,-2.56],[-44.112,-2.599],[-44.178,-2.682],[-44.198,-2.702],[-44.332,-2.779],[-44.208,-2.857],[-44.176,-2.842],[-44.129,-2.79],[-44.072,-2.728],[-43.89,-2.619],[-43.828,-2.602],[-43.558,-2.526],[-43.505,-2.534],[-43.432,-2.545],[-43.394,-2.447],[-43.435,-2.417],[-43.435,-2.414],[-43.38,-2.376],[-43.23,-2.386],[-43.084,-2.425],[-42.631,-2.628],[-42.594,-2.661],[-42.357,-2.751],[-42.249,-2.8],[-42.145,-2.803],[-42.137,-2.798],[-42.0,-2.806],[-41.942,-2.778],[-41.858,-2.808],[-41.869,-2.852],[-41.815,-2.936],[-41.842,-3.035],[-41.923,-3.111],[-42.003,-3.231],[-42.105,-3.262],[-42.101,-3.302],[-42.217,-3.432],[-42.364,-3.45],[-42.454,-3.476],[-42.503,-3.45],[-42.574,-3.57],[-42.628,-3.615],[-42.677,-3.7],[-42.663,-3.789],[-42.735,-3.923],[-42.851,-4.039],[-42.891,-4.142],[-42.989,-4.24],[-42.954,-4.392],[-42.896,-4.405],[-42.864,-4.499],[-42.914,-4.637],[-42.949,-4.66],[-42.931,-4.731],[-42.954,-4.776],[-42.905,-4.829],[-42.855,-4.936],[-42.833,-5.097],[-42.806,-5.16],[-42.833,-5.311],[-42.914,-5.392],[-43.048,-5.597],[-43.101,-5.624],[-43.083,-5.713],[-43.11,-5.771],[-43.074,-6.057],[-43.003,-6.124],[-42.963,-6.186],[-42.851,-6.253],[-42.869,-6.436],[-42.855,-6.481],[-42.914,-6.615],[-42.918,-6.669],[-42.98,-6.744],[-43.132,-6.78],[-43.199,-6.753],[-43.302,-6.802],[-43.463,-6.843],[-43.561,-6.753],[-43.677,-6.7],[-43.815,-6.709],[-43.954,-6.762],[-44.039,-6.767],[-44.061,-6.829],[-44.092,-6.807],[-44.164,-6.887],[-44.168,-6.923],[-44.257,-7.008],[-44.306,-7.111],[-44.449,-7.146],[-44.579,-7.249],[-44.713,-7.396],[-44.815,-7.365],[-44.909,-7.445],[-45.025,-7.494],[-45.298,-7.557],[-45.471,-7.673],[-45.543,-7.869],[-45.579,-8.151],[-45.654,-8.253],[-45.659,-8.311],[-45.735,-8.432],[-45.753,-8.561],[-45.82,-8.7],[-45.927,-8.789],[-45.981,-8.928],[-45.94,-9.012],[-45.936,-9.119],[-45.905,-9.178],[-45.896,-9.329],[-45.829,-9.374],[-45.797,-9.463],[-45.838,-9.535],[-45.86,-9.834],[-45.86,-9.999],[-45.9,-10.026],[-45.9,-10.084],[-45.954,-10.182],[-45.936,-10.213],[-45.945,-10.316],[-46.034,-10.271],[-46.088,-10.209],[-46.19,-10.178],[-46.284,-10.186],[-46.347,-10.169],[-46.472,-10.003],[-46.463,-9.95],[-46.507,-9.856],[-46.668,-9.744],[-46.65,-9.664],[-46.601,-9.651],[-46.534,-9.557],[-46.561,-9.499],[-46.753,-9.41],[-46.829,-9.307],[-46.847,-9.169],[-46.94,-9.07],[-47.039,-9.066],[-47.083,-9.035],[-47.065,-8.977],[-46.905,-8.829],[-46.922,-8.744],[-46.882,-8.584],[-46.838,-8.486],[-46.793,-8.436],[-46.659,-8.396],[-46.503,-8.396],[-46.543,-8.32],[-46.507,-8.276],[-46.503,-8.173],[-46.467,-8.07],[-46.489,-7.963],[-46.574,-7.905],[-46.744,-7.923],[-46.869,-7.959],[-46.985,-8.039],[-47.016,-8.044],[-47.079,-7.977],[-47.15,-7.856],[-47.279,-7.731],[-47.304,-7.663],[-47.346,-7.66],[-47.414,-7.53],[-47.458,-7.535],[-47.498,-7.45],[-47.495,-7.356],[-47.507,-7.306],[-47.546,-7.288],[-47.612,-7.301],[-47.669,-7.28],[-47.717,-7.222],[-47.716,-7.185],[-47.665,-7.167],[-47.606,-7.115],[-47.537,-7.027],[-47.471,-6.796],[-47.405,-6.421],[-47.397,-6.072],[-47.445,-5.75],[-47.486,-5.561],[-47.52,-5.507],[-47.612,-5.455],[-47.763,-5.407],[-47.854,-5.351],[-47.885,-5.286],[-47.953,-5.256],[-48.06,-5.263],[-48.169,-5.241],[-48.282,-5.189],[-48.378,-5.169],[-48.458,-5.181],[-48.524,-5.22],[-48.574,-5.288],[-48.63,-5.33],[-48.722,-5.355]]]}},{"type":"Feature","id":"RJ","properties":{"id":"RJ"},"geometry":{"type":"MultiPolygon","coordinates":[[[[-44.783,-23.354],[-44.864,-23.204],[-44.806,-23.137],[-44.798,-22.99],[-44.726,-22.937],[-44.588,-22.879],[-44.471,-22.852],[-44.36,-22.856],[-44.275,-22.821],[-44.248,-22.749],[-44.168,-22.7],[-44.217,-22.593],[-44.539,-22.62],[-44.637,-22.602],[-44.65,-22.561],[-44.771,-22.423],[-44.833,-22.405],[-44.731,-22.36],[-44.663,-22.37],[-44.601,-22.316],[-44.534,-22.302],[-44.445,-22.254],[-44.293,-22.24],[-44.217,-22.249],[-44.092,-22.173],[-43.896,-22.106],[-43.815,-22.066],[-43.565,-22.066],[-43.463,-22.057],[-43.342,-22.003],[-43.132,-22.026],[-43.063,-22.064],[-42.279,-21.713],[-42.284,-21.642],[-42.369,-21.633],[-42.364,-21.593],[-42.302,-21.486],[-42.297,-21.405],[-42.221,-21.338],[-42.181,-21.164],[-42.096,-21.003],[-42.141,-20.963],[-42.096,-20.923],[-41.998,-20.932],[-41.963,-20.91],[-41.927,-20.829],[-41.864,-20.776],[-41.744,-20.82],[-41.713,-20.977],[-41.73,-21.044],[-41.713,-21.11],[-41.44,-21.2],[-41.391,-21.187],[-41.266,-21.231],[-41.07,-21.213],[-40.968,-21.276],[-40.999,-21.367],[-41.07,-21.508],[-41.052,-21.589],[-40.997,-21.832],[-40.988,-21.92],[-41.0,-21.999],[-41.123,-22.084],[-41.583,-22.244],[-41.706,-22.31],[-41.745,-22.349],[-41.76,-22.357],[-41.808,-22.403],[-41.979,-22.566],[-42.004,-22.653],[-41.995,-22.665],[-41.995,-22.666],[-41.986,-22.736],[-41.941,-22.788],[-42.076,-22.945],[-42.122,-22.941],[-42.581,-22.941],[-42.722,-22.959],[-42.974,-22.96],[-43.016,-22.943],[-43.081,-22.903],[-43.097,-22.86],[-43.029,-22.73],[-43.031,-22.705],[-43.032,-22.693],[-43.069,-22.683],[-43.084,-22.68],[-43.152,-22.706],[-43.214,-22.729],[-43.247,-22.764],[-43.287,-22.806],[-43.28,-22.812],[-43.257,-22.831],[-43.236,-22.83],[-43.209,-22.878],[-43.194,-22.939],[-43.224,-22.991],[-43.369,-22.998],[-43.533,-23.046],[-43.566,-23.05],[-43.691,-22.986],[-43.703,-22.966],[-43.779,-22.94],[-43.834,-22.912],[-43.849,-22.916],[-43.866,-22.911],[-44.048,-22.945],[-44.089,-22.972],[-44.241,-22.961],[-44.304,-22.957],[-44.336,-22.926],[-44.672,-23.066],[-44.68,-23.105],[-44.681,-23.107],[-44.681,-23.11],[-44.705,-23.234],[-44.613,-23.236],[-44.57,-23.274],[-44.619,-23.316],[-44.667,-23.335],[-44.783,-23.354]]],[[[-43.81,-23.079],[-43.925,-23.086],[-43.927,-23.085],[-43.877,-23.052],[-43.759,-23.052],[-43.59,-23.052],[-43.737,-23.067],[-43.784,-23.077],[-43.81,-23.079]]]]}},{"type":"Feature","id":"PI","properties":{"id":"PI"},"geometry":{"type":"Polygon","coordinates":[[[-45.757,-10.329],[-45.945,-10.316],[-45.936,-10.213],[-45.954,-10.182],[-45.9,-10.084],[-45.9,-10.026],[-45.86,-9.999],[-45.86,-9.834],[-45.838,-9.535],[-45.797,-9.463],[-45.829,-9.374],[-45.896,-9.329],[-45.905,-9.178],[-45.936,-9.119],[-45.94,-9.012],[-45.981,-8.928],[-45.927,-8.789],[-45.82,-8.7],[-45.753,-8.561],[-45.735,-8.432],[-45.659,-8.311],[-45.654,-8.253],[-45.579,-8.151],[-45.543,-7.869],[-45.471,-7.673],[-45.298,-7.557],[-45.025,-7.494],[-44.909,-7.445],[-44.815,-7.365],[-44.713,-7.396],[-44.579,-7.249],[-44.449,-7.146],[-44.306,-7.111],[-44.257,-7.008],[-44.168,-6.923],[-44.164,-6.887],[-44.092,-6.807],[-44.061,-6.829],[-44.039,-6.767],[-43.954,-6.762],[-43.815,-6.709],[-43.677,-6.7],[-43.561,-6.753],[-43.463,-6.843],[-43.302,-6.802],[-43.199,-6.753],[-43.132,-6.78],[-42.98,-6.744],[-42.918,-6.669],[-42.914,-6.615],[-42.855,-6.481],[-42.869,-6.436],[-42.851,-6.253],[-42.963,-6.186],[-43.003,-6.124],[-43.074,-6.057],[-43.11,-5.771],[-43.083,-5.713],[-43.101,-5.624],[-43.048,-5.597],[-42.914,-5.392],[-42.833,-5.311],[-42.806,-5.16],[-42.833,-5.097],[-42.855,-4.936],[-42.905,-4.829],[-42.954,-4.776],[-42.931,-4.731],[-42.949,-4.66],[-42.914,-4.637],[-42.864,-4.499],[-42.896,-4.405],[-42.954,-4.392],[-42.989,-4.24],[-42.891,-4.142],[-42.851,-4.039],[-42.735,-3.923],[-42.663,-3.789],[-42.677,-3.7],[-42.628,-3.615],[-42.574,-3.57],[-42.503,-3.45],[-42.454,-3.476],[-42.364,-3.45],[-42.217,-3.432],[-42.101,-3.302],[-42.105,-3.262],[-42.003,-3.231],[-41.923,-3.111],[-41.842,-3.035],[-41.815,-2.936],[-41.869,-2.852],[-41.858,-2.808],[-41.577,-2.909],[-41.5,-2.912],[-41.48,-2.916],[-41.319,-2.936],[-41.268,-2.916],[-41.257,-3.079],[-41.378,-3.271],[-41.427,-3.32],[-41.449,-3.437],[-41.382,-3.593],[-41.356,-3.709],[-41.284,-3.811],[-41.23,-4.043],[-41.181,-4.124],[-41.119,-4.177],[-41.074,-4.325],[-41.141,-4.427],[-41.235,-4.539],[-41.244,-4.615],[-41.226,-4.727],[-41.181,-4.811],[-41.186,-4.914],[-41.123,-5.008],[-41.114,-5.066],[-41.061,-5.168],[-41.07,-5.307],[-41.025,-5.365],[-40.949,-5.419],[-40.918,-5.602],[-40.922,-5.682],[-40.891,-5.905],[-40.891,-6.012],[-40.806,-6.253],[-40.798,-6.378],[-40.771,-6.495],[-40.721,-6.57],[-40.708,-6.66],[-40.614,-6.709],[-40.48,-6.735],[-40.418,-6.811],[-40.44,-6.905],[-40.512,-7.003],[-40.583,-7.195],[-40.534,-7.325],[-40.538,-7.392],[-40.646,-7.401],[-40.69,-7.427],[-40.69,-7.512],[-40.619,-7.637],[-40.659,-7.762],[-40.547,-7.834],[-40.529,-7.905],[-40.543,-8.03],[-40.592,-8.124],[-40.748,-8.245],[-40.833,-8.365],[-40.887,-8.352],[-40.922,-8.432],[-41.016,-8.419],[-41.083,-8.526],[-41.159,-8.548],[-41.213,-8.633],[-41.369,-8.713],[-41.4,-8.785],[-41.467,-8.865],[-41.499,-8.936],[-41.556,-8.972],[-41.61,-8.963],[-41.735,-8.981],[-41.735,-9.133],[-41.797,-9.173],[-41.851,-9.253],[-41.918,-9.213],[-42.043,-9.209],[-42.15,-9.293],[-42.311,-9.307],[-42.431,-9.41],[-42.49,-9.499],[-42.574,-9.486],[-42.619,-9.566],[-42.753,-9.521],[-42.851,-9.548],[-42.931,-9.517],[-42.937,-9.474],[-43.03,-9.436],[-43.043,-9.396],[-43.128,-9.374],[-43.186,-9.418],[-43.378,-9.414],[-43.415,-9.336],[-43.449,-9.302],[-43.538,-9.36],[-43.606,-9.338],[-43.659,-9.365],[-43.695,-9.445],[-43.811,-9.428],[-43.829,-9.499],[-43.784,-9.566],[-43.726,-9.749],[-43.681,-9.802],[-43.713,-9.95],[-43.704,-10.035],[-43.753,-10.106],[-43.761,-10.169],[-43.802,-10.204],[-43.913,-10.432],[-43.994,-10.454],[-44.119,-10.588],[-44.217,-10.628],[-44.311,-10.602],[-44.418,-10.588],[-44.539,-10.628],[-44.619,-10.686],[-44.646,-10.736],[-44.753,-10.785],[-44.784,-10.856],[-44.851,-10.878],[-44.931,-10.861],[-45.043,-10.896],[-45.315,-10.78],[-45.44,-10.619],[-45.471,-10.485],[-45.516,-10.414],[-45.605,-10.334],[-45.757,-10.329]]]}},{"type":"Feature","id":"MG","properties":{"id":"MG"},"geometry":{"type":"Polygon","coordinates":[[[-50.994,-20.102],[-50.997,-19.664],[-50.964,-19.511],[-50.924,-19.464],[-50.881,-19.459],[-50.864,-19.438],[-50.871,-19.424],[-50.869,-19.377],[-50.844,-19.311],[-50.792,-19.238],[-50.713,-19.161],[-50.642,-19.119],[-50.577,-19.112],[-50.532,-19.087],[-50.49,-19.02],[-50.499,-18.953],[-50.457,-18.877],[-50.368,-18.769],[-50.247,-18.69],[-50.094,-18.641],[-49.96,-18.616],[-49.789,-18.615],[-49.678,-18.6],[-49.612,-18.567],[-49.553,-18.51],[-49.488,-18.522],[-49.417,-18.603],[-49.337,-18.585],[-49.248,-18.469],[-49.179,-18.405],[-49.108,-18.388],[-48.954,-18.326],[-48.227,-18.34],[-48.018,-18.434],[-47.929,-18.445],[-47.786,-18.379],[-47.446,-18.171],[-47.319,-18.083],[-47.279,-18.061],[-47.346,-17.878],[-47.355,-17.825],[-47.329,-17.744],[-47.271,-17.669],[-47.288,-17.548],[-47.409,-17.499],[-47.458,-17.526],[-47.53,-17.454],[-47.498,-17.329],[-47.454,-17.347],[-47.422,-17.271],[-47.311,-17.142],[-47.213,-17.075],[-47.23,-17.026],[-47.15,-16.976],[-47.159,-16.918],[-47.266,-16.66],[-47.405,-16.57],[-47.454,-16.494],[-47.431,-16.41],[-47.351,-16.302],[-47.324,-16.227],[-47.337,-16.146],[-47.302,-16.039],[-47.23,-16.035],[-47.128,-15.923],[-47.079,-15.936],[-46.864,-15.883],[-46.833,-15.843],[-46.869,-15.593],[-46.931,-15.544],[-46.936,-15.432],[-46.855,-15.325],[-46.891,-15.24],[-46.931,-15.227],[-46.891,-15.048],[-46.833,-15.012],[-46.735,-15.017],[-46.637,-15.07],[-46.547,-15.039],[-46.578,-14.914],[-46.556,-14.869],[-46.583,-14.794],[-46.516,-14.713],[-46.387,-14.771],[-46.315,-14.847],[-46.297,-14.91],[-46.19,-14.936],[-46.079,-14.923],[-46.025,-14.869],[-45.976,-14.986],[-46.074,-15.249],[-45.967,-15.186],[-45.927,-15.128],[-45.766,-15.146],[-45.713,-15.124],[-45.654,-15.044],[-45.552,-14.936],[-45.462,-14.941],[-45.32,-14.856],[-45.226,-14.74],[-45.101,-14.718],[-44.882,-14.597],[-44.838,-14.517],[-44.561,-14.347],[-44.36,-14.271],[-44.32,-14.244],[-44.213,-14.24],[-44.159,-14.271],[-43.838,-14.316],[-43.781,-14.343],[-43.8,-14.37],[-43.861,-14.534],[-43.88,-14.625],[-43.864,-14.66],[-43.824,-14.695],[-43.708,-14.736],[-43.494,-14.789],[-43.449,-14.78],[-43.387,-14.7],[-43.23,-14.637],[-42.954,-14.677],[-42.891,-14.749],[-42.632,-14.941],[-42.579,-14.932],[-42.431,-15.035],[-42.262,-15.106],[-42.177,-15.106],[-42.087,-15.182],[-41.94,-15.173],[-41.802,-15.111],[-41.36,-15.494],[-41.333,-15.718],[-41.159,-15.78],[-41.03,-15.735],[-40.945,-15.673],[-40.891,-15.695],[-40.829,-15.682],[-40.762,-15.74],[-40.668,-15.718],[-40.574,-15.758],[-40.534,-15.798],[-40.476,-15.776],[-40.329,-15.825],[-40.235,-15.82],[-40.168,-15.896],[-40.132,-15.892],[-40.003,-15.994],[-39.936,-15.999],[-39.864,-16.111],[-39.94,-16.311],[-40.056,-16.396],[-40.132,-16.503],[-40.137,-16.544],[-40.253,-16.566],[-40.275,-16.615],[-40.284,-16.745],[-40.244,-16.834],[-40.298,-16.878],[-40.471,-16.869],[-40.525,-16.932],[-40.574,-17.133],[-40.565,-17.262],[-40.605,-17.311],[-40.61,-17.392],[-40.498,-17.419],[-40.48,-17.557],[-40.413,-17.557],[-40.382,-17.624],[-40.284,-17.718],[-40.208,-17.767],[-40.186,-17.816],[-40.231,-17.919],[-40.208,-17.977],[-40.217,-17.972],[-40.427,-17.892],[-40.476,-17.928],[-40.534,-17.901],[-40.668,-17.954],[-40.726,-17.945],[-40.789,-17.972],[-40.909,-17.972],[-40.775,-18.093],[-40.766,-18.137],[-40.838,-18.151],[-40.914,-18.102],[-41.016,-18.173],[-41.061,-18.178],[-41.141,-18.298],[-41.128,-18.334],[-41.025,-18.405],[-41.003,-18.454],[-41.03,-18.637],[-40.927,-18.695],[-40.931,-18.807],[-41.092,-18.829],[-41.195,-18.807],[-41.235,-18.852],[-41.164,-18.905],[-41.105,-18.887],[-41.025,-18.981],[-41.052,-19.035],[-40.945,-19.146],[-40.927,-19.294],[-40.958,-19.472],[-41.047,-19.49],[-41.03,-19.548],[-41.159,-19.66],[-41.186,-19.865],[-41.306,-19.954],[-41.365,-20.186],[-41.405,-20.213],[-41.717,-20.209],[-41.855,-20.369],[-41.797,-20.428],[-41.797,-20.535],[-41.851,-20.624],[-41.811,-20.646],[-41.882,-20.758],[-41.864,-20.776],[-41.927,-20.829],[-41.963,-20.91],[-41.998,-20.932],[-42.096,-20.923],[-42.141,-20.963],[-42.096,-21.003],[-42.181,-21.164],[-42.221,-21.338],[-42.297,-21.405],[-42.302,-21.486],[-42.364,-21.593],[-42.369,-21.633],[-42.284,-21.642],[-42.279,-21.713],[-43.063,-22.064],[-43.132,-22.026],[-43.342,-22.003],[-43.463,-22.057],[-43.565,-22.066],[-43.815,-22.066],[-43.896,-22.106],[-44.092,-22.173],[-44.217,-22.249],[-44.293,-22.24],[-44.445,-22.254],[-44.534,-22.302],[-44.601,-22.316],[-44.663,-22.37],[-44.731,-22.36],[-44.833,-22.405],[-44.922,-22.45],[-45.056,-22.468],[-45.244,-22.561],[-45.271,-22.606],[-45.409,-22.646],[-45.471,-22.612],[-45.53,-22.651],[-45.583,-22.615],[-45.63,-22.623],[-45.672,-22.62],[-45.802,-22.7],[-45.744,-22.727],[-45.744,-22.798],[-45.793,-22.852],[-45.86,-22.86],[-45.909,-22.821],[-46.02,-22.874],[-46.146,-22.892],[-46.154,-22.847],[-46.289,-22.883],[-46.36,-22.843],[-46.369,-22.749],[-46.472,-22.682],[-46.396,-22.615],[-46.454,-22.517],[-46.543,-22.472],[-46.547,-22.441],[-46.641,-22.41],[-46.699,-22.32],[-46.663,-22.204],[-46.601,-22.133],[-46.659,-22.053],[-46.619,-21.986],[-46.659,-21.905],[-46.668,-21.812],[-46.628,-21.771],[-46.605,-21.682],[-46.561,-21.673],[-46.494,-21.526],[-46.507,-21.459],[-46.605,-21.427],[-46.655,-21.374],[-46.686,-21.396],[-46.815,-21.361],[-46.896,-21.405],[-47.003,-21.401],[-46.994,-21.343],[-47.056,-21.195],[-47.123,-21.133],[-47.145,-20.981],[-47.221,-20.914],[-47.213,-20.807],[-47.11,-20.633],[-47.154,-20.526],[-47.253,-20.477],[-47.293,-20.423],[-47.266,-20.285],[-47.235,-20.204],[-47.244,-20.174],[-47.329,-20.118],[-47.428,-20.036],[-47.46,-20.001],[-47.518,-19.994],[-47.594,-20.019],[-47.656,-20.023],[-47.696,-19.991],[-47.75,-19.977],[-47.819,-19.981],[-47.86,-20.012],[-47.862,-20.056],[-47.909,-20.082],[-47.991,-20.083],[-48.051,-20.12],[-48.11,-20.117],[-48.178,-20.083],[-48.253,-20.093],[-48.364,-20.138],[-48.716,-20.144],[-48.812,-20.159],[-48.858,-20.233],[-48.887,-20.37],[-48.918,-20.429],[-48.953,-20.41],[-48.978,-20.338],[-48.995,-20.214],[-49.04,-20.187],[-49.113,-20.259],[-49.166,-20.295],[-49.2,-20.294],[-49.239,-20.246],[-49.284,-20.148],[-49.288,-20.074],[-49.259,-20.017],[-49.278,-19.987],[-49.377,-19.978],[-50.365,-19.858],[-50.434,-19.8],[-50.489,-19.791],[-50.584,-19.821],[-50.994,-20.102]]]}},{"type":"Feature","id":"ES","properties":{"id":"ES"},"geometry":{"type":"Polygon","coordinates":[[[-40.968,-21.276],[-41.07,-21.213],[-41.266,-21.231],[-41.391,-21.187],[-41.44,-21.2],[-41.713,-21.11],[-41.73,-21.044],[-41.713,-20.977],[-41.744,-20.82],[-41.864,-20.776],[-41.882,-20.758],[-41.811,-20.646],[-41.851,-20.624],[-41.797,-20.535],[-41.797,-20.428],[-41.855,-20.369],[-41.717,-20.209],[-41.405,-20.213],[-41.365,-20.186],[-41.306,-19.954],[-41.186,-19.865],[-41.159,-19.66],[-41.03,-19.548],[-41.047,-19.49],[-40.958,-19.472],[-40.927,-19.294],[-40.945,-19.146],[-41.052,-19.035],[-41.025,-18.981],[-41.105,-18.887],[-41.164,-18.905],[-41.235,-18.852],[-41.195,-18.807],[-41.092,-18.829],[-40.931,-18.807],[-40.927,-18.695],[-41.03,-18.637],[-41.003,-18.454],[-41.025,-18.405],[-41.128,-18.334],[-41.141,-18.298],[-41.061,-18.178],[-41.016,-18.173],[-40.914,-18.102],[-40.838,-18.151],[-40.766,-18.137],[-40.775,-18.093],[-40.909,-17.972],[-40.789,-17.972],[-40.726,-17.945],[-40.668,-17.954],[-40.534,-17.901],[-40.476,-17.928],[-40.427,-17.892],[-40.217,-17.972],[-40.208,-17.977],[-40.186,-18.008],[-39.673,-18.325],[-39.668,-18.326],[-39.679,-18.376],[-39.722,-18.493],[-39.731,-18.601],[-39.74,-18.64],[-39.741,-18.713],[-39.749,-18.81],[-39.731,-18.959],[-39.7,-19.278],[-39.731,-19.454],[-39.783,-19.572],[-39.845,-19.649],[-40.001,-19.742],[-40.142,-19.968],[-40.168,-20.07],[-40.173,-20.077],[-40.249,-20.247],[-40.299,-20.293],[-40.314,-20.396],[-40.368,-20.517],[-40.396,-20.569],[-40.544,-20.728],[-40.661,-20.814],[-40.727,-20.846],[-40.789,-20.906],[-40.829,-21.031],[-40.955,-21.238],[-40.968,-21.276]]]}},{"type":"Feature","id":"BA","properties":{"id":"BA"},"geometry":{"type":"MultiPolygon","coordinates":[[[[-46.025,-14.869],[-45.931,-14.749],[-45.914,-14.691],[-45.963,-14.535],[-45.963,-14.468],[-45.923,-14.352],[-46.011,-14.298],[-46.038,-14.253],[-46.128,-14.182],[-46.172,-14.075],[-46.221,-13.999],[-46.262,-13.869],[-46.271,-13.655],[-46.186,-13.405],[-46.096,-13.352],[-46.083,-13.253],[-46.177,-13.218],[-46.181,-13.16],[-46.15,-13.026],[-46.074,-12.977],[-46.088,-12.914],[-46.235,-12.798],[-46.235,-12.713],[-46.159,-12.602],[-46.159,-12.503],[-46.315,-12.423],[-46.347,-12.343],[-46.338,-12.128],[-46.324,-12.093],[-46.248,-12.048],[-46.212,-11.999],[-46.079,-11.928],[-46.101,-11.865],[-46.159,-11.834],[-46.248,-11.843],[-46.275,-11.767],[-46.244,-11.727],[-46.105,-11.664],[-46.083,-11.601],[-46.19,-11.543],[-46.427,-11.499],[-46.489,-11.414],[-46.552,-11.378],[-46.57,-11.316],[-46.53,-11.235],[-46.463,-11.178],[-46.369,-10.968],[-46.248,-10.914],[-46.235,-10.883],[-46.302,-10.758],[-46.088,-10.584],[-46.038,-10.57],[-45.86,-10.468],[-45.757,-10.329],[-45.605,-10.334],[-45.516,-10.414],[-45.471,-10.485],[-45.44,-10.619],[-45.315,-10.78],[-45.043,-10.896],[-44.931,-10.861],[-44.851,-10.878],[-44.784,-10.856],[-44.753,-10.785],[-44.646,-10.736],[-44.619,-10.686],[-44.539,-10.628],[-44.418,-10.588],[-44.311,-10.602],[-44.217,-10.628],[-44.119,-10.588],[-43.994,-10.454],[-43.913,-10.432],[-43.802,-10.204],[-43.761,-10.169],[-43.753,-10.106],[-43.704,-10.035],[-43.713,-9.95],[-43.681,-9.802],[-43.726,-9.749],[-43.784,-9.566],[-43.829,-9.499],[-43.811,-9.428],[-43.695,-9.445],[-43.659,-9.365],[-43.606,-9.338],[-43.538,-9.36],[-43.449,-9.302],[-43.415,-9.336],[-43.378,-9.414],[-43.186,-9.418],[-43.128,-9.374],[-43.043,-9.396],[-43.03,-9.436],[-42.937,-9.474],[-42.931,-9.517],[-42.851,-9.548],[-42.753,-9.521],[-42.619,-9.566],[-42.574,-9.486],[-42.49,-9.499],[-42.431,-9.41],[-42.311,-9.307],[-42.15,-9.293],[-42.043,-9.209],[-41.918,-9.213],[-41.851,-9.253],[-41.797,-9.173],[-41.735,-9.133],[-41.735,-8.981],[-41.61,-8.963],[-41.556,-8.972],[-41.499,-8.936],[-41.467,-8.865],[-41.4,-8.785],[-41.369,-8.713],[-41.324,-8.735],[-41.159,-8.709],[-41.105,-8.718],[-41.101,-8.776],[-41.004,-8.781],[-40.98,-8.816],[-40.891,-8.856],[-40.891,-9.035],[-40.856,-9.093],[-40.851,-9.151],[-40.704,-9.218],[-40.69,-9.343],[-40.744,-9.423],[-40.686,-9.472],[-40.565,-9.46],[-40.413,-9.397],[-40.32,-9.293],[-40.273,-9.145],[-40.212,-9.102],[-40.078,-9.088],[-40.005,-9.058],[-39.949,-9.022],[-39.909,-8.98],[-39.888,-8.924],[-39.885,-8.853],[-39.835,-8.809],[-39.738,-8.791],[-39.688,-8.749],[-39.683,-8.683],[-39.601,-8.62],[-39.442,-8.559],[-39.333,-8.566],[-39.257,-8.64],[-39.098,-8.715],[-38.835,-8.8],[-38.705,-8.88],[-38.668,-8.896],[-38.619,-8.896],[-38.577,-8.861],[-38.544,-8.831],[-38.505,-8.835],[-38.484,-8.878],[-38.482,-8.96],[-38.433,-9.004],[-38.336,-9.01],[-38.294,-9.043],[-38.307,-9.102],[-38.283,-9.204],[-38.221,-9.348],[-37.976,-9.512],[-38.043,-9.606],[-37.994,-9.646],[-38.03,-9.727],[-37.963,-9.874],[-37.9,-9.914],[-37.9,-9.95],[-37.779,-10.079],[-37.784,-10.307],[-37.838,-10.423],[-37.824,-10.548],[-37.784,-10.628],[-37.815,-10.677],[-37.972,-10.753],[-38.012,-10.753],[-38.11,-10.709],[-38.19,-10.718],[-38.244,-10.825],[-38.235,-10.896],[-38.177,-10.981],[-38.11,-11.03],[-38.061,-11.169],[-37.981,-11.24],[-38.007,-11.356],[-37.967,-11.401],[-37.851,-11.441],[-37.797,-11.526],[-37.659,-11.557],[-37.632,-11.521],[-37.574,-11.539],[-37.412,-11.497],[-37.469,-11.654],[-37.689,-12.1],[-37.957,-12.475],[-38.018,-12.59],[-38.148,-12.739],[-38.24,-12.844],[-38.402,-12.966],[-38.447,-12.967],[-38.499,-12.957],[-38.501,-12.939],[-38.477,-12.878],[-38.498,-12.745],[-38.542,-12.709],[-38.648,-12.621],[-38.685,-12.627],[-38.691,-12.624],[-38.693,-12.629],[-38.707,-12.631],[-38.738,-12.69],[-38.743,-12.699],[-38.746,-12.707],[-38.761,-12.762],[-38.788,-12.783],[-38.852,-12.79],[-38.784,-12.844],[-38.774,-12.876],[-38.771,-12.921],[-38.833,-13.033],[-38.835,-13.147],[-38.959,-13.273],[-39.031,-13.365],[-39.067,-13.48],[-39.089,-13.588],[-39.035,-13.559],[-39.009,-13.581],[-38.989,-13.615],[-39.001,-13.665],[-39.041,-13.758],[-39.04,-13.805],[-39.075,-13.887],[-39.075,-13.906],[-39.075,-13.935],[-39.036,-13.963],[-39.035,-13.991],[-39.048,-14.044],[-39.008,-14.101],[-38.966,-14.003],[-38.958,-14.013],[-39.009,-14.329],[-39.063,-14.664],[-38.998,-15.224],[-38.996,-15.254],[-38.99,-15.289],[-38.961,-15.542],[-38.96,-15.548],[-38.954,-15.592],[-38.915,-15.729],[-39.121,-16.717],[-39.212,-17.155],[-39.221,-17.283],[-39.223,-17.316],[-39.189,-17.562],[-39.35,-17.887],[-39.413,-17.92],[-39.487,-17.99],[-39.651,-18.252],[-39.668,-18.326],[-39.673,-18.325],[-40.186,-18.008],[-40.208,-17.977],[-40.231,-17.919],[-40.186,-17.816],[-40.208,-17.767],[-40.284,-17.718],[-40.382,-17.624],[-40.413,-17.557],[-40.48,-17.557],[-40.498,-17.419],[-40.61,-17.392],[-40.605,-17.311],[-40.565,-17.262],[-40.574,-17.133],[-40.525,-16.932],[-40.471,-16.869],[-40.298,-16.878],[-40.244,-16.834],[-40.284,-16.745],[-40.275,-16.615],[-40.253,-16.566],[-40.137,-16.544],[-40.132,-16.503],[-40.056,-16.396],[-39.94,-16.311],[-39.864,-16.111],[-39.936,-15.999],[-40.003,-15.994],[-40.132,-15.892],[-40.168,-15.896],[-40.235,-15.82],[-40.329,-15.825],[-40.476,-15.776],[-40.534,-15.798],[-40.574,-15.758],[-40.668,-15.718],[-40.762,-15.74],[-40.829,-15.682],[-40.891,-15.695],[-40.945,-15.673],[-41.03,-15.735],[-41.159,-15.78],[-41.333,-15.718],[-41.36,-15.494],[-41.802,-15.111],[-41.94,-15.173],[-42.087,-15.182],[-42.177,-15.106],[-42.262,-15.106],[-42.431,-15.035],[-42.579,-14.932],[-42.632,-14.941],[-42.891,-14.749],[-42.954,-14.677],[-43.23,-14.637],[-43.387,-14.7],[-43.449,-14.78],[-43.494,-14.789],[-43.708,-14.736],[-43.824,-14.695],[-43.864,-14.66],[-43.88,-14.625],[-43.861,-14.534],[-43.8,-14.37],[-43.781,-14.343],[-43.838,-14.316],[-44.159,-14.271],[-44.213,-14.24],[-44.32,-14.244],[-44.36,-14.271],[-44.561,-14.347],[-44.838,-14.517],[-44.882,-14.597],[-45.101,-14.718],[-45.226,-14.74],[-45.32,-14.856],[-45.462,-14.941],[-45.552,-14.936],[-45.654,-15.044],[-45.713,-15.124],[-45.766,-15.146],[-45.927,-15.128],[-45.967,-15.186],[-46.074,-15.249],[-45.976,-14.986],[-46.025,-14.869]]],[[[-38.907,-13.401],[-38.904,-13.474],[-38.938,-13.532],[-38.978,-13.523],[-38.993,-13.484],[-39.022,-13.446],[-39.007,-13.415],[-38.98,-13.398],[-38.907,-13.401]]],[[[-38.786,-13.066],[-38.787,-13.055],[-38.782,-13.051],[-38.786,-13.066]]]]}},{"type":"Feature","id":"CE","properties":{"id":"CE"},"geometry":{"type":"Polygon","coordinates":[[[-40.538,-7.392],[-40.534,-7.325],[-40.583,-7.195],[-40.512,-7.003],[-40.44,-6.905],[-40.418,-6.811],[-40.48,-6.735],[-40.614,-6.709],[-40.708,-6.66],[-40.721,-6.57],[-40.771,-6.495],[-40.798,-6.378],[-40.806,-6.253],[-40.891,-6.012],[-40.891,-5.905],[-40.922,-5.682],[-40.918,-5.602],[-40.949,-5.419],[-41.025,-5.365],[-41.07,-5.307],[-41.061,-5.168],[-41.114,-5.066],[-41.123,-5.008],[-41.186,-4.914],[-41.181,-4.811],[-41.226,-4.727],[-41.244,-4.615],[-41.235,-4.539],[-41.141,-4.427],[-41.074,-4.325],[-41.119,-4.177],[-41.181,-4.124],[-41.23,-4.043],[-41.284,-3.811],[-41.356,-3.709],[-41.382,-3.593],[-41.449,-3.437],[-41.427,-3.32],[-41.378,-3.271],[-41.257,-3.079],[-41.268,-2.916],[-41.252,-2.909],[-41.033,-2.878],[-40.875,-2.87],[-40.514,-2.803],[-40.475,-2.797],[-40.209,-2.825],[-40.113,-2.835],[-39.965,-2.862],[-39.772,-2.986],[-39.61,-3.056],[-39.511,-3.126],[-39.353,-3.197],[-39.093,-3.345],[-38.985,-3.417],[-38.896,-3.502],[-38.686,-3.654],[-38.589,-3.683],[-38.423,-3.795],[-38.412,-3.807],[-38.362,-3.876],[-38.323,-3.908],[-38.117,-4.14],[-38.098,-4.157],[-38.049,-4.216],[-37.96,-4.283],[-37.774,-4.451],[-37.713,-4.506],[-37.689,-4.522],[-37.626,-4.592],[-37.544,-4.623],[-37.254,-4.823],[-37.243,-4.828],[-37.543,-4.932],[-37.596,-4.959],[-37.721,-5.061],[-37.913,-5.463],[-38.048,-5.615],[-38.078,-5.686],[-38.078,-5.762],[-38.128,-5.878],[-38.302,-6.075],[-38.369,-6.093],[-38.414,-6.061],[-38.494,-6.128],[-38.512,-6.182],[-38.579,-6.262],[-38.606,-6.396],[-38.525,-6.383],[-38.579,-6.481],[-38.65,-6.691],[-38.619,-6.758],[-38.65,-6.838],[-38.726,-6.892],[-38.73,-7.003],[-38.686,-7.03],[-38.677,-7.159],[-38.601,-7.222],[-38.548,-7.236],[-38.534,-7.294],[-38.583,-7.427],[-38.632,-7.459],[-38.637,-7.535],[-38.699,-7.62],[-38.82,-7.664],[-38.864,-7.704],[-38.967,-7.847],[-38.998,-7.82],[-39.074,-7.856],[-39.11,-7.753],[-39.244,-7.682],[-39.306,-7.624],[-39.351,-7.548],[-39.534,-7.477],[-39.655,-7.374],[-39.846,-7.347],[-39.954,-7.36],[-40.065,-7.405],[-40.172,-7.419],[-40.262,-7.392],[-40.538,-7.392]]]}},{"type":"Feature","id":"SE","properties":{"id":"SE"},"geometry":{"type":"Polygon","coordinates":[[[-37.412,-11.497],[-37.574,-11.539],[-37.632,-11.521],[-37.659,-11.557],[-37.797,-11.526],[-37.851,-11.441],[-37.967,-11.401],[-38.007,-11.356],[-37.981,-11.24],[-38.061,-11.169],[-38.11,-11.03],[-38.177,-10.981],[-38.235,-10.896],[-38.244,-10.825],[-38.19,-10.718],[-38.11,-10.709],[-38.012,-10.753],[-37.972,-10.753],[-37.815,-10.677],[-37.784,-10.628],[-37.824,-10.548],[-37.838,-10.423],[-37.784,-10.307],[-37.779,-10.079],[-37.9,-9.95],[-37.9,-9.914],[-37.963,-9.874],[-38.03,-9.727],[-37.994,-9.646],[-38.043,-9.606],[-37.976,-9.512],[-37.938,-9.538],[-37.425,-9.778],[-37.196,-9.886],[-37.019,-9.957],[-36.956,-10.014],[-36.939,-10.084],[-36.88,-10.154],[-36.777,-10.224],[-36.699,-10.257],[-36.647,-10.254],[-36.607,-10.293],[-36.58,-10.371],[-36.538,-10.41],[-36.483,-10.41],[-36.443,-10.432],[-36.433,-10.45],[-36.518,-10.536],[-36.529,-10.542],[-36.636,-10.59],[-36.768,-10.672],[-36.826,-10.723],[-36.856,-10.741],[-36.896,-10.783],[-36.938,-10.82],[-36.99,-10.899],[-37.017,-10.935],[-37.018,-10.936],[-37.06,-11.0],[-37.099,-11.06],[-37.126,-11.085],[-37.183,-11.069],[-37.181,-11.186],[-37.197,-11.21],[-37.315,-11.376],[-37.356,-11.404],[-37.355,-11.35],[-37.331,-11.31],[-37.321,-11.267],[-37.322,-11.215],[-37.359,-11.253],[-37.438,-11.394],[-37.412,-11.497]]]}},{"type":"Feature","id":"AL","properties":{"id":"AL"},"geometry":{"type":"Polygon","coordinates":[[[-37.976,-9.512],[-38.221,-9.348],[-38.154,-9.267],[-38.092,-9.186],[-37.967,-9.142],[-37.815,-8.977],[-37.806,-8.896],[-37.748,-8.861],[-37.681,-8.977],[-37.628,-8.981],[-37.52,-8.945],[-37.472,-9.003],[-37.391,-9.044],[-37.181,-9.24],[-36.998,-9.307],[-36.94,-9.356],[-36.905,-9.289],[-36.833,-9.262],[-36.579,-9.293],[-36.44,-9.209],[-36.347,-9.2],[-36.266,-9.142],[-36.239,-9.088],[-36.123,-9.017],[-36.119,-8.968],[-36.016,-8.896],[-35.971,-8.905],[-35.882,-8.874],[-35.802,-8.87],[-35.722,-8.919],[-35.61,-8.865],[-35.471,-8.834],[-35.391,-8.883],[-35.302,-8.887],[-35.153,-8.914],[-35.156,-8.927],[-35.158,-8.93],[-35.301,-9.165],[-35.364,-9.259],[-35.475,-9.393],[-35.639,-9.581],[-35.764,-9.703],[-35.83,-9.719],[-35.891,-9.687],[-35.848,-9.772],[-35.885,-9.848],[-35.972,-9.964],[-36.116,-10.13],[-36.224,-10.225],[-36.254,-10.27],[-36.433,-10.45],[-36.443,-10.432],[-36.483,-10.41],[-36.538,-10.41],[-36.58,-10.371],[-36.607,-10.293],[-36.647,-10.254],[-36.699,-10.257],[-36.777,-10.224],[-36.88,-10.154],[-36.939,-10.084],[-36.956,-10.014],[-37.019,-9.957],[-37.196,-9.886],[-37.425,-9.778],[-37.938,-9.538],[-37.976,-9.512]]]}},{"type":"Feature","id":"RN","properties":{"id":"RN"},"geometry":{"type":"Polygon","coordinates":[[[-38.525,-6.383],[-38.606,-6.396],[-38.579,-6.262],[-38.512,-6.182],[-38.494,-6.128],[-38.414,-6.061],[-38.369,-6.093],[-38.302,-6.075],[-38.128,-5.878],[-38.078,-5.762],[-38.078,-5.686],[-38.048,-5.615],[-37.913,-5.463],[-37.721,-5.061],[-37.596,-4.959],[-37.543,-4.932],[-37.243,-4.828],[-37.222,-4.838],[-37.175,-4.912],[-37.018,-4.93],[-36.82,-5.019],[-36.775,-5.03],[-36.748,-5.051],[-36.591,-5.098],[-36.394,-5.085],[-36.373,-5.085],[-36.162,-5.094],[-36.128,-5.086],[-36.115,-5.086],[-35.972,-5.056],[-35.632,-5.115],[-35.588,-5.124],[-35.505,-5.153],[-35.481,-5.166],[-35.405,-5.239],[-35.362,-5.322],[-35.241,-5.557],[-35.236,-5.567],[-35.142,-5.917],[-35.142,-5.917],[-35.096,-6.185],[-35.053,-6.268],[-34.979,-6.507],[-35.047,-6.535],[-35.257,-6.508],[-35.306,-6.53],[-35.467,-6.463],[-35.668,-6.427],[-35.722,-6.445],[-35.927,-6.468],[-36.253,-6.414],[-36.293,-6.307],[-36.382,-6.302],[-36.494,-6.378],[-36.516,-6.481],[-36.445,-6.624],[-36.534,-6.637],[-36.529,-6.735],[-36.503,-6.785],[-36.574,-6.928],[-36.659,-6.932],[-36.713,-6.977],[-36.771,-6.932],[-36.744,-6.825],[-36.793,-6.767],[-36.945,-6.749],[-36.989,-6.709],[-37.043,-6.753],[-37.154,-6.785],[-37.217,-6.825],[-37.271,-6.74],[-37.338,-6.7],[-37.516,-6.682],[-37.507,-6.553],[-37.431,-6.517],[-37.396,-6.392],[-37.177,-6.115],[-37.177,-6.053],[-37.262,-6.026],[-37.423,-6.097],[-37.476,-6.084],[-37.641,-6.128],[-37.757,-6.177],[-37.793,-6.294],[-37.842,-6.343],[-38.003,-6.432],[-38.056,-6.445],[-38.132,-6.521],[-38.239,-6.485],[-38.284,-6.503],[-38.436,-6.414],[-38.525,-6.383]]]}},{"type":"Feature","id":"PE","properties":{"id":"PE"},"geometry":{"type":"Polygon","coordinates":[[[-41.369,-8.713],[-41.213,-8.633],[-41.159,-8.548],[-41.083,-8.526],[-41.016,-8.419],[-40.922,-8.432],[-40.887,-8.352],[-40.833,-8.365],[-40.748,-8.245],[-40.592,-8.124],[-40.543,-8.03],[-40.529,-7.905],[-40.547,-7.834],[-40.659,-7.762],[-40.619,-7.637],[-40.69,-7.512],[-40.69,-7.427],[-40.646,-7.401],[-40.538,-7.392],[-40.262,-7.392],[-40.172,-7.419],[-40.065,-7.405],[-39.954,-7.36],[-39.846,-7.347],[-39.655,-7.374],[-39.534,-7.477],[-39.351,-7.548],[-39.306,-7.624],[-39.244,-7.682],[-39.11,-7.753],[-39.074,-7.856],[-38.998,-7.82],[-38.967,-7.847],[-38.864,-7.704],[-38.82,-7.664],[-38.699,-7.62],[-38.645,-7.678],[-38.592,-7.691],[-38.588,-7.74],[-38.525,-7.767],[-38.449,-7.736],[-38.418,-7.749],[-38.355,-7.7],[-38.304,-7.782],[-38.302,-7.829],[-38.257,-7.852],[-38.226,-7.811],[-38.168,-7.807],[-38.15,-7.771],[-38.087,-7.82],[-38.057,-7.758],[-37.976,-7.771],[-37.896,-7.687],[-37.793,-7.637],[-37.708,-7.548],[-37.552,-7.477],[-37.436,-7.347],[-37.382,-7.352],[-37.346,-7.298],[-37.253,-7.271],[-37.15,-7.347],[-37.016,-7.401],[-37.016,-7.508],[-37.199,-7.575],[-37.213,-7.646],[-37.168,-7.762],[-37.226,-7.816],[-37.342,-7.999],[-37.213,-7.959],[-37.15,-7.977],[-37.128,-8.164],[-37.061,-8.231],[-36.962,-8.284],[-36.833,-8.226],[-36.784,-8.222],[-36.628,-8.084],[-36.659,-8.012],[-36.57,-7.923],[-36.449,-7.91],[-36.422,-7.825],[-36.338,-7.811],[-36.266,-7.825],[-36.217,-7.78],[-36.168,-7.825],[-36.123,-7.78],[-36.074,-7.825],[-35.967,-7.816],[-35.931,-7.838],[-35.886,-7.732],[-35.837,-7.744],[-35.713,-7.709],[-35.681,-7.713],[-35.556,-7.655],[-35.498,-7.454],[-35.373,-7.459],[-35.27,-7.383],[-35.065,-7.41],[-34.981,-7.512],[-34.859,-7.55],[-34.861,-7.595],[-34.855,-7.634],[-34.873,-7.692],[-34.878,-7.747],[-34.838,-7.867],[-34.846,-7.959],[-34.849,-8.003],[-34.891,-8.092],[-34.967,-8.408],[-35.013,-8.536],[-35.134,-8.843],[-35.153,-8.914],[-35.302,-8.887],[-35.391,-8.883],[-35.471,-8.834],[-35.61,-8.865],[-35.722,-8.919],[-35.802,-8.87],[-35.882,-8.874],[-35.971,-8.905],[-36.016,-8.896],[-36.119,-8.968],[-36.123,-9.017],[-36.239,-9.088],[-36.266,-9.142],[-36.347,-9.2],[-36.44,-9.209],[-36.579,-9.293],[-36.833,-9.262],[-36.905,-9.289],[-36.94,-9.356],[-36.998,-9.307],[-37.181,-9.24],[-37.391,-9.044],[-37.472,-9.003],[-37.52,-8.945],[-37.628,-8.981],[-37.681,-8.977],[-37.748,-8.861],[-37.806,-8.896],[-37.815,-8.977],[-37.967,-9.142],[-38.092,-9.186],[-38.154,-9.267],[-38.221,-9.348],[-38.283,-9.204],[-38.307,-9.102],[-38.294,-9.043],[-38.336,-9.01],[-38.433,-9.004],[-38.482,-8.96],[-38.484,-8.878],[-38.505,-8.835],[-38.544,-8.831],[-38.577,-8.861],[-38.619,-8.896],[-38.668,-8.896],[-38.705,-8.88],[-38.835,-8.8],[-39.098,-8.715],[-39.257,-8.64],[-39.333,-8.566],[-39.442,-8.559],[-39.601,-8.62],[-39.683,-8.683],[-39.688,-8.749],[-39.738,-8.791],[-39.835,-8.809],[-39.885,-8.853],[-39.888,-8.924],[-39.909,-8.98],[-39.949,-9.022],[-40.005,-9.058],[-40.078,-9.088],[-40.212,-9.102],[-40.273,-9.145],[-40.32,-9.293],[-40.413,-9.397],[-40.565,-9.46],[-40.686,-9.472],[-40.744,-9.423],[-40.69,-9.343],[-40.704,-9.218],[-40.851,-9.151],[-40.856,-9.093],[-40.891,-9.035],[-40.891,-8.856],[-40.98,-8.816],[-41.004,-8.781],[-41.101,-8.776],[-41.105,-8.718],[-41.159,-8.709],[-41.324,-8.735],[-41.369,-8.713]]]}},{"type":"Feature","id":"PB","properties":{"id":"PB"},"geometry":{"type":"Polygon","coordinates":[[[-38.699,-7.62],[-38.637,-7.535],[-38.632,-7.459],[-38.583,-7.427],[-38.534,-7.294],[-38.548,-7.236],[-38.601,-7.222],[-38.677,-7.159],[-38.686,-7.03],[-38.73,-7.003],[-38.726,-6.892],[-38.65,-6.838],[-38.619,-6.758],[-38.65,-6.691],[-38.579,-6.481],[-38.525,-6.383],[-38.436,-6.414],[-38.284,-6.503],[-38.239,-6.485],[-38.132,-6.521],[-38.056,-6.445],[-38.003,-6.432],[-37.842,-6.343],[-37.793,-6.294],[-37.757,-6.177],[-37.641,-6.128],[-37.476,-6.084],[-37.423,-6.097],[-37.262,-6.026],[-37.177,-6.053],[-37.177,-6.115],[-37.396,-6.392],[-37.431,-6.517],[-37.507,-6.553],[-37.516,-6.682],[-37.338,-6.7],[-37.271,-6.74],[-37.217,-6.825],[-37.154,-6.785],[-37.043,-6.753],[-36.989,-6.709],[-36.945,-6.749],[-36.793,-6.767],[-36.744,-6.825],[-36.771,-6.932],[-36.713,-6.977],[-36.659,-6.932],[-36.574,-6.928],[-36.503,-6.785],[-36.529,-6.735],[-36.534,-6.637],[-36.445,-6.624],[-36.516,-6.481],[-36.494,-6.378],[-36.382,-6.302],[-36.293,-6.307],[-36.253,-6.414],[-35.927,-6.468],[-35.722,-6.445],[-35.668,-6.427],[-35.467,-6.463],[-35.306,-6.53],[-35.257,-6.508],[-35.047,-6.535],[-34.979,-6.507],[-34.975,-6.517],[-34.964,-6.553],[-34.93,-6.785],[-34.88,-6.908],[-34.876,-7.003],[-34.834,-7.024],[-34.805,-7.288],[-34.817,-7.395],[-34.858,-7.533],[-34.859,-7.55],[-34.981,-7.512],[-35.065,-7.41],[-35.27,-7.383],[-35.373,-7.459],[-35.498,-7.454],[-35.556,-7.655],[-35.681,-7.713],[-35.713,-7.709],[-35.837,-7.744],[-35.886,-7.732],[-35.931,-7.838],[-35.967,-7.816],[-36.074,-7.825],[-36.123,-7.78],[-36.168,-7.825],[-36.217,-7.78],[-36.266,-7.825],[-36.338,-7.811],[-36.422,-7.825],[-36.449,-7.91],[-36.57,-7.923],[-36.659,-8.012],[-36.628,-8.084],[-36.784,-8.222],[-36.833,-8.226],[-36.962,-8.284],[-37.061,-8.231],[-37.128,-8.164],[-37.15,-7.977],[-37.213,-7.959],[-37.342,-7.999],[-37.226,-7.816],[-37.168,-7.762],[-37.213,-7.646],[-37.199,-7.575],[-37.016,-7.508],[-37.016,-7.401],[-37.15,-7.347],[-37.253,-7.271],[-37.346,-7.298],[-37.382,-7.352],[-37.436,-7.347],[-37.552,-7.477],[-37.708,-7.548],[-37.793,-7.637],[-37.896,-7.687],[-37.976,-7.771],[-38.057,-7.758],[-38.087,-7.82],[-38.15,-7.771],[-38.168,-7.807],[-38.226,-7.811],[-38.257,-7.852],[-38.302,-7.829],[-38.304,-7.782],[-38.355,-7.7],[-38.418,-7.749],[-38.449,-7.736],[-38.525,-7.767],[-38.588,-7.74],[-38.592,-7.691],[-38.645,-7.678],[-38.699,-7.62]]]}},{"type":"Feature","id":"SC","properties":{"id":"SC"},"geometry":{"type":"Polygon","coordinates":[[[-53.67,-26.258],[-53.663,-26.258],[-53.516,-26.289],[-53.458,-26.289],[-53.355,-26.24],[-53.28,-26.262],[-53.123,-26.37],[-52.994,-26.352],[-52.913,-26.365],[-52.815,-26.338],[-52.673,-26.378],[-52.641,-26.401],[-52.543,-26.401],[-52.458,-26.432],[-52.199,-26.45],[-52.007,-26.584],[-51.873,-26.602],[-51.503,-26.602],[-51.422,-26.7],[-51.284,-26.651],[-51.239,-26.606],[-51.279,-26.499],[-51.288,-26.423],[-51.248,-26.347],[-51.074,-26.235],[-50.945,-26.244],[-50.9,-26.28],[-50.771,-26.222],[-50.735,-26.231],[-50.646,-26.07],[-50.543,-26.026],[-50.458,-26.026],[-50.369,-26.086],[-50.315,-26.053],[-50.19,-26.053],[-49.949,-26.012],[-49.882,-26.039],[-49.753,-26.124],[-49.722,-26.16],[-49.596,-26.222],[-49.489,-26.222],[-49.454,-26.169],[-49.298,-26.106],[-49.213,-26.03],[-49.11,-25.995],[-48.945,-26.008],[-48.918,-25.976],[-48.65,-25.972],[-48.585,-25.986],[-48.588,-26.004],[-48.614,-26.06],[-48.771,-26.21],[-48.774,-26.296],[-48.714,-26.333],[-48.708,-26.337],[-48.701,-26.348],[-48.666,-26.389],[-48.692,-26.682],[-48.608,-26.944],[-48.593,-27.058],[-48.568,-27.123],[-48.554,-27.196],[-48.596,-27.264],[-48.579,-27.342],[-48.579,-27.346],[-48.604,-27.43],[-48.605,-27.459],[-48.642,-27.558],[-48.615,-27.76],[-48.617,-27.825],[-48.608,-27.864],[-48.615,-27.976],[-48.726,-28.352],[-48.797,-28.443],[-48.799,-28.532],[-48.848,-28.602],[-49.024,-28.699],[-49.056,-28.721],[-49.093,-28.741],[-49.203,-28.824],[-49.271,-28.871],[-49.296,-28.893],[-49.356,-28.938],[-49.437,-29.019],[-49.5,-29.076],[-49.541,-29.123],[-49.577,-29.159],[-49.662,-29.265],[-49.713,-29.325],[-49.815,-29.271],[-49.869,-29.218],[-49.953,-29.195],[-50.079,-29.244],[-50.034,-29.321],[-50.052,-29.356],[-50.168,-29.285],[-50.163,-29.195],[-50.07,-29.093],[-50.007,-29.102],[-49.945,-28.95],[-49.953,-28.793],[-49.847,-28.695],[-49.798,-28.624],[-49.699,-28.597],[-49.708,-28.53],[-49.737,-28.511],[-49.839,-28.465],[-49.938,-28.448],[-50.069,-28.444],[-50.141,-28.453],[-50.155,-28.474],[-50.233,-28.469],[-50.447,-28.422],[-50.577,-28.386],[-50.736,-28.236],[-50.966,-27.959],[-51.117,-27.808],[-51.19,-27.781],[-51.287,-27.716],[-51.406,-27.613],[-51.488,-27.564],[-51.53,-27.569],[-51.582,-27.547],[-51.645,-27.5],[-51.702,-27.488],[-51.753,-27.512],[-51.873,-27.509],[-51.913,-27.473],[-51.984,-27.377],[-52.059,-27.313],[-52.139,-27.283],[-52.192,-27.281],[-52.229,-27.292],[-52.265,-27.277],[-52.304,-27.283],[-52.348,-27.276],[-52.415,-27.236],[-52.511,-27.23],[-52.637,-27.259],[-52.742,-27.246],[-52.826,-27.189],[-52.9,-27.177],[-52.953,-27.179],[-52.994,-27.163],[-53.03,-27.137],[-53.071,-27.142],[-53.103,-27.154],[-53.134,-27.14],[-53.184,-27.15],[-53.227,-27.174],[-53.263,-27.163],[-53.305,-27.098],[-53.348,-27.081],[-53.398,-27.082],[-53.457,-27.103],[-53.49,-27.133],[-53.498,-27.172],[-53.54,-27.198],[-53.616,-27.21],[-53.66,-27.2],[-53.672,-27.169],[-53.718,-27.157],[-53.8,-27.165],[-53.852,-27.156],[-53.861,-27.157],[-53.935,-27.161],[-53.916,-27.159],[-53.838,-27.121],[-53.759,-26.978],[-53.717,-26.883],[-53.727,-26.805],[-53.753,-26.749],[-53.745,-26.667],[-53.718,-26.443],[-53.711,-26.352],[-53.699,-26.333],[-53.669,-26.288],[-53.67,-26.258]]]}},{"type":"Feature","id":"RS","properties":{"id":"RS"},"geometry":{"type":"Polygon","coordinates":[[[-53.935,-27.161],[-53.861,-27.157],[-53.852,-27.156],[-53.8,-27.165],[-53.718,-27.157],[-53.672,-27.169],[-53.66,-27.2],[-53.616,-27.21],[-53.54,-27.198],[-53.498,-27.172],[-53.49,-27.133],[-53.457,-27.103],[-53.398,-27.082],[-53.348,-27.081],[-53.305,-27.098],[-53.263,-27.163],[-53.227,-27.174],[-53.184,-27.15],[-53.134,-27.14],[-53.103,-27.154],[-53.071,-27.142],[-53.03,-27.137],[-52.994,-27.163],[-52.953,-27.179],[-52.9,-27.177],[-52.826,-27.189],[-52.742,-27.246],[-52.637,-27.259],[-52.511,-27.23],[-52.415,-27.236],[-52.348,-27.276],[-52.304,-27.283],[-52.265,-27.277],[-52.229,-27.292],[-52.192,-27.281],[-52.139,-27.283],[-52.059,-27.313],[-51.984,-27.377],[-51.913,-27.473],[-51.873,-27.509],[-51.753,-27.512],[-51.702,-27.488],[-51.645,-27.5],[-51.582,-27.547],[-51.53,-27.569],[-51.488,-27.564],[-51.406,-27.613],[-51.287,-27.716],[-51.19,-27.781],[-51.117,-27.808],[-50.966,-27.959],[-50.736,-28.236],[-50.577,-28.386],[-50.447,-28.422],[-50.233,-28.469],[-50.155,-28.474],[-50.141,-28.453],[-50.069,-28.444],[-49.938,-28.448],[-49.839,-28.465],[-49.737,-28.511],[-49.708,-28.53],[-49.699,-28.597],[-49.798,-28.624],[-49.847,-28.695],[-49.953,-28.793],[-49.945,-28.95],[-50.007,-29.102],[-50.07,-29.093],[-50.163,-29.195],[-50.168,-29.285],[-50.052,-29.356],[-50.034,-29.321],[-50.079,-29.244],[-49.953,-29.195],[-49.869,-29.218],[-49.815,-29.271],[-49.713,-29.325],[-49.746,-29.363],[-49.768,-29.396],[-49.83,-29.474],[-49.938,-29.654],[-49.946,-29.669],[-50.033,-29.801],[-50.053,-29.847],[-50.075,-29.883],[-50.22,-30.238],[-50.242,-30.291],[-50.299,-30.426],[-50.62,-30.898],[-50.748,-31.068],[-50.921,-31.258],[-51.122,-31.452],[-51.165,-31.49],[-51.46,-31.702],[-51.798,-31.9],[-51.92,-31.99],[-52.039,-32.115],[-52.045,-32.105],[-52.057,-32.021],[-52.043,-31.977],[-52.059,-31.913],[-52.061,-31.873],[-51.92,-31.861],[-51.912,-31.858],[-51.893,-31.868],[-51.841,-31.832],[-51.841,-31.831],[-51.702,-31.781],[-51.699,-31.778],[-51.681,-31.775],[-51.599,-31.699],[-51.382,-31.528],[-51.272,-31.477],[-51.174,-31.34],[-51.165,-31.298],[-51.157,-31.29],[-51.014,-31.091],[-50.98,-31.094],[-50.954,-31.052],[-50.962,-31.019],[-50.842,-30.852],[-50.77,-30.813],[-50.689,-30.704],[-50.695,-30.646],[-50.679,-30.625],[-50.569,-30.471],[-50.558,-30.411],[-50.535,-30.278],[-50.573,-30.23],[-50.602,-30.194],[-50.645,-30.2],[-50.659,-30.201],[-50.841,-30.311],[-50.86,-30.323],[-51.027,-30.358],[-51.04,-30.261],[-51.179,-30.211],[-51.234,-30.122],[-51.25,-30.06],[-51.298,-30.035],[-51.295,-30.141],[-51.282,-30.244],[-51.241,-30.284],[-51.276,-30.298],[-51.288,-30.303],[-51.289,-30.339],[-51.299,-30.582],[-51.338,-30.689],[-51.359,-30.674],[-51.37,-30.779],[-51.401,-30.866],[-51.459,-30.913],[-51.485,-30.978],[-51.465,-31.047],[-51.468,-31.055],[-51.584,-31.156],[-51.717,-31.244],[-51.927,-31.339],[-51.972,-31.384],[-51.984,-31.437],[-52.002,-31.448],[-52.137,-31.695],[-52.26,-32.062],[-52.202,-32.144],[-52.163,-32.198],[-52.19,-32.221],[-52.275,-32.324],[-52.342,-32.44],[-52.508,-32.875],[-52.652,-33.138],[-52.763,-33.266],[-52.921,-33.402],[-53.371,-33.742],[-53.398,-33.737],[-53.463,-33.71],[-53.519,-33.677],[-53.53,-33.657],[-53.531,-33.656],[-53.538,-33.623],[-53.533,-33.548],[-53.528,-33.552],[-53.527,-33.553],[-53.508,-33.557],[-53.49,-33.547],[-53.454,-33.532],[-53.438,-33.473],[-53.453,-33.351],[-53.436,-33.235],[-53.409,-33.159],[-53.377,-33.12],[-53.352,-33.095],[-53.326,-33.085],[-53.292,-33.081],[-53.228,-33.055],[-53.173,-32.956],[-53.131,-32.846],[-53.067,-32.808],[-53.015,-32.799],[-52.976,-32.822],[-52.939,-32.861],[-52.895,-32.91],[-52.847,-32.917],[-52.808,-32.907],[-52.773,-32.876],[-52.731,-32.812],[-52.693,-32.757],[-52.659,-32.698],[-52.617,-32.638],[-52.598,-32.585],[-52.592,-32.54],[-52.593,-32.499],[-52.625,-32.454],[-52.653,-32.394],[-52.69,-32.348],[-52.69,-32.237],[-52.701,-32.204],[-52.72,-32.198],[-52.745,-32.217],[-52.779,-32.263],[-52.792,-32.311],[-52.804,-32.348],[-52.81,-32.391],[-52.877,-32.432],[-52.959,-32.468],[-52.991,-32.534],[-53.03,-32.598],[-53.092,-32.62],[-53.139,-32.649],[-53.169,-32.672],[-53.231,-32.626],[-53.313,-32.598],[-53.363,-32.581],[-53.489,-32.503],[-53.602,-32.403],[-53.654,-32.299],[-53.668,-32.265],[-53.701,-32.186],[-53.747,-32.097],[-53.762,-32.057],[-53.806,-32.04],[-53.876,-31.995],[-53.921,-31.952],[-53.985,-31.928],[-54.04,-31.915],[-54.1,-31.902],[-54.221,-31.855],[-54.37,-31.745],[-54.478,-31.623],[-54.531,-31.542],[-54.551,-31.522],[-54.588,-31.485],[-54.896,-31.391],[-55.036,-31.279],[-55.083,-31.309],[-55.091,-31.314],[-55.173,-31.28],[-55.254,-31.226],[-55.279,-31.184],[-55.313,-31.142],[-55.346,-31.093],[-55.353,-31.075],[-55.366,-31.046],[-55.45,-30.964],[-55.557,-30.876],[-55.603,-30.851],[-55.627,-30.858],[-55.65,-30.892],[-55.665,-30.925],[-55.706,-30.947],[-55.708,-30.948],[-55.756,-30.987],[-55.808,-31.037],[-55.874,-31.07],[-55.952,-31.081],[-56.005,-31.079],[-56.016,-31.06],[-56.018,-30.992],[-56.003,-30.872],[-55.999,-30.837],[-56.045,-30.778],[-56.106,-30.714],[-56.176,-30.628],[-56.279,-30.548],[-56.407,-30.448],[-56.721,-30.187],[-56.829,-30.11],[-56.833,-30.107],[-56.837,-30.107],[-56.937,-30.101],[-57.033,-30.11],[-57.12,-30.144],[-57.187,-30.265],[-57.214,-30.283],[-57.249,-30.283],[-57.384,-30.281],[-57.448,-30.273],[-57.552,-30.261],[-57.585,-30.219],[-57.609,-30.188],[-57.564,-30.14],[-57.405,-30.034],[-57.317,-29.939],[-57.313,-29.917],[-57.301,-29.857],[-57.225,-29.782],[-57.089,-29.716],[-56.939,-29.595],[-56.773,-29.418],[-56.671,-29.287],[-56.636,-29.203],[-56.571,-29.138],[-56.544,-29.125],[-56.476,-29.093],[-56.393,-28.997],[-56.335,-28.878],[-56.323,-28.853],[-56.225,-28.737],[-56.148,-28.684],[-56.103,-28.652],[-56.034,-28.581],[-56.03,-28.564],[-56.019,-28.525],[-55.985,-28.489],[-55.943,-28.477],[-55.93,-28.473],[-55.904,-28.443],[-55.904,-28.437],[-55.905,-28.4],[-55.891,-28.37],[-55.859,-28.354],[-55.825,-28.358],[-55.806,-28.36],[-55.732,-28.387],[-55.687,-28.382],[-55.672,-28.345],[-55.692,-28.303],[-55.731,-28.268],[-55.746,-28.256],[-55.725,-28.204],[-55.582,-28.121],[-55.482,-28.091],[-55.477,-28.089],[-55.443,-28.063],[-55.41,-28.038],[-55.346,-27.956],[-55.244,-27.899],[-55.197,-27.888],[-55.101,-27.867],[-55.064,-27.836],[-55.069,-27.797],[-55.069,-27.796],[-55.04,-27.768],[-55.021,-27.763],[-54.956,-27.747],[-54.91,-27.709],[-54.907,-27.682],[-54.903,-27.652],[-54.876,-27.599],[-54.829,-27.551],[-54.777,-27.532],[-54.72,-27.545],[-54.666,-27.526],[-54.615,-27.477],[-54.555,-27.454],[-54.484,-27.457],[-54.448,-27.446],[-54.39,-27.435],[-54.327,-27.423],[-54.278,-27.393],[-54.26,-27.382],[-54.205,-27.29],[-54.156,-27.254],[-54.114,-27.275],[-54.04,-27.244],[-53.935,-27.161]]]}},{"type":"Feature","id":"AB","properties":{"id":"AB"},"geometry":{"type":"Polygon","coordinates":[[[-109.999,48.993],[-110.321,48.993],[-110.748,48.993],[-111.174,48.993],[-111.6,48.993],[-112.027,48.993],[-112.453,48.993],[-112.88,48.993],[-113.306,48.993],[-113.732,48.993],[-114.063,48.993],[-114.058,49.001],[-114.05,49.015],[-114.058,49.038],[-114.133,49.094],[-114.163,49.147],[-114.19,49.168],[-114.355,49.211],[-114.378,49.232],[-114.386,49.252],[-114.426,49.274],[-114.48,49.333],[-114.565,49.394],[-114.588,49.42],[-114.59,49.452],[-114.576,49.519],[-114.577,49.544],[-114.602,49.55],[-114.681,49.556],[-114.717,49.569],[-114.734,49.587],[-114.737,49.604],[-114.686,49.643],[-114.643,49.73],[-114.638,49.797],[-114.685,49.934],[-114.678,49.955],[-114.651,49.985],[-114.652,50.02],[-114.668,50.061],[-114.716,50.129],[-114.789,50.359],[-114.993,50.545],[-115.048,50.577],[-115.091,50.585],[-115.128,50.585],[-115.189,50.557],[-115.206,50.554],[-115.222,50.563],[-115.267,50.594],[-115.305,50.635],[-115.311,50.642],[-115.308,50.656],[-115.298,50.673],[-115.311,50.697],[-115.335,50.72],[-115.346,50.729],[-115.36,50.729],[-115.376,50.727],[-115.386,50.726],[-115.399,50.731],[-115.433,50.756],[-115.634,50.855],[-115.64,50.869],[-115.588,50.909],[-115.596,50.936],[-115.619,50.962],[-115.794,51.07],[-115.94,51.102],[-115.998,51.13],[-116.014,51.151],[-116.035,51.218],[-116.042,51.23],[-116.054,51.237],[-116.135,51.266],[-116.176,51.297],[-116.25,51.323],[-116.279,51.348],[-116.31,51.448],[-116.377,51.497],[-116.411,51.544],[-116.458,51.574],[-116.502,51.615],[-116.567,51.651],[-116.634,51.759],[-116.674,51.791],[-116.718,51.8],[-116.758,51.788],[-116.791,51.771],[-116.808,51.753],[-116.815,51.722],[-116.83,51.715],[-116.913,51.714],[-116.939,51.736],[-117.037,51.886],[-117.077,51.926],[-117.245,52.047],[-117.32,52.156],[-117.348,52.159],[-117.385,52.144],[-117.587,52.142],[-117.751,52.208],[-117.788,52.232],[-117.822,52.272],[-117.735,52.353],[-117.732,52.383],[-117.758,52.395],[-117.883,52.43],[-118.002,52.486],[-118.028,52.466],[-118.044,52.427],[-118.06,52.413],[-118.191,52.384],[-118.221,52.386],[-118.243,52.409],[-118.247,52.441],[-118.225,52.483],[-118.266,52.518],[-118.288,52.562],[-118.35,52.623],[-118.319,52.674],[-118.33,52.709],[-118.358,52.742],[-118.413,52.784],[-118.428,52.835],[-118.477,52.878],[-118.502,52.888],[-118.606,52.895],[-118.631,52.909],[-118.668,52.972],[-118.678,53.026],[-118.732,53.058],[-118.766,53.065],[-118.774,53.122],[-118.804,53.153],[-118.914,53.212],[-118.993,53.236],[-119.016,53.204],[-119.022,53.139],[-119.045,53.144],[-119.261,53.209],[-119.309,53.242],[-119.4,53.353],[-119.435,53.362],[-119.592,53.372],[-119.648,53.363],[-119.68,53.371],[-119.723,53.4],[-119.819,53.491],[-119.855,53.509],[-119.894,53.516],[-119.896,53.567],[-119.921,53.602],[-119.918,53.612],[-119.887,53.615],[-119.743,53.615],[-119.735,53.634],[-119.812,53.699],[-119.885,53.708],[-119.904,53.723],[-119.917,53.77],[-119.973,53.797],[-120.001,53.844],[-120.001,54.229],[-120.001,54.613],[-120.001,54.998],[-120.001,55.383],[-120.001,55.768],[-120.001,56.153],[-120.001,56.538],[-120.001,56.922],[-120.001,57.307],[-120.001,57.692],[-120.0,58.077],[-120.0,58.462],[-120.0,58.847],[-120.0,59.231],[-120.0,59.616],[-120.0,60.001],[-119.375,60.001],[-118.75,60.001],[-118.125,60.001],[-117.5,60.001],[-116.875,60.001],[-116.25,60.001],[-115.625,60.001],[-115.0,60.001],[-114.375,60.001],[-113.75,60.001],[-113.125,60.001],[-112.5,60.001],[-111.875,60.001],[-111.25,60.001],[-110.625,60.001],[-110.0,60.001],[-110.0,59.657],[-110.0,59.313],[-110.0,58.969],[-110.0,58.625],[-110.0,58.281],[-110.0,57.937],[-110.0,57.593],[-110.0,57.249],[-110.0,56.905],[-110.0,56.561],[-110.0,56.217],[-110.0,55.873],[-110.0,55.53],[-110.0,55.186],[-110.0,54.842],[-110.0,54.498],[-110.0,54.154],[-110.0,53.81],[-110.0,53.466],[-110.0,53.122],[-110.0,52.778],[-110.0,52.434],[-110.0,52.09],[-110.0,51.746],[-109.999,51.402],[-109.999,51.058],[-109.999,50.714],[-109.999,50.37],[-109.999,50.026],[-109.999,49.682],[-109.999,49.338],[-109.999,49.001],[-109.999,48.993]]]}},{"type":"Feature","id":"BC","properties":{"id":"BC"},"geometry":{"type":"MultiPolygon","coordinates":[[[[-120.0,60.001],[-120.0,59.616],[-120.0,59.231],[-120.0,58.847],[-120.0,58.462],[-120.0,58.077],[-120.001,57.692],[-120.001,57.307],[-120.001,56.922],[-120.001,56.538],[-120.001,56.153],[-120.001,55.768],[-120.001,55.383],[-120.001,54.998],[-120.001,54.613],[-120.001,54.229],[-120.001,53.844],[-119.973,53.797],[-119.917,53.77],[-119.904,53.723],[-119.885,53.708],[-119.812,53.699],[-119.735,53.634],[-119.743,53.615],[-119.887,53.615],[-119.918,53.612],[-119.921,53.602],[-119.896,53.567],[-119.894,53.516],[-119.855,53.509],[-119.819,53.491],[-119.723,53.4],[-119.68,53.371],[-119.648,53.363],[-119.592,53.372],[-119.435,53.362],[-119.4,53.353],[-119.309,53.242],[-119.261,53.209],[-119.045,53.144],[-119.022,53.139],[-119.016,53.204],[-118.993,53.236],[-118.914,53.212],[-118.804,53.153],[-118.774,53.122],[-118.766,53.065],[-118.732,53.058],[-118.678,53.026],[-118.668,52.972],[-118.631,52.909],[-118.606,52.895],[-118.502,52.888],[-118.477,52.878],[-118.428,52.835],[-118.413,52.784],[-118.358,52.742],[-118.33,52.709],[-118.319,52.674],[-118.35,52.623],[-118.288,52.562],[-118.266,52.518],[-118.225,52.483],[-118.247,52.441],[-118.243,52.409],[-118.221,52.386],[-118.191,52.384],[-118.06,52.413],[-118.044,52.427],[-118.028,52.466],[-118.002,52.486],[-117.883,52.43],[-117.758,52.395],[-117.732,52.383],[-117.735,52.353],[-117.822,52.272],[-117.788,52.232],[-117.751,52.208],[-117.587,52.142],[-117.385,52.144],[-117.348,52.159],[-117.32,52.156],[-117.245,52.047],[-117.077,51.926],[-117.037,51.886],[-116.939,51.736],[-116.913,51.714],[-116.83,51.715],[-116.815,51.722],[-116.808,51.753],[-116.791,51.771],[-116.758,51.788],[-116.718,51.8],[-116.674,51.791],[-116.634,51.759],[-116.567,51.651],[-116.502,51.615],[-116.458,51.574],[-116.411,51.544],[-116.377,51.497],[-116.31,51.448],[-116.279,51.348],[-116.25,51.323],[-116.176,51.297],[-116.135,51.266],[-116.054,51.237],[-116.042,51.23],[-116.035,51.218],[-116.014,51.151],[-115.998,51.13],[-115.94,51.102],[-115.794,51.07],[-115.619,50.962],[-115.596,50.936],[-115.588,50.909],[-115.64,50.869],[-115.634,50.855],[-115.433,50.756],[-115.399,50.731],[-115.386,50.726],[-115.376,50.727],[-115.36,50.729],[-115.346,50.729],[-115.335,50.72],[-115.311,50.697],[-115.298,50.673],[-115.308,50.656],[-115.311,50.642],[-115.305,50.635],[-115.267,50.594],[-115.222,50.563],[-115.206,50.554],[-115.189,50.557],[-115.128,50.585],[-115.091,50.585],[-115.048,50.577],[-114.993,50.545],[-114.789,50.359],[-114.716,50.129],[-114.668,50.061],[-114.652,50.02],[-114.651,49.985],[-114.678,49.955],[-114.685,49.934],[-114.638,49.797],[-114.643,49.73],[-114.686,49.643],[-114.737,49.604],[-114.734,49.587],[-114.717,49.569],[-114.681,49.556],[-114.602,49.55],[-114.577,49.544],[-114.576,49.519],[-114.59,49.452],[-114.588,49.42],[-114.565,49.394],[-114.48,49.333],[-114.426,49.274],[-114.386,49.252],[-114.378,49.232],[-114.355,49.211],[-114.19,49.168],[-114.163,49.147],[-114.133,49.094],[-114.058,49.038],[-114.05,49.015],[-114.058,49.001],[-114.063,48.993],[-114.159,48.993],[-114.585,48.993],[-115.012,48.993],[-115.438,48.993],[-115.864,48.993],[-116.048,48.993],[-116.291,48.993],[-116.717,48.993],[-117.039,48.993],[-117.144,48.993],[-117.57,48.993],[-117.996,48.993],[-118.423,48.993],[-118.849,48.993],[-119.275,48.993],[-119.702,48.993],[-120.128,48.993],[-120.555,48.993],[-120.981,48.993],[-121.407,48.993],[-121.834,48.993],[-122.26,48.993],[-122.687,48.993],[-122.766,48.993],[-122.758,49.002],[-122.798,49.002],[-122.827,49.028],[-122.924,49.075],[-122.963,49.075],[-123.002,49.061],[-123.027,49.038],[-123.045,49.002],[-123.049,49.002],[-123.061,49.002],[-123.089,49.002],[-123.092,49.005],[-123.118,49.056],[-123.11,49.085],[-123.077,49.118],[-123.08,49.131],[-123.15,49.121],[-123.182,49.129],[-123.196,49.148],[-123.191,49.22],[-123.219,49.25],[-123.209,49.256],[-123.167,49.28],[-123.067,49.292],[-122.948,49.293],[-122.913,49.323],[-122.879,49.399],[-122.964,49.329],[-123.016,49.322],[-123.123,49.34],[-123.153,49.445],[-123.204,49.622],[-123.191,49.644],[-123.18,49.673],[-123.188,49.68],[-123.248,49.635],[-123.259,49.637],[-123.356,49.582],[-123.413,49.551],[-123.547,49.401],[-123.859,49.483],[-123.892,49.495],[-123.948,49.535],[-124.029,49.603],[-124.054,49.662],[-124.024,49.711],[-123.993,49.736],[-123.959,49.736],[-123.923,49.717],[-123.847,49.637],[-123.817,49.587],[-123.739,49.594],[-123.613,49.658],[-123.583,49.681],[-123.708,49.657],[-123.763,49.659],[-123.818,49.685],[-123.842,49.707],[-123.869,50.024],[-123.824,50.044],[-123.785,50.088],[-123.788,50.107],[-123.826,50.144],[-123.88,50.174],[-123.934,50.188],[-123.946,50.184],[-123.885,50.124],[-123.905,50.038],[-123.957,49.993],[-123.971,49.97],[-123.972,49.892],[-123.985,49.876],[-124.059,49.854],[-124.142,49.793],[-124.221,49.781],[-124.384,49.777],[-124.413,49.778],[-124.483,49.808],[-124.702,49.958],[-124.728,49.977],[-124.745,50.025],[-124.522,50.398],[-124.955,50.334],[-124.993,50.452],[-125.0,50.475],[-124.937,50.537],[-124.863,50.637],[-124.854,50.669],[-124.856,50.688],[-124.848,50.697],[-124.829,50.761],[-124.79,50.886],[-124.81,50.914],[-124.822,50.931],[-124.832,50.932],[-124.852,50.932],[-124.952,50.833],[-124.953,50.789],[-124.953,50.775],[-124.948,50.768],[-124.949,50.765],[-124.931,50.718],[-124.943,50.666],[-124.985,50.592],[-125.059,50.514],[-125.21,50.476],[-125.476,50.497],[-125.507,50.507],[-125.526,50.534],[-125.54,50.649],[-125.556,50.635],[-125.586,50.574],[-125.61,50.486],[-125.611,50.485],[-125.748,50.485],[-125.772,50.508],[-125.84,50.511],[-125.965,50.487],[-126.024,50.497],[-126.094,50.498],[-126.236,50.523],[-126.279,50.525],[-125.985,50.608],[-125.739,50.679],[-125.612,50.765],[-125.604,50.778],[-125.507,50.93],[-125.543,51.057],[-125.591,51.089],[-125.626,51.088],[-125.641,51.088],[-125.631,51.071],[-125.558,50.953],[-125.716,50.738],[-125.776,50.706],[-125.901,50.695],[-125.904,50.705],[-125.981,50.711],[-126.184,50.688],[-126.191,50.712],[-126.152,50.738],[-126.078,50.785],[-126.112,50.805],[-126.19,50.85],[-126.504,50.911],[-126.485,50.961],[-126.517,51.057],[-126.563,50.965],[-126.609,50.932],[-126.798,50.968],[-126.959,50.894],[-126.954,50.894],[-126.96,50.894],[-127.014,50.867],[-127.058,50.868],[-127.268,50.916],[-127.271,50.917],[-127.294,50.967],[-127.324,51.033],[-127.077,51.049],[-126.774,51.068],[-126.788,51.071],[-126.854,51.084],[-127.09,51.066],[-127.334,51.048],[-127.545,51.121],[-127.22,51.125],[-127.355,51.195],[-127.373,51.19],[-127.573,51.135],[-127.59,51.229],[-127.597,51.267],[-127.503,51.269],[-127.432,51.271],[-127.247,51.312],[-127.081,51.349],[-127.109,51.361],[-127.13,51.37],[-127.195,51.324],[-127.329,51.3],[-127.521,51.333],[-127.569,51.341],[-127.584,51.363],[-127.63,51.43],[-127.42,51.608],[-127.347,51.642],[-127.28,51.654],[-126.968,51.67],[-126.932,51.673],[-126.725,51.671],[-126.914,51.675],[-126.735,51.693],[-126.692,51.703],[-127.034,51.717],[-127.339,51.707],[-127.419,51.685],[-127.491,51.687],[-127.698,51.537],[-127.743,51.572],[-127.838,51.645],[-127.851,51.673],[-127.869,51.775],[-127.863,51.821],[-127.83,51.879],[-127.775,51.941],[-127.754,51.949],[-127.376,52.224],[-127.314,52.248],[-127.152,52.311],[-127.008,52.291],[-126.959,52.254],[-126.9,52.188],[-126.827,52.125],[-126.826,52.125],[-126.666,51.963],[-126.67,51.998],[-126.674,52.038],[-126.745,52.103],[-126.753,52.112],[-126.784,52.138],[-126.897,52.239],[-126.901,52.265],[-126.938,52.309],[-126.997,52.328],[-127.201,52.511],[-127.187,52.538],[-126.995,52.658],[-126.951,52.721],[-126.951,52.751],[-126.967,52.785],[-127.008,52.843],[-127.019,52.842],[-127.007,52.755],[-127.013,52.72],[-127.035,52.682],[-127.066,52.653],[-127.107,52.633],[-127.343,52.476],[-127.612,52.335],[-127.714,52.319],[-127.792,52.289],[-127.834,52.251],[-127.859,52.215],[-128.036,52.472],[-128.021,52.491],[-127.94,52.545],[-127.943,52.551],[-128.033,52.532],[-128.1,52.554],[-128.18,52.411],[-128.184,52.408],[-128.241,52.368],[-128.272,52.363],[-128.274,52.404],[-128.118,52.772],[-128.127,52.818],[-128.109,52.858],[-128.053,52.911],[-128.106,52.907],[-128.245,52.863],[-128.312,52.88],[-128.463,52.918],[-128.525,53.141],[-128.652,53.244],[-128.868,53.328],[-128.891,53.332],[-128.921,53.444],[-128.551,53.41],[-128.521,53.417],[-128.479,53.41],[-128.368,53.456],[-128.353,53.46],[-128.291,53.458],[-128.133,53.418],[-128.079,53.369],[-127.928,53.275],[-127.932,53.284],[-127.869,53.238],[-127.938,53.3],[-127.95,53.33],[-128.054,53.403],[-128.079,53.425],[-128.096,53.432],[-128.115,53.446],[-128.207,53.483],[-128.284,53.487],[-128.34,53.494],[-128.353,53.49],[-128.369,53.49],[-128.47,53.471],[-128.512,53.477],[-128.6,53.506],[-128.675,53.555],[-128.751,53.661],[-128.768,53.71],[-128.764,53.747],[-128.746,53.78],[-128.715,53.81],[-128.653,53.832],[-128.56,53.845],[-128.532,53.858],[-128.651,53.919],[-128.705,53.919],[-128.726,53.909],[-128.742,53.92],[-128.906,53.827],[-128.928,53.823],[-128.944,53.84],[-128.96,53.841],[-129.014,53.797],[-129.056,53.778],[-129.169,53.677],[-129.226,53.644],[-129.264,53.622],[-129.272,53.502],[-129.279,53.398],[-129.284,53.393],[-129.334,53.38],[-129.431,53.438],[-129.646,53.567],[-129.604,53.536],[-129.53,53.483],[-129.473,53.366],[-129.477,53.333],[-129.564,53.252],[-129.687,53.333],[-129.822,53.413],[-129.871,53.488],[-129.884,53.548],[-129.891,53.583],[-129.952,53.579],[-130.046,53.631],[-130.244,53.787],[-130.274,53.811],[-130.233,53.867],[-130.183,53.904],[-129.876,53.74],[-129.794,53.677],[-129.723,53.622],[-129.647,53.567],[-129.907,53.764],[-130.041,53.865],[-130.041,53.865],[-130.055,54.118],[-130.043,54.134],[-129.791,54.166],[-129.626,54.23],[-129.795,54.236],[-129.898,54.226],[-130.084,54.181],[-130.098,54.187],[-130.124,54.216],[-130.258,54.363],[-130.362,54.325],[-130.397,54.352],[-130.43,54.421],[-130.393,54.48],[-130.389,54.539],[-130.378,54.584],[-130.185,54.706],[-130.176,54.72],[-129.993,54.975],[-129.708,54.98],[-129.66,54.981],[-129.448,55.06],[-129.257,55.185],[-129.317,55.184],[-129.331,55.179],[-129.358,55.17],[-129.545,55.049],[-129.563,55.037],[-129.696,54.988],[-129.812,54.986],[-129.928,54.984],[-129.938,54.987],[-130.003,55.01],[-130.002,55.011],[-129.998,55.021],[-129.948,55.081],[-129.89,55.165],[-129.781,55.28],[-129.607,55.424],[-129.558,55.437],[-129.582,55.445],[-129.561,55.463],[-129.611,55.455],[-129.771,55.509],[-129.795,55.56],[-129.812,55.533],[-129.816,55.418],[-129.838,55.319],[-129.877,55.251],[-129.985,55.111],[-130.049,55.057],[-130.092,55.108],[-130.059,55.195],[-129.996,55.264],[-129.985,55.359],[-130.044,55.472],[-130.08,55.563],[-130.093,55.632],[-130.095,55.695],[-130.085,55.752],[-130.065,55.802],[-130.051,55.83],[-130.02,55.881],[-130.023,55.884],[-130.009,55.912],[-130.024,55.897],[-130.014,55.95],[-130.023,56.014],[-130.056,56.065],[-130.098,56.109],[-130.215,56.083],[-130.413,56.123],[-130.477,56.231],[-130.649,56.264],[-130.74,56.339],[-130.742,56.341],[-130.753,56.343],[-130.93,56.379],[-131.083,56.405],[-131.199,56.449],[-131.336,56.501],[-131.391,56.524],[-131.472,56.557],[-131.575,56.599],[-131.652,56.596],[-131.732,56.593],[-131.824,56.59],[-131.83,56.651],[-131.833,56.685],[-131.886,56.742],[-131.866,56.793],[-131.963,56.819],[-132.036,56.838],[-132.104,56.857],[-132.084,56.904],[-132.063,56.953],[-132.031,57.027],[-132.157,57.048],[-132.175,57.051],[-132.338,57.079],[-132.279,57.145],[-132.264,57.163],[-132.232,57.199],[-132.302,57.276],[-132.443,57.407],[-132.515,57.469],[-132.551,57.5],[-132.692,57.645],[-132.811,57.768],[-132.815,57.773],[-132.917,57.877],[-132.93,57.889],[-133.001,57.949],[-133.12,58.078],[-133.275,58.223],[-133.422,58.337],[-133.401,58.411],[-133.546,58.504],[-133.588,58.534],[-133.674,58.597],[-133.821,58.705],[-133.925,58.743],[-133.966,58.758],[-134.069,58.796],[-134.218,58.85],[-134.297,58.898],[-134.33,58.94],[-134.363,58.969],[-134.393,59.009],[-134.405,59.04],[-134.41,59.056],[-134.441,59.085],[-134.536,59.122],[-134.622,59.155],[-134.677,59.199],[-134.802,59.25],[-134.907,59.271],[-134.944,59.288],[-135.071,59.441],[-135.051,59.496],[-135.037,59.551],[-135.051,59.578],[-135.051,59.579],[-135.053,59.58],[-135.222,59.674],[-135.261,59.695],[-135.343,59.732],[-135.368,59.743],[-135.476,59.793],[-135.703,59.729],[-135.935,59.663],[-136.097,59.638],[-136.175,59.627],[-136.322,59.605],[-136.31,59.594],[-136.247,59.533],[-136.278,59.48],[-136.348,59.456],[-136.366,59.456],[-136.466,59.459],[-136.467,59.288],[-136.467,59.28],[-136.579,59.152],[-136.67,59.151],[-136.813,59.15],[-136.939,59.106],[-137.114,59.045],[-137.126,59.041],[-137.278,58.988],[-137.439,58.903],[-137.521,58.915],[-137.484,58.991],[-137.49,59.004],[-137.544,59.119],[-137.593,59.226],[-137.602,59.231],[-137.697,59.281],[-137.871,59.374],[-138.001,59.443],[-138.187,59.542],[-138.318,59.611],[-138.454,59.683],[-138.632,59.778],[-138.672,59.844],[-138.705,59.901],[-138.869,59.946],[-139.042,59.993],[-139.043,59.993],[-139.056,60.002],[-138.096,60.001],[-137.144,60.001],[-136.192,60.001],[-135.24,60.001],[-134.289,60.001],[-133.337,60.001],[-132.385,60.001],[-131.433,60.001],[-130.482,60.001],[-129.53,60.001],[-128.578,60.001],[-127.626,60.001],[-126.675,60.001],[-125.723,60.001],[-124.771,60.001],[-123.819,60.001],[-123.342,60.001],[-122.864,60.001],[-122.387,60.001],[-121.91,60.001],[-121.432,60.001],[-120.955,60.001],[-120.478,60.001],[-120.0,60.001]]],[[[-123.877,50.117],[-123.863,50.103],[-123.866,50.072],[-123.873,50.066],[-123.877,50.117]]],[[[-127.296,52.27],[-127.438,52.241],[-127.536,52.189],[-127.623,52.143],[-127.735,51.965],[-127.757,51.961],[-127.728,51.993],[-127.859,51.99],[-127.844,52.086],[-127.795,52.191],[-127.673,52.253],[-127.55,52.298],[-127.438,52.356],[-127.242,52.395],[-127.206,52.351],[-127.296,52.27]]],[[[-130.217,55.047],[-130.218,55.06],[-130.172,55.137],[-130.096,55.227],[-130.093,55.199],[-130.211,55.055],[-130.217,55.047]]],[[[-130.088,55.236],[-130.037,55.298],[-130.039,55.344],[-130.059,55.412],[-130.104,55.495],[-130.105,55.51],[-130.11,55.58],[-130.069,55.483],[-130.038,55.416],[-130.022,55.372],[-130.015,55.332],[-130.018,55.285],[-130.064,55.226],[-130.086,55.197],[-130.088,55.236]]],[[[-130.13,55.554],[-130.14,55.585],[-130.146,55.655],[-130.143,55.678],[-130.13,55.554]]],[[[-130.3,54.956],[-130.274,54.977],[-130.283,54.967],[-130.3,54.956]]],[[[-132.622,53.686],[-132.495,53.617],[-132.448,53.592],[-132.216,53.682],[-132.187,53.685],[-132.179,53.696],[-132.146,53.708],[-132.109,53.809],[-132.028,54.028],[-131.994,54.04],[-131.941,54.042],[-131.82,54.077],[-131.701,54.141],[-131.694,54.143],[-131.675,54.142],[-131.703,54.066],[-131.759,53.917],[-131.821,53.842],[-131.889,53.714],[-131.922,53.588],[-131.926,53.475],[-132.18,53.227],[-132.347,53.189],[-132.521,53.194],[-132.647,53.251],[-132.742,53.316],[-132.693,53.368],[-132.67,53.369],[-132.602,53.365],[-132.546,53.359],[-132.508,53.35],[-132.504,53.347],[-132.432,53.303],[-132.418,53.338],[-132.429,53.345],[-132.431,53.35],[-132.453,53.36],[-132.489,53.383],[-132.537,53.413],[-132.618,53.435],[-132.67,53.459],[-132.784,53.491],[-132.899,53.598],[-132.9,53.605],[-132.913,53.629],[-133.052,53.778],[-133.079,53.837],[-133.098,53.92],[-133.098,54.006],[-133.073,54.107],[-133.059,54.149],[-133.048,54.159],[-132.992,54.158],[-132.893,54.141],[-132.861,54.139],[-132.806,54.126],[-132.647,54.122],[-132.564,54.069],[-132.345,54.106],[-132.303,54.099],[-132.262,54.076],[-132.216,54.028],[-132.166,53.955],[-132.155,53.875],[-132.175,53.846],[-132.215,53.815],[-132.463,53.725],[-132.622,53.686]]],[[[-132.099,53.885],[-132.114,53.848],[-132.129,53.839],[-132.114,53.86],[-132.111,53.9],[-132.113,53.911],[-132.099,53.885]]],[[[-130.29,53.439],[-130.378,53.508],[-130.433,53.514],[-130.464,53.517],[-130.511,53.541],[-130.516,53.546],[-130.452,53.631],[-130.448,53.631],[-130.198,53.53],[-129.983,53.444],[-129.803,53.284],[-129.768,53.223],[-129.767,53.221],[-129.769,53.217],[-129.845,53.17],[-129.945,53.192],[-129.957,53.194],[-130.151,53.346],[-130.192,53.362],[-130.29,53.439]]],[[[-128.609,52.656],[-128.625,52.61],[-128.717,52.606],[-128.72,52.606],[-128.746,52.696],[-128.752,52.717],[-128.746,52.763],[-128.75,52.761],[-128.707,52.859],[-128.691,52.872],[-128.656,52.9],[-128.652,52.938],[-128.651,52.958],[-128.659,52.971],[-128.66,52.972],[-128.684,52.961],[-128.688,52.96],[-128.797,52.719],[-128.824,52.688],[-128.834,52.679],[-128.9,52.674],[-129.023,52.756],[-129.085,52.822],[-129.095,52.892],[-129.122,52.916],[-129.069,53.198],[-128.967,53.196],[-128.772,53.192],[-128.74,53.179],[-128.633,53.112],[-128.552,52.94],[-128.539,52.85],[-128.609,52.656]]],[[[-131.647,53.034],[-131.804,53.066],[-131.989,53.053],[-132.007,53.044],[-132.013,53.041],[-131.975,52.974],[-131.934,52.9],[-131.972,52.88],[-131.909,52.868],[-131.703,52.616],[-131.601,52.528],[-131.335,52.3],[-131.129,52.254],[-131.116,52.219],[-131.216,52.157],[-131.228,52.156],[-131.422,52.238],[-131.511,52.322],[-131.562,52.4],[-131.624,52.444],[-131.81,52.542],[-131.904,52.612],[-132.097,52.768],[-132.218,52.843],[-132.238,52.867],[-132.26,52.907],[-132.258,52.934],[-132.232,52.947],[-132.072,52.965],[-132.094,52.982],[-132.108,52.993],[-132.144,52.997],[-132.144,52.999],[-132.401,53.057],[-132.386,53.1],[-132.11,53.146],[-131.883,53.231],[-131.866,53.23],[-131.813,53.206],[-131.771,53.187],[-131.734,53.16],[-131.659,53.107],[-131.646,53.086],[-131.626,53.03],[-131.647,53.034]]],[[[-132.211,53.146],[-132.305,53.141],[-132.183,53.157],[-132.211,53.146]]],[[[-125.609,50.342],[-125.379,50.196],[-125.375,50.191],[-125.314,50.107],[-125.233,50.012],[-125.218,49.997],[-125.084,49.832],[-124.8,49.48],[-124.573,49.38],[-124.393,49.346],[-124.283,49.326],[-124.186,49.301],[-124.149,49.286],[-123.969,49.199],[-123.937,49.171],[-123.923,49.162],[-123.801,49.047],[-123.752,48.951],[-123.626,48.824],[-123.497,48.582],[-123.473,48.602],[-123.467,48.628],[-123.4,48.64],[-123.316,48.494],[-123.386,48.423],[-123.398,48.418],[-123.446,48.427],[-123.485,48.4],[-123.512,48.371],[-123.526,48.365],[-123.6,48.334],[-123.917,48.387],[-123.939,48.392],[-124.011,48.412],[-124.244,48.475],[-124.376,48.515],[-124.69,48.597],[-124.781,48.626],[-125.123,48.766],[-125.14,48.803],[-125.136,48.822],[-124.935,48.956],[-124.85,49.028],[-124.817,49.083],[-124.8,49.142],[-124.813,49.213],[-124.821,49.207],[-124.839,49.139],[-124.868,49.079],[-124.904,49.031],[-124.928,49.014],[-124.969,49.01],[-125.127,49.008],[-125.365,49.004],[-125.475,48.937],[-125.489,48.934],[-125.543,48.953],[-125.66,49.029],[-125.822,49.089],[-125.825,49.095],[-125.812,49.107],[-125.79,49.114],[-125.739,49.11],[-125.704,49.139],[-125.702,49.139],[-125.644,49.186],[-125.645,49.187],[-125.605,49.22],[-125.779,49.245],[-125.797,49.26],[-125.835,49.277],[-125.887,49.26],[-125.919,49.265],[-125.927,49.271],[-125.974,49.308],[-125.938,49.38],[-125.936,49.401],[-126.006,49.374],[-126.015,49.418],[-126.024,49.457],[-126.204,49.428],[-126.244,49.443],[-126.27,49.432],[-126.273,49.417],[-126.345,49.406],[-126.419,49.449],[-126.445,49.451],[-126.5,49.4],[-126.519,49.397],[-126.549,49.419],[-126.56,49.516],[-126.551,49.584],[-126.542,49.59],[-126.443,49.619],[-126.158,49.65],[-126.151,49.657],[-126.122,49.66],[-126.144,49.663],[-126.134,49.672],[-126.184,49.67],[-126.36,49.698],[-126.452,49.712],[-126.463,49.72],[-126.496,49.72],[-126.667,49.857],[-126.683,49.877],[-126.745,49.905],[-126.804,49.915],[-126.805,49.915],[-126.806,49.915],[-126.849,49.923],[-126.903,49.944],[-126.926,49.935],[-126.948,49.903],[-126.977,49.883],[-127.049,49.872],[-127.114,49.88],[-127.166,49.91],[-127.196,49.949],[-127.207,49.989],[-127.201,49.993],[-127.153,50.023],[-127.139,50.063],[-127.125,50.104],[-127.201,50.107],[-127.216,50.122],[-127.25,50.138],[-127.268,50.129],[-127.27,50.111],[-127.421,50.118],[-127.43,50.131],[-127.467,50.163],[-127.675,50.163],[-127.719,50.144],[-127.831,50.231],[-127.839,50.293],[-127.851,50.314],[-127.947,50.326],[-127.963,50.346],[-127.909,50.44],[-127.688,50.472],[-127.639,50.479],[-127.578,50.465],[-127.486,50.405],[-127.489,50.427],[-127.524,50.496],[-127.529,50.537],[-127.466,50.583],[-127.526,50.597],[-127.746,50.607],[-127.916,50.625],[-127.771,50.595],[-127.751,50.591],[-127.75,50.578],[-127.731,50.536],[-127.865,50.499],[-127.964,50.493],[-128.058,50.498],[-128.135,50.52],[-128.268,50.609],[-128.35,50.697],[-128.346,50.744],[-128.301,50.794],[-128.257,50.819],[-128.15,50.848],[-128.101,50.858],[-127.918,50.861],[-127.713,50.821],[-127.383,50.705],[-127.352,50.676],[-126.974,50.566],[-126.807,50.532],[-126.632,50.496],[-125.96,50.396],[-125.862,50.385],[-125.839,50.381],[-125.64,50.361],[-125.609,50.342]]],[[[-126.888,49.78],[-126.848,49.795],[-126.863,49.814],[-126.887,49.845],[-126.822,49.871],[-126.738,49.844],[-126.698,49.808],[-126.65,49.746],[-126.638,49.708],[-126.628,49.664],[-126.626,49.627],[-126.641,49.606],[-126.68,49.601],[-126.743,49.613],[-126.814,49.642],[-126.938,49.718],[-126.951,49.736],[-126.94,49.75],[-126.905,49.763],[-126.9,49.775],[-126.888,49.78]]]]}},{"type":"Feature","id":"MB","properties":{"id":"MB"},"geometry":{"type":"Polygon","coordinates":[[[-88.949,56.851],[-89.205,56.695],[-89.464,56.535],[-89.722,56.376],[-89.98,56.216],[-90.33,55.991],[-90.68,55.767],[-91.029,55.542],[-91.378,55.317],[-91.684,55.108],[-91.989,54.899],[-92.295,54.69],[-92.6,54.481],[-92.855,54.298],[-93.11,54.114],[-93.365,53.931],[-93.62,53.748],[-94.003,53.517],[-94.387,53.285],[-94.77,53.054],[-95.154,52.822],[-95.155,52.391],[-95.156,51.96],[-95.157,51.528],[-95.158,51.097],[-95.158,50.665],[-95.159,50.234],[-95.161,49.802],[-95.155,49.37],[-95.158,49.203],[-95.162,48.999],[-95.162,48.992],[-95.398,48.993],[-95.824,48.993],[-96.251,48.993],[-96.677,48.993],[-97.103,48.993],[-97.226,48.993],[-97.53,48.993],[-97.956,48.993],[-98.383,48.993],[-98.809,48.993],[-99.235,48.993],[-99.662,48.993],[-100.088,48.993],[-100.514,48.993],[-100.941,48.993],[-101.367,48.993],[-101.368,49.0],[-101.404,49.421],[-101.444,49.847],[-101.484,50.273],[-101.524,50.7],[-101.563,51.126],[-101.603,51.553],[-101.643,51.979],[-101.683,52.406],[-101.723,52.832],[-101.762,53.259],[-101.802,53.685],[-101.842,54.112],[-101.882,54.538],[-101.921,54.965],[-101.961,55.391],[-102.001,55.817],[-102.001,56.079],[-102.001,56.34],[-102.001,56.602],[-102.001,56.863],[-102.001,57.125],[-102.001,57.386],[-102.001,57.648],[-102.001,57.909],[-102.001,58.171],[-102.002,58.432],[-102.002,58.694],[-102.002,58.955],[-102.002,59.217],[-102.002,59.478],[-102.002,59.74],[-102.002,60.001],[-101.552,60.001],[-101.102,60.001],[-100.652,60.001],[-100.202,60.001],[-99.752,60.001],[-99.302,60.001],[-98.852,60.001],[-98.402,60.001],[-97.952,60.001],[-97.502,60.001],[-97.052,60.001],[-96.603,60.001],[-96.153,60.001],[-95.703,60.001],[-95.253,60.001],[-94.798,60.002],[-94.807,59.959],[-94.819,59.904],[-94.814,59.56],[-94.777,59.506],[-94.777,59.478],[-94.787,59.285],[-94.95,59.087],[-95.02,59.062],[-95.029,59.059],[-95.009,59.042],[-94.842,59.018],[-94.726,58.934],[-94.713,58.903],[-94.673,58.87],[-94.643,58.874],[-94.483,58.757],[-94.374,58.734],[-94.332,58.726],[-94.331,58.726],[-94.287,58.716],[-94.281,58.659],[-94.333,58.339],[-94.332,58.297],[-94.272,58.378],[-94.209,58.626],[-94.123,58.737],[-94.075,58.753],[-93.984,58.763],[-93.78,58.773],[-93.486,58.744],[-93.375,58.741],[-93.311,58.751],[-93.132,58.587],[-93.131,58.585],[-93.127,58.564],[-93.1,58.49],[-93.07,58.443],[-92.976,58.228],[-92.805,57.832],[-92.762,57.808],[-92.72,57.784],[-92.58,57.6],[-92.49,57.469],[-92.449,57.385],[-92.434,57.327],[-92.444,57.267],[-92.46,57.238],[-92.527,57.15],[-92.597,57.058],[-92.597,57.058],[-92.614,57.039],[-92.675,56.99],[-92.738,56.953],[-92.803,56.928],[-92.798,56.922],[-92.725,56.934],[-92.651,56.958],[-92.51,57.022],[-92.456,57.037],[-92.303,57.046],[-92.298,57.023],[-92.372,56.975],[-92.356,56.971],[-92.249,57.009],[-92.018,57.064],[-91.111,57.241],[-90.932,57.254],[-90.806,57.241],[-90.586,57.218],[-89.957,57.003],[-89.286,56.902],[-89.212,56.884],[-88.961,56.853],[-88.949,56.851]]]}},{"type":"Feature","id":"NB","properties":{"id":"NB"},"geometry":{"type":"Polygon","coordinates":[[[-64.031,46.013],[-64.051,45.978],[-64.159,45.965],[-64.216,45.901],[-64.273,45.85],[-64.315,45.836],[-64.404,45.827],[-64.432,45.819],[-64.51,45.837],[-64.536,45.867],[-64.633,45.947],[-64.642,45.913],[-64.594,45.814],[-64.621,45.787],[-64.759,45.7],[-64.873,45.629],[-64.898,45.626],[-65.057,45.544],[-65.282,45.473],[-65.525,45.347],[-65.585,45.324],[-65.885,45.223],[-65.955,45.222],[-66.11,45.317],[-66.067,45.359],[-66.027,45.418],[-66.065,45.401],[-66.09,45.376],[-66.183,45.335],[-66.107,45.257],[-66.144,45.228],[-66.251,45.189],[-66.335,45.142],[-66.475,45.12],[-66.477,45.12],[-66.511,45.143],[-66.584,45.121],[-66.875,45.123],[-66.918,45.143],[-66.919,45.146],[-66.928,45.148],[-66.969,45.166],[-67.01,45.159],[-67.04,45.154],[-67.044,45.149],[-67.084,45.144],[-67.125,45.17],[-67.171,45.182],[-67.213,45.193],[-67.25,45.201],[-67.271,45.187],[-67.291,45.168],[-67.304,45.16],[-67.315,45.154],[-67.367,45.174],[-67.4,45.21],[-67.453,45.248],[-67.473,45.276],[-67.471,45.281],[-67.462,45.309],[-67.439,45.34],[-67.428,45.378],[-67.454,45.421],[-67.477,45.446],[-67.488,45.465],[-67.494,45.474],[-67.489,45.496],[-67.488,45.501],[-67.455,45.514],[-67.424,45.53],[-67.414,45.566],[-67.433,45.603],[-67.45,45.608],[-67.461,45.642],[-67.48,45.683],[-67.533,45.643],[-67.564,45.64],[-67.6,45.637],[-67.708,45.692],[-67.787,45.759],[-67.801,45.755],[-67.8,45.767],[-67.8,45.77],[-67.792,45.796],[-67.775,45.818],[-67.774,45.842],[-67.781,45.86],[-67.782,45.874],[-67.777,45.892],[-67.767,45.927],[-67.785,45.953],[-67.786,46.042],[-67.787,46.06],[-67.79,46.209],[-67.793,46.337],[-67.796,46.498],[-67.798,46.616],[-67.8,46.78],[-67.803,46.936],[-67.807,47.078],[-67.807,47.083],[-67.935,47.168],[-68.097,47.275],[-68.117,47.285],[-68.233,47.345],[-68.235,47.346],[-68.241,47.347],[-68.31,47.354],[-68.311,47.354],[-68.358,47.345],[-68.361,47.339],[-68.377,47.316],[-68.481,47.286],[-68.645,47.257],[-68.668,47.253],[-68.779,47.219],[-68.829,47.203],[-68.833,47.203],[-68.887,47.203],[-68.937,47.211],[-69.003,47.236],[-69.049,47.274],[-69.05,47.279],[-69.054,47.295],[-69.049,47.296],[-68.628,47.421],[-68.496,47.48],[-68.43,47.528],[-68.394,47.563],[-68.379,47.589],[-68.379,47.692],[-68.379,47.765],[-68.378,47.838],[-68.378,47.929],[-68.253,47.929],[-68.114,47.929],[-68.114,47.999],[-68.023,47.999],[-67.914,47.999],[-67.739,47.999],[-67.613,47.999],[-67.609,47.969],[-67.579,47.94],[-67.365,47.855],[-67.307,47.887],[-67.187,47.894],[-67.057,47.919],[-66.952,47.899],[-66.925,47.964],[-66.843,47.998],[-66.709,48.022],[-66.722,48.018],[-66.735,47.991],[-66.276,47.989],[-65.954,47.915],[-65.861,47.86],[-65.718,47.774],[-65.686,47.713],[-65.655,47.651],[-65.619,47.634],[-65.487,47.687],[-65.484,47.687],[-65.478,47.69],[-65.408,47.719],[-65.155,47.821],[-65.016,47.829],[-65.046,47.793],[-64.888,47.797],[-64.814,47.772],[-64.783,47.759],[-64.731,47.702],[-64.766,47.674],[-64.852,47.57],[-64.904,47.397],[-64.906,47.393],[-64.962,47.33],[-65.077,47.241],[-65.234,47.153],[-65.321,47.105],[-65.317,47.102],[-65.319,47.101],[-65.26,47.069],[-65.245,47.065],[-65.231,47.058],[-65.215,47.049],[-65.196,47.051],[-65.192,47.05],[-65.184,47.052],[-64.952,47.074],[-64.904,46.89],[-64.906,46.888],[-64.898,46.866],[-64.865,46.737],[-64.681,46.447],[-64.645,46.391],[-64.648,46.356],[-64.611,46.338],[-64.541,46.228],[-64.253,46.204],[-64.152,46.196],[-64.145,46.193],[-63.916,46.166],[-63.916,46.166],[-63.873,46.146],[-63.832,46.107],[-63.976,46.052],[-63.987,46.052],[-64.003,46.053],[-64.005,46.041],[-64.056,46.021],[-64.031,46.013]]]}},{"type":"Feature","id":"NL","properties":{"id":"NL"},"geometry":{"type":"MultiPolygon","coordinates":[[[[-57.1,51.478],[-57.101,51.711],[-57.101,52.001],[-57.508,52.001],[-57.914,52.001],[-58.321,52.001],[-58.727,52.001],[-59.134,52.001],[-59.541,52.001],[-59.947,52.001],[-60.354,52.001],[-60.76,52.001],[-61.167,52.001],[-61.574,52.001],[-61.98,52.001],[-62.387,52.001],[-62.793,52.001],[-63.2,52.001],[-63.606,52.001],[-63.757,52.01],[-63.783,52.02],[-63.792,52.044],[-63.785,52.051],[-63.704,52.048],[-63.664,52.06],[-63.668,52.094],[-63.684,52.138],[-63.766,52.298],[-63.884,52.345],[-63.936,52.381],[-63.943,52.418],[-63.951,52.429],[-64.062,52.458],[-64.066,52.466],[-64.059,52.485],[-64.018,52.526],[-63.955,52.566],[-63.898,52.589],[-63.811,52.611],[-63.523,52.649],[-63.423,52.67],[-63.41,52.689],[-63.55,52.774],[-63.564,52.797],[-63.567,52.826],[-63.549,52.94],[-63.555,52.964],[-63.606,53.035],[-63.672,53.101],[-63.722,53.109],[-63.799,53.104],[-63.905,53.077],[-63.918,53.066],[-63.973,52.895],[-64.008,52.878],[-64.139,52.854],[-64.179,52.815],[-64.187,52.626],[-64.184,52.554],[-64.103,52.378],[-64.131,52.187],[-64.159,52.148],[-64.26,52.099],[-64.271,52.083],[-64.321,51.93],[-64.334,51.842],[-64.326,51.811],[-64.289,51.769],[-64.29,51.729],[-64.506,51.609],[-64.598,51.6],[-64.697,51.72],[-64.702,51.745],[-64.693,51.763],[-64.639,51.791],[-64.627,51.825],[-64.658,51.849],[-64.765,51.905],[-64.932,52.055],[-65.036,52.114],[-65.137,52.155],[-65.268,52.185],[-65.398,52.203],[-65.452,52.203],[-65.474,52.196],[-65.552,52.094],[-65.589,52.073],[-65.631,52.073],[-65.691,52.094],[-65.781,52.104],[-65.806,52.064],[-65.827,52.052],[-65.883,52.054],[-65.979,52.081],[-66.036,52.109],[-66.097,52.209],[-66.148,52.23],[-66.279,52.301],[-66.296,52.295],[-66.327,52.189],[-66.345,52.155],[-66.379,52.164],[-66.407,52.184],[-66.439,52.229],[-66.462,52.295],[-66.463,52.341],[-66.402,52.398],[-66.394,52.418],[-66.426,52.661],[-66.417,52.688],[-66.366,52.741],[-66.357,52.806],[-66.341,52.84],[-66.31,52.861],[-66.3,52.897],[-66.328,52.934],[-66.39,52.992],[-66.428,53.011],[-66.468,53.019],[-66.49,53.005],[-66.521,52.959],[-66.615,52.932],[-66.631,52.91],[-66.671,52.749],[-66.688,52.727],[-66.815,52.686],[-66.856,52.698],[-66.898,52.694],[-66.951,52.698],[-67.029,52.72],[-67.068,52.755],[-67.07,52.833],[-67.053,52.92],[-67.028,52.981],[-66.97,53.073],[-66.965,53.183],[-66.938,53.329],[-66.944,53.355],[-66.98,53.384],[-67.026,53.393],[-67.076,53.417],[-67.128,53.503],[-67.165,53.543],[-67.457,53.601],[-67.474,53.613],[-67.477,53.635],[-67.456,53.73],[-67.471,53.796],[-67.53,53.839],[-67.757,54.034],[-67.762,54.061],[-67.731,54.1],[-67.681,54.141],[-67.511,54.236],[-67.508,54.253],[-67.515,54.282],[-67.582,54.392],[-67.61,54.452],[-67.62,54.507],[-67.601,54.553],[-67.578,54.565],[-67.537,54.573],[-67.314,54.517],[-67.286,54.519],[-67.236,54.586],[-67.15,54.617],[-67.147,54.653],[-67.199,54.682],[-67.205,54.699],[-67.29,54.826],[-67.372,54.917],[-67.416,54.984],[-67.437,55.036],[-67.426,55.059],[-67.408,55.072],[-67.339,55.075],[-67.302,55.064],[-67.167,54.937],[-66.867,54.781],[-66.724,54.748],[-66.651,54.799],[-66.657,54.847],[-66.71,54.948],[-66.693,54.998],[-66.747,55.129],[-66.719,55.193],[-66.725,55.213],[-66.797,55.294],[-66.8,55.311],[-66.774,55.328],[-66.733,55.319],[-66.618,55.256],[-66.24,55.008],[-66.157,54.968],[-66.083,54.942],[-65.883,54.907],[-65.868,54.898],[-65.797,54.805],[-65.742,54.769],[-65.676,54.745],[-65.122,54.719],[-64.815,54.734],[-64.341,54.726],[-63.91,54.634],[-63.751,54.612],[-63.699,54.615],[-63.658,54.644],[-63.57,54.776],[-63.492,54.918],[-63.476,54.962],[-63.48,54.987],[-63.551,55.086],[-63.534,55.14],[-63.511,55.168],[-63.429,55.21],[-63.162,55.308],[-63.112,55.34],[-63.151,55.404],[-63.159,55.441],[-63.151,55.484],[-63.154,55.514],[-63.304,55.542],[-63.363,55.565],[-63.415,55.596],[-63.524,55.706],[-63.7,55.861],[-63.708,55.883],[-63.698,55.923],[-63.661,55.948],[-63.586,55.976],[-63.559,55.992],[-63.578,56.026],[-63.836,56.063],[-63.886,56.088],[-63.968,56.095],[-64.004,56.098],[-63.992,56.145],[-63.899,56.212],[-63.913,56.229],[-64.083,56.275],[-64.115,56.289],[-64.122,56.299],[-64.119,56.334],[-64.136,56.395],[-64.053,56.43],[-63.955,56.439],[-63.925,56.475],[-63.955,56.527],[-64.112,56.691],[-64.116,56.707],[-64.101,56.738],[-64.03,56.787],[-64.004,56.821],[-63.95,56.863],[-63.903,56.889],[-63.876,57.023],[-63.836,57.083],[-63.792,57.13],[-63.758,57.228],[-63.76,57.241],[-63.793,57.279],[-63.8,57.319],[-63.742,57.396],[-63.762,57.513],[-63.758,57.553],[-63.744,57.581],[-63.615,57.669],[-63.598,57.692],[-63.601,57.723],[-63.618,57.726],[-63.716,57.696],[-63.793,57.706],[-63.842,57.713],[-63.872,57.731],[-63.921,57.783],[-63.961,57.802],[-63.986,57.803],[-64.045,57.785],[-64.079,57.813],[-64.134,57.875],[-64.227,58.018],[-64.387,58.099],[-64.4,58.121],[-64.395,58.144],[-64.371,58.169],[-64.098,58.359],[-64.023,58.399],[-63.848,58.46],[-63.837,58.483],[-63.841,58.505],[-63.882,58.555],[-64.039,58.545],[-64.063,58.555],[-64.086,58.599],[-64.085,58.621],[-64.071,58.642],[-64.031,58.666],[-63.96,58.684],[-63.553,58.732],[-63.506,58.743],[-63.497,58.753],[-63.504,58.771],[-63.535,58.799],[-63.592,58.83],[-63.666,58.854],[-63.727,58.862],[-63.991,58.811],[-64.155,58.771],[-64.192,58.769],[-64.235,58.786],[-64.294,58.866],[-64.618,58.911],[-64.809,58.929],[-64.848,58.949],[-64.851,58.984],[-64.833,59.02],[-64.802,59.04],[-64.77,59.049],[-64.393,58.998],[-64.358,59.002],[-64.324,59.02],[-64.332,59.044],[-64.442,59.091],[-64.478,59.116],[-64.505,59.166],[-64.519,59.226],[-64.519,59.356],[-64.503,59.399],[-64.426,59.456],[-64.379,59.475],[-64.385,59.515],[-64.445,59.528],[-64.715,59.466],[-64.775,59.488],[-64.818,59.54],[-64.791,59.816],[-64.762,59.864],[-64.666,59.906],[-64.662,59.921],[-64.665,59.933],[-64.683,59.943],[-64.834,59.986],[-64.868,60.009],[-64.887,60.035],[-64.881,60.05],[-64.782,60.064],[-64.711,60.091],[-64.65,60.11],[-64.622,60.141],[-64.644,60.161],[-64.789,60.196],[-64.847,60.238],[-64.847,60.251],[-64.816,60.267],[-64.614,60.306],[-64.499,60.268],[-64.454,60.239],[-64.46,60.226],[-64.466,60.216],[-64.465,60.139],[-64.528,60.095],[-64.713,60.037],[-64.769,60.012],[-64.733,59.998],[-64.559,60.043],[-64.464,60.057],[-64.462,59.927],[-64.372,59.977],[-64.31,60.011],[-64.262,59.973],[-64.23,59.947],[-64.271,59.786],[-64.244,59.746],[-64.186,59.7],[-64.174,59.69],[-63.911,59.615],[-63.852,59.583],[-63.841,59.574],[-63.75,59.513],[-63.85,59.448],[-63.971,59.409],[-63.946,59.38],[-63.781,59.349],[-63.758,59.319],[-63.776,59.277],[-63.752,59.277],[-63.637,59.341],[-63.632,59.341],[-63.601,59.331],[-63.511,59.3],[-63.415,59.194],[-63.506,59.115],[-63.645,59.079],[-63.756,59.063],[-63.91,59.066],[-63.971,59.054],[-63.941,59.027],[-63.794,59.027],[-63.568,59.047],[-63.495,59.061],[-63.358,59.026],[-63.285,59.007],[-63.28,59.003],[-63.216,58.928],[-63.222,58.911],[-63.282,58.867],[-63.185,58.858],[-63.05,58.878],[-63.009,58.855],[-62.926,58.765],[-62.889,58.7],[-62.955,58.627],[-63.102,58.546],[-63.196,58.525],[-63.36,58.493],[-63.39,58.487],[-63.393,58.48],[-63.424,58.414],[-63.438,58.399],[-63.537,58.33],[-63.474,58.331],[-63.369,58.396],[-63.122,58.436],[-63.132,58.411],[-63.076,58.415],[-62.838,58.479],[-62.807,58.483],[-62.604,58.49],[-62.594,58.474],[-62.674,58.319],[-62.812,58.2],[-62.894,58.176],[-63.009,58.154],[-63.05,58.131],[-63.063,58.127],[-63.152,58.084],[-63.262,58.015],[-63.22,58.002],[-62.981,58.093],[-62.817,58.129],[-62.731,58.14],[-62.567,58.147],[-62.441,57.991],[-62.349,57.963],[-62.225,57.926],[-62.082,57.916],[-62.017,57.911],[-62.008,57.88],[-61.981,57.787],[-61.995,57.769],[-61.931,57.669],[-61.968,57.612],[-62.003,57.597],[-62.44,57.486],[-62.427,57.483],[-62.496,57.489],[-62.455,57.462],[-62.397,57.448],[-62.303,57.441],[-62.275,57.444],[-62.089,57.397],[-61.893,57.348],[-62.04,57.259],[-61.948,57.23],[-61.944,57.228],[-61.861,57.197],[-61.817,57.19],[-61.732,57.163],[-61.593,57.162],[-61.486,56.986],[-61.525,56.971],[-61.57,56.953],[-61.771,56.755],[-61.749,56.745],[-61.695,56.719],[-61.743,56.672],[-62.062,56.699],[-62.366,56.767],[-62.382,56.788],[-62.296,56.833],[-62.372,56.836],[-62.46,56.818],[-62.497,56.802],[-62.404,56.736],[-62.497,56.754],[-62.05,56.627],[-61.992,56.591],[-61.911,56.587],[-61.909,56.586],[-61.952,56.538],[-61.973,56.513],[-62.07,56.493],[-62.191,56.468],[-62.187,56.464],[-62.177,56.454],[-61.939,56.399],[-61.821,56.372],[-61.764,56.351],[-61.631,56.303],[-61.707,56.289],[-61.709,56.269],[-61.803,56.259],[-61.869,56.287],[-61.872,56.288],[-62.05,56.295],[-62.084,56.296],[-62.069,56.276],[-62.038,56.238],[-61.588,56.196],[-61.521,56.206],[-61.418,56.222],[-61.406,56.22],[-61.383,56.2],[-61.352,56.173],[-61.35,56.165],[-61.355,56.141],[-61.378,56.034],[-61.449,56.022],[-61.449,55.996],[-61.389,55.982],[-61.393,55.965],[-61.114,55.842],[-60.995,55.84],[-60.728,55.837],[-60.68,55.818],[-60.672,55.815],[-60.664,55.713],[-60.658,55.646],[-60.483,55.631],[-60.401,55.467],[-60.394,55.367],[-60.393,55.347],[-60.526,55.227],[-60.55,55.205],[-60.695,54.985],[-60.684,54.987],[-60.678,54.987],[-60.389,55.159],[-60.355,55.186],[-60.341,55.194],[-60.212,55.236],[-60.092,55.246],[-60.131,55.193],[-60.193,55.109],[-60.258,55.068],[-60.3,55.042],[-60.309,55.002],[-60.303,55.006],[-60.08,55.179],[-59.861,55.295],[-59.779,55.307],[-59.747,55.291],[-59.724,55.279],[-59.737,55.223],[-59.959,55.116],[-59.808,55.111],[-59.71,55.139],[-59.545,55.186],[-59.505,55.173],[-59.457,55.158],[-59.486,55.13],[-59.686,54.983],[-59.725,54.964],[-59.92,54.759],[-59.902,54.765],[-59.81,54.793],[-59.447,55.026],[-59.391,55.063],[-59.369,55.07],[-59.245,55.111],[-59.246,55.07],[-59.247,55.055],[-58.976,54.991],[-58.979,54.825],[-58.432,54.764],[-58.403,54.769],[-58.268,54.79],[-58.24,54.809],[-58.223,54.813],[-58.217,54.825],[-58.163,54.861],[-58.118,54.875],[-58.059,54.882],[-57.966,54.876],[-57.962,54.874],[-57.931,54.777],[-58.007,54.758],[-57.836,54.723],[-57.827,54.719],[-57.725,54.674],[-57.627,54.65],[-57.483,54.64],[-57.404,54.591],[-57.404,54.57],[-57.485,54.518],[-57.563,54.44],[-57.607,54.423],[-57.745,54.386],[-57.889,54.384],[-58.151,54.35],[-58.161,54.321],[-58.258,54.306],[-58.263,54.276],[-58.359,54.253],[-58.435,54.228],[-58.442,54.221],[-58.627,54.166],[-58.74,54.148],[-59.589,54.019],[-59.389,53.996],[-58.732,54.126],[-58.669,54.098],[-58.604,54.07],[-58.633,54.05],[-58.719,54.039],[-58.841,54.044],[-58.92,54.033],[-58.978,54.01],[-59.013,53.976],[-59.039,53.964],[-59.202,53.929],[-59.496,53.834],[-59.653,53.831],[-59.749,53.842],[-59.823,53.834],[-59.873,53.808],[-60.014,53.762],[-60.057,53.733],[-60.081,53.701],[-60.1,53.634],[-60.117,53.61],[-60.145,53.596],[-60.263,53.61],[-60.395,53.653],[-60.369,53.607],[-60.16,53.53],[-60.1,53.487],[-60.157,53.45],[-60.29,53.391],[-60.306,53.36],[-60.251,53.344],[-60.273,53.317],[-60.346,53.289],[-60.338,53.277],[-60.329,53.266],[-60.148,53.307],[-59.987,53.393],[-59.882,53.48],[-59.829,53.505],[-59.621,53.537],[-59.498,53.575],[-59.322,53.644],[-59.13,53.744],[-58.92,53.875],[-58.652,53.978],[-58.464,54.021],[-58.428,54.023],[-57.785,54.074],[-57.859,54.109],[-58.098,54.134],[-58.336,54.132],[-58.361,54.154],[-58.356,54.172],[-58.31,54.202],[-58.225,54.221],[-58.176,54.227],[-57.615,54.191],[-57.432,54.165],[-57.416,54.159],[-57.411,54.157],[-57.338,54.077],[-57.297,54.028],[-57.149,53.848],[-57.149,53.848],[-57.135,53.792],[-57.157,53.757],[-57.244,53.716],[-57.489,53.633],[-57.524,53.611],[-57.527,53.6],[-57.42,53.583],[-57.386,53.561],[-57.332,53.469],[-57.286,53.494],[-57.268,53.48],[-57.14,53.54],[-57.091,53.618],[-57.025,53.664],[-56.88,53.689],[-56.673,53.725],[-56.655,53.692],[-56.649,53.68],[-56.287,53.585],[-56.274,53.57],[-56.245,53.537],[-55.924,53.398],[-55.863,53.32],[-55.863,53.312],[-55.855,53.286],[-55.817,53.246],[-55.798,53.212],[-55.808,53.135],[-55.833,53.095],[-55.934,53.051],[-56.005,53.02],[-55.925,52.984],[-55.888,52.967],[-55.858,52.934],[-55.83,52.878],[-55.854,52.832],[-55.969,52.793],[-56.181,52.837],[-56.01,52.716],[-56.046,52.664],[-56.05,52.658],[-56.138,52.647],[-56.217,52.574],[-56.292,52.574],[-56.325,52.544],[-56.228,52.536],[-56.191,52.536],[-55.819,52.5],[-55.747,52.475],[-55.706,52.428],[-55.716,52.392],[-55.74,52.381],[-55.773,52.38],[-55.929,52.377],[-56.012,52.394],[-56.005,52.37],[-55.834,52.31],[-55.783,52.28],[-55.714,52.251],[-55.706,52.247],[-55.711,52.241],[-55.861,52.03],[-56.018,51.929],[-56.283,51.797],[-56.549,51.681],[-56.91,51.492],[-57.1,51.478]]],[[[-56.03,51.377],[-56.052,51.372],[-56.082,51.364],[-56.082,51.363],[-56.102,51.319],[-56.075,51.25],[-56.064,51.22],[-56.016,51.182],[-55.963,51.155],[-55.978,51.195],[-55.961,51.191],[-55.879,51.207],[-55.87,51.208],[-55.841,51.205],[-55.815,51.191],[-55.796,51.166],[-55.785,51.131],[-55.785,51.087],[-55.8,51.033],[-55.85,50.945],[-55.925,50.866],[-55.962,50.838],[-56.078,50.781],[-56.107,50.759],[-56.121,50.734],[-56.136,50.651],[-56.196,50.585],[-56.382,50.417],[-56.454,50.38],[-56.455,50.35],[-56.479,50.284],[-56.641,50.114],[-56.652,50.1],[-56.694,50.06],[-56.732,50.008],[-56.746,49.975],[-56.849,49.84],[-56.919,49.747],[-56.821,49.617],[-56.822,49.613],[-56.757,49.652],[-56.611,49.788],[-56.501,49.87],[-56.428,49.897],[-56.376,49.934],[-56.358,49.96],[-56.135,50.081],[-56.122,50.063],[-56.127,50.015],[-56.164,49.957],[-56.161,49.94],[-56.075,49.983],[-55.927,50.018],[-55.909,50.016],[-55.862,49.996],[-55.83,49.992],[-55.765,49.96],[-55.675,49.967],[-55.647,49.972],[-55.643,49.972],[-55.773,49.808],[-56.04,49.705],[-56.14,49.619],[-56.121,49.622],[-56.052,49.658],[-55.978,49.678],[-55.902,49.681],[-55.88,49.673],[-55.934,49.605],[-55.968,49.53],[-56.087,49.452],[-56.041,49.457],[-55.938,49.484],[-55.69,49.397],[-55.631,49.418],[-55.518,49.458],[-55.513,49.459],[-55.456,49.416],[-55.419,49.387],[-55.355,49.394],[-55.355,49.381],[-55.344,49.373],[-55.29,49.392],[-55.286,49.401],[-55.2,49.41],[-55.2,49.409],[-55.225,49.335],[-55.259,49.267],[-55.343,49.168],[-55.332,49.126],[-55.353,49.079],[-55.335,49.078],[-55.252,49.121],[-55.247,49.139],[-55.254,49.18],[-55.244,49.2],[-55.176,49.244],[-55.165,49.25],[-55.022,49.302],[-55.01,49.293],[-55.016,49.26],[-54.983,49.268],[-54.938,49.298],[-54.855,49.294],[-54.846,49.281],[-54.838,49.269],[-54.678,49.422],[-54.651,49.445],[-54.579,49.491],[-54.502,49.527],[-54.469,49.53],[-54.48,49.469],[-54.465,49.401],[-54.464,49.342],[-54.448,49.329],[-54.438,49.341],[-54.434,49.316],[-54.259,49.407],[-54.23,49.422],[-53.958,49.442],[-53.915,49.435],[-53.723,49.356],[-53.608,49.308],[-53.57,49.264],[-53.56,49.192],[-53.567,49.166],[-53.641,49.097],[-53.671,49.078],[-53.758,49.035],[-53.765,49.03],[-53.84,49.026],[-53.843,49.026],[-53.944,48.883],[-53.944,48.873],[-54.161,48.788],[-54.1,48.785],[-53.951,48.807],[-53.944,48.807],[-53.945,48.745],[-53.961,48.739],[-53.97,48.725],[-53.966,48.707],[-53.888,48.685],[-53.899,48.625],[-53.909,48.572],[-53.926,48.548],[-53.996,48.445],[-54.068,48.419],[-54.114,48.394],[-54.104,48.388],[-54.0,48.419],[-53.993,48.406],[-53.882,48.445],[-53.853,48.449],[-53.799,48.449],[-53.768,48.473],[-53.699,48.45],[-53.667,48.387],[-53.559,48.484],[-53.552,48.482],[-53.411,48.562],[-53.361,48.573],[-53.276,48.563],[-53.22,48.578],[-53.127,48.633],[-53.06,48.658],[-53.057,48.656],[-53.027,48.629],[-53.021,48.572],[-53.037,48.516],[-53.06,48.48],[-53.136,48.402],[-53.168,48.383],[-53.196,48.371],[-53.225,48.364],[-53.301,48.368],[-53.334,48.356],[-53.406,48.294],[-53.456,48.269],[-53.811,48.198],[-53.876,48.213],[-53.965,48.233],[-53.929,48.077],[-53.752,48.044],[-53.758,48.042],[-53.87,48.02],[-53.794,48.01],[-53.674,48.023],[-53.686,47.933],[-53.695,47.921],[-53.858,47.802],[-53.866,47.804],[-53.863,47.791],[-53.864,47.787],[-53.859,47.776],[-53.843,47.718],[-53.775,47.63],[-53.683,47.583],[-53.57,47.524],[-53.472,47.767],[-53.461,47.793],[-53.283,47.998],[-53.085,48.068],[-52.945,48.136],[-52.929,48.119],[-52.902,48.09],[-52.946,48.036],[-52.955,48.029],[-52.998,47.976],[-53.012,47.956],[-53.15,47.787],[-53.247,47.579],[-53.252,47.567],[-53.118,47.42],[-52.93,47.541],[-52.904,47.59],[-52.873,47.619],[-52.817,47.728],[-52.782,47.769],[-52.759,47.769],[-52.705,47.703],[-52.703,47.693],[-52.672,47.622],[-52.654,47.549],[-52.669,47.47],[-52.679,47.441],[-52.831,47.242],[-52.842,47.203],[-52.912,47.103],[-52.888,47.046],[-52.886,47.037],[-52.918,46.918],[-53.1,46.749],[-53.199,46.656],[-53.214,46.661],[-53.255,46.698],[-53.291,46.717],[-53.323,46.718],[-53.382,46.711],[-53.536,46.632],[-53.568,46.628],[-53.59,46.639],[-53.616,46.68],[-53.595,46.888],[-53.581,46.957],[-53.583,46.961],[-53.543,47.114],[-53.552,47.218],[-53.826,46.984],[-53.946,46.882],[-54.01,46.84],[-54.076,46.82],[-54.102,46.825],[-54.133,46.839],[-54.174,46.88],[-54.173,46.917],[-54.155,46.967],[-54.093,47.086],[-53.97,47.262],[-53.926,47.317],[-53.892,47.353],[-53.832,47.414],[-53.95,47.683],[-54.0,47.797],[-54.036,47.811],[-54.236,47.89],[-54.438,47.494],[-54.493,47.457],[-54.543,47.423],[-54.542,47.425],[-54.463,47.536],[-54.474,47.547],[-54.574,47.458],[-54.651,47.408],[-54.654,47.408],[-54.67,47.418],[-54.84,47.404],[-55.047,47.224],[-55.063,47.21],[-55.072,47.19],[-55.09,47.174],[-55.094,47.143],[-55.136,47.051],[-55.153,47.034],[-55.255,46.942],[-55.312,46.908],[-55.318,46.906],[-55.401,46.899],[-55.479,46.917],[-55.531,46.914],[-55.652,46.881],[-55.788,46.867],[-55.845,46.874],[-55.881,46.887],[-55.95,46.928],[-55.958,46.956],[-55.955,46.973],[-55.919,47.017],[-55.838,47.072],[-55.772,47.092],[-55.61,47.12],[-55.491,47.161],[-55.401,47.221],[-55.361,47.259],[-55.338,47.284],[-55.307,47.297],[-55.271,47.317],[-54.86,47.548],[-54.758,47.628],[-54.699,47.675],[-54.789,47.654],[-54.785,47.665],[-54.887,47.631],[-54.896,47.629],[-54.946,47.621],[-55.035,47.634],[-55.074,47.658],[-55.197,47.65],[-55.287,47.656],[-55.322,47.664],[-55.329,47.659],[-55.366,47.661],[-55.391,47.643],[-55.4,47.606],[-55.416,47.593],[-55.594,47.52],[-55.622,47.533],[-55.643,47.543],[-55.681,47.542],[-55.816,47.535],[-55.902,47.562],[-55.925,47.569],[-55.922,47.575],[-55.867,47.592],[-55.854,47.704],[-55.816,47.776],[-55.78,47.942],[-55.856,47.815],[-55.858,47.819],[-55.918,47.792],[-56.02,47.764],[-56.09,47.772],[-56.121,47.789],[-56.151,47.775],[-56.221,47.671],[-56.263,47.658],[-56.326,47.655],[-56.459,47.617],[-56.722,47.592],[-56.76,47.573],[-56.809,47.567],[-56.953,47.575],[-57.19,47.6],[-57.341,47.623],[-57.431,47.633],[-57.544,47.644],[-58.028,47.687],[-58.329,47.706],[-58.327,47.72],[-58.337,47.731],[-58.388,47.704],[-58.727,47.61],[-58.807,47.599],[-59.125,47.573],[-59.212,47.6],[-59.22,47.603],[-59.26,47.634],[-59.321,47.737],[-59.362,47.866],[-59.362,47.889],[-59.341,47.934],[-59.287,47.982],[-59.096,48.088],[-58.961,48.159],[-58.923,48.185],[-58.434,48.456],[-58.421,48.477],[-58.336,48.514],[-58.33,48.522],[-58.442,48.516],[-58.56,48.527],[-58.586,48.529],[-58.606,48.533],[-58.668,48.537],[-58.735,48.543],[-58.795,48.534],[-58.944,48.522],[-59.167,48.522],[-59.168,48.558],[-59.093,48.608],[-58.935,48.687],[-58.906,48.702],[-58.88,48.697],[-58.887,48.692],[-58.906,48.65],[-58.877,48.623],[-58.843,48.605],[-58.717,48.598],[-58.687,48.622],[-58.669,48.674],[-58.362,49.091],[-58.35,49.065],[-58.345,49.052],[-58.158,49.015],[-58.119,49.008],[-58.109,49.02],[-58.05,48.988],[-58.006,48.981],[-57.99,48.988],[-58.041,49.01],[-58.082,49.045],[-58.086,49.053],[-58.07,49.075],[-58.043,49.113],[-58.038,49.142],[-58.057,49.164],[-58.049,49.18],[-57.991,49.21],[-57.98,49.23],[-58.097,49.23],[-58.105,49.232],[-58.07,49.354],[-58.015,49.542],[-57.961,49.532],[-57.856,49.474],[-57.791,49.49],[-57.799,49.509],[-57.898,49.6],[-57.929,49.668],[-57.927,49.694],[-57.873,49.782],[-57.713,50.025],[-57.613,50.19],[-57.331,50.588],[-57.319,50.605],[-57.237,50.605],[-57.18,50.615],[-57.264,50.649],[-57.27,50.654],[-56.97,50.933],[-56.907,51.029],[-56.861,51.103],[-56.825,51.126],[-56.805,51.145],[-56.75,51.275],[-56.702,51.316],[-56.674,51.337],[-56.619,51.362],[-56.518,51.399],[-56.207,51.489],[-56.026,51.568],[-55.902,51.564],[-55.889,51.544],[-55.9,51.501],[-55.798,51.494],[-55.69,51.471],[-55.679,51.486],[-55.658,51.485],[-55.672,51.496],[-55.659,51.511],[-55.701,51.559],[-55.666,51.579],[-55.533,51.595],[-55.494,51.588],[-55.459,51.566],[-55.473,51.517],[-55.532,51.437],[-55.584,51.389],[-55.631,51.373],[-55.731,51.359],[-55.874,51.348],[-56.03,51.377]]]]}},{"type":"Feature","id":"NS","properties":{"id":"NS"},"geometry":{"type":"MultiPolygon","coordinates":[[[[-64.315,45.836],[-64.273,45.85],[-64.216,45.901],[-64.159,45.965],[-64.051,45.978],[-64.031,46.013],[-64.01,46.006],[-64.011,45.999],[-63.841,45.932],[-63.805,45.918],[-63.703,45.858],[-63.664,45.864],[-63.416,45.808],[-63.374,45.799],[-63.342,45.799],[-63.316,45.78],[-63.293,45.752],[-63.217,45.758],[-63.108,45.782],[-62.911,45.776],[-62.715,45.743],[-62.702,45.736],[-62.718,45.686],[-62.75,45.648],[-62.586,45.661],[-62.565,45.653],[-62.497,45.612],[-62.431,45.642],[-62.276,45.712],[-62.218,45.731],[-62.115,45.785],[-61.899,45.704],[-61.894,45.661],[-61.741,45.64],[-61.683,45.632],[-61.632,45.632],[-61.632,45.632],[-61.604,45.652],[-61.333,45.55],[-61.277,45.476],[-61.282,45.441],[-61.376,45.411],[-61.461,45.367],[-61.172,45.352],[-61.132,45.27],[-61.684,45.161],[-61.862,45.084],[-62.028,45.013],[-62.417,44.892],[-62.712,44.8],[-62.717,44.797],[-62.768,44.785],[-63.014,44.719],[-63.252,44.735],[-63.51,44.649],[-63.544,44.655],[-63.604,44.683],[-63.558,44.611],[-63.545,44.544],[-63.568,44.514],[-63.61,44.48],[-63.761,44.486],[-63.821,44.511],[-63.891,44.546],[-63.922,44.601],[-63.933,44.632],[-63.963,44.625],[-64.0,44.645],[-64.028,44.609],[-64.161,44.577],[-64.167,44.587],[-64.286,44.55],[-64.303,44.515],[-64.314,44.502],[-64.356,44.449],[-64.338,44.337],[-64.375,44.303],[-64.378,44.304],[-64.388,44.291],[-64.527,44.162],[-64.578,44.142],[-64.692,44.021],[-64.826,43.929],[-64.862,43.868],[-65.087,43.727],[-65.172,43.731],[-65.235,43.727],[-65.293,43.691],[-65.323,43.691],[-65.378,43.562],[-65.386,43.565],[-65.428,43.561],[-65.441,43.54],[-65.508,43.529],[-65.565,43.553],[-65.651,43.536],[-65.689,43.586],[-65.859,43.805],[-65.917,43.802],[-65.979,43.815],[-65.99,43.797],[-66.097,43.79],[-66.126,43.814],[-66.192,44.08],[-66.193,44.111],[-66.157,44.23],[-66.099,44.368],[-65.868,44.569],[-65.942,44.575],[-66.146,44.436],[-66.125,44.47],[-66.09,44.505],[-66.04,44.547],[-66.027,44.556],[-66.01,44.568],[-65.917,44.615],[-65.778,44.646],[-65.682,44.651],[-65.616,44.68],[-65.52,44.733],[-65.502,44.76],[-65.587,44.729],[-65.728,44.697],[-65.695,44.735],[-65.219,44.97],[-64.939,45.104],[-64.812,45.147],[-64.617,45.214],[-64.449,45.256],[-64.431,45.278],[-64.398,45.289],[-64.385,45.154],[-64.359,45.158],[-64.354,45.138],[-64.235,45.114],[-64.136,45.023],[-64.183,45.147],[-64.116,45.199],[-63.881,45.275],[-63.748,45.311],[-63.678,45.313],[-63.491,45.315],[-63.481,45.32],[-63.46,45.321],[-63.368,45.365],[-63.614,45.394],[-63.678,45.391],[-63.708,45.394],[-63.782,45.401],[-64.017,45.398],[-64.087,45.411],[-64.337,45.389],[-64.6,45.41],[-64.681,45.383],[-64.717,45.351],[-64.806,45.342],[-64.832,45.35],[-64.873,45.355],[-64.913,45.375],[-64.827,45.476],[-64.56,45.626],[-64.558,45.627],[-64.339,45.749],[-64.359,45.767],[-64.366,45.774],[-64.351,45.783],[-64.315,45.836]]],[[[-61.056,45.865],[-61.114,45.8],[-61.153,45.757],[-61.162,45.71],[-61.112,45.703],[-60.846,45.665],[-60.794,45.687],[-60.748,45.705],[-60.696,45.762],[-60.656,45.807],[-60.472,45.946],[-60.46,45.969],[-60.705,45.933],[-60.733,45.957],[-60.573,46.061],[-60.575,46.07],[-60.39,46.171],[-60.322,46.209],[-60.294,46.253],[-60.365,46.237],[-60.409,46.227],[-60.582,46.102],[-60.586,46.117],[-60.505,46.204],[-60.431,46.256],[-60.377,46.285],[-60.298,46.311],[-60.244,46.27],[-60.226,46.196],[-60.093,46.206],[-59.961,46.191],[-59.928,46.18],[-59.85,46.134],[-59.849,46.113],[-59.881,46.062],[-59.934,46.019],[-59.853,45.978],[-59.86,45.949],[-59.914,45.916],[-60.016,45.881],[-60.114,45.819],[-60.205,45.743],[-60.275,45.709],[-60.652,45.595],[-60.667,45.592],[-60.68,45.591],[-60.755,45.591],[-60.819,45.613],[-60.899,45.64],[-61.154,45.605],[-61.178,45.602],[-61.264,45.573],[-61.284,45.574],[-61.323,45.598],[-61.408,45.669],[-61.45,45.716],[-61.495,45.941],[-61.481,46.06],[-61.47,46.076],[-61.435,46.063],[-61.423,46.058],[-61.412,46.064],[-61.4,46.07],[-61.059,46.547],[-60.982,46.651],[-60.957,46.69],[-60.94,46.714],[-60.834,46.818],[-60.76,46.863],[-60.617,46.976],[-60.571,46.999],[-60.489,47.01],[-60.455,47.007],[-60.424,46.975],[-60.431,46.963],[-60.426,46.923],[-60.341,46.783],[-60.411,46.557],[-60.482,46.413],[-60.508,46.303],[-60.504,46.293],[-60.804,46.08],[-60.831,46.074],[-60.912,46.045],[-60.926,46.037],[-61.134,45.967],[-61.133,45.928],[-61.101,45.935],[-61.08,45.939],[-61.071,45.937],[-60.937,45.986],[-60.928,45.985],[-60.906,45.937],[-60.984,45.911],[-61.038,45.882],[-61.024,45.877],[-61.056,45.865]]]]}},{"type":"Feature","id":"NT","properties":{"id":"NT"},"geometry":{"type":"MultiPolygon","coordinates":[[[[-110.0,60.001],[-110.625,60.001],[-111.25,60.001],[-111.875,60.001],[-112.5,60.001],[-113.125,60.001],[-113.75,60.001],[-114.375,60.001],[-115.0,60.001],[-115.625,60.001],[-116.25,60.001],[-116.875,60.001],[-117.5,60.001],[-118.125,60.001],[-118.75,60.001],[-119.375,60.001],[-120.0,60.001],[-120.478,60.001],[-120.955,60.001],[-121.432,60.001],[-121.91,60.001],[-122.387,60.001],[-122.864,60.001],[-123.342,60.001],[-123.819,60.001],[-123.842,60.02],[-123.88,60.04],[-123.994,60.041],[-124.011,60.046],[-124.013,60.06],[-123.992,60.099],[-123.997,60.127],[-124.103,60.225],[-124.185,60.321],[-124.205,60.353],[-124.226,60.453],[-124.249,60.474],[-124.403,60.494],[-124.469,60.567],[-124.6,60.662],[-124.611,60.682],[-124.611,60.701],[-124.505,60.788],[-124.506,60.822],[-124.583,60.953],[-124.616,60.96],[-124.807,60.961],[-124.837,60.948],[-124.859,60.924],[-124.88,60.86],[-125.152,60.844],[-125.23,60.826],[-125.322,60.792],[-125.379,60.792],[-125.707,60.841],[-125.864,60.89],[-125.899,60.89],[-125.932,60.883],[-125.957,60.865],[-126.003,60.809],[-126.064,60.816],[-126.099,60.829],[-126.114,60.863],[-126.162,60.866],[-126.223,60.856],[-126.235,60.844],[-126.235,60.809],[-126.255,60.794],[-126.297,60.785],[-126.351,60.78],[-126.52,60.8],[-126.665,60.762],[-126.767,60.775],[-126.832,60.764],[-126.859,60.769],[-126.89,60.796],[-126.888,60.833],[-126.911,60.86],[-126.918,60.884],[-126.909,60.95],[-126.944,61.052],[-126.964,61.063],[-127.055,61.051],[-127.093,61.07],[-127.097,61.081],[-127.082,61.094],[-127.027,61.126],[-127.015,61.198],[-127.021,61.237],[-127.072,61.37],[-127.116,61.404],[-127.167,61.465],[-127.229,61.495],[-127.299,61.512],[-127.468,61.511],[-127.609,61.533],[-127.656,61.552],[-127.713,61.588],[-127.807,61.619],[-127.994,61.711],[-128.02,61.78],[-128.047,61.813],[-128.094,61.841],[-128.206,61.865],[-128.232,61.883],[-128.258,61.928],[-128.366,61.991],[-128.4,62.034],[-128.561,62.117],[-128.616,62.122],[-128.678,62.112],[-128.776,62.069],[-128.814,62.064],[-128.841,62.073],[-128.88,62.111],[-128.907,62.119],[-129.014,62.132],[-129.136,62.125],[-129.209,62.136],[-129.255,62.153],[-129.269,62.166],[-129.262,62.184],[-129.24,62.202],[-129.233,62.22],[-129.244,62.236],[-129.293,62.294],[-129.291,62.322],[-129.239,62.373],[-129.249,62.389],[-129.294,62.411],[-129.296,62.425],[-129.287,62.441],[-129.2,62.47],[-129.19,62.49],[-129.211,62.513],[-129.449,62.58],[-129.49,62.599],[-129.495,62.619],[-129.525,62.673],[-129.544,62.688],[-129.62,62.712],[-129.636,62.728],[-129.642,62.756],[-129.658,62.777],[-129.719,62.832],[-129.729,62.865],[-129.714,62.895],[-129.714,62.931],[-129.618,63.037],[-129.612,63.059],[-129.63,63.068],[-129.735,63.07],[-129.827,63.092],[-129.87,63.157],[-129.906,63.187],[-129.979,63.216],[-130.06,63.261],[-130.133,63.277],[-130.14,63.293],[-130.102,63.319],[-129.948,63.376],[-129.905,63.406],[-129.845,63.486],[-129.855,63.522],[-129.888,63.555],[-129.946,63.586],[-129.976,63.616],[-130.063,63.636],[-130.082,63.65],[-130.098,63.679],[-130.111,63.695],[-130.142,63.698],[-130.244,63.678],[-130.285,63.686],[-130.303,63.704],[-130.298,63.721],[-130.259,63.737],[-130.145,63.762],[-130.121,63.773],[-130.118,63.793],[-130.14,63.808],[-130.283,63.823],[-130.364,63.85],[-130.513,63.92],[-130.661,63.95],[-130.758,63.993],[-130.792,64.03],[-130.847,64.049],[-130.872,64.081],[-130.93,64.125],[-130.941,64.14],[-130.913,64.168],[-130.913,64.193],[-130.931,64.219],[-130.982,64.259],[-131.012,64.273],[-131.026,64.298],[-131.022,64.324],[-131.107,64.401],[-131.265,64.447],[-131.359,64.458],[-131.399,64.451],[-131.45,64.416],[-131.513,64.393],[-131.586,64.38],[-131.764,64.381],[-131.797,64.388],[-131.803,64.407],[-131.791,64.426],[-131.73,64.489],[-131.716,64.515],[-131.729,64.534],[-131.752,64.545],[-131.893,64.577],[-132.052,64.684],[-132.106,64.702],[-132.321,64.763],[-132.402,64.778],[-132.554,64.78],[-132.588,64.794],[-132.6,64.808],[-132.601,64.826],[-132.584,64.842],[-132.505,64.884],[-132.497,64.913],[-132.497,64.958],[-132.481,64.97],[-132.381,65.022],[-132.354,65.039],[-132.353,65.057],[-132.381,65.075],[-132.516,65.094],[-132.538,65.109],[-132.54,65.17],[-132.579,65.185],[-132.61,65.181],[-132.708,65.167],[-132.752,65.173],[-132.768,65.185],[-132.773,65.203],[-132.763,65.225],[-132.597,65.28],[-132.566,65.3],[-132.542,65.341],[-132.346,65.443],[-132.268,65.538],[-132.195,65.598],[-132.196,65.628],[-132.295,65.716],[-132.378,65.767],[-132.489,65.82],[-132.533,65.834],[-132.555,65.857],[-132.539,65.886],[-132.341,65.955],[-132.343,65.979],[-132.371,65.994],[-132.484,65.989],[-132.577,66.024],[-132.614,66.029],[-132.714,65.998],[-132.766,65.971],[-132.821,65.928],[-132.903,65.914],[-132.948,65.917],[-132.968,65.934],[-132.94,65.976],[-132.917,66.002],[-132.918,66.018],[-132.938,66.029],[-133.042,66.028],[-133.229,66.006],[-133.412,65.956],[-133.5,65.955],[-133.589,65.963],[-133.622,65.975],[-133.624,66.01],[-133.645,66.049],[-133.676,66.074],[-133.677,66.096],[-133.66,66.111],[-133.594,66.15],[-133.569,66.177],[-133.567,66.208],[-133.571,66.249],[-133.583,66.285],[-133.612,66.295],[-133.651,66.3],[-133.76,66.304],[-133.79,66.304],[-133.8,66.326],[-133.79,66.348],[-133.759,66.416],[-133.739,66.44],[-133.706,66.444],[-133.674,66.446],[-133.654,66.453],[-133.652,66.473],[-133.658,66.509],[-133.649,66.536],[-133.635,66.566],[-133.652,66.586],[-133.726,66.631],[-133.764,66.651],[-133.769,66.669],[-133.771,66.684],[-133.799,66.711],[-133.806,66.733],[-133.798,66.752],[-133.783,66.785],[-133.794,66.819],[-133.848,66.862],[-133.924,66.903],[-134.031,66.944],[-134.054,66.973],[-134.056,67.005],[-134.118,67.005],[-134.405,67.005],[-134.692,67.005],[-134.979,67.005],[-135.266,67.005],[-135.552,67.005],[-135.839,67.005],[-136.126,67.005],[-136.169,67.015],[-136.194,67.036],[-136.223,67.088],[-136.224,67.135],[-136.221,67.163],[-136.218,67.181],[-136.15,67.226],[-136.108,67.288],[-136.105,67.304],[-136.129,67.354],[-136.141,67.375],[-136.158,67.394],[-136.178,67.423],[-136.178,67.45],[-136.169,67.514],[-136.208,67.577],[-136.233,67.6],[-136.265,67.616],[-136.401,67.666],[-136.435,67.702],[-136.445,67.747],[-136.445,68.038],[-136.445,68.329],[-136.445,68.62],[-136.444,68.895],[-136.4,68.893],[-136.288,68.883],[-136.004,68.856],[-135.433,68.715],[-135.362,68.696],[-135.35,68.695],[-135.216,68.662],[-135.217,68.666],[-135.222,68.69],[-135.232,68.695],[-135.407,68.829],[-135.434,68.842],[-135.599,68.882],[-135.643,68.905],[-135.779,69.001],[-135.695,69.001],[-135.59,69.008],[-135.576,69.027],[-135.651,69.031],[-135.743,69.049],[-135.85,69.081],[-135.91,69.111],[-135.732,69.274],[-135.704,69.278],[-135.569,69.233],[-135.28,69.262],[-135.19,69.271],[-135.251,69.339],[-135.23,69.425],[-135.213,69.439],[-135.037,69.472],[-134.886,69.467],[-134.622,69.457],[-134.594,69.473],[-134.494,69.468],[-134.457,69.478],[-134.491,69.545],[-134.494,69.561],[-134.482,69.609],[-134.474,69.633],[-134.451,69.666],[-134.409,69.682],[-134.344,69.677],[-134.249,69.566],[-134.102,69.546],[-133.887,69.515],[-133.882,69.51],[-133.897,69.488],[-133.947,69.43],[-134.018,69.389],[-134.165,69.281],[-134.166,69.278],[-134.208,69.255],[-134.201,69.255],[-134.174,69.255],[-134.174,69.253],[-134.166,69.255],[-134.037,69.254],[-133.683,69.37],[-133.622,69.381],[-133.156,69.395],[-133.143,69.4],[-133.005,69.447],[-132.97,69.519],[-132.751,69.589],[-132.606,69.635],[-132.585,69.645],[-132.527,69.643],[-132.452,69.647],[-132.404,69.659],[-132.413,69.674],[-132.479,69.693],[-132.481,69.693],[-132.403,69.73],[-132.129,69.687],[-131.467,69.898],[-131.449,69.903],[-131.378,69.891],[-131.203,69.86],[-131.132,69.889],[-130.975,70.019],[-130.971,70.028],[-130.926,70.052],[-130.79,70.091],[-130.555,70.114],[-130.348,70.098],[-130.337,70.091],[-130.295,70.066],[-130.11,70.061],[-129.924,70.057],[-129.791,70.154],[-129.76,70.177],[-129.73,70.192],[-129.676,70.193],[-129.623,70.168],[-129.538,70.105],[-129.538,70.074],[-129.648,69.998],[-130.459,69.78],[-130.464,69.778],[-130.528,69.763],[-130.607,69.724],[-130.708,69.686],[-130.832,69.651],[-130.96,69.632],[-131.208,69.616],[-131.306,69.597],[-131.473,69.579],[-131.863,69.549],[-131.938,69.535],[-131.989,69.518],[-132.129,69.402],[-132.197,69.365],[-132.331,69.308],[-132.481,69.273],[-132.687,69.26],[-132.818,69.206],[-132.968,69.101],[-133.089,69.029],[-133.228,68.967],[-133.379,68.887],[-133.418,68.844],[-133.373,68.788],[-133.348,68.77],[-133.197,68.74],[-133.138,68.747],[-133.192,68.777],[-133.319,68.82],[-133.337,68.835],[-133.304,68.847],[-132.706,68.815],[-132.578,68.848],[-132.533,68.876],[-132.542,68.89],[-132.704,68.896],[-132.739,68.922],[-132.765,68.972],[-132.77,69.012],[-132.755,69.042],[-132.719,69.079],[-132.545,69.141],[-132.358,69.167],[-132.214,69.202],[-132.134,69.234],[-131.92,69.291],[-131.833,69.336],[-131.787,69.371],[-131.781,69.389],[-131.82,69.402],[-131.788,69.432],[-131.632,69.459],[-131.563,69.461],[-131.343,69.435],[-131.303,69.415],[-131.325,69.361],[-131.294,69.364],[-131.209,69.432],[-131.162,69.455],[-131.113,69.459],[-131.063,69.451],[-131.013,69.429],[-130.994,69.382],[-131.041,69.126],[-130.944,69.111],[-130.617,69.425],[-130.633,69.44],[-130.603,69.486],[-130.381,69.632],[-130.339,69.66],[-130.149,69.712],[-129.455,69.824],[-129.272,69.836],[-129.102,69.846],[-129.167,69.826],[-129.161,69.704],[-129.009,69.671],[-128.917,69.651],[-128.899,69.659],[-128.836,69.743],[-128.76,69.782],[-128.713,69.807],[-128.705,69.81],[-128.607,69.856],[-128.303,69.941],[-128.319,69.99],[-128.326,70.01],[-128.169,70.14],[-128.108,70.158],[-127.734,70.191],[-127.754,70.227],[-127.684,70.26],[-127.927,70.288],[-128.025,70.312],[-128.034,70.315],[-128.044,70.329],[-127.989,70.363],[-128.121,70.397],[-128.17,70.418],[-128.169,70.464],[-128.155,70.49],[-128.019,70.569],[-127.5,70.405],[-127.3,70.311],[-127.232,70.278],[-126.934,70.035],[-126.864,69.978],[-126.821,69.899],[-126.795,69.85],[-126.689,69.736],[-126.34,69.551],[-126.154,69.479],[-125.941,69.396],[-125.697,69.352],[-125.548,69.326],[-125.502,69.327],[-125.392,69.331],[-125.204,69.374],[-125.145,69.388],[-125.134,69.417],[-125.123,69.448],[-125.17,69.449],[-125.167,69.48],[-125.258,69.563],[-125.246,69.572],[-125.17,69.684],[-125.141,69.726],[-125.0,69.863],[-124.691,69.964],[-124.691,69.965],[-124.725,69.995],[-124.804,70.004],[-124.871,70.011],[-124.911,70.005],[-124.92,70.005],[-124.962,70.013],[-124.976,70.019],[-124.913,70.042],[-124.772,70.039],[-124.451,70.032],[-124.467,69.983],[-124.472,69.918],[-124.445,69.855],[-124.5,69.723],[-124.255,69.701],[-124.135,69.662],[-124.138,69.653],[-124.398,69.494],[-124.454,69.455],[-124.464,69.444],[-124.524,69.408],[-124.364,69.338],[-124.25,69.335],[-124.15,69.333],[-123.693,69.36],[-123.516,69.37],[-123.494,69.378],[-123.188,69.485],[-123.149,69.601],[-123.101,69.743],[-122.941,69.772],[-122.744,69.807],[-121.743,69.798],[-121.742,69.798],[-121.531,69.776],[-121.336,69.742],[-121.202,69.712],[-121.005,69.666],[-120.769,69.581],[-120.682,69.55],[-120.68,69.237],[-120.68,69.032],[-120.68,68.826],[-120.679,68.62],[-120.679,68.414],[-120.678,68.209],[-120.678,68.003],[-120.422,67.925],[-120.167,67.847],[-119.912,67.768],[-119.656,67.69],[-119.401,67.612],[-119.145,67.534],[-118.89,67.456],[-118.634,67.378],[-118.379,67.3],[-118.123,67.221],[-117.868,67.143],[-117.613,67.065],[-117.357,66.987],[-117.102,66.909],[-116.846,66.831],[-116.591,66.753],[-116.335,66.674],[-116.08,66.596],[-115.825,66.518],[-115.569,66.44],[-115.314,66.362],[-115.058,66.284],[-114.803,66.206],[-114.547,66.127],[-114.292,66.049],[-114.036,65.971],[-113.781,65.893],[-113.526,65.815],[-113.27,65.737],[-113.015,65.659],[-112.759,65.581],[-112.504,65.502],[-112.045,65.501],[-111.587,65.5],[-111.128,65.498],[-110.669,65.497],[-110.381,65.349],[-110.093,65.2],[-109.805,65.051],[-109.516,64.903],[-109.215,64.813],[-108.973,64.779],[-108.537,64.745],[-108.101,64.71],[-107.665,64.676],[-107.23,64.641],[-106.794,64.607],[-106.358,64.573],[-105.922,64.538],[-105.486,64.504],[-105.05,64.469],[-104.614,64.435],[-104.179,64.401],[-103.743,64.366],[-103.307,64.332],[-102.871,64.297],[-102.435,64.263],[-101.999,64.228],[-101.986,64.08],[-102.006,63.849],[-102.005,63.609],[-102.005,63.368],[-102.005,63.128],[-102.004,62.887],[-102.004,62.647],[-102.004,62.406],[-102.004,62.166],[-102.004,61.925],[-102.003,61.685],[-102.003,61.444],[-102.003,61.204],[-102.003,60.963],[-102.002,60.723],[-102.002,60.482],[-102.002,60.242],[-102.002,60.001],[-102.502,60.001],[-103.001,60.001],[-103.501,60.001],[-104.001,60.001],[-104.501,60.001],[-105.001,60.001],[-105.501,60.001],[-106.001,60.001],[-106.501,60.001],[-107.001,60.001],[-107.501,60.001],[-108.0,60.001],[-108.5,60.001],[-109.0,60.001],[-109.5,60.001],[-110.0,60.001]]],[[[-124.565,70.105],[-124.651,70.096],[-124.737,70.088],[-124.706,70.117],[-124.64,70.142],[-124.555,70.151],[-124.503,70.141],[-124.444,70.111],[-124.442,70.062],[-124.447,70.047],[-124.565,70.105]]],[[[-110.004,78.682],[-110.004,78.322],[-110.022,78.323],[-110.293,78.298],[-110.375,78.296],[-110.472,78.305],[-110.872,78.344],[-110.912,78.34],[-111.027,78.368],[-111.169,78.386],[-111.229,78.376],[-111.3,78.337],[-111.42,78.293],[-112.16,78.373],[-112.358,78.353],[-112.558,78.341],[-113.0,78.293],[-113.172,78.284],[-113.223,78.298],[-113.293,78.334],[-113.284,78.35],[-113.249,78.367],[-113.16,78.404],[-113.073,78.424],[-112.929,78.452],[-112.41,78.526],[-112.242,78.545],[-111.884,78.559],[-111.821,78.569],[-111.709,78.575],[-111.52,78.603],[-111.445,78.629],[-110.898,78.716],[-110.672,78.752],[-110.629,78.753],[-110.399,78.755],[-110.14,78.704],[-110.08,78.697],[-110.004,78.682]]],[[[-110.004,78.09],[-110.004,77.929],[-110.167,77.909],[-110.391,77.894],[-110.887,77.861],[-110.862,77.835],[-110.866,77.834],[-110.857,77.82],[-110.812,77.803],[-110.719,77.781],[-110.696,77.782],[-110.629,77.763],[-110.236,77.781],[-110.189,77.777],[-110.153,77.763],[-110.131,77.742],[-110.117,77.716],[-110.117,77.625],[-110.139,77.572],[-110.198,77.525],[-110.372,77.491],[-110.683,77.446],[-110.894,77.426],[-111.06,77.433],[-111.226,77.428],[-111.952,77.344],[-112.177,77.344],[-112.372,77.364],[-112.644,77.444],[-112.9,77.472],[-112.949,77.483],[-112.994,77.504],[-113.17,77.586],[-113.18,77.603],[-113.137,77.617],[-113.121,77.633],[-113.168,77.677],[-113.19,77.718],[-113.271,77.778],[-113.283,77.813],[-113.283,77.833],[-113.281,77.839],[-113.269,77.86],[-113.268,77.861],[-113.171,77.909],[-113.161,77.913],[-113.022,77.919],[-112.804,77.942],[-112.666,77.96],[-111.063,78.085],[-110.873,78.081],[-110.727,78.097],[-110.475,78.103],[-110.457,78.103],[-110.004,78.09]]],[[[-114.748,77.829],[-114.988,77.924],[-115.029,77.968],[-114.89,77.977],[-114.79,77.993],[-114.732,78.014],[-114.459,78.055],[-114.302,78.038],[-114.303,78.033],[-114.28,78.004],[-114.181,77.998],[-114.112,77.983],[-114.035,77.961],[-113.898,77.916],[-113.873,77.913],[-113.654,77.849],[-113.618,77.832],[-113.62,77.814],[-113.726,77.776],[-113.832,77.755],[-114.106,77.721],[-114.287,77.722],[-114.409,77.74],[-114.748,77.829]]],[[[-116.182,77.197],[-116.386,77.139],[-116.231,77.048],[-116.197,77.043],[-116.1,77.025],[-115.949,76.91],[-116.11,76.918],[-116.183,76.916],[-116.253,76.901],[-116.234,76.874],[-116.016,76.784],[-115.944,76.736],[-115.946,76.711],[-115.985,76.687],[-116.076,76.654],[-116.221,76.611],[-116.467,76.577],[-116.54,76.571],[-116.767,76.556],[-117.022,76.54],[-117.023,76.525],[-117.024,76.497],[-117.016,76.489],[-117.013,76.469],[-117.026,76.403],[-117.045,76.373],[-117.108,76.322],[-117.154,76.298],[-117.234,76.281],[-117.347,76.273],[-117.492,76.273],[-117.58,76.289],[-117.672,76.314],[-117.966,76.395],[-117.993,76.406],[-118.002,76.419],[-117.975,76.5],[-117.884,76.627],[-117.831,76.701],[-117.834,76.71],[-117.808,76.734],[-117.78,76.784],[-117.818,76.804],[-117.869,76.805],[-117.873,76.816],[-117.896,76.813],[-118.215,76.777],[-118.235,76.753],[-118.301,76.737],[-118.37,76.701],[-118.409,76.662],[-118.422,76.621],[-118.67,76.546],[-118.75,76.522],[-118.886,76.53],[-118.949,76.499],[-118.813,76.477],[-118.8,76.464],[-118.644,76.417],[-118.625,76.366],[-118.643,76.335],[-118.811,76.277],[-118.851,76.258],[-118.955,76.168],[-118.994,76.145],[-119.081,76.124],[-119.168,76.126],[-119.249,76.159],[-119.368,76.222],[-119.37,76.223],[-119.471,76.33],[-119.501,76.327],[-119.524,76.34],[-119.58,76.326],[-119.592,76.319],[-119.593,76.318],[-119.595,76.317],[-119.649,76.28],[-119.65,76.264],[-119.66,76.254],[-119.642,76.212],[-119.636,76.19],[-119.64,76.157],[-119.74,76.118],[-119.725,76.1],[-119.576,76.059],[-119.543,75.982],[-119.608,75.985],[-119.667,75.946],[-119.735,75.915],[-119.913,75.859],[-120.161,75.852],[-120.293,75.834],[-120.535,75.98],[-120.551,75.996],[-120.658,76.164],[-120.824,76.182],[-120.839,76.182],[-120.848,76.183],[-120.853,76.181],[-120.853,76.181],[-120.95,76.177],[-120.988,76.15],[-121.023,76.091],[-121.03,76.08],[-121.015,76.034],[-121.013,76.028],[-121.019,76.02],[-121.213,75.984],[-121.32,75.977],[-121.428,75.981],[-121.496,75.991],[-121.5,75.993],[-121.592,76.008],[-121.789,76.04],[-121.795,76.041],[-121.806,76.043],[-122.055,76.033],[-122.113,76.005],[-122.303,75.96],[-122.4,75.944],[-122.533,75.951],[-122.591,75.973],[-122.622,75.995],[-122.572,76.033],[-122.563,76.069],[-122.546,76.08],[-122.548,76.097],[-122.554,76.1],[-122.537,76.162],[-122.638,76.177],[-122.783,76.15],[-122.903,76.135],[-122.878,76.165],[-122.774,76.228],[-122.519,76.353],[-122.45,76.38],[-122.357,76.402],[-121.614,76.442],[-121.561,76.453],[-121.513,76.476],[-121.43,76.483],[-121.114,76.656],[-121.102,76.661],[-120.998,76.691],[-120.485,76.793],[-120.438,76.816],[-120.432,76.821],[-120.363,76.837],[-120.345,76.861],[-120.325,76.889],[-120.208,76.929],[-120.2,76.931],[-120.177,76.94],[-119.538,77.164],[-119.495,77.177],[-119.416,77.206],[-119.294,77.249],[-119.09,77.305],[-118.82,77.333],[-118.135,77.373],[-118.042,77.376],[-117.965,77.373],[-117.915,77.371],[-117.42,77.317],[-117.229,77.29],[-117.151,77.295],[-116.982,77.308],[-116.933,77.334],[-116.916,77.343],[-116.844,77.34],[-116.795,77.347],[-116.704,77.38],[-116.766,77.398],[-116.833,77.407],[-116.833,77.418],[-116.832,77.485],[-116.764,77.533],[-116.762,77.533],[-116.337,77.538],[-116.209,77.516],[-116.008,77.461],[-115.551,77.363],[-115.476,77.324],[-115.47,77.309],[-115.507,77.292],[-115.624,77.266],[-115.779,77.243],[-116.182,77.197]]],[[[-113.561,76.743],[-113.712,76.711],[-114.162,76.732],[-114.782,76.767],[-114.808,76.774],[-114.826,76.787],[-114.809,76.803],[-114.665,76.846],[-114.637,76.852],[-114.499,76.867],[-114.256,76.881],[-113.936,76.893],[-113.865,76.892],[-113.707,76.873],[-113.585,76.847],[-113.517,76.825],[-113.487,76.783],[-113.561,76.743]]],[[[-110.002,75.539],[-110.002,75.431],[-110.002,74.888],[-110.003,74.851],[-110.176,74.84],[-110.319,74.822],[-110.384,74.819],[-110.425,74.806],[-110.543,74.78],[-110.625,74.753],[-110.749,74.688],[-110.941,74.639],[-111.287,74.585],[-111.729,74.502],[-112.45,74.424],[-112.54,74.416],[-112.907,74.405],[-113.121,74.408],[-113.473,74.428],[-113.474,74.428],[-113.56,74.437],[-113.672,74.453],[-113.837,74.489],[-113.958,74.519],[-114.024,74.536],[-114.198,74.581],[-114.268,74.604],[-114.377,74.671],[-114.313,74.715],[-114.133,74.766],[-113.863,74.812],[-113.324,74.875],[-112.836,74.976],[-112.751,74.985],[-112.377,75.0],[-112.158,75.008],[-111.956,75.0],[-111.886,75.002],[-111.877,75.002],[-111.671,74.992],[-111.276,75.095],[-110.934,75.226],[-111.002,75.258],[-111.182,75.266],[-111.197,75.257],[-111.474,75.191],[-111.621,75.168],[-111.781,75.166],[-111.922,75.151],[-112.344,75.16],[-112.478,75.2],[-112.597,75.212],[-112.653,75.205],[-112.703,75.187],[-112.788,75.144],[-112.97,75.107],[-113.34,75.093],[-113.712,75.069],[-113.794,75.084],[-113.845,75.112],[-113.855,75.13],[-113.861,75.188],[-113.886,75.211],[-113.856,75.255],[-113.851,75.262],[-113.811,75.296],[-113.759,75.322],[-113.503,75.397],[-113.467,75.416],[-113.589,75.412],[-113.609,75.41],[-113.977,75.468],[-114.039,75.423],[-114.053,75.417],[-114.061,75.408],[-114.284,75.25],[-114.285,75.25],[-114.429,75.281],[-114.483,75.285],[-114.514,75.276],[-114.504,75.258],[-114.358,75.171],[-114.356,75.141],[-114.452,75.088],[-114.859,75.0],[-115.02,74.976],[-115.077,74.985],[-115.128,75.009],[-115.174,75.049],[-115.241,75.082],[-115.282,75.135],[-115.385,75.136],[-115.56,75.137],[-115.576,75.126],[-115.596,75.112],[-115.552,75.071],[-115.574,75.056],[-115.609,75.01],[-115.683,74.974],[-115.699,74.972],[-116.174,75.054],[-116.232,75.076],[-116.22,75.081],[-116.243,75.125],[-116.254,75.144],[-116.335,75.209],[-116.537,75.192],[-116.587,75.166],[-116.841,75.152],[-117.005,75.156],[-117.472,75.201],[-117.522,75.214],[-117.526,75.215],[-117.565,75.233],[-117.6,75.272],[-117.597,75.292],[-117.576,75.314],[-117.513,75.357],[-117.388,75.422],[-117.335,75.442],[-117.258,75.459],[-117.154,75.473],[-117.069,75.475],[-116.457,75.482],[-116.213,75.483],[-116.077,75.493],[-115.341,75.617],[-115.295,75.624],[-115.264,75.635],[-115.259,75.637],[-115.251,75.638],[-115.204,75.656],[-115.086,75.697],[-115.12,75.693],[-115.117,75.695],[-115.122,75.706],[-116.034,75.607],[-116.426,75.585],[-117.025,75.602],[-117.138,75.617],[-117.164,75.645],[-117.038,75.718],[-116.973,75.746],[-116.802,75.772],[-116.39,75.808],[-116.046,75.828],[-115.659,75.841],[-115.477,75.841],[-115.371,75.85],[-115.0,75.862],[-114.96,75.908],[-115.39,75.895],[-115.602,75.895],[-116.289,75.882],[-116.425,75.889],[-116.444,75.891],[-116.654,75.929],[-116.664,75.958],[-116.581,75.992],[-116.55,76.017],[-116.61,76.074],[-116.591,76.096],[-116.454,76.143],[-116.21,76.194],[-116.157,76.197],[-115.893,76.192],[-115.768,76.184],[-114.939,76.166],[-114.827,76.171],[-114.639,76.167],[-114.617,76.174],[-114.854,76.189],[-114.88,76.195],[-115.025,76.211],[-115.664,76.24],[-115.797,76.253],[-115.822,76.27],[-115.832,76.296],[-115.826,76.33],[-115.779,76.365],[-115.621,76.423],[-115.559,76.44],[-115.203,76.476],[-115.097,76.483],[-114.734,76.505],[-114.656,76.504],[-114.361,76.482],[-114.299,76.475],[-114.194,76.452],[-114.141,76.423],[-114.116,76.396],[-114.113,76.349],[-114.107,76.34],[-114.125,76.307],[-114.012,76.22],[-113.981,76.196],[-113.863,76.2],[-113.689,76.205],[-113.387,76.246],[-113.363,76.248],[-113.171,76.258],[-112.978,76.245],[-112.698,76.202],[-112.334,76.072],[-111.968,75.968],[-111.953,75.892],[-112.16,75.857],[-112.231,75.817],[-112.232,75.817],[-111.913,75.827],[-111.877,75.826],[-111.709,75.832],[-111.549,75.822],[-111.513,75.811],[-111.454,75.762],[-111.373,75.676],[-111.35,75.661],[-111.371,75.628],[-111.315,75.554],[-111.215,75.526],[-111.193,75.52],[-110.787,75.548],[-110.635,75.558],[-110.459,75.555],[-110.003,75.539],[-110.002,75.539]]],[[[-110.003,76.46],[-110.003,76.255],[-110.151,76.278],[-110.201,76.289],[-110.247,76.306],[-110.285,76.333],[-110.314,76.369],[-110.309,76.397],[-110.27,76.417],[-110.165,76.442],[-110.083,76.446],[-110.003,76.46]]],[[[-118.899,75.538],[-118.926,75.541],[-119.086,75.569],[-119.223,75.579],[-119.211,75.697],[-119.041,75.757],[-119.003,75.77],[-118.626,75.906],[-118.379,75.958],[-118.137,75.994],[-117.889,76.076],[-117.752,76.112],[-117.634,76.115],[-117.513,76.099],[-117.499,76.077],[-117.626,75.966],[-117.716,75.921],[-117.891,75.805],[-118.226,75.611],[-118.328,75.58],[-118.614,75.515],[-118.727,75.519],[-118.899,75.538]]],[[[-119.612,74.126],[-119.598,74.134],[-119.499,74.191],[-119.471,74.201],[-119.315,74.206],[-119.206,74.198],[-119.171,74.186],[-119.149,74.168],[-119.139,74.128],[-119.132,74.028],[-119.128,74.025],[-119.138,74.005],[-119.103,73.999],[-118.927,74.009],[-118.797,74.077],[-118.801,74.118],[-118.803,74.135],[-118.825,74.15],[-118.744,74.192],[-118.705,74.205],[-118.615,74.227],[-118.221,74.265],[-118.2,74.267],[-117.966,74.266],[-117.762,74.255],[-117.677,74.248],[-117.639,74.245],[-117.515,74.232],[-117.218,74.175],[-117.071,74.131],[-116.717,74.025],[-115.958,73.748],[-115.634,73.666],[-115.511,73.619],[-115.456,73.585],[-115.408,73.542],[-115.393,73.502],[-115.412,73.465],[-115.447,73.439],[-115.524,73.417],[-115.992,73.323],[-116.239,73.295],[-116.483,73.253],[-116.827,73.167],[-117.152,73.092],[-117.464,73.038],[-117.983,72.902],[-118.962,72.684],[-119.018,72.663],[-119.112,72.641],[-119.127,72.634],[-119.154,72.622],[-119.212,72.536],[-119.408,72.36],[-119.445,72.34],[-119.638,72.274],[-119.768,72.244],[-120.09,72.229],[-120.18,72.213],[-120.187,72.17],[-120.322,72.007],[-120.333,71.945],[-120.366,71.888],[-120.443,71.631],[-120.461,71.605],[-120.52,71.557],[-120.612,71.51],[-121.041,71.431],[-121.16,71.415],[-121.428,71.393],[-121.546,71.407],[-121.547,71.407],[-121.622,71.448],[-121.701,71.451],[-121.749,71.445],[-121.999,71.335],[-122.372,71.226],[-122.549,71.194],[-122.72,71.128],[-122.84,71.097],[-122.937,71.088],[-123.096,71.094],[-123.211,71.124],[-123.315,71.169],[-123.393,71.219],[-123.536,71.363],[-123.549,71.379],[-123.657,71.503],[-123.925,71.635],[-123.953,71.652],[-124.008,71.678],[-124.016,71.679],[-124.051,71.696],[-124.545,71.791],[-124.569,71.795],[-124.76,71.835],[-125.126,71.924],[-125.215,71.955],[-125.297,71.973],[-125.478,71.968],[-125.504,71.973],[-125.702,72.046],[-125.728,72.116],[-125.708,72.152],[-125.584,72.183],[-125.613,72.193],[-125.634,72.21],[-125.636,72.216],[-125.577,72.265],[-125.576,72.265],[-125.513,72.308],[-125.453,72.367],[-125.401,72.41],[-125.383,72.424],[-125.306,72.451],[-125.194,72.509],[-124.97,72.563],[-125.015,72.735],[-125.015,72.776],[-125.0,72.813],[-124.97,72.843],[-124.944,72.856],[-124.437,72.944],[-124.476,72.963],[-124.534,72.991],[-124.579,72.996],[-124.588,73.005],[-124.643,73.019],[-124.703,73.021],[-124.782,73.137],[-124.647,73.204],[-124.594,73.243],[-124.483,73.358],[-124.46,73.375],[-124.263,73.475],[-124.114,73.527],[-124.088,73.564],[-124.041,73.588],[-123.877,73.7],[-123.867,73.706],[-123.88,73.724],[-123.797,73.768],[-123.798,73.785],[-123.873,73.828],[-123.963,73.84],[-123.968,73.847],[-124.114,73.868],[-124.192,73.902],[-124.261,73.953],[-124.462,74.142],[-124.473,74.19],[-124.541,74.25],[-124.573,74.277],[-124.643,74.299],[-124.645,74.304],[-124.709,74.327],[-124.697,74.347],[-124.528,74.36],[-123.756,74.416],[-122.296,74.476],[-121.934,74.524],[-121.748,74.541],[-121.523,74.545],[-121.496,74.544],[-121.315,74.53],[-121.129,74.49],[-120.882,74.421],[-120.555,74.353],[-120.035,74.268],[-119.794,74.099],[-119.729,74.109],[-119.728,74.108],[-119.728,74.109],[-119.612,74.126]]],[[[-110.002,72.976],[-110.001,72.75],[-110.485,72.844],[-110.512,72.851],[-110.566,72.88],[-110.689,72.945],[-110.668,72.993],[-110.664,72.995],[-110.588,73.004],[-110.509,72.999],[-110.425,72.998],[-110.002,72.976]]],[[[-110.001,72.636],[-110.001,72.626],[-110.014,72.634],[-110.001,72.636]]],[[[-110.001,72.482],[-110.001,72.173],[-110.001,71.63],[-110.0,71.087],[-110.0,70.544],[-110.0,70.001],[-110.313,70.001],[-110.625,70.001],[-110.938,70.001],[-111.25,70.001],[-111.562,70.001],[-111.875,70.001],[-112.187,70.001],[-112.5,70.001],[-112.5,69.912],[-112.65,69.834],[-112.762,69.834],[-112.875,69.833],[-112.878,69.912],[-112.881,70.001],[-113.427,70.001],[-113.955,70.001],[-114.483,70.002],[-115.011,70.002],[-115.539,70.002],[-116.068,70.002],[-116.596,70.002],[-117.055,70.002],[-117.075,69.889],[-116.948,69.825],[-116.821,69.76],[-116.694,69.695],[-116.65,69.65],[-116.856,69.65],[-116.993,69.719],[-117.104,69.804],[-117.122,69.826],[-117.149,69.888],[-117.184,69.991],[-117.195,70.054],[-117.169,70.084],[-117.007,70.117],[-116.904,70.13],[-116.228,70.201],[-116.015,70.218],[-114.992,70.289],[-114.592,70.312],[-114.167,70.307],[-113.917,70.282],[-113.666,70.27],[-113.407,70.266],[-112.713,70.219],[-112.539,70.228],[-111.407,70.287],[-111.434,70.312],[-111.467,70.343],[-112.633,70.551],[-113.054,70.601],[-113.145,70.616],[-113.397,70.652],[-113.757,70.691],[-113.816,70.692],[-113.988,70.713],[-114.278,70.675],[-114.331,70.675],[-114.593,70.642],[-114.667,70.636],[-115.058,70.612],[-115.311,70.601],[-115.955,70.587],[-116.034,70.599],[-116.27,70.635],[-116.888,70.617],[-117.132,70.61],[-117.561,70.628],[-117.597,70.649],[-117.695,70.707],[-117.996,70.791],[-118.051,70.807],[-118.264,70.888],[-118.377,70.968],[-118.352,71.0],[-118.269,71.035],[-117.945,71.131],[-117.913,71.139],[-117.814,71.158],[-117.369,71.206],[-116.998,71.24],[-116.147,71.36],[-116.042,71.362],[-115.943,71.375],[-115.696,71.385],[-116.031,71.42],[-116.045,71.423],[-116.044,71.444],[-115.897,71.475],[-115.734,71.485],[-115.472,71.466],[-115.444,71.467],[-115.426,71.464],[-115.38,71.465],[-115.331,71.466],[-115.182,71.5],[-115.039,71.532],[-115.502,71.547],[-115.561,71.543],[-115.587,71.546],[-116.418,71.475],[-116.82,71.444],[-117.051,71.439],[-117.325,71.451],[-117.371,71.453],[-117.547,71.495],[-117.635,71.473],[-117.622,71.459],[-117.613,71.449],[-117.645,71.406],[-117.65,71.399],[-117.723,71.391],[-117.936,71.392],[-118.188,71.436],[-118.222,71.449],[-118.226,71.467],[-118.157,71.52],[-118.132,71.528],[-117.878,71.561],[-117.874,71.564],[-117.67,71.581],[-117.698,71.665],[-117.848,71.661],[-117.888,71.661],[-118.045,71.654],[-118.42,71.642],[-118.583,71.649],[-118.868,71.687],[-118.952,71.732],[-118.988,71.764],[-118.994,71.803],[-118.984,71.913],[-118.968,71.953],[-118.9,72.0],[-118.644,72.123],[-118.509,72.155],[-118.309,72.204],[-118.307,72.228],[-118.213,72.263],[-118.207,72.287],[-118.246,72.311],[-118.299,72.332],[-118.298,72.347],[-118.354,72.355],[-118.391,72.37],[-118.449,72.399],[-118.481,72.428],[-118.456,72.473],[-118.374,72.534],[-118.133,72.633],[-117.872,72.722],[-117.417,72.869],[-117.257,72.914],[-116.971,72.959],[-116.785,73.004],[-115.792,73.173],[-115.584,73.209],[-115.552,73.214],[-115.434,73.234],[-114.628,73.371],[-114.627,73.371],[-114.302,73.331],[-114.206,73.298],[-114.164,73.27],[-114.127,73.231],[-114.095,73.18],[-114.052,73.071],[-114.046,73.015],[-114.054,72.958],[-114.075,72.907],[-114.109,72.861],[-114.178,72.805],[-114.28,72.739],[-114.296,72.731],[-114.374,72.696],[-114.568,72.61],[-114.568,72.57],[-114.567,72.564],[-114.172,72.608],[-113.677,72.663],[-113.674,72.666],[-113.622,72.647],[-113.578,72.652],[-113.5,72.694],[-113.486,72.722],[-113.496,72.754],[-113.491,72.822],[-113.466,72.847],[-113.362,72.909],[-113.155,72.979],[-113.123,72.99],[-113.073,72.995],[-112.924,72.991],[-112.464,72.938],[-112.454,72.937],[-112.048,72.888],[-111.456,72.766],[-111.27,72.714],[-111.25,72.669],[-111.355,72.572],[-111.611,72.436],[-111.816,72.386],[-111.895,72.356],[-111.868,72.352],[-111.881,72.349],[-111.83,72.331],[-111.689,72.285],[-111.284,72.38],[-111.284,72.378],[-111.268,72.364],[-111.184,72.357],[-111.14,72.365],[-110.959,72.432],[-110.889,72.472],[-110.864,72.478],[-110.779,72.508],[-110.611,72.567],[-110.397,72.531],[-110.114,72.482],[-110.001,72.482]]]]}},{"type":"Feature","id":"NU","properties":{"id":"NU"},"geometry":{"type":"MultiPolygon","coordinates":[[[[-94.798,60.002],[-95.253,60.001],[-95.703,60.001],[-96.153,60.001],[-96.603,60.001],[-97.052,60.001],[-97.502,60.001],[-97.952,60.001],[-98.402,60.001],[-98.852,60.001],[-99.302,60.001],[-99.752,60.001],[-100.202,60.001],[-100.652,60.001],[-101.102,60.001],[-101.552,60.001],[-102.002,60.001],[-102.002,60.242],[-102.002,60.482],[-102.002,60.723],[-102.003,60.963],[-102.003,61.204],[-102.003,61.444],[-102.003,61.685],[-102.004,61.925],[-102.004,62.166],[-102.004,62.406],[-102.004,62.647],[-102.004,62.887],[-102.005,63.128],[-102.005,63.368],[-102.005,63.609],[-102.006,63.849],[-101.986,64.08],[-101.999,64.228],[-102.435,64.263],[-102.871,64.297],[-103.307,64.332],[-103.743,64.366],[-104.179,64.401],[-104.614,64.435],[-105.05,64.469],[-105.486,64.504],[-105.922,64.538],[-106.358,64.573],[-106.794,64.607],[-107.23,64.641],[-107.665,64.676],[-108.101,64.71],[-108.537,64.745],[-108.973,64.779],[-109.215,64.813],[-109.516,64.903],[-109.805,65.051],[-110.093,65.2],[-110.381,65.349],[-110.669,65.497],[-111.128,65.498],[-111.587,65.5],[-112.045,65.501],[-112.504,65.502],[-112.759,65.581],[-113.015,65.659],[-113.27,65.737],[-113.526,65.815],[-113.781,65.893],[-114.036,65.971],[-114.292,66.049],[-114.547,66.127],[-114.803,66.206],[-115.058,66.284],[-115.314,66.362],[-115.569,66.44],[-115.825,66.518],[-116.08,66.596],[-116.335,66.674],[-116.591,66.753],[-116.846,66.831],[-117.102,66.909],[-117.357,66.987],[-117.613,67.065],[-117.868,67.143],[-118.123,67.221],[-118.379,67.3],[-118.634,67.378],[-118.89,67.456],[-119.145,67.534],[-119.401,67.612],[-119.656,67.69],[-119.912,67.768],[-120.167,67.847],[-120.422,67.925],[-120.678,68.003],[-120.678,68.209],[-120.679,68.414],[-120.679,68.62],[-120.68,68.826],[-120.68,69.032],[-120.68,69.237],[-120.682,69.55],[-120.272,69.404],[-120.19,69.394],[-120.14,69.381],[-119.853,69.342],[-119.559,69.317],[-118.671,69.209],[-118.486,69.145],[-118.307,69.093],[-118.095,69.043],[-117.947,69.019],[-117.838,68.994],[-117.565,68.967],[-117.311,68.935],[-117.227,68.913],[-117.132,68.907],[-117.041,68.915],[-116.176,68.829],[-116.187,68.845],[-116.06,68.837],[-116.065,68.855],[-116.228,68.945],[-116.063,68.968],[-115.936,68.958],[-115.883,68.987],[-115.807,68.987],[-115.631,68.972],[-115.442,68.941],[-115.24,68.892],[-114.994,68.85],[-114.705,68.77],[-114.512,68.701],[-114.414,68.66],[-114.218,68.552],[-114.111,68.477],[-114.092,68.435],[-114.051,68.415],[-113.994,68.415],[-113.967,68.395],[-114.021,68.307],[-114.053,68.283],[-114.096,68.267],[-114.275,68.248],[-114.765,68.27],[-114.782,68.256],[-114.818,68.257],[-114.971,68.227],[-115.164,68.189],[-115.154,68.117],[-115.176,68.104],[-115.187,68.084],[-115.167,68.019],[-115.202,67.998],[-115.282,67.972],[-115.623,67.913],[-115.413,67.873],[-115.154,67.824],[-115.146,67.824],[-115.133,67.819],[-115.011,67.806],[-114.971,67.808],[-114.526,67.769],[-114.43,67.751],[-114.267,67.731],[-114.176,67.735],[-114.051,67.727],[-113.893,67.707],[-113.759,67.702],[-113.66,67.694],[-112.981,67.683],[-112.879,67.68],[-112.785,67.68],[-112.573,67.677],[-112.532,67.682],[-112.503,67.682],[-112.435,67.685],[-112.39,67.698],[-112.073,67.734],[-111.921,67.744],[-111.664,67.737],[-111.567,67.745],[-111.154,67.779],[-111.09,67.788],[-111.087,67.788],[-110.99,67.791],[-110.864,67.819],[-110.816,67.826],[-110.777,67.831],[-110.345,67.954],[-110.216,67.954],[-110.102,67.992],[-110.074,67.993],[-110.043,67.977],[-109.968,67.914],[-109.986,67.876],[-109.957,67.843],[-109.772,67.753],[-109.714,67.724],[-109.568,67.698],[-109.544,67.694],[-109.496,67.713],[-109.45,67.731],[-109.224,67.73],[-109.081,67.711],[-109.038,67.691],[-108.995,67.637],[-108.968,67.532],[-108.95,67.494],[-108.891,67.438],[-108.852,67.422],[-108.815,67.438],[-108.771,67.502],[-108.416,67.404],[-108.306,67.387],[-107.989,67.256],[-107.93,67.202],[-107.909,67.163],[-107.929,67.127],[-107.991,67.095],[-108.088,67.07],[-108.221,67.051],[-108.344,67.057],[-108.459,67.09],[-108.496,67.092],[-108.455,67.063],[-108.218,66.941],[-108.158,66.893],[-108.155,66.891],[-108.147,66.851],[-108.144,66.844],[-108.141,66.839],[-108.004,66.797],[-107.961,66.784],[-107.958,66.781],[-107.823,66.714],[-107.731,66.659],[-107.705,66.637],[-107.48,66.492],[-107.374,66.435],[-107.334,66.419],[-107.284,66.388],[-107.286,66.401],[-107.259,66.399],[-107.278,66.425],[-107.292,66.434],[-107.297,66.46],[-107.298,66.466],[-107.46,66.571],[-107.676,66.712],[-107.71,66.74],[-107.728,66.765],[-107.698,66.989],[-107.626,67.003],[-107.499,66.936],[-107.461,66.929],[-107.457,66.92],[-107.624,66.943],[-107.673,66.95],[-107.633,66.926],[-107.468,66.83],[-107.453,66.828],[-107.432,66.826],[-107.424,66.842],[-107.404,66.881],[-107.273,66.865],[-107.104,66.844],[-107.18,66.979],[-107.267,67.131],[-107.441,67.252],[-107.645,67.394],[-107.651,67.428],[-107.638,67.474],[-107.65,67.511],[-107.753,67.587],[-107.796,67.607],[-107.818,67.64],[-107.829,67.657],[-107.696,67.896],[-107.518,68.058],[-107.509,68.059],[-107.446,68.05],[-107.351,68.061],[-107.241,68.089],[-107.066,68.108],[-106.994,68.106],[-106.922,68.114],[-106.836,68.129],[-106.825,68.133],[-106.72,68.144],[-106.616,68.188],[-106.562,68.211],[-106.535,68.209],[-106.459,68.196],[-106.424,68.201],[-106.43,68.288],[-106.404,68.319],[-106.329,68.355],[-106.137,68.384],[-105.948,68.411],[-105.843,68.413],[-105.739,68.415],[-105.693,68.442],[-105.68,68.514],[-105.656,68.64],[-105.768,68.64],[-105.866,68.64],[-105.906,68.632],[-105.932,68.636],[-106.027,68.623],[-106.237,68.577],[-106.458,68.517],[-106.532,68.468],[-106.719,68.397],[-106.73,68.393],[-106.764,68.407],[-106.789,68.417],[-106.864,68.416],[-106.961,68.414],[-107.382,68.328],[-107.508,68.342],[-107.605,68.354],[-107.744,68.345],[-107.833,68.339],[-107.846,68.327],[-107.87,68.27],[-107.876,68.257],[-107.777,68.241],[-107.708,68.187],[-107.729,68.177],[-107.802,68.171],[-108.027,68.163],[-108.105,68.169],[-108.261,68.15],[-108.323,68.154],[-108.368,68.178],[-108.496,68.218],[-108.585,68.262],[-108.617,68.256],[-108.686,68.277],[-108.718,68.298],[-108.641,68.378],[-108.346,68.598],[-108.313,68.611],[-107.766,68.649],[-107.436,68.689],[-107.415,68.693],[-107.352,68.698],[-107.114,68.746],[-106.787,68.813],[-106.714,68.82],[-106.324,68.899],[-106.174,68.919],[-105.993,68.902],[-105.798,68.865],[-105.685,68.828],[-105.606,68.782],[-105.54,68.719],[-105.496,68.644],[-105.522,68.484],[-105.535,68.408],[-104.932,68.25],[-104.89,68.238],[-104.872,68.232],[-104.659,68.155],[-104.661,68.149],[-104.628,68.121],[-104.539,68.085],[-104.451,68.026],[-104.227,68.033],[-104.194,68.031],[-104.046,68.036],[-104.045,67.992],[-104.044,67.951],[-104.084,67.891],[-103.837,68.007],[-103.786,68.03],[-103.719,68.052],[-103.67,68.068],[-103.657,68.069],[-103.513,68.105],[-103.289,67.998],[-103.083,67.899],[-102.633,67.795],[-102.13,67.678],[-101.85,67.736],[-101.81,67.721],[-101.778,67.709],[-101.66,67.702],[-101.595,67.698],[-101.555,67.693],[-101.544,67.695],[-101.525,67.694],[-101.443,67.699],[-101.438,67.699],[-100.887,67.77],[-100.633,67.761],[-100.623,67.738],[-100.621,67.731],[-100.502,67.808],[-100.194,67.836],[-100.182,67.837],[-99.773,67.815],[-99.472,67.784],[-99.394,67.767],[-99.186,67.714],[-99.102,67.722],[-99.032,67.719],[-98.92,67.726],[-98.812,67.744],[-98.793,67.75],[-98.488,67.779],[-98.496,67.795],[-98.453,67.798],[-98.412,67.807],[-98.417,67.827],[-98.468,67.856],[-98.539,67.885],[-98.541,67.888],[-98.508,68.032],[-98.415,67.988],[-98.062,67.77],[-97.978,67.739],[-97.931,67.711],[-97.607,67.631],[-97.455,67.617],[-97.274,67.666],[-97.195,67.697],[-97.155,67.726],[-97.157,67.755],[-97.14,67.796],[-97.158,67.822],[-97.206,67.855],[-97.336,67.901],[-97.547,67.961],[-97.739,67.978],[-97.913,67.954],[-98.11,67.903],[-98.192,67.923],[-98.418,68.053],[-98.413,68.055],[-98.313,68.104],[-98.322,68.138],[-98.339,68.202],[-98.445,68.248],[-98.628,68.328],[-98.633,68.331],[-98.65,68.364],[-98.562,68.371],[-98.522,68.384],[-98.469,68.382],[-98.223,68.319],[-98.21,68.313],[-98.178,68.315],[-98.137,68.318],[-97.71,68.375],[-97.714,68.378],[-97.786,68.425],[-97.906,68.477],[-97.928,68.487],[-97.939,68.51],[-97.925,68.524],[-97.828,68.533],[-97.639,68.482],[-97.598,68.479],[-97.591,68.477],[-97.574,68.472],[-97.57,68.477],[-97.548,68.475],[-97.481,68.495],[-97.411,68.497],[-97.336,68.479],[-97.266,68.453],[-97.136,68.378],[-97.072,68.333],[-97.049,68.311],[-97.07,68.28],[-97.002,68.268],[-96.999,68.265],[-96.977,68.255],[-96.934,68.255],[-96.572,68.188],[-96.77,68.109],[-96.762,68.041],[-96.719,68.021],[-96.63,68.035],[-96.529,68.051],[-96.524,68.067],[-96.494,68.085],[-96.461,68.136],[-96.439,68.151],[-96.076,68.236],[-95.97,68.249],[-95.998,68.21],[-96.0,68.209],[-96.003,68.204],[-96.036,68.158],[-96.059,68.101],[-96.13,67.973],[-96.194,67.857],[-96.181,67.791],[-96.199,67.718],[-96.229,67.679],[-96.26,67.651],[-96.401,67.57],[-96.42,67.559],[-96.425,67.538],[-96.43,67.517],[-96.313,67.407],[-96.218,67.317],[-96.222,67.307],[-96.234,67.276],[-96.125,67.227],[-95.946,67.277],[-95.862,67.3],[-95.724,67.264],[-95.783,67.194],[-95.778,67.185],[-95.626,67.212],[-95.596,67.213],[-95.58,67.205],[-95.464,67.147],[-95.416,67.155],[-95.405,67.116],[-95.407,67.056],[-95.419,67.013],[-95.457,66.989],[-95.502,66.98],[-95.559,66.973],[-95.611,66.976],[-95.769,66.967],[-95.862,66.978],[-95.954,67.011],[-96.019,67.019],[-96.095,66.994],[-96.216,66.998],[-96.35,67.07],[-96.404,67.063],[-96.423,67.052],[-96.42,67.036],[-96.36,66.989],[-95.885,66.741],[-95.813,66.69],[-95.797,66.617],[-95.788,66.617],[-95.743,66.69],[-95.772,66.726],[-96.016,66.871],[-96.045,66.923],[-96.037,66.938],[-95.972,66.952],[-95.625,66.916],[-95.49,66.924],[-95.4,66.95],[-95.354,66.981],[-95.321,67.153],[-95.31,67.172],[-95.306,67.172],[-95.148,67.262],[-95.195,67.343],[-95.328,67.569],[-95.486,67.659],[-95.54,67.745],[-95.575,67.8],[-95.502,67.915],[-95.418,68.047],[-95.384,68.056],[-95.235,68.06],[-95.194,68.069],[-95.024,68.064],[-94.955,68.05],[-94.861,68.042],[-94.8,68.057],[-94.722,68.055],[-94.406,68.206],[-94.289,68.278],[-94.255,68.297],[-94.098,68.399],[-93.928,68.474],[-93.868,68.489],[-93.859,68.491],[-93.682,68.525],[-93.544,68.546],[-93.475,68.557],[-93.453,68.566],[-93.475,68.588],[-93.485,68.598],[-93.483,68.599],[-93.449,68.619],[-93.507,68.621],[-93.54,68.739],[-93.576,68.869],[-93.664,68.986],[-93.894,69.012],[-94.054,68.904],[-94.053,68.896],[-94.051,68.86],[-94.034,68.855],[-94.0,68.844],[-93.966,68.853],[-93.992,68.821],[-94.065,68.785],[-94.217,68.76],[-94.439,68.745],[-94.464,68.751],[-94.589,68.78],[-94.591,68.784],[-94.474,68.927],[-94.451,68.955],[-94.4,68.955],[-94.152,69.084],[-94.154,69.089],[-94.084,69.123],[-94.081,69.136],[-94.181,69.136],[-94.258,69.158],[-94.282,69.233],[-94.271,69.285],[-94.255,69.314],[-94.156,69.342],[-93.854,69.376],[-93.694,69.404],[-93.735,69.356],[-93.763,69.322],[-93.767,69.32],[-93.861,69.266],[-93.844,69.17],[-93.674,69.233],[-93.342,69.385],[-93.472,69.51],[-93.541,69.535],[-93.552,69.539],[-93.56,69.538],[-93.686,69.525],[-93.73,69.507],[-93.794,69.498],[-93.909,69.46],[-94.206,69.45],[-94.271,69.455],[-94.307,69.466],[-94.503,69.582],[-94.59,69.635],[-94.603,69.633],[-94.634,69.65],[-94.676,69.657],[-94.713,69.649],[-94.761,69.609],[-94.888,69.59],[-95.29,69.667],[-95.293,69.668],[-95.491,69.718],[-95.587,69.756],[-95.707,69.778],[-95.833,69.784],[-95.928,69.828],[-96.244,69.974],[-96.269,69.992],[-96.408,70.075],[-96.5,70.136],[-96.505,70.144],[-96.549,70.291],[-96.502,70.357],[-96.337,70.47],[-96.31,70.499],[-96.279,70.519],[-96.226,70.542],[-96.123,70.561],[-96.048,70.567],[-95.879,70.549],[-95.937,70.574],[-95.923,70.575],[-95.987,70.617],[-95.886,70.694],[-95.906,70.698],[-96.187,70.638],[-96.205,70.639],[-96.33,70.691],[-96.449,70.741],[-96.549,70.809],[-96.551,70.89],[-96.491,71.002],[-96.471,71.07],[-96.471,71.07],[-96.417,71.178],[-96.44,71.246],[-96.406,71.274],[-96.271,71.339],[-96.14,71.396],[-96.062,71.414],[-95.994,71.411],[-95.924,71.393],[-95.851,71.361],[-95.792,71.346],[-95.785,71.341],[-95.751,71.33],[-95.648,71.296],[-95.531,71.304],[-95.406,71.457],[-95.355,71.519],[-95.378,71.517],[-95.483,71.505],[-95.613,71.504],[-95.772,71.516],[-95.851,71.552],[-95.855,71.553],[-95.872,71.573],[-95.838,71.598],[-95.616,71.685],[-95.612,71.689],[-95.541,71.708],[-95.263,71.742],[-95.231,71.776],[-95.167,71.844],[-95.223,71.876],[-95.214,71.898],[-95.201,71.904],[-94.887,71.963],[-94.735,71.983],[-94.611,71.987],[-94.557,71.979],[-94.491,71.916],[-94.481,71.86],[-94.486,71.86],[-94.554,71.864],[-94.616,71.834],[-94.624,71.83],[-94.583,71.76],[-94.347,71.784],[-94.308,71.765],[-94.171,71.758],[-94.086,71.771],[-93.931,71.768],[-93.851,71.755],[-93.754,71.712],[-93.782,71.674],[-93.763,71.638],[-93.576,71.569],[-93.407,71.521],[-93.256,71.461],[-93.031,71.336],[-92.983,71.3],[-92.949,71.262],[-92.89,71.122],[-92.883,71.069],[-92.904,70.916],[-92.922,70.887],[-92.935,70.88],[-92.962,70.873],[-92.953,70.869],[-92.981,70.852],[-92.961,70.838],[-92.783,70.798],[-92.642,70.719],[-92.567,70.693],[-92.389,70.65],[-92.356,70.634],[-92.315,70.607],[-92.215,70.493],[-92.049,70.39],[-92.037,70.367],[-92.072,70.319],[-92.047,70.303],[-91.984,70.285],[-91.964,70.289],[-91.954,70.28],[-91.947,70.274],[-91.891,70.32],[-91.876,70.331],[-91.82,70.342],[-91.761,70.326],[-91.716,70.299],[-91.654,70.233],[-91.564,70.178],[-91.572,70.162],[-91.607,70.151],[-91.892,70.135],[-91.995,70.143],[-92.049,70.155],[-92.172,70.197],[-92.269,70.23],[-92.269,70.229],[-92.29,70.24],[-92.32,70.235],[-92.363,70.201],[-92.455,70.15],[-92.512,70.104],[-92.505,70.102],[-92.509,70.1],[-92.48,70.067],[-92.331,70.084],[-92.127,70.084],[-92.058,70.071],[-91.977,70.039],[-92.065,69.986],[-92.835,69.719],[-92.833,69.712],[-92.829,69.688],[-92.888,69.668],[-92.855,69.655],[-92.803,69.651],[-92.643,69.659],[-92.633,69.661],[-92.464,69.638],[-92.212,69.605],[-92.209,69.603],[-92.12,69.582],[-91.911,69.527],[-91.804,69.499],[-91.752,69.523],[-91.631,69.579],[-91.532,69.615],[-91.384,69.649],[-91.203,69.645],[-91.213,69.631],[-91.23,69.606],[-91.246,69.598],[-91.305,69.581],[-91.405,69.546],[-91.613,69.523],[-91.597,69.52],[-91.563,69.513],[-91.117,69.519],[-91.042,69.507],[-90.842,69.475],[-90.74,69.511],[-90.667,69.515],[-90.555,69.504],[-90.451,69.475],[-90.416,69.457],[-90.513,69.445],[-90.605,69.445],[-90.684,69.428],[-90.749,69.392],[-90.794,69.347],[-90.795,69.346],[-90.81,69.337],[-91.053,69.318],[-91.058,69.318],[-91.066,69.317],[-91.151,69.31],[-91.206,69.306],[-91.197,69.302],[-91.218,69.302],[-91.237,69.286],[-90.745,69.106],[-90.587,68.947],[-90.522,68.907],[-90.516,68.891],[-90.501,68.843],[-90.539,68.82],[-90.542,68.786],[-90.51,68.689],[-90.525,68.611],[-90.574,68.475],[-90.528,68.432],[-90.436,68.399],[-90.362,68.336],[-90.256,68.246],[-90.095,68.26],[-89.798,68.543],[-89.736,68.669],[-89.737,68.867],[-89.72,68.932],[-89.667,69.015],[-89.552,69.085],[-89.352,69.227],[-89.28,69.255],[-89.199,69.269],[-89.057,69.266],[-88.953,69.22],[-88.814,69.136],[-88.638,69.059],[-88.315,68.954],[-88.224,68.915],[-88.042,68.812],[-87.964,68.709],[-87.912,68.565],[-87.866,68.478],[-87.828,68.448],[-87.81,68.404],[-87.814,68.346],[-87.828,68.3],[-87.853,68.267],[-87.893,68.248],[-87.991,68.242],[-88.007,68.243],[-88.156,68.293],[-88.169,68.383],[-88.236,68.348],[-88.301,68.314],[-88.302,68.309],[-88.347,68.288],[-88.361,68.26],[-88.324,68.177],[-88.348,68.044],[-88.354,68.005],[-88.344,67.982],[-88.329,67.947],[-88.269,67.873],[-88.249,67.848],[-88.196,67.766],[-88.164,67.743],[-88.128,67.699],[-88.033,67.651],[-87.997,67.626],[-87.499,67.355],[-87.471,67.325],[-87.418,67.214],[-87.418,67.214],[-87.422,67.204],[-87.416,67.171],[-87.276,67.133],[-87.069,67.217],[-87.027,67.299],[-86.924,67.356],[-86.847,67.388],[-86.831,67.391],[-86.763,67.405],[-86.75,67.406],[-86.717,67.414],[-86.515,67.339],[-86.468,67.486],[-86.476,67.627],[-86.476,67.63],[-86.063,67.985],[-85.967,68.033],[-85.877,68.077],[-85.783,68.253],[-85.714,68.384],[-85.692,68.652],[-85.652,68.694],[-85.643,68.7],[-85.563,68.729],[-85.522,68.766],[-85.495,68.773],[-85.492,68.774],[-85.414,68.771],[-85.338,68.746],[-85.275,68.741],[-85.073,68.757],[-84.728,68.743],[-84.722,68.782],[-84.813,68.822],[-85.023,68.825],[-85.057,68.833],[-85.038,68.902],[-85.035,68.915],[-84.955,68.957],[-84.916,68.962],[-84.898,68.985],[-84.634,69.036],[-84.924,69.104],[-85.114,69.166],[-85.229,69.163],[-85.247,69.164],[-85.276,69.172],[-85.351,69.213],[-85.394,69.247],[-85.428,69.318],[-85.432,69.354],[-85.416,69.411],[-85.402,69.427],[-85.409,69.453],[-85.437,69.488],[-85.439,69.52],[-85.416,69.548],[-85.43,69.581],[-85.468,69.608],[-85.465,69.691],[-85.414,69.726],[-85.401,69.735],[-85.398,69.736],[-85.232,69.818],[-85.177,69.805],[-85.02,69.805],[-84.834,69.835],[-84.645,69.85],[-84.319,69.844],[-84.242,69.835],[-84.102,69.796],[-84.0,69.765],[-83.974,69.761],[-83.917,69.745],[-83.665,69.7],[-83.601,69.702],[-83.43,69.675],[-82.968,69.684],[-82.753,69.688],[-82.543,69.659],[-82.417,69.642],[-82.543,69.569],[-82.555,69.526],[-82.633,69.518],[-82.755,69.494],[-82.642,69.458],[-82.31,69.41],[-82.237,69.338],[-82.243,69.293],[-82.217,69.289],[-82.247,69.265],[-82.228,69.249],[-82.15,69.249],[-82.044,69.263],[-81.991,69.256],[-81.77,69.261],[-81.732,69.258],[-81.412,69.198],[-81.378,69.186],[-81.324,69.141],[-81.322,69.138],[-81.329,69.12],[-81.612,69.003],[-81.758,68.957],[-81.952,68.909],[-81.958,68.884],[-81.687,68.879],[-81.476,68.866],[-81.381,68.85],[-81.331,68.828],[-81.263,68.781],[-81.253,68.743],[-81.259,68.692],[-81.281,68.657],[-81.527,68.556],[-81.64,68.524],[-81.832,68.487],[-81.915,68.459],[-82.006,68.463],[-82.106,68.499],[-82.21,68.506],[-82.339,68.486],[-82.535,68.518],[-82.555,68.489],[-82.552,68.451],[-82.553,68.446],[-82.551,68.445],[-82.547,68.404],[-82.471,68.388],[-82.464,68.382],[-82.413,68.357],[-82.408,68.352],[-82.398,68.334],[-82.431,68.307],[-82.423,68.297],[-82.392,68.285],[-82.35,68.25],[-82.293,68.15],[-82.194,68.057],[-82.147,68.013],[-82.097,67.985],[-82.063,67.928],[-81.977,67.862],[-81.869,67.802],[-81.709,67.722],[-81.493,67.637],[-81.412,67.595],[-81.294,67.497],[-81.27,67.46],[-81.301,67.357],[-81.387,67.189],[-81.443,67.093],[-81.468,67.07],[-81.63,67.002],[-81.664,66.996],[-81.748,66.989],[-81.756,66.987],[-81.874,66.988],[-81.925,66.975],[-82.005,66.92],[-82.113,66.825],[-82.193,66.768],[-82.317,66.724],[-82.375,66.709],[-82.414,66.69],[-82.735,66.576],[-82.949,66.551],[-83.199,66.431],[-83.258,66.408],[-83.507,66.394],[-83.557,66.443],[-83.636,66.521],[-83.716,66.545],[-83.93,66.72],[-83.887,66.885],[-83.93,66.851],[-84.013,66.789],[-84.151,66.809],[-84.309,66.832],[-84.273,66.839],[-84.31,66.863],[-84.403,66.901],[-84.466,66.975],[-84.477,66.987],[-84.872,67.05],[-85.011,66.967],[-85.04,66.956],[-85.114,66.907],[-85.114,66.905],[-85.163,66.876],[-85.06,66.85],[-85.036,66.844],[-84.832,66.892],[-84.845,66.9],[-84.872,66.916],[-84.758,66.909],[-84.639,66.902],[-84.638,66.902],[-84.602,66.875],[-84.589,66.857],[-84.319,66.712],[-84.223,66.683],[-84.183,66.648],[-84.153,66.59],[-84.094,66.526],[-83.964,66.421],[-83.826,66.29],[-83.797,66.238],[-83.869,66.214],[-83.905,66.212],[-84.012,66.231],[-84.03,66.235],[-84.478,66.409],[-84.616,66.343],[-84.627,66.309],[-84.654,66.222],[-84.712,66.227],[-84.908,66.271],[-85.096,66.325],[-85.191,66.37],[-85.302,66.437],[-85.303,66.441],[-85.32,66.45],[-85.442,66.537],[-85.522,66.553],[-85.558,66.571],[-85.601,66.568],[-85.604,66.568],[-85.613,66.567],[-86.148,66.522],[-86.184,66.523],[-86.214,66.529],[-86.307,66.55],[-86.323,66.551],[-86.333,66.552],[-86.688,66.531],[-86.695,66.525],[-86.708,66.523],[-86.737,66.511],[-86.725,66.498],[-86.748,66.477],[-86.78,66.449],[-86.746,66.42],[-86.747,66.417],[-86.685,66.36],[-86.667,66.353],[-86.638,66.329],[-86.36,66.281],[-86.301,66.27],[-86.113,66.225],[-86.001,66.187],[-85.964,66.154],[-85.959,66.119],[-86.012,66.049],[-86.043,66.022],[-86.157,65.961],[-86.188,65.95],[-86.227,65.924],[-86.702,65.671],[-86.953,65.528],[-87.081,65.441],[-87.194,65.383],[-87.292,65.355],[-87.453,65.339],[-87.678,65.335],[-87.97,65.349],[-88.121,65.395],[-88.333,65.489],[-88.383,65.518],[-88.543,65.585],[-88.725,65.661],[-88.744,65.679],[-88.79,65.688],[-88.79,65.688],[-89.021,65.742],[-89.165,65.776],[-89.367,65.841],[-89.42,65.861],[-89.48,65.877],[-89.847,65.996],[-89.842,65.948],[-89.863,65.94],[-89.89,65.941],[-89.944,65.934],[-89.921,65.919],[-90.001,65.891],[-90.004,65.883],[-90.117,65.882],[-90.316,65.926],[-90.513,65.92],[-90.655,65.929],[-90.826,65.954],[-91.009,65.966],[-91.306,65.965],[-91.411,65.959],[-91.427,65.948],[-91.285,65.894],[-91.041,65.83],[-91.074,65.886],[-91.065,65.9],[-90.983,65.919],[-90.597,65.885],[-90.159,65.813],[-90.047,65.806],[-89.924,65.78],[-89.825,65.749],[-89.784,65.735],[-89.6,65.648],[-89.242,65.446],[-89.127,65.396],[-89.115,65.392],[-88.999,65.326],[-88.272,65.286],[-88.198,65.28],[-88.153,65.28],[-88.062,65.275],[-87.917,65.28],[-87.392,65.261],[-87.108,65.225],[-87.027,65.198],[-87.003,65.109],[-87.028,65.064],[-87.183,64.927],[-87.28,64.826],[-87.461,64.699],[-87.643,64.588],[-87.749,64.523],[-87.862,64.417],[-87.885,64.401],[-87.903,64.378],[-88.038,64.251],[-88.028,64.241],[-88.02,64.232],[-88.106,64.183],[-88.379,64.089],[-88.552,64.039],[-88.637,64.034],[-88.984,64.016],[-89.06,64.034],[-89.201,64.114],[-89.209,64.105],[-89.141,64.022],[-89.235,64.025],[-89.373,64.031],[-89.403,64.04],[-89.442,64.034],[-89.461,64.034],[-89.777,64.131],[-89.792,64.168],[-89.811,64.181],[-89.819,64.179],[-89.825,64.187],[-90.01,64.146],[-90.042,64.141],[-90.08,64.128],[-89.997,64.103],[-89.93,64.055],[-89.861,63.979],[-89.856,63.957],[-89.922,63.944],[-90.017,63.96],[-90.04,63.976],[-90.085,63.972],[-90.142,63.982],[-90.168,63.979],[-90.154,63.966],[-90.198,63.962],[-90.099,63.802],[-90.073,63.759],[-90.107,63.728],[-90.155,63.69],[-90.245,63.642],[-90.334,63.629],[-90.494,63.652],[-90.533,63.665],[-90.571,63.663],[-90.603,63.668],[-90.598,63.66],[-90.635,63.624],[-90.707,63.597],[-90.812,63.581],[-90.946,63.588],[-91.108,63.618],[-91.539,63.726],[-91.629,63.737],[-91.734,63.753],[-91.812,63.75],[-91.926,63.757],[-91.956,63.772],[-91.954,63.787],[-91.919,63.801],[-91.929,63.812],[-91.982,63.822],[-92.038,63.813],[-92.095,63.784],[-92.195,63.776],[-92.338,63.788],[-92.55,63.829],[-92.97,63.938],[-93.43,64.029],[-93.696,64.147],[-93.597,64.041],[-93.605,64.004],[-93.631,63.989],[-93.676,63.988],[-93.762,63.97],[-93.948,63.931],[-93.62,63.884],[-93.577,63.877],[-93.56,63.865],[-93.416,63.838],[-93.27,63.841],[-93.267,63.852],[-93.231,63.861],[-93.132,63.883],[-92.781,63.817],[-92.529,63.761],[-92.339,63.735],[-92.31,63.729],[-92.165,63.686],[-92.205,63.657],[-92.461,63.569],[-92.465,63.555],[-92.461,63.555],[-92.462,63.555],[-92.476,63.55],[-92.515,63.559],[-92.584,63.557],[-92.61,63.539],[-92.473,63.53],[-92.321,63.562],[-92.29,63.563],[-92.256,63.575],[-92.219,63.583],[-92.148,63.614],[-92.077,63.64],[-91.957,63.676],[-91.842,63.697],[-91.686,63.66],[-91.612,63.623],[-91.612,63.622],[-91.641,63.623],[-91.665,63.623],[-91.656,63.599],[-91.411,63.499],[-91.184,63.487],[-91.103,63.476],[-90.97,63.443],[-90.832,63.387],[-90.763,63.336],[-90.699,63.188],[-90.691,63.111],[-90.699,63.064],[-90.727,63.017],[-90.734,63.012],[-90.97,62.942],[-91.008,62.94],[-91.115,62.922],[-91.27,62.854],[-91.308,62.843],[-91.724,62.827],[-91.96,62.85],[-92.034,62.864],[-92.081,62.862],[-92.101,62.864],[-92.377,62.849],[-92.425,62.806],[-92.433,62.799],[-92.35,62.74],[-92.345,62.734],[-92.331,62.726],[-92.32,62.719],[-92.314,62.716],[-92.305,62.712],[-92.243,62.684],[-92.149,62.665],[-92.003,62.65],[-91.954,62.64],[-91.936,62.592],[-91.944,62.576],[-92.016,62.541],[-92.081,62.544],[-92.207,62.585],[-92.213,62.586],[-92.249,62.596],[-92.394,62.601],[-92.624,62.609],[-92.615,62.593],[-92.563,62.502],[-92.591,62.474],[-92.608,62.483],[-92.614,62.487],[-92.615,62.487],[-92.736,62.483],[-92.756,62.467],[-92.778,62.448],[-92.732,62.403],[-92.768,62.38],[-92.766,62.35],[-92.711,62.331],[-92.738,62.303],[-92.796,62.281],[-92.866,62.306],[-93.155,62.367],[-93.205,62.365],[-93.179,62.35],[-92.988,62.286],[-92.914,62.245],[-92.912,62.237],[-93.03,62.193],[-93.284,62.179],[-93.257,62.169],[-93.158,62.129],[-93.183,62.056],[-93.191,62.033],[-93.35,62.03],[-93.366,62.015],[-93.297,61.982],[-93.273,61.961],[-93.285,61.956],[-93.759,61.954],[-93.726,61.927],[-93.634,61.854],[-93.425,61.798],[-93.391,61.789],[-93.336,61.786],[-93.317,61.781],[-93.684,61.612],[-93.71,61.603],[-93.729,61.591],[-93.731,61.59],[-94.334,61.403],[-94.276,61.35],[-94.243,61.319],[-94.175,61.371],[-94.138,61.399],[-94.019,61.393],[-93.904,61.387],[-93.889,61.364],[-93.889,61.344],[-93.942,61.308],[-94.061,61.318],[-94.073,61.31],[-94.113,61.315],[-94.104,61.305],[-94.095,61.292],[-94.117,61.158],[-94.12,61.139],[-94.561,60.573],[-94.606,60.541],[-94.679,60.538],[-94.7,60.528],[-94.742,60.535],[-94.79,60.543],[-94.893,60.505],[-94.889,60.489],[-94.721,60.471],[-94.703,60.469],[-94.651,60.393],[-94.658,60.364],[-94.784,60.068],[-94.798,60.002]]],[[[-110.004,78.322],[-110.004,78.682],[-109.771,78.635],[-109.641,78.592],[-109.581,78.593],[-109.504,78.582],[-109.467,78.567],[-109.362,78.493],[-109.342,78.456],[-109.336,78.408],[-109.352,78.369],[-109.391,78.337],[-109.485,78.316],[-109.709,78.304],[-110.004,78.322]]],[[[-110.004,77.929],[-110.004,78.09],[-109.657,78.079],[-109.622,78.075],[-109.619,78.057],[-109.679,77.999],[-109.772,77.957],[-110.004,77.929]]],[[[-110.003,74.851],[-110.002,74.888],[-110.002,75.431],[-110.002,75.539],[-109.823,75.533],[-109.05,75.492],[-108.983,75.525],[-108.947,75.542],[-108.946,75.543],[-108.945,75.544],[-108.805,75.612],[-108.912,75.696],[-109.165,75.761],[-109.441,75.794],[-109.796,75.863],[-109.866,75.925],[-109.433,76.001],[-109.334,76.061],[-109.265,76.103],[-109.395,76.137],[-109.621,76.197],[-109.696,76.208],[-109.71,76.212],[-109.731,76.214],[-109.905,76.24],[-110.003,76.255],[-110.003,76.46],[-109.767,76.501],[-109.492,76.697],[-109.251,76.754],[-108.988,76.816],[-108.832,76.821],[-108.554,76.758],[-108.537,76.757],[-108.544,76.669],[-108.545,76.664],[-108.612,76.63],[-108.635,76.609],[-108.628,76.587],[-108.559,76.536],[-108.538,76.503],[-108.524,76.447],[-108.513,76.439],[-108.346,76.392],[-108.194,76.33],[-108.123,76.233],[-108.152,76.216],[-108.212,76.202],[-108.345,76.17],[-108.424,76.072],[-108.413,76.062],[-108.407,76.057],[-108.299,76.058],[-108.292,76.057],[-108.166,76.054],[-108.103,76.059],[-108.0,76.06],[-107.906,76.06],[-107.852,76.058],[-107.777,76.035],[-107.723,75.995],[-107.721,75.974],[-107.732,75.956],[-107.755,75.94],[-107.97,75.84],[-108.021,75.805],[-107.951,75.796],[-107.917,75.802],[-107.703,75.878],[-107.642,75.886],[-107.131,75.877],[-107.08,75.863],[-107.05,75.845],[-107.002,75.802],[-106.971,75.762],[-106.963,75.761],[-106.913,75.68],[-106.904,75.689],[-106.903,75.742],[-106.901,75.749],[-106.899,75.748],[-106.862,75.749],[-106.831,75.749],[-106.829,75.751],[-106.781,75.793],[-106.787,75.797],[-106.693,75.81],[-106.688,75.819],[-106.759,75.842],[-106.82,75.872],[-106.862,75.93],[-106.846,75.952],[-106.804,75.975],[-106.677,76.024],[-106.529,76.053],[-106.264,76.046],[-106.002,76.019],[-105.615,75.935],[-105.604,75.93],[-105.563,75.881],[-105.481,75.746],[-105.481,75.702],[-105.52,75.632],[-105.678,75.501],[-105.703,75.412],[-105.826,75.243],[-105.879,75.182],[-105.972,75.132],[-106.093,75.089],[-106.588,75.015],[-106.961,74.94],[-107.056,74.928],[-107.154,74.927],[-107.462,74.952],[-107.481,74.955],[-107.653,74.983],[-107.675,74.981],[-107.82,75.0],[-108.024,74.987],[-108.227,74.952],[-108.355,74.943],[-108.475,74.947],[-108.575,74.958],[-108.734,74.995],[-108.67,75.007],[-108.633,75.023],[-108.666,75.04],[-108.831,75.065],[-108.915,75.038],[-108.932,75.042],[-109.149,74.973],[-109.503,74.883],[-110.003,74.851]]],[[[-116.856,69.65],[-116.65,69.65],[-116.694,69.695],[-116.821,69.76],[-116.948,69.825],[-117.075,69.889],[-117.055,70.002],[-116.596,70.002],[-116.068,70.002],[-115.539,70.002],[-115.011,70.002],[-114.483,70.002],[-113.955,70.001],[-113.427,70.001],[-112.881,70.001],[-112.878,69.912],[-112.875,69.833],[-112.762,69.834],[-112.65,69.834],[-112.5,69.912],[-112.5,70.001],[-112.187,70.001],[-111.875,70.001],[-111.562,70.001],[-111.25,70.001],[-110.938,70.001],[-110.625,70.001],[-110.313,70.001],[-110.0,70.001],[-110.0,70.544],[-110.0,71.087],[-110.001,71.63],[-110.001,72.173],[-110.001,72.482],[-109.755,72.481],[-110.001,72.626],[-110.001,72.636],[-109.892,72.647],[-109.795,72.658],[-109.798,72.662],[-109.847,72.721],[-110.001,72.75],[-110.002,72.976],[-109.973,72.974],[-109.64,72.884],[-109.637,72.88],[-109.611,72.847],[-108.983,72.667],[-108.968,72.654],[-108.985,72.637],[-108.994,72.596],[-108.951,72.583],[-108.798,72.568],[-108.755,72.551],[-108.698,72.499],[-108.628,72.412],[-108.566,72.317],[-108.47,72.139],[-108.361,72.005],[-108.298,71.855],[-108.245,71.73],[-107.837,71.607],[-107.82,71.61],[-107.733,71.625],[-107.498,71.753],[-107.413,71.799],[-107.347,71.819],[-107.329,71.835],[-107.37,71.859],[-107.373,71.864],[-107.359,71.888],[-107.306,71.895],[-107.344,71.915],[-107.338,71.926],[-107.567,72.045],[-107.696,72.149],[-107.789,72.295],[-107.818,72.409],[-107.824,72.443],[-107.84,72.456],[-107.86,72.487],[-108.238,73.109],[-108.238,73.111],[-108.146,73.196],[-108.118,73.202],[-107.98,73.207],[-107.936,73.217],[-107.987,73.233],[-108.077,73.281],[-108.088,73.3],[-108.069,73.312],[-108.018,73.345],[-107.789,73.33],[-107.691,73.324],[-107.496,73.288],[-107.114,73.192],[-107.074,73.197],[-107.044,73.232],[-106.89,73.227],[-106.624,73.218],[-106.551,73.197],[-105.634,72.932],[-105.624,72.928],[-105.496,72.849],[-105.437,72.804],[-105.428,72.762],[-105.425,72.747],[-105.43,72.74],[-105.421,72.726],[-105.42,72.719],[-105.303,72.576],[-105.297,72.56],[-105.247,72.464],[-105.234,72.415],[-104.878,71.98],[-104.81,71.903],[-104.767,71.868],[-104.518,71.699],[-104.386,71.577],[-104.373,71.495],[-104.355,71.472],[-104.35,71.434],[-104.356,71.382],[-104.385,71.338],[-104.437,71.3],[-104.487,71.248],[-104.508,71.216],[-104.639,71.137],[-104.551,71.059],[-104.466,71.023],[-104.089,70.867],[-103.954,70.763],[-103.853,70.734],[-103.585,70.631],[-103.456,70.605],[-103.436,70.597],[-103.394,70.592],[-103.295,70.572],[-103.197,70.547],[-103.105,70.51],[-103.077,70.509],[-103.021,70.516],[-103.005,70.526],[-103.001,70.541],[-103.014,70.553],[-102.987,70.55],[-103.024,70.563],[-103.083,70.619],[-103.088,70.65],[-103.05,70.655],[-102.75,70.522],[-102.589,70.469],[-102.369,70.413],[-101.99,70.285],[-101.937,70.274],[-101.892,70.277],[-101.619,70.174],[-101.619,70.172],[-101.562,70.135],[-101.239,70.151],[-101.148,70.148],[-101.091,70.136],[-101.043,70.111],[-100.973,70.029],[-100.909,69.869],[-100.906,69.812],[-100.935,69.715],[-100.982,69.68],[-101.011,69.675],[-101.107,69.673],[-101.115,69.673],[-101.216,69.68],[-101.327,69.708],[-101.377,69.763],[-101.413,69.863],[-101.48,69.87],[-101.705,69.728],[-102.044,69.915],[-102.113,69.916],[-102.241,69.918],[-102.248,69.914],[-102.427,69.802],[-102.441,69.784],[-102.524,69.758],[-102.596,69.718],[-102.565,69.692],[-102.545,69.66],[-102.535,69.621],[-102.541,69.592],[-102.563,69.574],[-102.621,69.552],[-102.623,69.552],[-102.721,69.559],[-102.966,69.578],[-103.261,69.689],[-103.345,69.698],[-103.519,69.716],[-103.48,69.67],[-103.461,69.648],[-103.465,69.645],[-103.448,69.633],[-103.442,69.625],[-103.428,69.619],[-103.418,69.611],[-103.397,69.604],[-103.283,69.551],[-103.123,69.477],[-103.114,69.488],[-103.102,69.483],[-103.063,69.485],[-103.049,69.472],[-103.032,69.434],[-103.04,69.368],[-103.113,69.236],[-103.114,69.232],[-103.204,69.202],[-103.2,69.145],[-103.163,69.134],[-102.71,69.394],[-102.547,69.434],[-102.447,69.476],[-102.151,69.488],[-102.046,69.465],[-101.978,69.425],[-101.976,69.407],[-102.053,69.36],[-102.067,69.337],[-102.069,69.319],[-102.126,69.285],[-102.099,69.276],[-102.047,69.259],[-102.046,69.258],[-101.993,69.236],[-101.899,69.245],[-101.873,69.24],[-101.823,69.217],[-101.789,69.182],[-101.788,69.132],[-101.857,69.024],[-101.981,68.989],[-102.034,68.979],[-102.051,68.977],[-102.699,68.909],[-102.847,68.858],[-102.945,68.825],[-103.162,68.829],[-103.275,68.821],[-103.819,68.848],[-103.82,68.848],[-104.067,68.866],[-104.335,68.924],[-104.36,68.952],[-104.436,68.95],[-104.46,68.912],[-104.46,68.912],[-104.571,68.872],[-105.106,68.92],[-105.169,68.955],[-105.148,68.978],[-105.131,68.988],[-105.116,68.991],[-104.95,69.028],[-104.886,69.078],[-105.363,69.12],[-105.914,69.169],[-106.308,69.257],[-106.295,69.264],[-106.251,69.286],[-106.295,69.344],[-106.327,69.387],[-106.466,69.445],[-106.588,69.496],[-106.857,69.371],[-106.864,69.368],[-106.951,69.301],[-107.025,69.191],[-107.062,69.171],[-107.123,69.152],[-107.353,69.032],[-107.44,69.002],[-107.801,68.961],[-107.883,68.954],[-108.365,68.935],[-108.553,68.897],[-108.73,68.827],[-108.946,68.76],[-109.472,68.677],[-109.959,68.63],[-110.468,68.61],[-110.512,68.606],[-110.943,68.592],[-110.957,68.594],[-111.128,68.588],[-111.152,68.582],[-111.766,68.544],[-112.162,68.519],[-112.305,68.516],[-112.555,68.495],[-112.619,68.491],[-113.131,68.502],[-113.147,68.502],[-113.156,68.505],[-113.473,68.704],[-113.555,68.768],[-113.617,68.838],[-113.593,68.96],[-113.609,69.03],[-113.616,69.045],[-113.602,69.189],[-113.728,69.218],[-113.879,69.254],[-114.188,69.278],[-114.481,69.271],[-114.699,69.273],[-115.159,69.265],[-115.618,69.283],[-115.861,69.304],[-116.073,69.333],[-116.145,69.346],[-116.514,69.425],[-116.537,69.434],[-116.569,69.463],[-116.609,69.512],[-116.712,69.576],[-116.856,69.65]]],[[[-86.672,67.752],[-86.767,67.774],[-86.781,67.779],[-86.877,67.838],[-86.896,67.894],[-86.904,67.915],[-86.895,67.938],[-86.847,68.01],[-86.865,68.022],[-86.855,68.042],[-86.92,68.119],[-86.772,68.222],[-86.659,68.3],[-86.632,68.296],[-86.546,68.275],[-86.452,68.225],[-86.421,68.184],[-86.431,68.139],[-86.42,68.074],[-86.39,67.989],[-86.383,67.927],[-86.396,67.889],[-86.447,67.817],[-86.49,67.784],[-86.546,67.752],[-86.595,67.736],[-86.601,67.736],[-86.672,67.752]]],[[[-74.238,68.061],[-73.956,68.035],[-73.881,68.022],[-73.798,68.02],[-73.632,68.005],[-73.458,67.989],[-73.435,67.97],[-73.402,67.879],[-73.398,67.83],[-73.407,67.793],[-73.622,67.784],[-74.109,67.783],[-74.374,67.79],[-74.481,67.805],[-74.574,67.829],[-74.679,67.906],[-74.746,67.985],[-74.749,68.018],[-74.732,68.049],[-74.706,68.067],[-74.379,68.093],[-74.231,68.075],[-74.238,68.061]]],[[[-83.392,65.635],[-83.461,65.648],[-83.495,65.656],[-83.537,65.669],[-83.583,65.699],[-83.607,65.701],[-83.636,65.692],[-83.644,65.678],[-83.635,65.668],[-83.795,65.711],[-83.702,65.756],[-83.787,65.77],[-83.814,65.787],[-83.939,65.759],[-83.948,65.758],[-84.08,65.832],[-84.105,65.88],[-84.155,65.973],[-84.26,65.986],[-84.271,65.991],[-84.37,66.012],[-84.386,66.022],[-84.41,66.059],[-84.445,66.112],[-84.407,66.131],[-84.122,66.078],[-83.95,66.028],[-83.787,65.966],[-83.701,65.92],[-83.694,65.89],[-83.715,65.861],[-83.765,65.831],[-83.726,65.797],[-83.598,65.758],[-83.47,65.735],[-83.263,65.723],[-83.234,65.715],[-83.234,65.697],[-83.264,65.668],[-83.309,65.643],[-83.392,65.635]]],[[[-84.816,65.59],[-84.837,65.628],[-84.86,65.667],[-85.078,65.742],[-85.095,65.755],[-85.145,66.002],[-85.068,66.022],[-85.032,66.026],[-85.003,66.02],[-84.887,65.968],[-84.87,65.941],[-84.757,65.859],[-84.692,65.793],[-84.603,65.657],[-84.602,65.631],[-84.626,65.604],[-84.675,65.575],[-84.727,65.564],[-84.772,65.569],[-84.816,65.59]]],[[[-84.726,65.296],[-84.662,65.367],[-84.582,65.457],[-84.568,65.461],[-84.501,65.458],[-84.267,65.367],[-84.235,65.349],[-84.192,65.292],[-84.156,65.28],[-84.133,65.246],[-84.085,65.218],[-83.9,65.181],[-83.852,65.178],[-83.801,65.161],[-83.475,65.112],[-83.403,65.101],[-83.222,64.968],[-83.201,64.96],[-83.101,64.933],[-83.086,64.923],[-82.783,64.816],[-82.741,64.808],[-82.668,64.78],[-82.586,64.762],[-82.272,64.721],[-82.185,64.698],[-82.045,64.641],[-81.929,64.559],[-81.787,64.426],[-81.743,64.34],[-81.744,64.329],[-81.87,64.075],[-82.008,64.0],[-81.988,63.975],[-81.318,64.067],[-81.3,64.07],[-81.104,64.037],[-81.024,64.031],[-81.005,64.033],[-80.921,64.101],[-80.916,64.1],[-80.769,64.025],[-80.572,63.926],[-80.579,63.909],[-80.668,63.902],[-80.451,63.863],[-80.261,63.802],[-80.302,63.762],[-80.46,63.693],[-80.502,63.689],[-80.691,63.604],[-80.712,63.596],[-80.756,63.575],[-80.788,63.561],[-80.795,63.557],[-80.953,63.48],[-80.996,63.468],[-81.154,63.485],[-81.205,63.49],[-81.372,63.538],[-81.963,63.665],[-82.146,63.691],[-82.311,63.702],[-82.342,63.849],[-82.37,63.885],[-82.378,63.895],[-82.423,63.917],[-82.485,63.933],[-82.572,63.961],[-82.93,64.0],[-82.932,64.001],[-82.966,64.014],[-83.036,64.04],[-83.039,64.061],[-83.016,64.127],[-83.065,64.159],[-83.108,64.159],[-83.114,64.171],[-83.183,64.158],[-83.185,64.158],[-83.304,64.144],[-83.494,64.099],[-83.499,64.097],[-83.541,64.089],[-83.583,64.058],[-83.584,64.058],[-83.584,64.058],[-83.629,64.025],[-83.655,63.886],[-83.662,63.873],[-83.728,63.813],[-84.021,63.66],[-84.164,63.619],[-84.177,63.61],[-84.26,63.601],[-84.308,63.586],[-84.388,63.529],[-84.506,63.39],[-84.555,63.35],[-84.633,63.309],[-84.795,63.247],[-84.961,63.197],[-85.238,63.139],[-85.393,63.12],[-85.496,63.139],[-85.566,63.271],[-85.64,63.463],[-85.597,63.602],[-85.644,63.689],[-85.676,63.713],[-85.724,63.751],[-85.92,63.718],[-86.26,63.661],[-86.302,63.657],[-86.576,63.662],[-86.847,63.575],[-86.915,63.569],[-87.053,63.572],[-87.152,63.586],[-87.177,63.595],[-87.194,63.633],[-87.189,63.672],[-87.154,63.715],[-87.032,63.83],[-87.025,63.835],[-87.021,63.838],[-86.939,63.893],[-86.176,64.088],[-86.182,64.146],[-86.185,64.167],[-86.263,64.209],[-86.274,64.238],[-86.355,64.377],[-86.375,64.503],[-86.374,64.566],[-86.349,64.646],[-86.13,64.916],[-86.135,65.086],[-86.11,65.284],[-86.084,65.496],[-86.049,65.58],[-86.045,65.588],[-86.017,65.64],[-85.962,65.704],[-85.859,65.793],[-85.672,65.878],[-85.618,65.903],[-85.572,65.915],[-85.536,65.916],[-85.523,65.915],[-85.496,65.9],[-85.442,65.846],[-85.385,65.831],[-85.38,65.826],[-85.361,65.825],[-85.241,65.796],[-85.176,65.747],[-85.13,65.693],[-85.105,65.623],[-85.13,65.592],[-85.226,65.546],[-85.243,65.526],[-85.24,65.51],[-85.099,65.454],[-84.944,65.286],[-84.939,65.286],[-84.92,65.261],[-84.885,65.249],[-84.842,65.256],[-84.789,65.293],[-84.726,65.296]]],[[[-76.658,63.484],[-76.705,63.457],[-76.702,63.457],[-76.664,63.455],[-76.678,63.394],[-76.783,63.384],[-76.922,63.406],[-77.057,63.45],[-77.166,63.499],[-77.355,63.592],[-77.137,63.681],[-77.129,63.681],[-76.764,63.574],[-76.653,63.504],[-76.657,63.484],[-76.658,63.484]]],[[[-78.224,63.237],[-78.484,63.373],[-78.536,63.423],[-78.537,63.424],[-78.53,63.43],[-78.337,63.454],[-78.157,63.476],[-77.796,63.428],[-77.678,63.413],[-77.655,63.396],[-77.538,63.287],[-77.527,63.269],[-77.533,63.234],[-77.594,63.188],[-77.658,63.165],[-77.792,63.13],[-77.942,63.114],[-78.024,63.139],[-78.095,63.17],[-78.224,63.237]]],[[[-82.991,62.869],[-82.974,62.865],[-82.647,62.943],[-82.46,62.936],[-82.235,62.977],[-82.141,62.978],[-82.099,62.969],[-81.99,62.946],[-81.981,62.94],[-81.96,62.923],[-81.949,62.884],[-81.964,62.828],[-81.99,62.776],[-82.026,62.73],[-82.114,62.652],[-82.388,62.519],[-82.467,62.464],[-82.745,62.327],[-82.969,62.23],[-83.034,62.207],[-83.071,62.2],[-83.13,62.204],[-83.252,62.233],[-83.377,62.238],[-83.557,62.194],[-83.719,62.203],[-83.729,62.257],[-83.761,62.303],[-83.901,62.401],[-83.799,62.534],[-83.739,62.569],[-83.376,62.905],[-83.29,62.922],[-83.111,62.884],[-83.026,62.872],[-83.009,62.873],[-82.991,62.869]]],[[[-70.81,62.676],[-70.768,62.771],[-70.854,62.789],[-71.066,62.832],[-71.094,62.872],[-71.096,62.874],[-71.014,62.865],[-70.921,62.852],[-70.669,62.805],[-70.443,62.734],[-70.367,62.666],[-70.291,62.616],[-70.269,62.578],[-70.288,62.561],[-70.337,62.549],[-70.407,62.545],[-70.542,62.552],[-70.687,62.573],[-70.749,62.592],[-70.81,62.676]]],[[[-79.362,62.048],[-79.534,61.817],[-79.542,61.808],[-79.572,61.766],[-79.625,61.694],[-79.669,61.644],[-79.714,61.613],[-79.763,61.596],[-79.816,61.595],[-79.896,61.63],[-79.956,61.67],[-80.029,61.739],[-80.114,61.789],[-80.165,61.793],[-80.218,61.797],[-80.256,61.863],[-80.275,61.894],[-80.276,61.951],[-80.277,61.988],[-80.261,62.029],[-80.219,62.139],[-80.136,62.229],[-79.978,62.346],[-79.848,62.391],[-79.773,62.399],[-79.713,62.395],[-79.65,62.398],[-79.599,62.413],[-79.462,62.376],[-79.368,62.303],[-79.284,62.238],[-79.28,62.221],[-79.362,62.048]]],[[[-64.855,61.37],[-64.913,61.392],[-64.943,61.402],[-64.954,61.41],[-64.992,61.419],[-65.084,61.448],[-65.091,61.453],[-65.394,61.563],[-65.427,61.611],[-65.43,61.632],[-65.424,61.635],[-65.391,61.653],[-65.014,61.685],[-64.991,61.685],[-64.878,61.67],[-64.782,61.657],[-64.756,61.638],[-64.673,61.595],[-64.67,61.592],[-64.691,61.539],[-64.697,61.471],[-64.732,61.439],[-64.788,61.413],[-64.833,61.366],[-64.838,61.363],[-64.855,61.37]]],[[[-67.83,60.448],[-67.889,60.385],[-67.937,60.334],[-68.012,60.305],[-68.234,60.241],[-68.324,60.233],[-68.365,60.254],[-68.368,60.315],[-68.338,60.361],[-68.235,60.456],[-68.142,60.562],[-68.088,60.588],[-68.063,60.584],[-67.863,60.501],[-67.848,60.489],[-67.836,60.474],[-67.83,60.448]]],[[[-69.277,59.075],[-69.283,59.052],[-69.314,59.051],[-69.311,59.075],[-69.33,59.121],[-69.303,59.145],[-69.259,59.145],[-69.277,59.075]]],[[[-79.471,56.1],[-79.495,56.114],[-79.495,56.115],[-79.496,56.115],[-79.523,56.132],[-79.536,56.126],[-79.545,56.128],[-79.565,56.121],[-79.781,55.94],[-79.904,55.871],[-79.947,55.882],[-79.954,55.89],[-79.904,55.957],[-79.854,56.025],[-79.623,56.22],[-79.52,56.307],[-79.55,56.197],[-79.554,56.192],[-79.552,56.191],[-79.569,56.131],[-79.411,56.214],[-79.365,56.327],[-79.339,56.376],[-79.305,56.463],[-79.303,56.472],[-79.226,56.55],[-79.161,56.505],[-79.104,56.465],[-79.086,56.461],[-79.078,56.454],[-78.995,56.436],[-78.963,56.422],[-78.947,56.386],[-78.976,56.365],[-79.089,56.282],[-79.166,56.199],[-79.182,56.212],[-79.222,56.176],[-79.403,55.941],[-79.411,55.932],[-79.455,55.896],[-79.495,55.875],[-79.527,55.871],[-79.606,55.876],[-79.688,55.84],[-79.471,56.1]]],[[[-81.921,53.127],[-81.832,53.166],[-81.355,53.214],[-81.129,53.187],[-80.966,53.084],[-80.901,53.037],[-80.78,52.936],[-80.744,52.888],[-80.71,52.832],[-80.709,52.787],[-80.732,52.747],[-80.802,52.734],[-81.01,52.761],[-81.097,52.78],[-81.352,52.852],[-81.839,52.958],[-82.005,53.01],[-82.026,53.034],[-81.921,53.127]]],[[[-68.653,82.639],[-68.592,82.622],[-68.029,82.648],[-67.736,82.652],[-67.397,82.668],[-67.277,82.682],[-67.264,82.683],[-66.951,82.717],[-66.866,82.719],[-66.612,82.742],[-66.12,82.807],[-65.728,82.842],[-65.55,82.827],[-65.4,82.802],[-65.322,82.8],[-65.27,82.781],[-65.268,82.811],[-65.247,82.819],[-65.162,82.87],[-65.113,82.889],[-65.08,82.892],[-64.925,82.901],[-64.905,82.901],[-64.777,82.876],[-64.747,82.864],[-64.753,82.863],[-64.671,82.812],[-64.48,82.769],[-64.096,82.825],[-63.984,82.829],[-63.641,82.813],[-63.499,82.793],[-63.473,82.771],[-63.564,82.749],[-63.621,82.729],[-63.642,82.713],[-63.627,82.707],[-63.653,82.7],[-63.246,82.585],[-63.087,82.54],[-63.087,82.533],[-63.251,82.467],[-63.247,82.45],[-62.547,82.513],[-62.42,82.517],[-61.753,82.491],[-61.719,82.488],[-61.376,82.434],[-61.302,82.4],[-61.207,82.341],[-61.274,82.28],[-61.615,82.185],[-61.968,82.11],[-62.177,82.043],[-62.497,82.007],[-63.592,81.845],[-64.128,81.794],[-64.352,81.756],[-64.384,81.756],[-65.255,81.749],[-65.829,81.708],[-66.109,81.689],[-65.457,81.687],[-65.492,81.67],[-65.637,81.653],[-65.704,81.645],[-66.005,81.629],[-66.626,81.616],[-68.465,81.588],[-68.937,81.548],[-68.837,81.537],[-68.581,81.51],[-67.886,81.536],[-67.147,81.565],[-66.794,81.534],[-66.801,81.527],[-66.861,81.499],[-66.914,81.485],[-67.008,81.475],[-69.955,81.172],[-69.959,81.085],[-69.23,81.206],[-68.918,81.231],[-68.624,81.254],[-68.542,81.248],[-68.318,81.261],[-66.855,81.393],[-65.511,81.499],[-65.393,81.505],[-65.24,81.51],[-64.78,81.493],[-64.833,81.439],[-65.484,81.285],[-65.8,81.232],[-65.907,81.229],[-65.948,81.228],[-66.158,81.176],[-66.202,81.165],[-66.313,81.146],[-66.641,81.063],[-66.894,81.012],[-67.774,80.859],[-68.63,80.679],[-68.825,80.624],[-68.858,80.618],[-68.919,80.598],[-68.959,80.587],[-68.992,80.575],[-69.008,80.57],[-69.096,80.541],[-69.118,80.528],[-69.4,80.423],[-69.551,80.383],[-69.734,80.367],[-69.949,80.374],[-70.143,80.398],[-70.189,80.408],[-70.171,80.423],[-70.439,80.493],[-70.607,80.537],[-70.816,80.548],[-70.641,80.47],[-70.436,80.378],[-70.395,80.369],[-70.213,80.278],[-70.265,80.234],[-71.1,80.187],[-71.47,80.146],[-71.583,80.14],[-72.195,80.177],[-72.318,80.064],[-71.998,80.065],[-71.436,80.066],[-71.118,80.094],[-70.811,80.12],[-70.759,80.119],[-70.569,80.094],[-70.559,80.071],[-70.758,79.998],[-71.042,79.957],[-71.402,79.927],[-71.441,79.905],[-71.459,79.894],[-71.271,79.905],[-71.106,79.876],[-71.11,79.848],[-71.299,79.783],[-71.388,79.762],[-71.965,79.701],[-72.216,79.687],[-72.437,79.694],[-73.013,79.77],[-73.022,79.775],[-73.252,79.815],[-73.289,79.821],[-73.974,79.882],[-74.303,79.884],[-74.557,79.866],[-74.889,79.843],[-74.625,79.79],[-74.213,79.791],[-74.051,79.778],[-73.711,79.772],[-73.476,79.756],[-73.467,79.754],[-73.406,79.732],[-73.229,79.644],[-73.201,79.597],[-73.24,79.552],[-73.294,79.522],[-73.361,79.504],[-73.466,79.495],[-73.866,79.501],[-74.016,79.491],[-74.189,79.465],[-74.406,79.454],[-74.798,79.459],[-75.259,79.421],[-75.503,79.414],[-75.73,79.428],[-75.797,79.435],[-76.067,79.473],[-76.376,79.494],[-76.503,79.499],[-76.685,79.515],[-76.71,79.506],[-76.899,79.512],[-76.855,79.488],[-76.77,79.484],[-76.775,79.482],[-76.669,79.478],[-76.296,79.414],[-76.171,79.353],[-76.977,79.369],[-77.78,79.355],[-78.05,79.35],[-77.066,79.272],[-76.051,79.255],[-75.644,79.248],[-75.603,79.24],[-75.354,79.228],[-75.094,79.204],[-74.75,79.233],[-74.481,79.229],[-74.532,79.053],[-74.641,79.036],[-75.047,79.036],[-75.45,79.055],[-75.515,79.061],[-75.639,79.088],[-75.858,79.112],[-75.831,79.138],[-75.827,79.142],[-75.828,79.144],[-75.841,79.157],[-76.131,79.201],[-76.754,79.204],[-77.851,79.209],[-78.243,79.17],[-76.728,79.154],[-76.102,79.104],[-76.158,79.1],[-76.38,79.104],[-76.532,79.086],[-76.771,79.087],[-77.254,79.064],[-77.717,79.06],[-77.817,79.064],[-77.974,79.076],[-78.258,79.082],[-78.285,79.082],[-78.356,79.084],[-78.873,79.063],[-78.566,79.061],[-78.559,79.055],[-78.422,79.048],[-78.222,79.015],[-78.037,78.964],[-77.907,78.946],[-77.984,78.923],[-78.17,78.847],[-78.225,78.825],[-78.26,78.785],[-78.27,78.774],[-78.18,78.765],[-78.12,78.799],[-77.948,78.896],[-77.732,78.952],[-77.698,78.954],[-77.51,78.979],[-76.825,79.018],[-76.677,79.021],[-76.219,78.998],[-76.165,78.996],[-76.077,78.985],[-75.953,78.959],[-75.843,78.91],[-75.842,78.881],[-75.548,78.884],[-75.4,78.881],[-75.098,78.858],[-74.713,78.778],[-74.716,78.668],[-74.719,78.591],[-75.207,78.531],[-75.396,78.523],[-75.966,78.53],[-76.374,78.521],[-76.416,78.512],[-76.137,78.492],[-76.08,78.484],[-76.082,78.482],[-76.028,78.477],[-75.488,78.404],[-75.237,78.356],[-75.193,78.328],[-75.531,78.227],[-75.726,78.215],[-76.47,78.245],[-76.696,78.231],[-76.955,78.216],[-76.946,78.206],[-76.935,78.195],[-76.768,78.177],[-76.541,78.153],[-75.686,78.13],[-75.866,78.01],[-75.97,77.993],[-76.078,77.987],[-76.356,77.991],[-76.665,77.944],[-76.826,77.933],[-76.974,77.927],[-77.456,77.947],[-77.807,77.946],[-78.481,77.973],[-78.483,77.972],[-78.524,77.937],[-78.372,77.867],[-78.111,77.826],[-78.083,77.811],[-78.081,77.747],[-78.047,77.615],[-78.076,77.519],[-78.168,77.458],[-78.284,77.413],[-78.493,77.369],[-78.708,77.342],[-78.869,77.333],[-79.138,77.331],[-79.906,77.3],[-80.282,77.301],[-80.532,77.313],[-80.96,77.379],[-81.377,77.482],[-81.519,77.51],[-81.565,77.515],[-81.572,77.517],[-81.774,77.628],[-81.86,77.675],[-81.908,77.68],[-81.956,77.685],[-81.952,77.628],[-81.722,77.422],[-81.607,77.398],[-81.492,77.374],[-81.306,77.371],[-81.278,77.365],[-81.301,77.344],[-81.523,77.311],[-81.767,77.296],[-81.832,77.296],[-82.076,77.314],[-82.059,77.293],[-82.066,77.284],[-82.046,77.276],[-82.035,77.262],[-82.033,77.261],[-81.801,77.156],[-81.17,77.266],[-81.117,77.27],[-80.798,77.259],[-80.673,77.244],[-80.274,77.151],[-80.219,77.147],[-79.924,77.194],[-79.497,77.196],[-79.341,77.158],[-79.281,77.085],[-79.274,77.026],[-79.302,76.998],[-79.37,76.972],[-79.394,76.952],[-79.427,76.925],[-79.157,76.884],[-78.755,76.823],[-78.596,76.856],[-78.56,76.903],[-78.525,76.947],[-78.456,76.967],[-78.37,76.981],[-78.289,76.978],[-78.165,76.935],[-77.999,76.852],[-77.983,76.755],[-78.119,76.644],[-78.284,76.571],[-78.597,76.514],[-78.616,76.533],[-78.879,76.461],[-78.934,76.451],[-79.131,76.404],[-79.18,76.388],[-79.226,76.38],[-79.769,76.276],[-79.843,76.266],[-80.001,76.249],[-80.187,76.24],[-80.69,76.176],[-80.8,76.174],[-80.963,76.184],[-80.997,76.215],[-80.956,76.269],[-80.762,76.384],[-80.754,76.419],[-80.958,76.463],[-80.975,76.47],[-81.074,76.499],[-81.171,76.513],[-81.186,76.512],[-81.273,76.531],[-81.371,76.503],[-81.474,76.488],[-81.592,76.484],[-81.717,76.495],[-81.823,76.521],[-82.034,76.629],[-82.114,76.643],[-82.162,76.642],[-82.732,76.826],[-82.773,76.804],[-82.75,76.791],[-82.553,76.681],[-82.34,76.625],[-82.262,76.575],[-82.208,76.514],[-82.233,76.466],[-83.036,76.447],[-83.147,76.508],[-83.294,76.587],[-83.227,76.5],[-83.184,76.444],[-83.389,76.439],[-83.767,76.45],[-84.024,76.524],[-84.085,76.57],[-84.08,76.587],[-84.07,76.622],[-84.09,76.625],[-84.177,76.639],[-84.224,76.675],[-84.228,76.648],[-84.289,76.658],[-84.359,76.649],[-84.243,76.555],[-84.26,76.449],[-84.342,76.445],[-84.595,76.431],[-84.743,76.464],[-84.858,76.536],[-84.993,76.62],[-85.177,76.658],[-85.224,76.646],[-85.004,76.448],[-84.576,76.357],[-84.509,76.343],[-85.141,76.305],[-85.344,76.313],[-85.681,76.349],[-86.116,76.435],[-86.296,76.492],[-86.367,76.549],[-86.419,76.58],[-86.454,76.585],[-86.562,76.516],[-86.68,76.377],[-86.978,76.413],[-87.278,76.441],[-87.314,76.451],[-87.406,76.528],[-87.508,76.612],[-87.54,76.61],[-87.574,76.608],[-87.575,76.566],[-87.576,76.529],[-87.495,76.448],[-87.498,76.387],[-87.498,76.386],[-88.104,76.413],[-88.26,76.409],[-88.403,76.425],[-88.479,76.779],[-88.495,76.765],[-88.496,76.773],[-88.53,76.737],[-88.571,76.704],[-88.699,76.602],[-88.795,76.456],[-88.804,76.457],[-89.232,76.47],[-89.491,76.542],[-89.506,76.577],[-89.533,76.635],[-89.531,76.709],[-89.5,76.827],[-88.771,76.993],[-88.646,77.039],[-88.575,77.055],[-88.506,77.07],[-88.512,77.081],[-88.439,77.096],[-87.845,77.131],[-87.834,77.131],[-87.441,77.119],[-87.166,77.156],[-87.064,77.166],[-86.852,77.174],[-86.812,77.185],[-86.874,77.2],[-87.101,77.308],[-87.183,77.332],[-87.265,77.343],[-87.405,77.347],[-87.603,77.401],[-87.682,77.436],[-87.78,77.493],[-87.938,77.6],[-88.095,77.719],[-88.017,77.785],[-87.757,77.836],[-87.497,77.872],[-87.236,77.892],[-87.191,77.892],[-87.0,77.877],[-86.686,77.853],[-86.385,77.809],[-86.173,77.746],[-85.907,77.614],[-85.864,77.588],[-85.816,77.546],[-85.766,77.5],[-85.666,77.444],[-84.523,77.316],[-84.582,77.356],[-84.595,77.365],[-84.487,77.368],[-84.075,77.386],[-83.962,77.387],[-83.93,77.395],[-83.721,77.414],[-83.608,77.442],[-83.55,77.483],[-83.537,77.488],[-83.347,77.533],[-82.918,77.721],[-82.295,78.076],[-82.572,78.07],[-82.69,78.042],[-82.758,78.026],[-82.773,78.018],[-82.787,78.009],[-82.771,77.971],[-82.82,77.939],[-82.9,77.887],[-83.233,77.708],[-83.304,77.674],[-83.428,77.621],[-83.779,77.533],[-83.928,77.518],[-84.168,77.523],[-84.486,77.562],[-84.663,77.533],[-84.856,77.541],[-84.89,77.559],[-84.984,77.605],[-85.289,77.678],[-85.291,77.69],[-85.292,77.742],[-85.218,77.774],[-85.108,77.822],[-85.182,77.815],[-85.323,77.801],[-85.33,77.803],[-85.376,77.818],[-85.397,77.831],[-85.387,77.835],[-85.213,77.888],[-84.382,77.896],[-84.54,77.913],[-84.68,77.928],[-85.421,77.877],[-85.492,77.892],[-85.547,77.928],[-85.265,78.011],[-85.087,78.05],[-84.783,78.028],[-84.527,78.08],[-84.8,78.053],[-84.948,78.089],[-84.627,78.192],[-84.545,78.197],[-84.524,78.197],[-84.223,78.176],[-84.388,78.206],[-84.55,78.251],[-84.789,78.244],[-84.834,78.306],[-84.838,78.346],[-84.84,78.372],[-84.854,78.368],[-84.783,78.528],[-85.024,78.312],[-85.27,78.2],[-85.419,78.142],[-85.586,78.109],[-86.218,78.081],[-86.063,78.187],[-86.045,78.206],[-85.977,78.226],[-85.827,78.358],[-85.795,78.386],[-85.818,78.384],[-85.868,78.379],[-85.991,78.315],[-86.071,78.285],[-86.427,78.197],[-86.694,78.151],[-86.913,78.127],[-87.34,78.133],[-87.513,78.169],[-87.382,78.469],[-87.361,78.479],[-87.164,78.558],[-87.127,78.576],[-86.523,78.799],[-86.46,78.805],[-86.056,78.83],[-85.691,78.844],[-85.532,78.864],[-84.958,78.901],[-84.88,78.896],[-84.787,78.885],[-83.908,78.839],[-83.723,78.821],[-83.429,78.768],[-82.348,78.569],[-82.22,78.587],[-82.334,78.671],[-82.416,78.732],[-82.847,78.743],[-83.154,78.806],[-83.147,78.808],[-82.99,78.844],[-82.442,78.84],[-82.291,78.847],[-82.177,78.861],[-81.991,78.861],[-81.802,78.861],[-81.741,78.904],[-81.569,79.025],[-81.611,79.054],[-81.981,78.971],[-82.509,78.905],[-82.644,78.908],[-83.058,78.94],[-83.733,78.945],[-84.413,78.997],[-84.496,79.029],[-84.568,79.071],[-84.53,79.101],[-84.384,79.119],[-84.257,79.122],[-84.066,79.1],[-84.012,79.061],[-83.961,79.051],[-83.899,79.04],[-83.482,79.023],[-83.343,79.051],[-83.849,79.137],[-83.905,79.146],[-83.978,79.163],[-84.197,79.225],[-84.381,79.301],[-84.523,79.377],[-84.671,79.433],[-85.133,79.645],[-85.339,79.676],[-85.523,79.704],[-86.186,79.758],[-86.421,79.845],[-86.449,79.912],[-86.441,79.936],[-86.405,79.967],[-86.3,79.963],[-85.718,79.942],[-85.415,79.903],[-85.315,79.916],[-85.27,79.922],[-85.595,79.967],[-85.638,79.97],[-86.479,80.017],[-86.526,80.051],[-86.56,80.076],[-86.614,80.123],[-86.499,80.258],[-86.354,80.304],[-86.178,80.314],[-85.16,80.272],[-85.065,80.273],[-84.993,80.268],[-84.015,80.258],[-83.724,80.229],[-83.344,80.147],[-83.004,80.055],[-82.678,79.993],[-82.377,79.908],[-82.049,79.783],[-82.001,79.768],[-81.695,79.626],[-81.369,79.614],[-80.647,79.588],[-79.887,79.65],[-79.841,79.664],[-79.724,79.699],[-79.774,79.697],[-80.216,79.675],[-80.287,79.679],[-80.714,79.675],[-81.01,79.693],[-81.179,79.733],[-81.359,79.788],[-81.644,79.89],[-81.645,79.891],[-81.497,79.92],[-81.47,79.925],[-81.502,79.945],[-81.517,79.954],[-81.945,79.985],[-82.238,80.045],[-82.701,80.182],[-82.961,80.278],[-82.987,80.323],[-82.841,80.345],[-80.483,80.465],[-80.061,80.523],[-79.991,80.533],[-78.025,80.558],[-77.984,80.568],[-77.943,80.578],[-79.042,80.62],[-79.711,80.616],[-79.712,80.616],[-79.674,80.625],[-79.629,80.648],[-78.401,80.783],[-78.374,80.785],[-77.984,80.807],[-77.336,80.824],[-76.445,80.848],[-76.473,80.877],[-76.485,80.891],[-76.563,80.903],[-77.818,80.91],[-77.905,80.905],[-78.004,80.905],[-78.551,80.921],[-78.716,80.952],[-78.682,81.001],[-78.629,81.043],[-78.511,81.094],[-78.074,81.211],[-77.585,81.311],[-77.391,81.34],[-77.031,81.386],[-76.987,81.399],[-76.715,81.439],[-76.778,81.446],[-76.857,81.454],[-77.417,81.387],[-77.594,81.365],[-77.972,81.331],[-78.126,81.302],[-78.283,81.283],[-78.955,81.121],[-79.072,81.128],[-79.198,81.118],[-79.309,81.089],[-79.402,81.037],[-79.477,80.961],[-79.545,80.909],[-79.607,80.882],[-79.761,80.842],[-80.133,80.764],[-81.007,80.655],[-81.301,80.627],[-81.553,80.623],[-82.099,80.582],[-82.635,80.56],[-82.885,80.578],[-82.768,80.631],[-82.52,80.687],[-82.196,80.718],[-82.022,80.754],[-81.79,80.802],[-81.943,80.835],[-81.946,80.835],[-82.427,80.765],[-82.499,80.763],[-82.78,80.736],[-83.401,80.714],[-83.431,80.709],[-83.567,80.738],[-83.36,80.756],[-83.313,80.76],[-83.085,80.821],[-83.2,80.83],[-83.234,80.833],[-83.645,80.75],[-83.672,80.693],[-83.687,80.662],[-83.885,80.602],[-84.076,80.556],[-84.22,80.538],[-84.388,80.528],[-84.467,80.526],[-85.146,80.521],[-85.307,80.526],[-85.726,80.581],[-86.097,80.562],[-86.251,80.566],[-86.532,80.605],[-86.616,80.63],[-86.603,80.664],[-86.461,80.72],[-86.291,80.77],[-86.152,80.812],[-85.639,80.925],[-85.246,80.988],[-84.802,81.031],[-84.335,81.053],[-82.474,81.14],[-82.422,81.166],[-82.404,81.175],[-83.301,81.139],[-83.289,81.148],[-84.636,81.098],[-85.43,81.054],[-85.601,81.047],[-85.623,81.044],[-85.781,81.035],[-85.967,81.012],[-86.234,80.95],[-87.08,80.726],[-87.33,80.67],[-87.712,80.656],[-88.004,80.675],[-88.232,80.704],[-88.625,80.77],[-88.921,80.806],[-89.062,80.83],[-89.145,80.854],[-89.212,80.882],[-89.263,80.914],[-89.223,80.926],[-88.696,80.964],[-88.238,80.998],[-87.937,80.995],[-87.447,80.976],[-87.002,80.989],[-86.752,80.997],[-86.283,81.061],[-85.81,81.124],[-85.726,81.138],[-84.88,81.254],[-84.663,81.284],[-84.864,81.308],[-85.1,81.291],[-85.206,81.295],[-85.402,81.285],[-85.875,81.241],[-86.623,81.123],[-87.275,81.081],[-88.887,81.058],[-89.398,81.025],[-89.623,81.032],[-89.792,81.065],[-89.981,81.125],[-89.947,81.173],[-89.599,81.222],[-89.421,81.211],[-89.386,81.213],[-88.882,81.241],[-89.305,81.269],[-89.437,81.278],[-89.636,81.302],[-89.674,81.329],[-89.488,81.373],[-89.426,81.379],[-89.079,81.444],[-88.892,81.474],[-88.622,81.501],[-88.126,81.519],[-87.617,81.509],[-87.612,81.513],[-87.217,81.49],[-87.608,81.517],[-87.597,81.526],[-88.101,81.559],[-88.236,81.561],[-88.326,81.567],[-88.386,81.563],[-88.479,81.565],[-88.978,81.542],[-90.303,81.401],[-90.416,81.405],[-90.609,81.43],[-90.554,81.464],[-90.383,81.5],[-90.14,81.534],[-89.487,81.624],[-89.814,81.649],[-90.145,81.674],[-90.641,81.666],[-90.723,81.649],[-90.834,81.641],[-91.103,81.592],[-91.292,81.571],[-91.403,81.578],[-91.684,81.636],[-91.648,81.684],[-91.424,81.744],[-91.261,81.779],[-90.601,81.865],[-90.492,81.877],[-90.414,81.879],[-89.66,81.894],[-89.53,81.859],[-89.358,81.812],[-89.183,81.855],[-89.156,81.862],[-89.103,81.898],[-89.022,81.955],[-89.025,81.985],[-88.893,82.014],[-88.038,82.096],[-87.972,82.094],[-87.707,82.083],[-87.581,82.078],[-87.404,82.054],[-87.218,82.0],[-87.057,81.967],[-87.007,81.949],[-86.996,81.987],[-86.994,81.994],[-86.834,82.033],[-86.658,82.048],[-86.474,82.047],[-86.378,82.045],[-86.158,82.025],[-85.875,81.976],[-85.646,81.953],[-85.538,81.955],[-85.403,81.982],[-85.153,81.983],[-85.015,81.955],[-84.67,81.885],[-84.545,81.882],[-84.503,81.881],[-84.626,81.972],[-84.769,82.01],[-85.286,82.04],[-85.311,82.044],[-86.581,82.187],[-86.612,82.215],[-86.209,82.223],[-85.574,82.235],[-85.446,82.257],[-85.329,82.277],[-85.488,82.365],[-85.481,82.366],[-85.276,82.405],[-84.897,82.449],[-84.789,82.441],[-84.787,82.435],[-84.78,82.413],[-84.563,82.4],[-84.553,82.398],[-84.368,82.374],[-83.824,82.351],[-83.591,82.326],[-83.176,82.187],[-83.01,82.142],[-82.815,82.103],[-82.732,82.075],[-82.434,82.069],[-82.356,82.066],[-82.354,82.068],[-82.262,82.066],[-82.052,82.062],[-82.329,82.091],[-82.328,82.092],[-82.657,82.158],[-82.747,82.196],[-82.708,82.229],[-82.638,82.246],[-82.537,82.247],[-82.276,82.218],[-81.698,82.137],[-81.592,82.12],[-80.764,82.016],[-80.69,82.012],[-80.429,81.996],[-80.302,81.988],[-79.926,81.92],[-79.696,81.879],[-79.648,81.88],[-79.466,81.851],[-79.425,81.854],[-79.501,81.883],[-79.432,81.885],[-79.71,81.954],[-80.008,82.029],[-80.318,82.051],[-81.468,82.192],[-81.997,82.278],[-82.254,82.336],[-82.447,82.395],[-82.451,82.427],[-82.269,82.465],[-82.023,82.494],[-81.958,82.497],[-81.434,82.497],[-81.686,82.516],[-81.689,82.516],[-81.681,82.519],[-81.959,82.563],[-82.122,82.602],[-82.117,82.629],[-81.795,82.649],[-81.474,82.63],[-81.273,82.605],[-81.193,82.588],[-80.547,82.451],[-80.331,82.459],[-80.288,82.461],[-80.319,82.472],[-80.654,82.591],[-81.091,82.694],[-81.147,82.716],[-81.178,82.745],[-81.128,82.762],[-81.01,82.779],[-80.657,82.769],[-80.076,82.706],[-80.063,82.706],[-79.989,82.688],[-79.401,82.686],[-79.035,82.675],[-78.749,82.679],[-78.792,82.694],[-79.207,82.733],[-79.642,82.785],[-79.834,82.816],[-79.974,82.859],[-80.141,82.894],[-80.155,82.911],[-79.886,82.938],[-79.18,82.933],[-78.9,82.915],[-78.073,82.836],[-78.071,82.88],[-78.071,82.887],[-77.959,82.906],[-77.618,82.896],[-77.479,82.883],[-77.226,82.837],[-76.724,82.733],[-76.413,82.654],[-76.177,82.567],[-76.146,82.55],[-76.125,82.548],[-76.07,82.527],[-75.821,82.542],[-75.526,82.6],[-75.571,82.608],[-75.566,82.609],[-75.643,82.644],[-76.087,82.724],[-76.188,82.758],[-76.199,82.761],[-76.263,82.783],[-76.328,82.794],[-76.41,82.816],[-76.908,82.919],[-77.041,82.968],[-77.125,83.009],[-75.745,83.047],[-74.414,83.013],[-74.198,82.989],[-74.056,82.955],[-73.917,82.904],[-73.703,82.852],[-73.272,82.772],[-73.162,82.763],[-73.126,82.754],[-72.693,82.607],[-72.613,82.597],[-72.583,82.593],[-72.372,82.69],[-72.585,82.748],[-72.942,82.788],[-73.235,82.844],[-73.442,82.905],[-73.441,82.946],[-73.424,82.96],[-72.684,83.086],[-72.482,83.092],[-71.967,83.098],[-71.688,83.037],[-71.739,83.02],[-71.762,83.012],[-71.444,82.939],[-70.772,82.885],[-71.411,83.016],[-70.765,83.1],[-70.608,83.103],[-69.882,83.111],[-69.868,83.11],[-69.782,83.093],[-69.671,83.057],[-69.708,83.036],[-69.685,83.018],[-69.661,82.999],[-68.125,82.964],[-68.107,82.961],[-67.925,82.956],[-67.861,82.958],[-66.423,82.925],[-66.425,82.906],[-66.6,82.861],[-66.751,82.834],[-66.878,82.814],[-68.357,82.677],[-68.44,82.659],[-68.653,82.639]]],[[[-91.28,80.85],[-91.127,80.773],[-90.86,80.731],[-90.783,80.712],[-90.703,80.594],[-90.6,80.586],[-90.537,80.576],[-90.218,80.548],[-89.862,80.498],[-89.798,80.501],[-89.674,80.531],[-89.653,80.532],[-89.483,80.537],[-89.329,80.532],[-89.236,80.511],[-89.167,80.48],[-89.138,80.457],[-89.134,80.44],[-89.204,80.407],[-89.197,80.394],[-89.155,80.378],[-89.147,80.36],[-89.218,80.289],[-89.198,80.263],[-89.116,80.233],[-89.106,80.228],[-89.066,80.206],[-88.68,80.123],[-88.481,80.1],[-88.379,80.089],[-88.201,80.112],[-88.2,80.111],[-88.2,80.112],[-88.185,80.114],[-88.198,80.118],[-88.197,80.125],[-88.255,80.166],[-88.381,80.225],[-88.584,80.252],[-88.621,80.265],[-88.625,80.268],[-88.6,80.336],[-88.579,80.392],[-88.395,80.428],[-88.125,80.429],[-87.96,80.416],[-87.675,80.372],[-87.646,80.348],[-87.63,80.302],[-87.619,80.207],[-87.625,80.187],[-87.743,80.162],[-88.015,80.134],[-87.891,80.119],[-87.922,80.098],[-87.861,80.087],[-87.651,80.079],[-87.474,80.061],[-87.186,79.986],[-87.056,79.952],[-86.977,79.894],[-87.05,79.805],[-87.144,79.663],[-87.22,79.63],[-87.226,79.626],[-87.292,79.608],[-87.282,79.589],[-87.295,79.58],[-87.274,79.576],[-87.248,79.533],[-87.195,79.544],[-86.989,79.587],[-86.925,79.591],[-86.861,79.598],[-86.649,79.646],[-86.337,79.635],[-86.232,79.622],[-86.18,79.605],[-86.086,79.551],[-86.041,79.51],[-86.097,79.472],[-86.131,79.47],[-86.173,79.469],[-86.114,79.438],[-86.102,79.439],[-86.014,79.442],[-85.865,79.526],[-85.561,79.563],[-85.501,79.53],[-85.176,79.387],[-85.064,79.328],[-85.042,79.285],[-85.181,79.234],[-85.29,79.208],[-85.833,79.135],[-85.928,79.125],[-86.206,79.097],[-86.335,79.059],[-86.338,79.058],[-86.451,79.039],[-86.628,78.992],[-86.813,79.009],[-86.895,79.016],[-87.156,78.842],[-87.159,78.841],[-87.246,78.814],[-87.479,78.718],[-87.617,78.676],[-87.862,78.707],[-87.922,78.751],[-87.956,78.852],[-87.961,78.893],[-87.953,78.915],[-87.923,78.951],[-87.817,79.036],[-87.829,79.045],[-87.865,79.04],[-87.852,79.051],[-88.128,78.999],[-88.176,78.99],[-88.242,78.852],[-88.219,78.685],[-88.254,78.672],[-88.228,78.653],[-88.037,78.627],[-88.003,78.616],[-87.982,78.595],[-87.973,78.565],[-87.983,78.537],[-88.04,78.494],[-88.148,78.477],[-88.285,78.497],[-88.581,78.602],[-88.709,78.596],[-88.742,78.584],[-88.714,78.546],[-88.663,78.499],[-88.689,78.491],[-88.607,78.391],[-88.648,78.334],[-88.733,78.242],[-88.791,78.192],[-88.822,78.186],[-88.97,78.184],[-89.096,78.209],[-89.47,78.37],[-89.498,78.381],[-89.569,78.415],[-89.98,78.616],[-90.023,78.605],[-90.037,78.607],[-90.042,78.6],[-90.07,78.593],[-90.118,78.58],[-90.094,78.549],[-90.044,78.484],[-89.888,78.424],[-89.793,78.389],[-89.757,78.37],[-89.707,78.338],[-89.497,78.185],[-89.49,78.172],[-89.526,78.16],[-89.579,78.167],[-89.651,78.193],[-89.79,78.221],[-89.942,78.274],[-90.021,78.302],[-90.259,78.336],[-90.655,78.327],[-90.761,78.324],[-90.567,78.282],[-90.527,78.281],[-90.469,78.269],[-90.405,78.247],[-90.358,78.219],[-90.327,78.185],[-90.387,78.163],[-90.614,78.15],[-90.918,78.158],[-91.41,78.188],[-91.899,78.237],[-92.351,78.313],[-92.678,78.389],[-92.808,78.43],[-92.848,78.46],[-92.725,78.487],[-92.662,78.492],[-92.152,78.52],[-92.114,78.53],[-91.867,78.543],[-91.935,78.562],[-91.983,78.564],[-91.952,78.572],[-92.155,78.574],[-92.715,78.605],[-92.972,78.613],[-93.109,78.602],[-93.267,78.608],[-93.389,78.643],[-93.552,78.708],[-93.634,78.751],[-93.623,78.768],[-93.561,78.777],[-93.479,78.775],[-93.354,78.761],[-93.14,78.738],[-93.065,78.74],[-93.013,78.741],[-93.015,78.754],[-93.016,78.763],[-93.195,78.788],[-93.321,78.805],[-93.336,78.808],[-93.362,78.811],[-93.465,78.825],[-93.494,78.826],[-93.902,78.872],[-94.115,78.929],[-94.154,78.951],[-94.17,78.973],[-94.163,78.994],[-93.95,79.037],[-93.294,79.14],[-93.219,79.145],[-91.784,79.17],[-90.334,79.243],[-90.473,79.244],[-91.07,79.248],[-91.439,79.234],[-92.178,79.206],[-92.394,79.222],[-92.506,79.235],[-92.6,79.245],[-92.547,79.283],[-92.147,79.303],[-92.051,79.302],[-91.508,79.329],[-91.215,79.344],[-91.114,79.386],[-91.493,79.369],[-91.693,79.365],[-92.248,79.373],[-92.485,79.439],[-92.645,79.45],[-92.822,79.45],[-93.028,79.429],[-93.381,79.368],[-93.551,79.354],[-93.933,79.291],[-94.04,79.295],[-94.093,79.303],[-94.109,79.315],[-94.04,79.357],[-93.94,79.386],[-93.96,79.396],[-94.11,79.402],[-94.173,79.401],[-94.335,79.423],[-94.518,79.42],[-94.499,79.398],[-94.487,79.384],[-94.517,79.376],[-94.846,79.335],[-95.044,79.294],[-95.103,79.29],[-95.317,79.355],[-95.379,79.361],[-95.496,79.386],[-95.703,79.407],[-95.733,79.418],[-95.663,79.527],[-95.563,79.55],[-95.302,79.568],[-95.238,79.576],[-94.745,79.606],[-94.344,79.667],[-94.293,79.697],[-94.316,79.762],[-94.517,79.74],[-94.567,79.727],[-94.581,79.726],[-94.973,79.677],[-95.297,79.653],[-95.553,79.653],[-95.739,79.66],[-95.857,79.674],[-96.0,79.705],[-96.21,79.77],[-96.273,79.808],[-96.656,80.038],[-96.728,80.098],[-96.682,80.129],[-95.905,80.075],[-95.743,80.051],[-95.531,80.044],[-95.125,80.03],[-94.777,80.043],[-94.774,80.05],[-94.646,80.049],[-94.611,80.055],[-94.6,80.074],[-94.613,80.103],[-94.613,80.103],[-94.227,80.169],[-94.076,80.169],[-94.268,80.193],[-94.263,80.195],[-94.286,80.195],[-94.46,80.217],[-94.465,80.216],[-94.541,80.2],[-94.59,80.201],[-95.193,80.134],[-95.405,80.135],[-95.646,80.231],[-95.904,80.214],[-96.026,80.222],[-96.215,80.246],[-96.308,80.267],[-96.368,80.293],[-96.394,80.315],[-96.385,80.333],[-96.334,80.353],[-96.122,80.379],[-96.04,80.376],[-95.75,80.365],[-95.747,80.365],[-95.745,80.365],[-95.574,80.359],[-95.573,80.366],[-95.549,80.367],[-95.573,80.377],[-95.572,80.396],[-95.836,80.454],[-95.892,80.468],[-95.895,80.473],[-95.916,80.504],[-95.904,80.552],[-95.902,80.552],[-95.824,80.581],[-95.503,80.588],[-95.042,80.598],[-94.927,80.59],[-94.893,80.571],[-94.735,80.572],[-94.486,80.558],[-94.421,80.558],[-94.331,80.552],[-93.917,80.526],[-94.047,80.559],[-93.928,80.559],[-94.029,80.586],[-94.202,80.61],[-94.226,80.612],[-94.331,80.699],[-94.435,80.726],[-94.81,80.754],[-95.028,80.785],[-95.226,80.883],[-95.446,80.885],[-95.449,80.898],[-95.41,80.92],[-95.229,80.995],[-94.935,81.048],[-94.519,81.031],[-94.519,81.031],[-94.502,81.027],[-94.482,81.021],[-94.472,80.996],[-94.402,80.98],[-94.333,80.965],[-94.134,80.998],[-93.994,81.021],[-94.096,81.072],[-93.919,81.094],[-93.403,81.066],[-93.281,81.077],[-93.154,81.088],[-93.105,81.118],[-93.048,81.151],[-93.052,81.159],[-93.065,81.189],[-93.223,81.214],[-93.481,81.21],[-93.894,81.213],[-94.11,81.225],[-94.194,81.241],[-94.219,81.265],[-94.231,81.29],[-94.233,81.315],[-94.22,81.331],[-94.18,81.339],[-94.06,81.349],[-93.948,81.35],[-93.885,81.346],[-93.636,81.331],[-93.58,81.339],[-93.445,81.359],[-93.333,81.364],[-93.273,81.361],[-92.321,81.262],[-92.183,81.236],[-91.998,81.186],[-91.886,81.133],[-91.755,81.049],[-91.323,80.871],[-91.28,80.85]]],[[[-99.309,79.821],[-99.321,79.823],[-99.333,79.84],[-99.516,79.887],[-99.632,79.885],[-99.682,79.894],[-99.94,79.882],[-100.0,79.884],[-100.057,79.898],[-100.093,79.919],[-100.126,80.001],[-100.12,80.03],[-100.118,80.033],[-100.046,80.086],[-99.886,80.125],[-99.803,80.14],[-99.731,80.144],[-99.513,80.131],[-99.469,80.115],[-99.452,80.109],[-99.34,80.116],[-99.214,80.125],[-99.153,80.124],[-99.016,80.111],[-98.895,80.082],[-98.823,80.037],[-98.791,79.981],[-98.769,79.851],[-98.79,79.785],[-98.841,79.737],[-98.885,79.726],[-98.945,79.724],[-99.175,79.756],[-99.309,79.821]]],[[[-102.717,79.123],[-102.7,79.08],[-102.67,79.004],[-102.683,78.991],[-102.731,78.969],[-102.651,78.954],[-102.65,78.952],[-102.635,78.929],[-102.603,78.88],[-102.555,78.867],[-102.453,78.91],[-102.381,78.941],[-102.28,79.026],[-102.188,79.038],[-102.142,79.047],[-101.851,79.087],[-101.704,79.079],[-101.299,78.982],[-101.244,78.979],[-101.162,78.959],[-101.135,78.838],[-101.147,78.824],[-101.128,78.802],[-101.127,78.802],[-101.126,78.798],[-101.001,78.776],[-100.39,78.81],[-100.389,78.81],[-100.015,78.729],[-99.782,78.62],[-99.65,78.592],[-99.748,78.475],[-99.818,78.455],[-99.848,78.438],[-99.783,78.399],[-99.772,78.385],[-99.769,78.364],[-99.778,78.325],[-99.751,78.303],[-99.681,78.294],[-99.254,78.163],[-99.132,78.117],[-99.053,78.072],[-99.005,78.016],[-99.0,77.997],[-99.061,77.966],[-99.128,77.877],[-99.166,77.857],[-99.283,77.845],[-99.491,77.832],[-99.659,77.824],[-99.72,77.818],[-100.0,77.8],[-100.012,77.801],[-100.275,77.833],[-100.586,77.892],[-100.649,77.918],[-100.684,77.933],[-100.758,77.978],[-100.778,77.996],[-100.81,78.072],[-100.816,78.078],[-100.804,78.091],[-100.797,78.098],[-100.919,78.14],[-101.01,78.171],[-101.038,78.174],[-101.074,78.194],[-101.244,78.198],[-101.872,78.271],[-102.002,78.286],[-102.094,78.279],[-102.285,78.275],[-102.507,78.257],[-102.587,78.29],[-102.751,78.356],[-102.731,78.371],[-102.783,78.368],[-102.791,78.372],[-103.225,78.344],[-103.677,78.32],[-103.774,78.298],[-103.812,78.293],[-103.827,78.286],[-103.947,78.26],[-104.324,78.27],[-104.513,78.295],[-104.583,78.311],[-104.797,78.372],[-104.929,78.434],[-104.969,78.477],[-104.992,78.502],[-104.994,78.512],[-104.752,78.578],[-104.727,78.579],[-104.214,78.54],[-103.765,78.519],[-103.751,78.521],[-103.509,78.506],[-103.454,78.516],[-103.393,78.565],[-103.365,78.588],[-103.51,78.617],[-103.49,78.672],[-103.331,78.722],[-103.299,78.732],[-103.439,78.785],[-103.442,78.787],[-103.912,78.765],[-103.836,78.907],[-104.072,78.971],[-104.113,78.986],[-104.152,78.99],[-104.395,78.956],[-104.736,78.826],[-104.818,78.807],[-104.896,78.808],[-104.97,78.829],[-104.97,78.833],[-104.761,78.935],[-104.67,78.992],[-104.673,79.006],[-104.676,79.022],[-104.81,79.037],[-104.901,79.051],[-105.309,79.033],[-105.536,79.032],[-105.571,79.061],[-105.58,79.114],[-105.571,79.164],[-105.514,79.242],[-105.436,79.302],[-105.43,79.305],[-105.133,79.318],[-104.847,79.311],[-103.965,79.348],[-103.706,79.352],[-103.426,79.316],[-103.192,79.295],[-102.937,79.236],[-102.717,79.123]]],[[[-95.557,78.513],[-95.271,78.46],[-94.935,78.397],[-94.915,78.391],[-94.888,78.36],[-94.887,78.345],[-95.014,78.313],[-95.268,78.263],[-95.329,78.225],[-95.158,78.19],[-95.1,78.171],[-94.987,78.136],[-94.936,78.106],[-94.934,78.077],[-94.941,78.072],[-95.087,77.993],[-95.199,77.968],[-95.37,77.971],[-95.451,77.963],[-95.671,77.924],[-95.908,77.899],[-96.175,77.882],[-96.477,77.872],[-96.552,77.859],[-96.683,77.85],[-96.742,77.827],[-96.834,77.812],[-96.99,77.806],[-97.04,77.827],[-97.064,77.859],[-97.052,77.881],[-97.019,77.908],[-97.093,77.934],[-97.427,77.982],[-97.437,77.986],[-97.332,78.06],[-97.308,78.077],[-96.898,78.08],[-96.868,78.134],[-96.951,78.146],[-96.945,78.152],[-97.027,78.157],[-97.323,78.203],[-97.355,78.205],[-97.918,78.287],[-98.053,78.336],[-98.069,78.386],[-98.114,78.403],[-98.255,78.429],[-98.276,78.438],[-98.317,78.477],[-98.324,78.498],[-98.316,78.517],[-98.06,78.558],[-98.096,78.587],[-98.29,78.692],[-98.341,78.751],[-98.333,78.772],[-98.212,78.805],[-98.043,78.805],[-97.596,78.796],[-97.506,78.79],[-97.061,78.73],[-96.715,78.683],[-96.435,78.652],[-96.265,78.595],[-96.259,78.589],[-96.296,78.525],[-95.92,78.479],[-95.735,78.512],[-95.62,78.515],[-95.557,78.513]]],[[[-102.273,77.733],[-102.461,77.781],[-102.475,77.837],[-102.473,77.857],[-102.396,77.883],[-102.313,77.887],[-101.889,77.899],[-101.639,77.892],[-101.322,77.854],[-101.193,77.83],[-101.128,77.813],[-101.046,77.778],[-101.02,77.762],[-101.002,77.735],[-101.398,77.729],[-101.585,77.718],[-101.69,77.697],[-101.888,77.689],[-102.08,77.692],[-102.145,77.7],[-102.273,77.733]]],[[[-95.387,77.737],[-95.207,77.753],[-95.049,77.767],[-94.508,77.772],[-94.015,77.76],[-93.583,77.771],[-93.545,77.769],[-93.31,77.741],[-93.301,77.74],[-93.211,77.71],[-93.129,77.66],[-93.339,77.63],[-93.52,77.474],[-93.544,77.467],[-93.74,77.465],[-93.836,77.452],[-94.409,77.474],[-94.637,77.476],[-94.849,77.483],[-94.87,77.482],[-95.054,77.478],[-95.971,77.484],[-96.008,77.49],[-96.056,77.503],[-96.264,77.595],[-96.277,77.63],[-96.239,77.673],[-96.207,77.693],[-96.102,77.716],[-96.048,77.728],[-95.684,77.782],[-95.485,77.792],[-95.408,77.78],[-95.387,77.737]]],[[[-105.539,77.344],[-105.646,77.439],[-105.712,77.482],[-105.747,77.525],[-105.82,77.553],[-105.855,77.575],[-105.883,77.627],[-106.066,77.725],[-106.042,77.737],[-106.023,77.741],[-105.863,77.754],[-105.633,77.739],[-105.433,77.688],[-105.379,77.674],[-105.289,77.642],[-105.074,77.548],[-105.007,77.507],[-104.994,77.45],[-104.955,77.419],[-104.914,77.417],[-104.904,77.408],[-104.721,77.381],[-104.658,77.372],[-104.643,77.367],[-104.526,77.326],[-104.501,77.309],[-104.454,77.249],[-104.457,77.221],[-104.494,77.162],[-104.558,77.142],[-104.711,77.124],[-105.016,77.165],[-105.215,77.182],[-105.38,77.254],[-105.536,77.341],[-105.539,77.344]]],[[[-90.082,77.214],[-90.14,77.211],[-90.228,77.212],[-90.871,77.311],[-91.06,77.355],[-91.147,77.387],[-91.177,77.426],[-91.185,77.482],[-91.183,77.542],[-91.158,77.572],[-91.123,77.611],[-90.788,77.646],[-90.563,77.64],[-90.423,77.628],[-90.345,77.618],[-90.012,77.545],[-89.839,77.491],[-89.719,77.442],[-89.694,77.378],[-89.695,77.339],[-89.712,77.31],[-89.747,77.293],[-89.833,77.268],[-90.079,77.214],[-90.082,77.214]]],[[[-93.439,76.46],[-93.323,76.508],[-92.999,76.619],[-92.948,76.617],[-92.716,76.603],[-92.626,76.606],[-92.418,76.598],[-92.363,76.596],[-92.304,76.606],[-92.079,76.642],[-91.82,76.672],[-91.594,76.683],[-91.548,76.685],[-91.345,76.681],[-91.183,76.668],[-91.124,76.662],[-90.738,76.581],[-90.605,76.543],[-90.555,76.516],[-90.543,76.496],[-90.622,76.465],[-90.864,76.484],[-91.18,76.497],[-91.332,76.51],[-91.336,76.511],[-91.338,76.511],[-91.441,76.52],[-91.613,76.495],[-91.431,76.48],[-91.415,76.456],[-91.334,76.446],[-90.95,76.439],[-89.425,76.31],[-89.289,76.299],[-89.255,76.278],[-89.221,76.256],[-89.236,76.239],[-89.292,76.218],[-89.407,76.189],[-90.027,76.168],[-90.599,76.173],[-90.827,76.186],[-91.26,76.23],[-91.303,76.227],[-91.631,76.264],[-91.359,76.196],[-91.352,76.194],[-91.279,76.16],[-91.054,76.144],[-91.039,76.142],[-90.979,76.135],[-90.802,76.106],[-90.712,76.076],[-90.634,76.072],[-90.635,76.071],[-90.654,76.029],[-90.925,76.024],[-91.048,76.022],[-91.078,75.992],[-91.08,75.991],[-90.92,75.952],[-90.65,75.966],[-90.099,75.995],[-90.08,75.991],[-90.033,75.971],[-89.987,75.969],[-89.793,75.925],[-89.695,75.854],[-89.65,75.844],[-89.511,75.857],[-89.278,75.795],[-89.205,75.762],[-89.205,75.737],[-89.257,75.699],[-89.361,75.646],[-89.626,75.584],[-89.646,75.565],[-89.357,75.572],[-88.929,75.427],[-88.779,75.432],[-88.756,75.456],[-88.743,75.469],[-88.815,75.528],[-88.819,75.539],[-88.864,75.589],[-88.858,75.609],[-88.829,75.632],[-88.784,75.647],[-88.715,75.659],[-88.645,75.658],[-88.569,75.645],[-88.201,75.512],[-88.197,75.513],[-88.194,75.512],[-87.709,75.569],[-87.644,75.547],[-87.572,75.494],[-87.539,75.485],[-87.383,75.58],[-87.146,75.586],[-86.814,75.491],[-86.663,75.476],[-86.499,75.406],[-86.47,75.393],[-86.404,75.396],[-86.197,75.405],[-85.951,75.395],[-85.93,75.416],[-85.923,75.417],[-85.887,75.443],[-85.939,75.455],[-86.069,75.502],[-85.993,75.523],[-85.511,75.577],[-85.372,75.573],[-85.103,75.623],[-84.863,75.65],[-84.75,75.655],[-84.605,75.654],[-84.385,75.704],[-84.384,75.704],[-84.38,75.705],[-84.128,75.763],[-84.014,75.78],[-83.942,75.814],[-83.483,75.772],[-83.41,75.772],[-83.237,75.751],[-83.093,75.756],[-82.931,75.775],[-82.856,75.776],[-82.372,75.832],[-82.354,75.833],[-82.183,75.831],[-82.122,75.829],[-81.648,75.795],[-81.268,75.756],[-81.176,75.74],[-81.331,75.693],[-81.304,75.665],[-81.288,75.649],[-81.14,75.638],[-80.971,75.625],[-80.698,75.643],[-80.528,75.642],[-80.322,75.629],[-80.158,75.581],[-80.119,75.562],[-80.126,75.542],[-80.287,75.49],[-80.26,75.479],[-80.1,75.467],[-79.854,75.463],[-79.691,75.454],[-79.66,75.449],[-79.586,75.385],[-79.508,75.295],[-79.509,75.265],[-79.603,75.218],[-79.645,75.197],[-79.977,75.119],[-80.358,75.052],[-80.382,75.034],[-80.26,75.002],[-80.135,74.988],[-80.12,74.989],[-80.079,74.962],[-80.049,74.976],[-80.01,74.993],[-79.759,75.019],[-79.623,75.012],[-79.525,74.99],[-79.461,74.959],[-79.401,74.918],[-79.508,74.88],[-79.944,74.834],[-80.203,74.895],[-80.289,74.908],[-80.348,74.903],[-80.314,74.876],[-80.244,74.848],[-80.269,74.808],[-80.23,74.757],[-80.214,74.736],[-80.212,74.696],[-80.221,74.657],[-80.26,74.589],[-80.267,74.584],[-80.274,74.582],[-80.291,74.581],[-81.226,74.567],[-81.34,74.554],[-81.53,74.517],[-82.052,74.49],[-82.155,74.495],[-82.415,74.535],[-82.645,74.525],[-82.736,74.53],[-82.931,74.566],[-82.965,74.578],[-83.055,74.631],[-83.062,74.635],[-83.117,74.693],[-83.112,74.732],[-83.087,74.788],[-83.103,74.817],[-83.158,74.817],[-83.22,74.828],[-83.407,74.885],[-83.482,74.896],[-83.508,74.905],[-83.516,74.901],[-83.522,74.901],[-83.544,74.892],[-83.54,74.888],[-83.568,74.873],[-83.404,74.792],[-83.363,74.725],[-83.375,74.705],[-83.394,74.681],[-83.416,74.653],[-83.532,74.586],[-83.622,74.566],[-83.868,74.564],[-84.197,74.521],[-84.475,74.51],[-84.667,74.52],[-84.818,74.542],[-84.916,74.568],[-85.011,74.604],[-85.061,74.607],[-85.078,74.556],[-85.366,74.558],[-85.442,74.601],[-85.474,74.6],[-85.489,74.567],[-85.504,74.553],[-85.518,74.543],[-85.543,74.535],[-85.808,74.499],[-85.956,74.499],[-86.11,74.54],[-86.211,74.536],[-86.341,74.513],[-86.656,74.555],[-86.731,74.557],[-86.68,74.503],[-87.163,74.49],[-87.364,74.502],[-87.517,74.481],[-87.527,74.48],[-87.709,74.476],[-88.006,74.489],[-88.407,74.494],[-88.427,74.495],[-88.501,74.51],[-88.556,74.541],[-88.558,74.57],[-88.538,74.609],[-88.477,74.667],[-88.375,74.744],[-88.34,74.785],[-88.431,74.804],[-88.45,74.812],[-88.461,74.83],[-88.467,74.831],[-88.504,74.836],[-88.529,74.831],[-88.535,74.832],[-88.682,74.802],[-88.684,74.801],[-88.904,74.757],[-88.908,74.764],[-88.94,74.789],[-88.98,74.788],[-89.02,74.774],[-89.058,74.747],[-89.115,74.738],[-89.192,74.745],[-89.219,74.732],[-89.197,74.698],[-89.189,74.667],[-89.196,74.638],[-89.262,74.609],[-89.45,74.568],[-89.487,74.563],[-89.651,74.553],[-89.844,74.549],[-90.015,74.561],[-90.362,74.61],[-90.476,74.612],[-90.613,74.634],[-90.784,74.696],[-90.888,74.707],[-90.855,74.783],[-90.769,74.829],[-90.774,74.885],[-90.799,74.884],[-90.852,74.881],[-91.128,74.739],[-91.128,74.737],[-91.13,74.736],[-91.164,74.71],[-91.135,74.65],[-91.168,74.645],[-91.339,74.667],[-91.508,74.651],[-91.544,74.655],[-91.554,74.657],[-91.666,74.699],[-91.871,74.743],[-91.962,74.793],[-92.103,74.948],[-92.174,75.051],[-92.165,75.072],[-92.061,75.101],[-92.076,75.124],[-92.207,75.181],[-92.347,75.23],[-92.389,75.263],[-92.408,75.297],[-92.427,75.346],[-92.428,75.383],[-92.411,75.406],[-92.352,75.46],[-92.22,75.542],[-92.005,75.605],[-92.008,75.632],[-92.012,75.665],[-92.066,75.73],[-92.114,75.788],[-92.166,75.824],[-92.185,75.847],[-92.244,75.88],[-92.271,75.899],[-92.535,76.049],[-93.085,76.364],[-93.181,76.365],[-93.192,76.366],[-93.211,76.365],[-93.34,76.366],[-93.73,76.274],[-94.54,76.294],[-94.585,76.297],[-94.628,76.296],[-94.741,76.299],[-94.794,76.286],[-94.997,76.258],[-95.274,76.264],[-95.348,76.306],[-95.348,76.308],[-94.863,76.33],[-95.577,76.38],[-95.842,76.416],[-95.959,76.446],[-96.04,76.487],[-96.013,76.513],[-95.914,76.524],[-95.897,76.523],[-95.819,76.518],[-95.744,76.55],[-95.696,76.564],[-95.651,76.585],[-95.663,76.584],[-95.599,76.61],[-95.719,76.579],[-95.72,76.579],[-95.873,76.566],[-95.971,76.57],[-96.64,76.703],[-96.712,76.711],[-96.697,76.763],[-96.697,76.764],[-96.619,76.764],[-96.59,76.763],[-96.582,76.764],[-96.361,76.762],[-96.431,76.783],[-96.401,76.797],[-96.433,76.811],[-96.661,76.855],[-96.771,76.889],[-96.814,76.913],[-96.77,76.948],[-96.758,76.972],[-96.715,76.98],[-96.486,76.968],[-96.31,76.992],[-96.31,77.013],[-96.31,77.014],[-96.061,77.05],[-96.006,77.054],[-95.996,77.055],[-95.698,77.065],[-95.667,77.064],[-94.426,76.919],[-94.321,76.916],[-94.295,76.912],[-94.108,76.904],[-94.045,76.909],[-93.746,76.901],[-93.609,76.874],[-93.421,76.812],[-93.324,76.793],[-93.213,76.756],[-93.212,76.755],[-93.21,76.752],[-93.366,76.553],[-93.426,76.527],[-93.485,76.492],[-93.534,76.448],[-93.429,76.472],[-93.439,76.46]]],[[[-90.531,76.776],[-90.484,76.796],[-90.45,76.802],[-90.113,76.837],[-90.02,76.837],[-89.92,76.827],[-89.796,76.784],[-89.74,76.764],[-89.707,76.719],[-89.701,76.711],[-89.709,76.701],[-89.788,76.66],[-89.822,76.631],[-89.822,76.602],[-89.805,76.561],[-89.773,76.534],[-89.776,76.528],[-89.821,76.496],[-89.924,76.501],[-89.974,76.488],[-90.054,76.495],[-90.164,76.524],[-90.294,76.58],[-90.441,76.663],[-90.556,76.735],[-90.563,76.754],[-90.545,76.77],[-90.531,76.776]]],[[[-97.611,76.222],[-97.583,76.074],[-97.614,76.053],[-97.65,75.979],[-97.652,75.94],[-97.603,75.879],[-97.602,75.851],[-97.694,75.803],[-97.89,75.76],[-97.863,75.738],[-97.495,75.692],[-97.49,75.582],[-97.485,75.489],[-97.745,75.555],[-97.848,75.53],[-97.897,75.519],[-97.956,75.413],[-98.029,75.281],[-97.943,75.277],[-97.855,75.272],[-97.853,75.26],[-97.705,75.191],[-97.66,75.151],[-97.674,75.127],[-97.799,75.117],[-97.843,75.122],[-97.971,75.153],[-98.045,75.201],[-98.069,75.199],[-98.092,75.176],[-98.077,75.153],[-97.99,75.111],[-97.953,75.06],[-97.967,75.055],[-98.027,75.042],[-98.121,75.033],[-98.295,75.032],[-98.569,75.009],[-98.704,75.006],[-98.835,75.018],[-99.01,75.021],[-99.156,75.016],[-99.245,75.026],[-99.326,75.05],[-99.421,75.044],[-99.627,74.984],[-99.947,75.003],[-100.223,75.008],[-100.243,75.011],[-100.292,75.028],[-100.357,75.067],[-100.483,75.188],[-100.481,75.191],[-100.363,75.21],[-100.251,75.227],[-100.252,75.23],[-100.152,75.236],[-100.146,75.246],[-100.266,75.27],[-100.266,75.272],[-100.285,75.274],[-100.364,75.29],[-100.503,75.307],[-100.543,75.342],[-100.576,75.37],[-100.415,75.442],[-100.36,75.451],[-100.28,75.461],[-100.268,75.465],[-100.032,75.501],[-99.708,75.591],[-99.727,75.629],[-99.731,75.637],[-99.591,75.655],[-99.209,75.669],[-99.195,75.698],[-99.915,75.681],[-100.902,75.62],[-101.046,75.606],[-101.248,75.593],[-101.461,75.608],[-102.541,75.514],[-102.553,75.514],[-102.6,75.517],[-102.681,75.538],[-102.759,75.577],[-102.798,75.6],[-102.728,75.639],[-102.411,75.713],[-102.252,75.778],[-102.271,75.813],[-102.145,75.875],[-101.943,75.884],[-101.599,75.833],[-101.487,75.801],[-101.416,75.76],[-101.4,75.759],[-101.234,75.749],[-101.245,75.759],[-101.119,75.763],[-100.973,75.798],[-101.01,75.802],[-101.259,75.784],[-101.276,75.787],[-101.346,75.85],[-101.444,75.891],[-101.505,75.917],[-101.506,75.918],[-101.508,75.944],[-101.431,75.992],[-101.698,76.007],[-101.862,76.1],[-101.861,76.101],[-101.772,76.15],[-101.529,76.217],[-101.557,76.236],[-101.91,76.234],[-101.988,76.243],[-102.107,76.276],[-102.05,76.358],[-101.964,76.399],[-101.858,76.439],[-101.825,76.445],[-101.695,76.438],[-101.407,76.423],[-101.34,76.411],[-101.139,76.345],[-101.088,76.308],[-101.094,76.272],[-101.056,76.246],[-100.9,76.207],[-100.354,76.044],[-100.102,75.925],[-99.866,75.902],[-99.586,75.946],[-99.697,75.948],[-99.689,75.96],[-99.978,76.03],[-100.051,76.067],[-100.113,76.117],[-100.086,76.134],[-100.002,76.139],[-99.79,76.133],[-99.541,76.146],[-99.817,76.168],[-99.997,76.196],[-100.118,76.197],[-100.246,76.278],[-100.043,76.291],[-99.983,76.3],[-99.978,76.312],[-100.082,76.343],[-100.175,76.359],[-100.651,76.396],[-100.82,76.437],[-100.874,76.457],[-100.891,76.476],[-100.83,76.524],[-100.608,76.576],[-100.566,76.586],[-100.388,76.614],[-100.091,76.633],[-99.629,76.593],[-99.54,76.585],[-99.33,76.521],[-99.256,76.49],[-99.222,76.436],[-99.134,76.4],[-98.927,76.464],[-98.926,76.464],[-98.89,76.466],[-98.906,76.479],[-98.724,76.612],[-98.589,76.646],[-98.831,76.667],[-98.812,76.672],[-98.607,76.679],[-98.528,76.667],[-98.311,76.605],[-98.331,76.602],[-98.449,76.588],[-97.724,76.493],[-97.701,76.467],[-97.69,76.422],[-97.702,76.387],[-97.737,76.363],[-97.739,76.335],[-97.707,76.304],[-97.617,76.25],[-97.611,76.222]]],[[[-104.374,76.455],[-104.4,76.46],[-104.508,76.48],[-104.577,76.54],[-104.603,76.583],[-104.586,76.606],[-104.524,76.624],[-104.52,76.625],[-104.487,76.632],[-104.205,76.666],[-104.074,76.666],[-104.062,76.665],[-103.973,76.646],[-103.959,76.639],[-103.969,76.614],[-104.023,76.583],[-103.973,76.578],[-103.821,76.598],[-103.749,76.6],[-103.676,76.585],[-103.613,76.564],[-103.585,76.539],[-103.19,76.477],[-103.051,76.45],[-103.034,76.432],[-103.083,76.405],[-103.2,76.371],[-103.311,76.348],[-103.472,76.329],[-104.242,76.326],[-104.365,76.339],[-104.372,76.344],[-104.374,76.455]]],[[[-102.937,75.915],[-102.159,75.995],[-102.018,75.954],[-102.008,75.939],[-102.047,75.928],[-102.318,75.895],[-102.424,75.869],[-102.511,75.808],[-102.58,75.78],[-102.944,75.763],[-103.315,75.764],[-103.268,75.803],[-102.937,75.915]]],[[[-102.587,76.139],[-102.645,76.121],[-102.66,76.116],[-103.342,76.037],[-104.107,76.051],[-104.317,76.081],[-104.341,76.084],[-104.406,76.109],[-104.351,76.182],[-104.012,76.223],[-103.572,76.258],[-103.098,76.311],[-102.728,76.307],[-102.615,76.287],[-102.571,76.258],[-102.536,76.196],[-102.532,76.187],[-102.587,76.139]]],[[[-95.126,74.749],[-95.249,74.797],[-95.292,74.794],[-95.451,74.797],[-95.757,74.822],[-95.917,74.854],[-96.094,74.933],[-96.182,74.951],[-96.264,74.922],[-96.296,74.929],[-96.319,74.948],[-96.343,74.982],[-96.386,74.999],[-96.56,74.99],[-96.591,75.002],[-96.599,75.032],[-96.597,75.058],[-96.57,75.093],[-96.549,75.109],[-96.383,75.211],[-96.292,75.219],[-96.18,75.24],[-96.118,75.301],[-96.119,75.304],[-95.976,75.367],[-95.805,75.477],[-95.78,75.493],[-95.671,75.529],[-95.328,75.58],[-94.991,75.625],[-94.878,75.63],[-94.649,75.623],[-94.427,75.593],[-94.257,75.544],[-93.909,75.423],[-93.751,75.349],[-93.667,75.274],[-93.591,75.23],[-93.498,75.137],[-93.532,75.1],[-93.552,75.051],[-93.543,75.028],[-93.478,74.952],[-93.467,74.921],[-93.463,74.856],[-93.491,74.772],[-93.509,74.756],[-93.535,74.749],[-93.548,74.728],[-93.547,74.691],[-93.573,74.669],[-93.626,74.661],[-93.985,74.644],[-94.206,74.647],[-94.483,74.638],[-94.566,74.638],[-94.697,74.642],[-94.804,74.66],[-94.959,74.7],[-95.116,74.745],[-95.126,74.749]]],[[[-104.668,75.081],[-104.737,75.092],[-104.828,75.12],[-104.86,75.135],[-104.806,75.19],[-104.695,75.306],[-104.564,75.368],[-104.478,75.408],[-104.285,75.429],[-104.182,75.427],[-103.849,75.37],[-103.804,75.346],[-103.758,75.289],[-103.747,75.253],[-103.667,75.211],[-103.644,75.187],[-103.642,75.163],[-103.664,75.139],[-103.71,75.115],[-103.814,75.08],[-104.054,75.046],[-104.175,75.041],[-104.343,75.034],[-104.447,75.044],[-104.668,75.081]]],[[[-93.034,74.144],[-92.778,74.114],[-92.587,74.083],[-92.493,74.062],[-92.314,73.992],[-92.223,73.972],[-91.874,74.013],[-91.693,74.024],[-91.233,74.014],[-91.088,74.009],[-90.627,73.952],[-90.458,73.908],[-90.355,73.869],[-90.382,73.825],[-90.466,73.754],[-90.565,73.686],[-90.765,73.581],[-90.934,73.528],[-90.976,73.502],[-91.002,73.467],[-91.068,73.416],[-91.249,73.304],[-91.298,73.285],[-91.554,73.236],[-91.466,73.214],[-91.426,73.195],[-91.46,73.145],[-91.621,73.026],[-91.788,72.915],[-91.905,72.849],[-92.118,72.754],[-92.235,72.727],[-92.392,72.718],[-93.039,72.775],[-93.105,72.782],[-93.11,72.782],[-93.341,72.802],[-93.579,72.8],[-93.979,72.773],[-94.289,72.77],[-94.297,72.754],[-94.312,72.726],[-94.288,72.712],[-94.023,72.708],[-93.948,72.707],[-93.92,72.703],[-93.771,72.668],[-93.572,72.559],[-93.547,72.531],[-93.534,72.499],[-93.542,72.437],[-93.555,72.421],[-93.774,72.304],[-93.828,72.288],[-93.916,72.225],[-94.005,72.161],[-94.028,72.082],[-94.039,72.047],[-94.137,72.041],[-94.361,72.027],[-94.497,72.044],[-94.611,72.042],[-95.008,72.013],[-95.184,72.027],[-95.175,72.042],[-95.147,72.09],[-95.14,72.454],[-95.235,72.544],[-95.293,72.597],[-95.468,72.706],[-95.548,72.782],[-95.58,72.831],[-95.602,72.884],[-95.613,72.942],[-95.612,72.999],[-95.591,73.115],[-95.589,73.174],[-95.604,73.328],[-95.606,73.338],[-95.578,73.617],[-95.623,73.631],[-95.643,73.638],[-95.646,73.659],[-95.645,73.671],[-95.633,73.695],[-95.569,73.728],[-95.447,73.752],[-95.386,73.755],[-95.095,73.703],[-95.034,73.68],[-94.825,73.649],[-94.605,73.653],[-94.597,73.669],[-94.903,73.719],[-95.059,73.805],[-95.134,73.881],[-95.149,73.906],[-95.153,73.933],[-95.145,73.96],[-95.121,73.985],[-95.04,74.024],[-95.027,74.027],[-94.657,74.089],[-94.374,74.11],[-94.198,74.123],[-93.939,74.132],[-93.785,74.118],[-93.549,74.167],[-93.453,74.175],[-93.034,74.144]]],[[[-98.049,74.105],[-97.796,74.114],[-97.698,74.109],[-97.668,74.09],[-97.659,74.072],[-97.673,74.053],[-97.755,74.006],[-97.861,73.968],[-98.147,73.889],[-98.271,73.868],[-98.558,73.848],[-98.691,73.856],[-98.755,73.831],[-99.022,73.819],[-99.298,73.862],[-99.379,73.878],[-99.411,73.902],[-99.404,73.911],[-99.38,73.917],[-99.309,73.929],[-99.097,73.948],[-99.005,73.965],[-98.969,73.987],[-98.743,74.025],[-98.585,74.034],[-98.103,74.099],[-98.049,74.105]]],[[[-99.786,73.889],[-99.7,73.85],[-99.664,73.842],[-99.144,73.728],[-98.875,73.756],[-98.785,73.761],[-98.519,73.792],[-98.152,73.818],[-97.999,73.851],[-97.658,73.887],[-97.387,73.868],[-97.327,73.862],[-97.225,73.844],[-97.17,73.825],[-97.112,73.79],[-97.011,73.706],[-96.997,73.675],[-97.002,73.666],[-97.094,73.615],[-97.156,73.592],[-97.284,73.571],[-97.395,73.564],[-97.408,73.559],[-97.699,73.542],[-97.688,73.528],[-97.659,73.487],[-97.618,73.487],[-97.615,73.481],[-97.586,73.471],[-97.532,73.474],[-97.483,73.485],[-97.403,73.484],[-97.35,73.481],[-97.287,73.459],[-97.231,73.421],[-97.273,73.387],[-97.484,73.339],[-97.594,73.32],[-97.674,73.314],[-97.705,73.301],[-97.796,73.285],[-98.176,73.116],[-98.376,73.045],[-98.417,73.022],[-98.437,73.0],[-98.437,73.0],[-98.441,72.998],[-98.434,72.979],[-98.431,72.958],[-98.422,72.941],[-98.419,72.941],[-98.412,72.921],[-98.367,72.934],[-98.367,72.934],[-98.352,72.939],[-98.13,73.005],[-98.088,73.014],[-97.873,73.036],[-97.794,73.036],[-97.495,72.997],[-97.476,72.992],[-97.329,72.938],[-97.296,72.918],[-97.31,72.898],[-97.371,72.878],[-97.378,72.865],[-97.238,72.838],[-97.087,72.764],[-97.082,72.711],[-97.14,72.673],[-97.177,72.658],[-97.161,72.597],[-96.764,72.698],[-96.741,72.704],[-96.671,72.713],[-96.592,72.71],[-96.542,72.699],[-96.489,72.63],[-96.446,72.552],[-96.44,72.487],[-96.473,72.434],[-96.52,72.393],[-96.638,72.342],[-96.746,72.323],[-96.801,72.322],[-96.796,72.314],[-96.669,72.271],[-96.616,72.237],[-96.593,72.205],[-96.601,72.173],[-96.618,72.146],[-96.766,72.046],[-96.758,72.032],[-96.717,72.025],[-96.624,71.968],[-96.617,71.875],[-96.705,71.822],[-96.741,71.818],[-96.759,71.829],[-96.887,71.814],[-96.921,71.795],[-96.946,71.792],[-97.025,71.761],[-97.117,71.711],[-97.187,71.686],[-97.245,71.674],[-97.317,71.658],[-97.461,71.634],[-97.578,71.63],[-97.625,71.632],[-98.118,71.659],[-98.119,71.661],[-98.268,71.845],[-98.246,71.865],[-98.207,71.902],[-98.262,71.914],[-98.401,71.825],[-98.458,71.789],[-98.487,71.733],[-98.385,71.687],[-98.231,71.559],[-98.195,71.491],[-98.19,71.462],[-98.197,71.444],[-98.296,71.402],[-98.435,71.343],[-98.536,71.318],[-98.536,71.318],[-98.687,71.304],[-98.784,71.314],[-98.828,71.328],[-98.905,71.376],[-98.95,71.404],[-98.965,71.403],[-99.022,71.397],[-99.334,71.504],[-99.395,71.548],[-99.404,71.557],[-99.418,71.565],[-99.592,71.69],[-99.827,71.859],[-100.473,72.092],[-100.514,72.113],[-100.668,72.193],[-101.049,72.246],[-101.093,72.279],[-101.209,72.317],[-101.251,72.322],[-101.319,72.313],[-101.407,72.296],[-101.534,72.314],[-101.779,72.348],[-101.804,72.385],[-101.833,72.409],[-101.909,72.431],[-101.974,72.486],[-102.336,72.578],[-102.341,72.58],[-102.444,72.615],[-102.657,72.719],[-102.709,72.764],[-102.714,72.783],[-102.687,72.843],[-102.678,72.854],[-102.501,73.007],[-102.338,73.063],[-102.334,73.064],[-102.204,73.077],[-102.02,73.07],[-101.987,73.066],[-101.884,73.04],[-101.835,73.018],[-101.798,72.973],[-101.755,72.943],[-101.618,72.91],[-101.544,72.883],[-101.435,72.821],[-101.351,72.746],[-101.273,72.722],[-101.243,72.72],[-101.227,72.711],[-101.213,72.71],[-100.856,72.689],[-100.72,72.707],[-100.357,72.754],[-100.31,72.791],[-100.299,72.799],[-100.325,72.872],[-100.327,72.878],[-100.037,72.886],[-100.139,73.051],[-100.231,73.107],[-100.261,73.125],[-100.316,73.126],[-100.334,73.129],[-100.446,73.121],[-100.531,73.138],[-100.541,73.151],[-100.533,73.181],[-100.42,73.257],[-100.341,73.265],[-100.226,73.255],[-100.067,73.211],[-99.967,73.201],[-99.825,73.214],[-100.006,73.24],[-100.258,73.34],[-100.366,73.359],[-100.498,73.316],[-100.587,73.3],[-100.755,73.278],[-100.889,73.275],[-101.194,73.36],[-101.491,73.454],[-101.523,73.486],[-101.518,73.505],[-101.467,73.532],[-101.31,73.573],[-101.115,73.596],[-101.015,73.599],[-100.955,73.595],[-100.854,73.571],[-100.758,73.53],[-100.672,73.477],[-100.536,73.451],[-100.502,73.445],[-100.481,73.451],[-100.548,73.592],[-100.804,73.621],[-100.898,73.658],[-100.953,73.691],[-100.981,73.727],[-100.985,73.765],[-100.963,73.791],[-100.915,73.805],[-100.493,73.843],[-100.482,73.842],[-100.472,73.842],[-100.182,73.801],[-99.991,73.795],[-99.912,73.847],[-99.94,73.857],[-100.04,73.844],[-100.154,73.844],[-100.225,73.873],[-100.227,73.889],[-100.139,73.929],[-100.062,73.938],[-99.955,73.934],[-99.788,73.891],[-99.786,73.889]]],[[[-86.483,70.988],[-86.346,71.009],[-86.124,71.044],[-85.966,71.09],[-85.825,71.126],[-85.79,71.131],[-85.281,71.152],[-85.179,71.152],[-85.078,71.134],[-85.015,71.123],[-85.029,71.107],[-85.071,71.1],[-85.123,71.091],[-84.934,70.963],[-84.745,71.038],[-84.763,71.181],[-84.709,71.359],[-84.695,71.391],[-84.621,71.464],[-84.532,71.553],[-84.527,71.65],[-84.69,71.69],[-84.811,71.67],[-84.887,71.658],[-84.954,71.656],[-85.277,71.684],[-85.43,71.753],[-85.511,71.817],[-85.596,71.866],[-85.654,71.89],[-85.766,71.966],[-85.759,72.006],[-85.755,72.035],[-85.741,72.047],[-85.665,72.063],[-85.546,72.102],[-85.406,72.215],[-85.322,72.233],[-85.019,72.218],[-84.609,72.129],[-84.502,72.097],[-84.45,72.081],[-84.427,72.073],[-84.421,72.073],[-84.352,72.053],[-84.284,72.045],[-84.282,72.058],[-84.348,72.094],[-84.365,72.1],[-84.366,72.107],[-84.374,72.122],[-84.38,72.133],[-84.731,72.235],[-84.777,72.259],[-84.842,72.308],[-84.811,72.33],[-84.645,72.351],[-84.623,72.377],[-84.849,72.406],[-84.964,72.406],[-85.057,72.384],[-85.098,72.384],[-85.365,72.432],[-85.391,72.444],[-85.498,72.511],[-85.554,72.569],[-85.615,72.605],[-85.638,72.633],[-85.65,72.722],[-85.645,72.774],[-85.619,72.819],[-85.575,72.856],[-85.455,72.925],[-85.388,72.945],[-85.262,72.954],[-84.989,72.92],[-84.256,72.797],[-84.262,72.809],[-83.931,72.756],[-84.271,72.829],[-84.274,72.836],[-84.803,72.943],[-84.966,72.979],[-84.985,72.981],[-85.094,73.003],[-85.384,73.045],[-85.453,73.104],[-85.445,73.111],[-85.387,73.142],[-83.603,72.987],[-83.733,73.018],[-83.912,73.061],[-84.027,73.072],[-84.526,73.119],[-84.862,73.173],[-85.171,73.223],[-85.151,73.265],[-85.018,73.336],[-84.616,73.389],[-84.486,73.433],[-84.328,73.457],[-84.089,73.459],[-83.782,73.417],[-83.777,73.429],[-83.788,73.435],[-83.767,73.432],[-83.805,73.445],[-83.915,73.508],[-83.904,73.528],[-82.712,73.726],[-82.71,73.726],[-82.011,73.729],[-81.941,73.729],[-81.605,73.696],[-81.406,73.634],[-81.344,73.598],[-81.238,73.479],[-81.152,73.314],[-81.025,73.245],[-80.822,73.207],[-80.719,73.177],[-80.601,73.031],[-80.619,72.997],[-80.592,72.928],[-80.501,72.857],[-80.431,72.816],[-80.425,72.815],[-80.341,72.711],[-80.424,72.679],[-80.53,72.628],[-80.958,72.449],[-81.04,72.406],[-81.229,72.312],[-81.232,72.304],[-81.328,72.253],[-81.243,72.248],[-80.928,72.395],[-80.761,72.457],[-80.611,72.451],[-80.605,72.426],[-80.703,72.338],[-80.821,72.26],[-80.941,72.21],[-80.919,72.191],[-80.842,72.162],[-80.937,72.093],[-81.083,72.049],[-80.934,71.992],[-80.925,71.971],[-80.927,71.938],[-80.948,71.917],[-80.925,71.908],[-80.858,71.911],[-80.802,71.929],[-80.752,71.96],[-80.356,72.052],[-80.329,72.068],[-80.318,72.074],[-80.34,72.102],[-80.289,72.177],[-80.182,72.209],[-80.116,72.214],[-79.928,72.175],[-79.884,72.177],[-80.091,72.301],[-80.1,72.317],[-79.939,72.406],[-79.64,72.314],[-79.627,72.31],[-79.589,72.316],[-79.584,72.315],[-79.427,72.337],[-79.323,72.391],[-79.23,72.365],[-79.107,72.318],[-79.0,72.272],[-79.018,72.188],[-79.018,72.105],[-79.052,72.062],[-79.062,72.034],[-79.083,71.971],[-78.773,71.929],[-78.615,71.881],[-78.585,71.881],[-78.589,71.897],[-78.622,71.935],[-78.711,71.972],[-78.791,72.03],[-78.863,72.101],[-78.861,72.109],[-78.812,72.171],[-78.483,72.101],[-78.385,71.991],[-78.126,71.894],[-77.734,71.748],[-77.734,71.755],[-77.727,71.823],[-77.855,71.877],[-78.077,71.973],[-78.292,72.043],[-78.832,72.22],[-78.82,72.265],[-78.707,72.346],[-78.688,72.349],[-78.582,72.329],[-78.429,72.28],[-78.307,72.275],[-78.116,72.28],[-77.726,72.18],[-77.517,72.178],[-77.524,72.194],[-77.012,72.136],[-76.966,72.131],[-77.278,72.203],[-77.602,72.227],[-77.632,72.231],[-77.791,72.262],[-77.926,72.294],[-78.287,72.36],[-78.453,72.435],[-78.484,72.471],[-78.48,72.509],[-78.459,72.542],[-78.422,72.572],[-78.35,72.6],[-78.203,72.637],[-77.637,72.732],[-77.567,72.737],[-77.256,72.736],[-76.893,72.721],[-76.698,72.695],[-76.473,72.633],[-76.189,72.572],[-76.087,72.561],[-75.969,72.563],[-75.833,72.576],[-75.704,72.572],[-75.294,72.481],[-75.186,72.434],[-75.12,72.378],[-75.071,72.323],[-75.04,72.27],[-75.053,72.226],[-75.249,72.119],[-75.365,72.129],[-75.597,72.148],[-76.059,72.068],[-76.402,71.852],[-76.334,71.885],[-75.98,72.058],[-75.796,72.089],[-75.586,72.125],[-75.307,72.087],[-75.394,72.04],[-75.543,72.008],[-75.615,71.956],[-75.623,71.954],[-75.995,71.716],[-75.755,71.833],[-75.787,71.803],[-75.911,71.731],[-75.923,71.717],[-75.897,71.714],[-75.822,71.746],[-75.693,71.839],[-75.627,71.895],[-75.503,71.956],[-75.429,71.984],[-75.216,72.044],[-75.072,72.074],[-74.903,72.101],[-74.695,72.097],[-74.52,72.086],[-74.377,72.066],[-74.293,72.051],[-74.266,72.038],[-74.209,71.979],[-74.212,71.939],[-74.248,71.894],[-74.316,71.843],[-74.621,71.786],[-74.75,71.752],[-74.891,71.731],[-74.95,71.723],[-75.205,71.709],[-75.191,71.692],[-75.114,71.684],[-75.127,71.674],[-75.334,71.521],[-74.843,71.648],[-74.803,71.587],[-74.829,71.571],[-74.868,71.505],[-74.835,71.451],[-74.841,71.407],[-74.931,71.314],[-75.035,71.23],[-75.034,71.23],[-75.087,71.204],[-75.04,71.18],[-75.019,71.189],[-74.658,71.354],[-74.676,71.428],[-74.683,71.453],[-74.701,71.459],[-74.695,71.469],[-74.599,71.585],[-74.561,71.607],[-74.413,71.67],[-74.404,71.673],[-74.139,71.682],[-73.992,71.75],[-73.924,71.761],[-73.895,71.764],[-73.81,71.771],[-73.707,71.746],[-73.713,71.72],[-73.869,71.599],[-73.967,71.541],[-74.118,71.464],[-74.127,71.446],[-74.197,71.404],[-74.121,71.417],[-74.055,71.298],[-73.608,71.521],[-73.604,71.52],[-73.615,71.403],[-73.619,71.358],[-73.534,71.27],[-73.37,71.349],[-73.297,71.336],[-73.262,71.323],[-73.181,71.283],[-73.186,71.315],[-73.095,71.298],[-73.148,71.21],[-73.169,71.173],[-72.617,71.617],[-72.581,71.607],[-72.519,71.616],[-72.365,71.611],[-72.117,71.593],[-71.904,71.565],[-71.497,71.47],[-71.202,71.3],[-71.187,71.279],[-71.219,71.239],[-71.397,71.147],[-71.495,71.105],[-71.592,71.087],[-71.645,71.092],[-71.883,71.115],[-72.094,71.082],[-72.095,71.081],[-72.234,70.968],[-72.298,70.939],[-72.449,70.884],[-72.598,70.849],[-72.633,70.831],[-72.337,70.832],[-72.341,70.81],[-72.358,70.707],[-72.07,70.789],[-71.614,70.85],[-71.346,70.885],[-71.297,70.919],[-71.213,70.978],[-71.186,70.978],[-71.046,71.05],[-70.901,71.095],[-70.882,71.1],[-70.826,71.109],[-70.792,71.103],[-70.673,71.052],[-70.637,71.007],[-70.639,70.902],[-70.655,70.871],[-70.762,70.792],[-71.022,70.674],[-71.192,70.63],[-71.38,70.606],[-71.404,70.601],[-71.6,70.594],[-71.652,70.555],[-71.75,70.481],[-71.751,70.478],[-71.8,70.457],[-71.89,70.432],[-71.797,70.402],[-71.832,70.345],[-71.859,70.299],[-71.73,70.395],[-71.727,70.395],[-71.684,70.418],[-71.565,70.506],[-71.477,70.544],[-71.427,70.552],[-71.375,70.548],[-71.325,70.531],[-71.276,70.5],[-71.28,70.425],[-71.409,70.167],[-71.546,70.05],[-71.54,70.024],[-71.318,70.161],[-71.188,70.354],[-71.045,70.519],[-70.98,70.581],[-70.861,70.638],[-70.56,70.737],[-70.299,70.794],[-70.286,70.796],[-70.085,70.829],[-69.95,70.845],[-69.801,70.835],[-69.905,70.774],[-69.994,70.722],[-70.233,70.658],[-70.295,70.641],[-70.336,70.536],[-69.503,70.781],[-69.337,70.777],[-69.238,70.775],[-69.169,70.764],[-69.066,70.728],[-68.891,70.687],[-68.496,70.61],[-68.477,70.604],[-68.493,70.414],[-68.561,70.406],[-68.643,70.383],[-68.758,70.338],[-69.108,70.288],[-69.299,70.277],[-69.436,70.253],[-69.573,70.22],[-69.614,70.214],[-69.659,70.199],[-69.699,70.189],[-70.061,70.071],[-70.058,70.044],[-70.145,69.973],[-70.458,69.851],[-70.277,69.865],[-69.926,70.003],[-69.824,70.043],[-69.796,70.047],[-69.635,70.129],[-69.488,70.159],[-69.077,70.193],[-68.914,70.207],[-68.778,70.204],[-68.753,70.199],[-68.735,70.18],[-68.723,70.146],[-68.777,70.101],[-68.839,70.08],[-69.0,69.984],[-69.016,69.979],[-69.338,69.879],[-69.561,69.839],[-69.873,69.705],[-69.554,69.798],[-68.816,69.947],[-68.744,69.941],[-68.657,69.968],[-68.616,70.0],[-68.307,70.087],[-68.305,70.087],[-68.302,70.089],[-68.261,70.1],[-68.25,70.106],[-68.231,70.112],[-68.219,70.122],[-68.193,70.135],[-68.257,70.147],[-68.302,70.156],[-68.319,70.161],[-68.325,70.176],[-68.325,70.183],[-68.283,70.228],[-68.258,70.245],[-68.182,70.29],[-68.121,70.315],[-68.059,70.317],[-67.98,70.304],[-67.701,70.212],[-67.364,70.034],[-67.356,70.028],[-67.314,69.994],[-67.196,69.861],[-67.173,69.8],[-67.193,69.757],[-67.222,69.731],[-67.224,69.73],[-67.353,69.723],[-67.806,69.777],[-67.844,69.776],[-67.901,69.784],[-67.968,69.772],[-68.02,69.77],[-68.114,69.754],[-68.177,69.734],[-68.72,69.638],[-68.837,69.624],[-69.125,69.575],[-69.13,69.573],[-69.16,69.571],[-69.438,69.548],[-69.747,69.567],[-69.951,69.552],[-70.049,69.545],[-70.011,69.534],[-69.931,69.512],[-69.327,69.546],[-69.21,69.552],[-69.228,69.547],[-69.251,69.512],[-69.075,69.518],[-68.785,69.564],[-68.702,69.568],[-68.472,69.566],[-68.442,69.561],[-68.058,69.476],[-67.908,69.46],[-67.846,69.471],[-67.842,69.47],[-67.56,69.47],[-67.326,69.469],[-67.237,69.46],[-67.057,69.422],[-67.046,69.419],[-66.834,69.355],[-66.68,69.271],[-66.677,69.261],[-66.679,69.218],[-66.681,69.19],[-66.684,69.188],[-66.728,69.165],[-66.803,69.153],[-67.208,69.171],[-67.332,69.185],[-67.46,69.17],[-67.488,69.171],[-67.894,69.236],[-67.938,69.248],[-67.954,69.245],[-67.98,69.25],[-68.323,69.304],[-68.611,69.325],[-69.049,69.357],[-69.274,69.272],[-68.919,69.324],[-68.887,69.328],[-68.379,69.268],[-68.364,69.226],[-68.406,69.232],[-68.543,69.215],[-68.661,69.209],[-68.769,69.202],[-68.861,69.144],[-69.041,69.098],[-68.994,69.079],[-68.415,69.172],[-68.362,69.169],[-68.141,69.135],[-68.111,69.13],[-68.057,69.118],[-67.802,69.047],[-67.817,69.03],[-67.834,69.01],[-67.924,68.999],[-67.989,68.99],[-68.302,68.986],[-68.141,68.92],[-67.991,68.86],[-68.05,68.813],[-68.063,68.802],[-68.324,68.844],[-68.45,68.851],[-68.543,68.843],[-68.594,68.83],[-69.097,68.857],[-69.219,68.873],[-69.33,68.876],[-69.34,68.871],[-69.357,68.871],[-69.332,68.818],[-68.999,68.787],[-68.871,68.76],[-68.612,68.752],[-68.288,68.722],[-68.211,68.703],[-68.153,68.681],[-68.15,68.643],[-68.43,68.651],[-68.702,68.659],[-68.912,68.611],[-68.881,68.602],[-68.854,68.594],[-68.733,68.595],[-68.334,68.598],[-68.089,68.548],[-68.018,68.534],[-67.942,68.525],[-67.938,68.524],[-67.933,68.524],[-67.811,68.51],[-67.208,68.438],[-66.907,68.469],[-66.854,68.472],[-66.743,68.458],[-66.715,68.446],[-66.932,68.406],[-67.157,68.406],[-67.312,68.405],[-67.764,68.348],[-67.883,68.306],[-67.882,68.277],[-67.881,68.268],[-67.709,68.299],[-67.586,68.321],[-67.127,68.324],[-67.042,68.324],[-66.899,68.22],[-66.838,68.175],[-66.905,68.098],[-66.923,68.066],[-66.9,68.063],[-66.729,68.129],[-66.702,68.121],[-66.684,68.029],[-66.663,68.034],[-66.606,68.11],[-66.606,68.112],[-66.477,68.107],[-66.327,68.101],[-66.273,68.057],[-66.275,68.041],[-66.414,67.904],[-66.53,67.86],[-66.526,67.851],[-66.444,67.834],[-66.393,67.832],[-66.343,67.853],[-66.273,67.916],[-66.077,67.972],[-65.958,68.005],[-65.962,67.988],[-65.975,67.957],[-65.969,67.956],[-65.982,67.897],[-66.005,67.791],[-65.945,67.724],[-65.769,67.944],[-65.693,67.986],[-65.569,67.982],[-65.509,67.968],[-65.491,67.936],[-65.53,67.849],[-65.565,67.813],[-65.548,67.782],[-65.547,67.783],[-65.541,67.766],[-65.401,67.675],[-65.387,67.68],[-65.413,67.724],[-65.442,67.832],[-65.435,67.845],[-65.208,67.974],[-65.064,68.026],[-64.981,68.043],[-64.973,68.043],[-64.922,68.032],[-64.836,67.99],[-64.863,67.965],[-64.956,67.939],[-65.026,67.892],[-65.051,67.854],[-65.13,67.805],[-65.152,67.706],[-64.825,67.763],[-64.779,67.799],[-64.712,67.819],[-64.6,67.815],[-64.527,67.812],[-64.396,67.74],[-64.156,67.623],[-64.13,67.629],[-64.098,67.614],[-64.045,67.506],[-64.077,67.496],[-64.055,67.447],[-64.361,67.352],[-64.37,67.349],[-64.469,67.342],[-64.58,67.355],[-64.7,67.351],[-64.589,67.316],[-64.496,67.309],[-64.493,67.258],[-64.493,67.254],[-64.358,67.26],[-64.356,67.256],[-64.189,67.257],[-64.163,67.259],[-64.161,67.255],[-64.135,67.21],[-64.62,67.138],[-64.69,67.099],[-64.692,67.089],[-64.712,67.008],[-64.554,67.061],[-64.225,67.169],[-64.024,67.201],[-63.816,67.233],[-63.467,67.222],[-63.39,67.219],[-63.352,67.251],[-63.287,67.304],[-63.243,67.31],[-63.04,67.235],[-63.162,67.174],[-63.18,67.143],[-63.227,67.134],[-63.286,67.11],[-63.507,66.93],[-63.563,66.884],[-63.563,66.883],[-63.702,66.822],[-63.636,66.821],[-63.533,66.846],[-63.529,66.842],[-63.516,66.827],[-63.243,66.891],[-63.06,66.935],[-62.53,66.915],[-62.505,66.918],[-62.38,66.905],[-62.305,66.946],[-62.038,66.984],[-61.971,66.955],[-61.613,66.827],[-61.515,66.778],[-61.362,66.694],[-61.301,66.642],[-61.307,66.609],[-61.453,66.567],[-61.528,66.558],[-61.724,66.638],[-61.904,66.678],[-62.014,66.674],[-62.123,66.643],[-62.089,66.626],[-61.653,66.503],[-61.576,66.412],[-61.571,66.373],[-61.863,66.313],[-61.956,66.309],[-62.159,66.338],[-62.277,66.392],[-62.375,66.411],[-62.51,66.417],[-62.553,66.407],[-62.485,66.365],[-62.537,66.306],[-62.62,66.212],[-62.541,66.198],[-62.46,66.183],[-62.099,66.041],[-62.314,66.009],[-62.468,66.017],[-62.59,66.034],[-62.624,66.016],[-62.497,65.974],[-62.448,65.945],[-62.41,65.906],[-62.388,65.868],[-62.382,65.833],[-62.486,65.805],[-62.508,65.79],[-62.538,65.79],[-62.689,65.787],[-62.659,65.733],[-62.633,65.685],[-62.659,65.64],[-62.772,65.632],[-62.817,65.648],[-62.926,65.63],[-62.994,65.644],[-63.241,65.696],[-63.459,65.853],[-63.464,65.835],[-63.456,65.824],[-63.488,65.848],[-63.546,65.69],[-63.652,65.674],[-63.651,65.661],[-63.533,65.64],[-63.462,65.516],[-63.473,65.505],[-63.502,65.475],[-63.72,65.473],[-63.59,65.409],[-63.462,65.347],[-63.363,65.244],[-63.363,65.235],[-63.423,65.187],[-63.486,65.18],[-63.457,65.139],[-63.496,65.013],[-63.606,64.928],[-63.737,64.989],[-63.789,65.051],[-63.833,65.083],[-63.896,65.109],[-63.976,65.121],[-64.037,65.122],[-64.163,65.221],[-64.285,65.237],[-64.329,65.242],[-64.31,65.325],[-64.27,65.401],[-64.286,65.4],[-64.34,65.364],[-64.47,65.253],[-64.493,65.216],[-64.636,65.155],[-64.665,65.169],[-64.765,65.234],[-64.783,65.249],[-64.814,65.314],[-64.821,65.331],[-64.809,65.346],[-64.786,65.373],[-64.692,65.402],[-64.614,65.426],[-64.78,65.422],[-64.843,65.421],[-65.082,65.504],[-65.046,65.523],[-64.997,65.549],[-65.229,65.615],[-65.282,65.677],[-65.311,65.702],[-65.337,65.71],[-65.401,65.764],[-65.378,65.822],[-65.277,65.891],[-65.185,65.94],[-65.088,65.971],[-65.015,65.988],[-65.009,65.992],[-64.854,66.016],[-64.773,66.078],[-64.673,66.193],[-64.564,66.272],[-64.445,66.317],[-64.504,66.326],[-64.655,66.287],[-64.761,66.231],[-64.887,66.137],[-64.984,66.088],[-65.1,66.056],[-65.305,66.008],[-65.415,65.995],[-65.544,65.987],[-65.826,65.997],[-65.891,66.02],[-65.857,66.086],[-65.656,66.205],[-65.688,66.213],[-65.759,66.171],[-65.856,66.142],[-65.94,66.127],[-66.064,66.133],[-66.209,66.206],[-66.277,66.229],[-66.294,66.232],[-66.357,66.271],[-66.533,66.323],[-66.712,66.46],[-66.76,66.508],[-66.787,66.556],[-66.863,66.595],[-66.986,66.628],[-67.015,66.622],[-66.97,66.582],[-66.97,66.571],[-67.317,66.583],[-67.439,66.609],[-67.494,66.621],[-67.584,66.59],[-67.647,66.568],[-67.315,66.532],[-67.318,66.52],[-67.192,66.433],[-67.191,66.381],[-67.194,66.383],[-67.235,66.411],[-67.398,66.428],[-67.229,66.31],[-67.311,66.304],[-67.369,66.318],[-67.56,66.4],[-67.576,66.406],[-67.695,66.47],[-67.842,66.497],[-67.862,66.489],[-67.869,66.49],[-67.872,66.485],[-67.874,66.484],[-67.903,66.473],[-67.827,66.4],[-67.8,66.367],[-67.704,66.269],[-67.588,66.208],[-67.572,66.198],[-67.556,66.192],[-67.547,66.187],[-67.297,66.09],[-67.183,66.034],[-67.273,65.955],[-67.35,65.93],[-67.354,65.929],[-67.732,65.964],[-67.734,65.95],[-67.828,65.965],[-67.958,66.014],[-68.147,66.13],[-68.46,66.249],[-68.528,66.249],[-68.749,66.2],[-68.714,66.192],[-68.572,66.189],[-68.467,66.173],[-68.217,66.079],[-68.198,66.039],[-68.243,66.007],[-68.248,66.007],[-68.304,66.003],[-68.321,65.926],[-68.209,65.844],[-68.151,65.802],[-68.02,65.778],[-67.943,65.792],[-67.928,65.795],[-67.894,65.793],[-67.874,65.779],[-67.873,65.762],[-67.954,65.623],[-67.962,65.582],[-67.94,65.567],[-67.934,65.544],[-67.929,65.524],[-67.795,65.6],[-67.717,65.625],[-67.638,65.64],[-67.57,65.643],[-67.49,65.626],[-67.4,65.588],[-67.356,65.556],[-67.382,65.55],[-67.465,65.531],[-67.399,65.501],[-67.303,65.456],[-67.194,65.458],[-67.118,65.44],[-67.135,65.42],[-67.326,65.357],[-67.336,65.347],[-67.298,65.342],[-67.275,65.335],[-67.188,65.19],[-67.158,65.172],[-67.026,65.094],[-66.981,65.099],[-66.97,65.085],[-66.912,65.081],[-66.888,65.094],[-66.861,65.092],[-66.831,65.074],[-66.831,65.074],[-66.8,65.02],[-66.749,64.898],[-66.74,64.873],[-66.738,64.874],[-66.733,64.86],[-66.697,64.815],[-66.677,64.814],[-66.671,64.908],[-66.664,64.912],[-66.621,64.934],[-66.548,64.932],[-66.459,64.929],[-66.358,64.911],[-66.341,64.908],[-66.261,64.871],[-66.254,64.804],[-66.301,64.778],[-66.294,64.769],[-66.317,64.765],[-66.288,64.762],[-66.282,64.755],[-66.215,64.722],[-66.152,64.735],[-66.141,64.749],[-66.065,64.742],[-65.933,64.731],[-65.941,64.846],[-65.943,64.875],[-65.9,64.878],[-65.782,64.856],[-65.763,64.848],[-65.743,64.839],[-65.627,64.771],[-65.605,64.742],[-65.535,64.715],[-65.549,64.674],[-65.561,64.64],[-65.708,64.585],[-65.704,64.528],[-65.703,64.513],[-65.337,64.494],[-65.093,64.481],[-65.075,64.437],[-65.132,64.382],[-65.306,64.312],[-65.34,64.315],[-65.508,64.318],[-65.594,64.311],[-65.58,64.294],[-65.375,64.239],[-65.19,64.109],[-65.15,64.081],[-65.151,64.068],[-65.187,64.038],[-65.17,64.028],[-65.01,64.009],[-64.998,64.011],[-64.923,63.994],[-64.892,63.986],[-64.807,63.924],[-64.939,63.851],[-64.95,63.825],[-64.953,63.815],[-64.922,63.792],[-64.894,63.771],[-64.728,63.752],[-64.52,63.684],[-64.562,63.68],[-64.55,63.573],[-64.527,63.524],[-64.586,63.403],[-64.595,63.386],[-64.598,63.362],[-64.603,63.326],[-64.585,63.304],[-64.573,63.289],[-64.601,63.302],[-64.762,63.372],[-64.83,63.467],[-64.886,63.549],[-64.901,63.565],[-64.925,63.597],[-65.12,63.77],[-65.126,63.775],[-65.213,63.799],[-65.279,63.818],[-65.295,63.796],[-65.104,63.633],[-65.089,63.606],[-65.056,63.511],[-65.084,63.459],[-65.116,63.397],[-65.021,63.292],[-65.058,63.283],[-65.069,63.263],[-65.049,63.235],[-64.895,63.126],[-64.82,63.06],[-64.767,62.992],[-64.718,62.946],[-64.672,62.922],[-64.684,62.902],[-64.752,62.887],[-64.869,62.88],[-64.879,62.882],[-65.02,62.933],[-65.046,62.951],[-65.121,63.005],[-65.181,62.975],[-65.21,62.96],[-65.134,62.845],[-65.128,62.837],[-65.117,62.831],[-65.109,62.825],[-65.046,62.701],[-65.05,62.646],[-65.108,62.626],[-65.18,62.649],[-65.266,62.715],[-65.339,62.756],[-65.37,62.834],[-65.512,62.866],[-65.644,62.896],[-65.74,62.932],[-65.78,62.93],[-65.784,62.927],[-65.903,62.954],[-65.92,62.969],[-65.979,63.001],[-66.224,63.107],[-66.249,63.108],[-66.226,63.076],[-66.207,63.022],[-66.48,63.083],[-66.497,63.097],[-66.601,63.219],[-66.655,63.265],[-66.66,63.235],[-66.631,63.119],[-66.635,63.092],[-66.738,63.098],[-66.749,63.111],[-66.773,63.162],[-66.831,63.201],[-66.923,63.228],[-66.975,63.256],[-67.0,63.305],[-67.018,63.316],[-67.106,63.31],[-67.85,63.756],[-67.864,63.757],[-67.88,63.759],[-67.86,63.721],[-67.893,63.734],[-67.821,63.635],[-67.743,63.489],[-67.734,63.459],[-67.855,63.48],[-68.212,63.622],[-68.244,63.637],[-68.287,63.652],[-68.499,63.737],[-68.696,63.765],[-68.977,63.75],[-68.758,63.562],[-68.753,63.558],[-68.687,63.525],[-68.671,63.514],[-68.555,63.459],[-68.49,63.421],[-68.37,63.337],[-68.272,63.268],[-68.208,63.215],[-68.141,63.172],[-68.132,63.17],[-68.107,63.152],[-68.036,63.145],[-67.915,63.114],[-67.816,63.101],[-67.711,63.042],[-67.724,63.034],[-67.737,63.01],[-67.594,62.977],[-67.555,62.955],[-67.464,62.935],[-67.363,62.912],[-67.268,62.858],[-67.213,62.844],[-67.051,62.744],[-67.016,62.694],[-67.013,62.69],[-66.967,62.659],[-66.81,62.653],[-66.714,62.632],[-66.645,62.602],[-66.53,62.51],[-66.459,62.463],[-66.357,62.352],[-66.281,62.303],[-66.095,62.246],[-66.093,62.246],[-66.05,62.223],[-66.086,62.118],[-66.133,62.102],[-66.116,62.054],[-66.056,61.967],[-66.059,61.914],[-66.124,61.893],[-66.257,61.868],[-66.273,61.869],[-66.436,61.894],[-66.49,61.909],[-66.691,61.999],[-67.525,62.173],[-68.436,62.243],[-68.536,62.256],[-68.634,62.281],[-68.724,62.319],[-68.953,62.374],[-69.109,62.419],[-69.127,62.425],[-69.366,62.572],[-69.517,62.717],[-69.517,62.761],[-69.65,62.794],[-69.852,62.843],[-69.891,62.816],[-69.928,62.791],[-70.076,62.757],[-70.224,62.763],[-70.383,62.825],[-70.412,62.831],[-70.54,62.859],[-70.571,62.869],[-70.681,62.889],[-71.054,63.019],[-71.041,63.02],[-70.994,63.023],[-70.869,63.098],[-70.868,63.129],[-70.867,63.163],[-70.885,63.16],[-70.958,63.146],[-71.012,63.114],[-71.254,63.043],[-71.347,63.066],[-71.372,63.076],[-71.39,63.11],[-71.485,63.12],[-71.501,63.126],[-71.617,63.187],[-71.73,63.267],[-71.738,63.277],[-71.736,63.335],[-71.732,63.427],[-71.714,63.431],[-71.696,63.43],[-71.614,63.444],[-71.573,63.462],[-71.263,63.53],[-71.203,63.591],[-71.526,63.633],[-71.562,63.712],[-71.811,63.784],[-71.861,63.77],[-71.936,63.748],[-71.941,63.721],[-72.093,63.714],[-72.176,63.755],[-72.198,63.851],[-72.172,63.872],[-72.159,63.89],[-72.174,63.893],[-72.208,63.892],[-72.222,63.955],[-72.311,64.059],[-72.324,64.05],[-72.357,64.028],[-72.358,63.854],[-72.358,63.848],[-72.45,63.818],[-72.469,63.82],[-72.524,63.877],[-72.648,64.004],[-72.658,64.004],[-72.678,64.02],[-72.73,64.03],[-72.901,64.112],[-72.899,64.114],[-72.851,64.162],[-73.065,64.247],[-73.137,64.258],[-73.174,64.282],[-73.27,64.334],[-73.358,64.371],[-73.357,64.381],[-73.343,64.498],[-73.306,64.497],[-73.241,64.535],[-73.195,64.562],[-73.193,64.607],[-73.263,64.637],[-73.345,64.578],[-73.409,64.574],[-73.588,64.633],[-73.676,64.608],[-73.809,64.57],[-73.868,64.585],[-73.91,64.578],[-73.95,64.466],[-73.981,64.438],[-74.026,64.423],[-74.065,64.425],[-74.077,64.431],[-73.991,64.578],[-74.044,64.691],[-74.113,64.724],[-74.136,64.734],[-74.316,64.631],[-74.416,64.634],[-74.461,64.645],[-74.512,64.67],[-74.556,64.717],[-74.593,64.786],[-74.604,64.797],[-74.561,64.832],[-74.551,64.84],[-74.606,64.85],[-74.691,64.867],[-74.792,64.835],[-74.923,64.795],[-74.918,64.781],[-74.918,64.779],[-74.919,64.765],[-74.912,64.762],[-74.91,64.756],[-74.815,64.701],[-74.794,64.695],[-74.73,64.647],[-74.64,64.557],[-74.695,64.497],[-74.894,64.466],[-74.97,64.462],[-75.304,64.494],[-75.337,64.497],[-75.402,64.514],[-75.488,64.541],[-75.505,64.54],[-75.812,64.617],[-75.811,64.591],[-75.809,64.548],[-75.789,64.522],[-75.758,64.484],[-75.788,64.407],[-75.981,64.39],[-76.008,64.388],[-76.032,64.388],[-76.084,64.381],[-76.371,64.355],[-76.343,64.341],[-76.313,64.327],[-76.335,64.321],[-76.605,64.307],[-76.699,64.302],[-76.732,64.287],[-76.726,64.253],[-77.365,64.306],[-77.436,64.312],[-77.527,64.344],[-77.628,64.363],[-77.761,64.36],[-77.791,64.367],[-77.857,64.399],[-78.082,64.533],[-78.175,64.618],[-78.198,64.665],[-78.201,64.715],[-78.19,64.752],[-78.145,64.808],[-78.096,64.939],[-78.055,64.983],[-78.035,64.996],[-77.7,65.109],[-77.447,65.162],[-77.361,65.197],[-77.364,65.22],[-77.461,65.328],[-77.46,65.356],[-77.428,65.372],[-77.358,65.435],[-77.327,65.453],[-77.307,65.456],[-77.147,65.442],[-77.094,65.431],[-76.959,65.418],[-76.848,65.415],[-76.812,65.412],[-76.326,65.338],[-76.067,65.285],[-75.828,65.227],[-75.648,65.141],[-75.52,65.056],[-75.502,65.013],[-75.561,64.947],[-75.591,64.928],[-75.589,64.905],[-75.556,64.879],[-75.452,64.842],[-75.427,64.856],[-75.435,64.901],[-75.414,64.939],[-75.363,64.969],[-75.357,65.009],[-75.396,65.058],[-75.446,65.1],[-75.505,65.135],[-75.773,65.257],[-75.783,65.272],[-75.511,65.275],[-75.434,65.287],[-75.317,65.275],[-75.166,65.284],[-75.109,65.331],[-75.093,65.34],[-74.808,65.384],[-74.701,65.371],[-74.64,65.322],[-74.574,65.324],[-74.53,65.326],[-74.468,65.358],[-74.391,65.397],[-74.391,65.398],[-74.388,65.399],[-74.243,65.474],[-74.154,65.5],[-74.139,65.503],[-73.99,65.517],[-73.878,65.519],[-73.728,65.493],[-73.674,65.46],[-73.653,65.447],[-73.612,65.444],[-73.503,65.436],[-73.504,65.459],[-73.506,65.475],[-73.726,65.771],[-73.778,65.782],[-73.826,65.805],[-74.033,65.877],[-74.276,66.013],[-74.401,66.097],[-74.434,66.139],[-74.416,66.167],[-74.378,66.205],[-74.371,66.209],[-74.283,66.239],[-74.08,66.3],[-73.934,66.343],[-73.639,66.473],[-73.073,66.721],[-73.033,66.728],[-72.985,66.765],[-72.976,66.822],[-72.901,66.902],[-72.537,67.081],[-72.328,67.11],[-72.312,67.129],[-72.212,67.251],[-72.226,67.268],[-72.234,67.284],[-72.242,67.287],[-72.528,67.634],[-72.774,67.867],[-72.939,68.076],[-72.976,68.17],[-73.33,68.294],[-73.332,68.309],[-73.284,68.357],[-73.307,68.368],[-73.58,68.298],[-73.644,68.295],[-73.749,68.325],[-73.758,68.33],[-73.775,68.443],[-73.785,68.505],[-73.721,68.525],[-73.703,68.657],[-73.838,68.694],[-73.852,68.701],[-73.872,68.704],[-73.9,68.712],[-74.175,68.736],[-74.198,68.729],[-74.191,68.722],[-74.171,68.703],[-74.036,68.635],[-73.966,68.579],[-73.989,68.549],[-74.183,68.535],[-74.27,68.541],[-74.35,68.556],[-74.422,68.58],[-74.523,68.637],[-74.589,68.7],[-74.671,68.779],[-74.647,68.786],[-74.444,68.841],[-74.626,68.853],[-74.745,68.911],[-74.743,68.913],[-74.762,68.919],[-74.787,68.932],[-74.803,68.932],[-74.816,68.936],[-74.925,68.941],[-74.954,68.961],[-74.917,68.983],[-74.769,69.021],[-74.717,69.046],[-74.805,69.064],[-74.855,69.066],[-74.954,69.025],[-75.103,68.941],[-75.373,68.95],[-75.457,68.961],[-75.522,68.953],[-75.549,68.936],[-75.675,68.877],[-75.842,68.84],[-76.235,68.728],[-76.403,68.692],[-76.585,68.699],[-76.619,68.721],[-76.616,68.76],[-76.604,68.792],[-76.582,68.816],[-76.574,68.847],[-76.588,68.975],[-76.557,69.01],[-76.495,69.03],[-76.381,69.052],[-76.121,69.029],[-76.093,69.025],[-76.086,69.026],[-75.954,69.031],[-75.908,69.045],[-75.898,69.046],[-75.6,69.077],[-75.571,69.165],[-75.568,69.175],[-75.589,69.228],[-75.727,69.3],[-75.783,69.316],[-75.787,69.319],[-75.815,69.326],[-75.975,69.373],[-76.032,69.39],[-76.047,69.393],[-76.183,69.424],[-76.325,69.423],[-76.408,69.441],[-76.465,69.469],[-76.52,69.517],[-76.525,69.549],[-76.516,69.591],[-76.463,69.62],[-76.231,69.654],[-76.234,69.662],[-76.424,69.687],[-76.513,69.684],[-76.59,69.656],[-76.686,69.591],[-76.742,69.573],[-76.916,69.611],[-77.02,69.617],[-77.09,69.635],[-77.129,69.653],[-77.105,69.671],[-77.019,69.689],[-76.95,69.715],[-76.93,69.704],[-76.924,69.7],[-76.942,69.68],[-76.881,69.688],[-76.839,69.694],[-76.77,69.748],[-76.78,69.765],[-76.82,69.831],[-77.256,69.883],[-77.409,69.851],[-77.468,69.838],[-77.494,69.836],[-77.592,69.846],[-77.635,69.9],[-77.663,69.966],[-77.675,70.042],[-77.679,70.051],[-77.643,70.176],[-77.668,70.204],[-77.774,70.239],[-77.855,70.266],[-78.005,70.265],[-78.169,70.264],[-78.178,70.252],[-78.151,70.22],[-78.157,70.219],[-78.231,70.219],[-78.283,70.229],[-78.491,70.316],[-78.515,70.324],[-78.451,70.378],[-78.752,70.433],[-78.773,70.445],[-78.831,70.463],[-78.9,70.508],[-78.958,70.561],[-78.82,70.59],[-78.706,70.548],[-78.807,70.63],[-78.854,70.668],[-78.911,70.69],[-78.956,70.707],[-79.008,70.707],[-79.063,70.603],[-79.066,70.604],[-79.16,70.575],[-79.253,70.535],[-79.301,70.508],[-79.297,70.518],[-79.391,70.523],[-79.467,70.526],[-79.552,70.478],[-79.576,70.419],[-79.581,70.406],[-79.439,70.377],[-79.253,70.338],[-79.135,70.342],[-79.017,70.325],[-78.934,70.294],[-78.863,70.242],[-78.81,70.179],[-78.775,70.104],[-78.778,70.048],[-78.819,70.01],[-78.89,69.978],[-79.093,69.925],[-79.303,69.895],[-79.515,69.888],[-79.616,69.895],[-79.85,69.938],[-80.0,70.02],[-81.031,70.091],[-81.648,70.133],[-81.637,70.109],[-81.632,70.098],[-81.652,70.095],[-81.626,70.085],[-81.622,70.076],[-81.574,70.065],[-81.529,70.048],[-81.422,70.025],[-81.33,70.024],[-81.197,69.983],[-81.024,69.9],[-80.925,69.851],[-80.843,69.792],[-80.84,69.771],[-80.914,69.735],[-81.28,69.869],[-81.384,69.908],[-81.524,69.949],[-82.12,70.124],[-82.533,70.204],[-82.839,70.263],[-82.73,70.218],[-82.712,70.21],[-82.481,70.16],[-82.071,70.071],[-81.717,69.941],[-81.791,69.9],[-81.958,69.869],[-81.965,69.868],[-82.013,69.891],[-82.089,69.849],[-82.139,69.841],[-82.265,69.838],[-82.297,69.837],[-82.415,69.855],[-82.625,69.898],[-82.771,69.932],[-83.036,70.02],[-83.724,69.964],[-83.973,69.978],[-84.54,70.01],[-84.714,70.049],[-84.843,70.078],[-84.999,70.089],[-85.125,70.098],[-85.379,70.107],[-85.432,70.111],[-85.444,70.109],[-85.654,70.116],[-85.86,70.093],[-85.859,70.09],[-85.839,70.052],[-85.769,70.062],[-85.597,70.087],[-85.573,70.081],[-85.78,70.037],[-86.162,70.099],[-86.236,70.117],[-86.26,70.125],[-86.347,70.163],[-86.361,70.173],[-86.483,70.289],[-86.5,70.35],[-86.465,70.406],[-86.431,70.445],[-86.397,70.465],[-86.624,70.401],[-86.704,70.391],[-86.809,70.388],[-86.875,70.393],[-86.939,70.471],[-87.019,70.458],[-87.117,70.441],[-87.147,70.406],[-87.172,70.4],[-87.163,70.388],[-87.229,70.312],[-87.253,70.311],[-87.503,70.326],[-87.618,70.319],[-87.67,70.31],[-87.79,70.258],[-87.807,70.254],[-87.909,70.255],[-88.123,70.346],[-88.106,70.346],[-88.177,70.368],[-88.178,70.369],[-88.402,70.443],[-88.435,70.446],[-88.932,70.596],[-89.071,70.674],[-89.118,70.7],[-89.208,70.76],[-89.258,70.811],[-89.344,70.952],[-89.344,71.019],[-89.254,71.06],[-89.025,71.045],[-88.696,71.046],[-88.677,71.044],[-88.336,70.989],[-88.329,70.982],[-88.309,70.962],[-88.091,70.948],[-87.977,70.941],[-87.881,70.946],[-87.845,70.944],[-87.534,70.957],[-87.352,70.973],[-87.322,70.974],[-87.311,70.976],[-87.181,70.988],[-87.14,71.012],[-87.156,71.015],[-87.182,71.031],[-87.455,71.104],[-87.84,71.208],[-87.955,71.228],[-88.038,71.243],[-88.794,71.278],[-89.104,71.293],[-89.418,71.352],[-89.693,71.424],[-89.806,71.462],[-89.846,71.492],[-89.889,71.586],[-89.915,71.679],[-89.876,72.071],[-89.664,72.158],[-89.657,72.175],[-89.71,72.18],[-89.823,72.208],[-89.859,72.248],[-89.873,72.313],[-89.874,72.367],[-89.862,72.412],[-89.817,72.468],[-89.701,72.568],[-89.612,72.634],[-89.515,72.635],[-89.406,72.724],[-89.353,72.767],[-89.35,72.814],[-89.327,72.842],[-89.311,72.943],[-89.288,73.017],[-89.266,73.062],[-89.135,73.169],[-89.115,73.182],[-88.977,73.252],[-88.761,73.312],[-88.742,73.335],[-88.74,73.365],[-88.727,73.388],[-88.722,73.392],[-88.574,73.45],[-88.173,73.594],[-87.612,73.732],[-86.763,73.834],[-86.464,73.852],[-86.333,73.852],[-86.227,73.853],[-86.009,73.851],[-85.813,73.843],[-85.124,73.809],[-85.105,73.807],[-85.009,73.779],[-84.984,73.764],[-84.947,73.722],[-84.975,73.695],[-85.204,73.604],[-85.493,73.528],[-85.682,73.461],[-85.802,73.405],[-85.9,73.375],[-86.005,73.321],[-86.13,73.256],[-86.602,72.896],[-86.602,72.891],[-86.629,72.871],[-86.668,72.763],[-86.656,72.724],[-86.604,72.671],[-86.605,72.61],[-86.333,72.348],[-86.334,72.345],[-86.393,72.301],[-86.419,72.281],[-86.431,72.241],[-86.443,72.197],[-86.379,72.013],[-86.138,71.834],[-86.102,71.817],[-86.036,71.771],[-85.75,71.641],[-85.537,71.556],[-85.327,71.492],[-85.079,71.398],[-85.023,71.353],[-85.138,71.303],[-85.259,71.269],[-85.357,71.26],[-85.68,71.201],[-85.757,71.194],[-85.946,71.163],[-86.042,71.135],[-86.384,71.073],[-86.797,70.997],[-86.607,70.992],[-86.552,70.99],[-86.55,70.989],[-86.541,70.99],[-86.483,70.988]]],[[[-76.309,73.018],[-76.305,73.017],[-76.309,72.998],[-76.255,72.959],[-76.135,72.913],[-76.09,72.881],[-76.183,72.843],[-76.401,72.821],[-76.435,72.822],[-76.893,72.851],[-77.696,72.903],[-78.024,72.898],[-78.242,72.895],[-78.348,72.878],[-78.554,72.858],[-79.134,72.772],[-79.319,72.758],[-79.494,72.756],[-79.507,72.758],[-79.821,72.826],[-79.937,72.864],[-79.975,72.893],[-80.052,72.977],[-80.114,73.078],[-80.137,73.136],[-80.132,73.171],[-80.161,73.186],[-80.183,73.225],[-80.263,73.24],[-80.267,73.242],[-80.28,73.243],[-80.293,73.246],[-80.618,73.271],[-80.727,73.305],[-80.776,73.334],[-80.824,73.381],[-80.823,73.429],[-80.798,73.472],[-80.777,73.482],[-80.736,73.483],[-80.827,73.535],[-80.831,73.541],[-80.794,73.648],[-80.812,73.709],[-80.822,73.743],[-80.676,73.754],[-80.524,73.766],[-80.475,73.766],[-80.316,73.746],[-80.12,73.707],[-79.972,73.704],[-79.447,73.638],[-78.376,73.664],[-78.287,73.666],[-78.063,73.648],[-77.382,73.537],[-77.207,73.5],[-77.12,73.45],[-77.041,73.373],[-77.005,73.356],[-76.882,73.333],[-76.573,73.163],[-76.57,73.159],[-76.56,73.156],[-76.309,73.018]]],[[[-106.458,73.401],[-106.506,73.407],[-106.526,73.413],[-106.75,73.458],[-106.921,73.48],[-106.944,73.505],[-106.911,73.536],[-106.769,73.596],[-106.513,73.705],[-106.402,73.715],[-105.666,73.733],[-105.567,73.749],[-105.46,73.766],[-105.383,73.767],[-105.284,73.761],[-105.233,73.758],[-105.115,73.744],[-104.835,73.647],[-104.718,73.636],[-104.649,73.614],[-104.587,73.578],[-104.555,73.541],[-104.552,73.466],[-104.583,73.354],[-104.622,73.311],[-104.791,73.168],[-104.969,73.089],[-105.003,73.038],[-105.075,72.997],[-105.201,72.947],[-105.227,72.939],[-105.317,72.942],[-105.446,72.945],[-105.855,73.137],[-106.113,73.258],[-106.18,73.304],[-106.321,73.349],[-106.458,73.401]]],[[[-97.384,69.589],[-97.321,69.641],[-97.147,69.594],[-96.971,69.547],[-96.875,69.51],[-96.694,69.471],[-96.3,69.344],[-96.184,69.259],[-96.156,69.228],[-96.192,69.052],[-96.151,69.047],[-96.096,69.04],[-96.089,69.048],[-96.076,69.061],[-96.102,69.065],[-96.118,69.068],[-96.125,69.109],[-96.125,69.112],[-96.108,69.177],[-96.061,69.125],[-95.951,69.024],[-95.855,68.954],[-95.831,68.941],[-95.774,68.877],[-95.642,68.839],[-95.605,68.843],[-95.585,68.835],[-95.54,68.849],[-95.488,68.854],[-95.499,68.794],[-95.507,68.747],[-95.517,68.746],[-95.523,68.763],[-95.533,68.766],[-95.577,68.776],[-95.764,68.741],[-96.041,68.6],[-96.268,68.508],[-96.382,68.476],[-96.485,68.467],[-96.571,68.462],[-96.656,68.472],[-97.008,68.539],[-97.189,68.531],[-97.501,68.566],[-98.215,68.801],[-98.229,68.831],[-98.237,68.849],[-98.323,68.86],[-98.39,68.868],[-98.412,68.833],[-98.606,68.863],[-98.835,68.898],[-98.815,68.946],[-98.957,68.971],[-98.982,68.975],[-99.053,68.918],[-99.058,68.918],[-99.094,68.899],[-99.073,68.877],[-99.086,68.867],[-99.13,68.866],[-99.23,68.864],[-99.321,68.889],[-99.435,68.92],[-99.551,69.024],[-99.476,69.12],[-99.456,69.131],[-99.086,69.15],[-98.912,69.168],[-98.866,69.18],[-98.8,69.187],[-98.735,69.211],[-98.504,69.296],[-98.498,69.311],[-98.456,69.335],[-98.45,69.354],[-98.467,69.375],[-98.473,69.38],[-98.467,69.395],[-98.516,69.451],[-98.538,69.477],[-98.537,69.478],[-98.448,69.48],[-98.495,69.499],[-98.534,69.527],[-98.548,69.545],[-98.546,69.573],[-98.476,69.579],[-98.389,69.565],[-98.222,69.484],[-98.156,69.469],[-98.041,69.457],[-98.163,69.512],[-98.289,69.629],[-98.304,69.669],[-98.301,69.692],[-98.274,69.743],[-98.231,69.784],[-98.2,69.797],[-98.15,69.812],[-98.116,69.819],[-98.109,69.825],[-98.081,69.833],[-97.889,69.858],[-97.791,69.862],[-97.75,69.853],[-97.66,69.827],[-97.604,69.802],[-97.411,69.738],[-97.382,69.712],[-97.384,69.707],[-97.403,69.696],[-97.46,69.683],[-97.47,69.667],[-97.439,69.643],[-97.439,69.642],[-97.384,69.589]]],[[[-80.357,69.618],[-80.381,69.621],[-80.398,69.633],[-80.448,69.65],[-80.71,69.671],[-80.72,69.673],[-80.626,69.715],[-80.562,69.744],[-80.466,69.737],[-80.451,69.745],[-80.438,69.783],[-80.424,69.798],[-80.295,69.794],[-80.214,69.802],[-80.169,69.782],[-80.125,69.737],[-80.066,69.745],[-80.052,69.745],[-79.971,69.739],[-79.939,69.744],[-79.918,69.744],[-79.795,69.758],[-79.718,69.795],[-79.715,69.796],[-79.594,69.811],[-79.431,69.788],[-79.39,69.73],[-79.365,69.712],[-79.4,69.687],[-79.564,69.63],[-79.882,69.609],[-80.047,69.634],[-79.974,69.56],[-80.357,69.618]]],[[[-95.686,69.338],[-95.687,69.362],[-95.688,69.39],[-95.691,69.392],[-95.67,69.402],[-95.666,69.439],[-95.683,69.5],[-95.704,69.538],[-95.764,69.56],[-95.806,69.56],[-95.818,69.541],[-95.798,69.5],[-95.812,69.447],[-95.858,69.382],[-95.873,69.369],[-95.957,69.38],[-95.922,69.5],[-95.895,69.593],[-95.882,69.602],[-95.865,69.609],[-95.798,69.626],[-95.707,69.624],[-95.603,69.602],[-95.514,69.574],[-95.381,69.507],[-95.382,69.474],[-95.4,69.42],[-95.437,69.378],[-95.496,69.35],[-95.552,69.34],[-95.686,69.338]]],[[[-77.324,69.218],[-77.364,69.26],[-77.359,69.301],[-77.349,69.385],[-77.341,69.404],[-77.319,69.416],[-77.275,69.424],[-77.187,69.44],[-77.109,69.437],[-76.994,69.412],[-76.746,69.404],[-76.711,69.391],[-76.715,69.383],[-76.771,69.287],[-76.81,69.267],[-76.869,69.225],[-76.911,69.175],[-76.995,69.144],[-77.122,69.132],[-77.146,69.134],[-77.241,69.148],[-77.269,69.159],[-77.324,69.218]]],[[[-79.324,68.865],[-79.382,68.881],[-79.385,68.885],[-79.387,68.933],[-79.369,68.95],[-79.355,68.956],[-79.305,68.992],[-79.243,69.049],[-79.145,69.087],[-79.049,69.103],[-78.98,69.109],[-78.966,69.117],[-78.931,69.123],[-78.9,69.135],[-78.854,69.184],[-78.732,69.256],[-78.662,69.262],[-78.65,69.275],[-78.674,69.29],[-78.67,69.293],[-78.673,69.304],[-78.681,69.331],[-78.65,69.351],[-78.598,69.37],[-78.596,69.371],[-78.458,69.39],[-78.442,69.389],[-78.389,69.382],[-78.319,69.376],[-78.293,69.374],[-78.273,69.361],[-78.234,69.315],[-78.231,69.309],[-78.234,69.3],[-78.287,69.263],[-78.439,69.199],[-78.533,69.146],[-78.552,69.129],[-78.56,69.106],[-78.596,69.079],[-78.661,69.04],[-78.881,68.911],[-79.054,68.883],[-79.187,68.851],[-79.222,68.844],[-79.238,68.843],[-79.324,68.865]]],[[[-74.881,68.349],[-74.912,68.346],[-74.97,68.348],[-75.072,68.404],[-75.257,68.459],[-75.358,68.501],[-75.4,68.525],[-75.403,68.548],[-75.394,68.593],[-75.37,68.636],[-75.287,68.688],[-75.2,68.696],[-75.075,68.685],[-74.984,68.648],[-74.885,68.545],[-74.831,68.503],[-74.826,68.443],[-74.831,68.441],[-74.828,68.424],[-74.824,68.421],[-74.822,68.39],[-74.845,68.366],[-74.881,68.349]]],[[[-75.363,67.382],[-75.429,67.36],[-75.78,67.284],[-76.049,67.262],[-76.333,67.258],[-76.694,67.236],[-76.859,67.24],[-76.944,67.25],[-77.005,67.267],[-77.076,67.32],[-77.157,67.408],[-77.224,67.508],[-77.249,67.562],[-77.292,67.729],[-77.205,67.861],[-76.992,68.054],[-76.971,68.07],[-76.772,68.182],[-76.616,68.27],[-76.213,68.311],[-76.173,68.309],[-76.088,68.314],[-75.983,68.332],[-75.866,68.337],[-75.855,68.336],[-75.289,68.257],[-75.154,68.234],[-75.103,68.202],[-75.078,68.173],[-75.063,68.141],[-75.062,68.075],[-75.073,68.049],[-75.124,67.985],[-75.127,67.965],[-75.087,67.751],[-75.09,67.635],[-75.127,67.537],[-75.202,67.459],[-75.314,67.4],[-75.345,67.389],[-75.363,67.382]]]]}},{"type":"Feature","id":"ON","properties":{"id":"ON"},"geometry":{"type":"MultiPolygon","coordinates":[[[[-95.155,49.37],[-95.161,49.802],[-95.159,50.234],[-95.158,50.665],[-95.158,51.097],[-95.157,51.528],[-95.156,51.96],[-95.155,52.391],[-95.154,52.822],[-94.77,53.054],[-94.387,53.285],[-94.003,53.517],[-93.62,53.748],[-93.365,53.931],[-93.11,54.114],[-92.855,54.298],[-92.6,54.481],[-92.295,54.69],[-91.989,54.899],[-91.684,55.108],[-91.378,55.317],[-91.029,55.542],[-90.68,55.767],[-90.33,55.991],[-89.98,56.216],[-89.722,56.376],[-89.464,56.535],[-89.205,56.695],[-88.949,56.851],[-88.946,56.851],[-88.885,56.832],[-88.782,56.787],[-88.68,56.725],[-88.447,56.609],[-88.271,56.536],[-88.075,56.467],[-87.878,56.342],[-87.755,56.231],[-87.684,56.156],[-87.674,56.139],[-87.619,56.048],[-87.616,55.989],[-86.681,55.83],[-86.593,55.815],[-86.001,55.664],[-85.575,55.488],[-85.217,55.34],[-85.212,55.298],[-85.362,55.096],[-85.365,55.079],[-85.214,55.224],[-85.129,55.266],[-85.061,55.286],[-85.037,55.285],[-84.784,55.243],[-84.713,55.231],[-84.528,55.245],[-83.986,55.286],[-82.873,55.165],[-82.868,55.161],[-82.801,55.156],[-82.795,55.156],[-82.53,55.128],[-82.393,55.068],[-82.308,54.998],[-82.233,54.867],[-82.225,54.801],[-82.371,54.484],[-82.418,54.356],[-82.424,54.245],[-82.394,54.18],[-82.322,54.121],[-82.323,54.105],[-82.239,54.029],[-82.155,53.862],[-82.141,53.818],[-82.15,53.74],[-82.191,53.611],[-82.18,53.513],[-82.178,53.504],[-82.188,53.443],[-82.225,53.204],[-82.26,53.16],[-82.275,53.115],[-82.282,53.102],[-82.283,53.092],[-82.292,53.066],[-82.292,53.031],[-82.287,53.02],[-82.291,52.951],[-81.976,52.767],[-81.859,52.651],[-81.742,52.564],[-81.705,52.529],[-81.579,52.36],[-81.612,52.324],[-81.661,52.294],[-81.776,52.254],[-81.828,52.224],[-81.815,52.217],[-81.648,52.239],[-81.55,52.237],[-81.466,52.205],[-81.398,52.142],[-81.285,52.089],[-81.127,52.045],[-80.971,51.974],[-80.964,51.969],[-80.705,51.798],[-80.658,51.758],[-80.588,51.667],[-80.525,51.571],[-80.52,51.56],[-80.447,51.422],[-80.443,51.389],[-80.496,51.345],[-80.673,51.265],[-80.851,51.125],[-80.795,51.132],[-80.677,51.191],[-80.478,51.307],[-80.368,51.33],[-80.311,51.322],[-80.302,51.317],[-80.044,51.227],[-79.892,51.174],[-79.832,51.17],[-79.651,51.008],[-79.52,50.918],[-79.519,50.742],[-79.519,50.5],[-79.518,50.258],[-79.518,50.017],[-79.517,49.775],[-79.517,49.533],[-79.516,49.291],[-79.516,49.049],[-79.516,48.807],[-79.515,48.565],[-79.515,48.323],[-79.514,48.082],[-79.513,47.84],[-79.513,47.556],[-79.513,47.551],[-79.559,47.483],[-79.547,47.407],[-79.479,47.319],[-79.442,47.228],[-79.435,47.134],[-79.365,47.022],[-79.166,46.827],[-79.014,46.607],[-78.903,46.486],[-78.781,46.394],[-78.46,46.307],[-77.682,46.187],[-77.373,46.064],[-77.371,46.063],[-77.293,45.977],[-77.283,45.962],[-77.267,45.929],[-77.233,45.904],[-77.101,45.833],[-77.031,45.807],[-76.977,45.798],[-76.941,45.801],[-76.925,45.82],[-76.913,45.876],[-76.89,45.89],[-76.872,45.887],[-76.824,45.88],[-76.754,45.798],[-76.667,45.643],[-76.553,45.542],[-76.413,45.496],[-76.27,45.484],[-76.123,45.505],[-76.001,45.484],[-75.904,45.42],[-75.626,45.451],[-75.167,45.575],[-74.864,45.642],[-74.717,45.651],[-74.577,45.632],[-74.396,45.568],[-74.415,45.509],[-74.453,45.394],[-74.478,45.318],[-74.413,45.269],[-74.341,45.214],[-74.358,45.206],[-74.694,45.013],[-74.709,45.004],[-74.763,44.999],[-74.856,45.004],[-74.929,44.986],[-74.996,44.97],[-75.179,44.899],[-75.227,44.872],[-75.377,44.786],[-75.401,44.772],[-75.438,44.747],[-75.792,44.497],[-75.798,44.491],[-75.805,44.495],[-75.831,44.49],[-75.942,44.411],[-75.969,44.4],[-76.057,44.367],[-76.341,44.295],[-76.408,44.262],[-76.491,44.244],[-76.589,44.238],[-76.688,44.218],[-76.787,44.182],[-76.992,44.074],[-77.041,44.071],[-77.062,44.091],[-77.055,44.106],[-77.021,44.133],[-76.896,44.187],[-76.913,44.198],[-76.951,44.186],[-77.01,44.153],[-77.033,44.157],[-77.02,44.197],[-77.059,44.205],[-77.148,44.181],[-77.203,44.175],[-77.225,44.189],[-77.251,44.189],[-77.28,44.176],[-77.326,44.178],[-77.398,44.161],[-77.547,44.124],[-77.584,44.094],[-77.586,44.084],[-77.446,44.131],[-77.381,44.146],[-77.333,44.153],[-77.314,44.143],[-77.331,44.119],[-77.331,44.104],[-77.296,44.098],[-77.275,44.104],[-77.273,44.111],[-77.29,44.118],[-77.29,44.127],[-77.271,44.139],[-77.115,44.173],[-77.083,44.148],[-77.117,44.08],[-77.103,44.046],[-77.04,44.049],[-76.969,44.066],[-76.89,44.099],[-76.863,44.1],[-76.888,44.068],[-76.93,44.038],[-77.024,43.987],[-77.044,43.952],[-77.042,43.943],[-77.013,43.957],[-76.91,43.965],[-76.87,43.965],[-76.879,43.943],[-76.934,43.93],[-77.055,43.883],[-77.151,43.867],[-77.208,43.876],[-77.219,43.9],[-77.185,43.938],[-77.19,43.948],[-77.267,43.922],[-77.289,43.923],[-77.315,43.947],[-77.311,43.952],[-77.276,43.952],[-77.259,43.964],[-77.325,43.972],[-77.421,43.954],[-77.503,43.963],[-77.554,43.99],[-77.568,44.008],[-77.544,44.014],[-77.549,44.025],[-77.583,44.038],[-77.682,44.045],[-77.709,44.033],[-77.726,44.009],[-77.829,44.011],[-77.881,43.994],[-78.0,43.979],[-78.186,43.965],[-78.335,43.945],[-78.446,43.916],[-78.528,43.905],[-78.581,43.912],[-78.669,43.902],[-78.793,43.876],[-78.989,43.856],[-79.061,43.835],[-79.165,43.78],[-79.303,43.69],[-79.396,43.645],[-79.446,43.647],[-79.48,43.636],[-79.499,43.612],[-79.569,43.578],[-79.596,43.552],[-79.61,43.513],[-79.656,43.453],[-79.774,43.32],[-79.773,43.301],[-79.728,43.253],[-79.638,43.235],[-79.528,43.21],[-79.401,43.209],[-79.337,43.198],[-79.291,43.207],[-79.213,43.242],[-79.11,43.27],[-79.061,43.283],[-79.059,43.278],[-79.063,43.177],[-79.066,43.106],[-79.073,43.093],[-79.043,43.064],[-79.035,43.044],[-79.04,43.021],[-79.011,42.991],[-79.002,42.985],[-78.947,42.952],[-78.922,42.924],[-78.936,42.907],[-78.977,42.892],[-79.057,42.862],[-79.122,42.858],[-79.176,42.873],[-79.264,42.88],[-79.386,42.881],[-79.594,42.854],[-79.661,42.851],[-79.699,42.862],[-79.747,42.858],[-79.923,42.822],[-80.1,42.802],[-80.221,42.774],[-80.286,42.738],[-80.326,42.707],[-80.365,42.683],[-80.395,42.676],[-80.451,42.613],[-80.446,42.604],[-80.368,42.608],[-80.305,42.59],[-80.105,42.571],[-80.062,42.554],[-80.094,42.546],[-80.397,42.577],[-80.473,42.574],[-80.617,42.596],[-80.827,42.643],[-81.039,42.662],[-81.253,42.654],[-81.405,42.63],[-81.495,42.591],[-81.73,42.447],[-81.809,42.368],[-81.841,42.295],[-81.867,42.258],[-81.887,42.257],[-81.887,42.274],[-81.866,42.308],[-81.874,42.315],[-81.929,42.279],[-81.938,42.269],[-82.044,42.257],[-82.16,42.223],[-82.311,42.158],[-82.412,42.103],[-82.462,42.058],[-82.49,42.005],[-82.496,41.944],[-82.512,41.932],[-82.567,42.0],[-82.604,42.025],[-82.645,42.037],[-82.69,42.036],[-82.834,41.997],[-82.937,42.006],[-83.061,42.05],[-83.108,42.071],[-83.117,42.12],[-83.104,42.215],[-83.076,42.276],[-83.047,42.297],[-83.014,42.312],[-82.971,42.327],[-82.867,42.335],[-82.59,42.315],[-82.516,42.322],[-82.462,42.339],[-82.428,42.367],[-82.414,42.411],[-82.418,42.472],[-82.432,42.498],[-82.453,42.495],[-82.481,42.5],[-82.613,42.525],[-82.634,42.542],[-82.645,42.558],[-82.545,42.625],[-82.489,42.739],[-82.489,42.739],[-82.417,43.017],[-82.417,43.017],[-82.376,43.028],[-82.312,43.043],[-82.181,43.085],[-82.088,43.133],[-82.033,43.186],[-81.974,43.223],[-81.911,43.246],[-81.848,43.28],[-81.784,43.327],[-81.739,43.392],[-81.713,43.474],[-81.705,43.558],[-81.717,43.642],[-81.718,43.982],[-81.732,44.06],[-81.708,44.131],[-81.646,44.193],[-81.609,44.252],[-81.595,44.311],[-81.565,44.36],[-81.519,44.399],[-81.474,44.425],[-81.431,44.437],[-81.402,44.461],[-81.387,44.497],[-81.352,44.542],[-81.298,44.597],[-81.278,44.644],[-81.281,44.716],[-81.278,44.79],[-81.3,44.832],[-81.341,44.87],[-81.358,44.911],[-81.355,44.977],[-81.377,44.984],[-81.415,44.987],[-81.451,45.015],[-81.499,45.081],[-81.541,45.125],[-81.577,45.145],[-81.59,45.166],[-81.629,45.189],[-81.683,45.203],[-81.706,45.224],[-81.697,45.251],[-81.595,45.262],[-81.4,45.256],[-81.297,45.249],[-81.285,45.241],[-81.316,45.189],[-81.312,45.156],[-81.282,45.124],[-81.264,45.081],[-81.259,45.028],[-81.207,45.009],[-81.193,45.003],[-81.18,44.974],[-81.138,44.968],[-81.125,44.953],[-81.141,44.928],[-81.133,44.918],[-81.074,44.914],[-81.032,44.957],[-81.012,44.967],[-80.973,44.97],[-80.966,44.959],[-80.993,44.934],[-81.006,44.907],[-81.006,44.876],[-81.036,44.843],[-81.128,44.782],[-81.13,44.77],[-81.11,44.765],[-81.022,44.802],[-80.964,44.809],[-80.919,44.797],[-80.896,44.781],[-80.891,44.761],[-80.901,44.712],[-80.925,44.633],[-80.91,44.618],[-80.854,44.666],[-80.79,44.7],[-80.67,44.727],[-80.65,44.721],[-80.593,44.639],[-80.46,44.578],[-80.226,44.509],[-80.085,44.489],[-80.037,44.517],[-80.008,44.572],[-79.997,44.652],[-80.021,44.709],[-80.079,44.743],[-80.108,44.775],[-80.108,44.807],[-80.065,44.834],[-79.997,44.856],[-79.93,44.863],[-79.92,44.854],[-79.935,44.824],[-79.925,44.813],[-79.891,44.809],[-79.876,44.798],[-79.827,44.768],[-79.717,44.761],[-79.678,44.769],[-79.709,44.791],[-79.713,44.821],[-79.692,44.859],[-79.696,44.875],[-79.732,44.863],[-79.733,44.832],[-79.75,44.816],[-79.772,44.819],[-79.785,44.854],[-79.8,44.885],[-79.828,44.936],[-79.902,44.957],[-79.929,44.974],[-79.932,45.001],[-79.946,45.017],[-79.972,45.022],[-80.021,45.072],[-80.086,45.109],[-80.083,45.126],[-80.023,45.136],[-80.007,45.153],[-80.015,45.176],[-80.05,45.204],[-80.075,45.211],[-80.092,45.197],[-80.107,45.201],[-80.121,45.223],[-80.111,45.259],[-80.05,45.301],[-80.041,45.342],[-80.057,45.375],[-80.092,45.393],[-80.145,45.399],[-80.176,45.397],[-80.186,45.387],[-80.168,45.349],[-80.177,45.344],[-80.271,45.36],[-80.303,45.383],[-80.35,45.399],[-80.385,45.458],[-80.392,45.5],[-80.389,45.574],[-80.414,45.62],[-80.43,45.625],[-80.427,45.598],[-80.444,45.584],[-80.485,45.577],[-80.511,45.59],[-80.52,45.622],[-80.546,45.65],[-80.593,45.682],[-80.629,45.727],[-80.641,45.747],[-80.643,45.767],[-80.656,45.79],[-80.696,45.816],[-80.713,45.859],[-80.732,45.877],[-80.787,45.919],[-80.805,45.942],[-80.818,45.951],[-80.89,45.951],[-80.968,45.952],[-81.097,45.942],[-81.16,45.955],[-81.158,45.992],[-81.162,46.012],[-81.174,46.016],[-81.191,46.006],[-81.197,45.991],[-81.237,45.974],[-81.303,45.974],[-81.45,45.994],[-81.502,45.993],[-81.597,45.967],[-81.627,45.978],[-81.595,45.996],[-81.597,46.012],[-81.624,46.017],[-81.63,46.025],[-81.64,46.04],[-81.542,46.075],[-81.545,46.09],[-81.616,46.119],[-81.646,46.115],[-81.662,46.093],[-81.689,46.079],[-81.727,46.073],[-81.75,46.057],[-81.765,46.058],[-81.766,46.071],[-81.769,46.104],[-81.817,46.115],[-82.012,46.129],[-82.116,46.132],[-82.196,46.134],[-82.318,46.163],[-82.35,46.193],[-82.598,46.177],[-82.638,46.172],[-82.663,46.176],[-82.719,46.207],[-82.895,46.188],[-83.026,46.181],[-83.459,46.238],[-83.572,46.261],[-83.593,46.278],[-83.661,46.29],[-83.843,46.302],[-83.863,46.306],[-83.882,46.333],[-83.934,46.342],[-84.034,46.344],[-84.092,46.361],[-84.109,46.393],[-84.106,46.43],[-84.084,46.473],[-84.087,46.507],[-84.118,46.539],[-84.165,46.563],[-84.236,46.557],[-84.344,46.531],[-84.429,46.522],[-84.433,46.522],[-84.459,46.504],[-84.475,46.489],[-84.501,46.483],[-84.569,46.543],[-84.569,46.577],[-84.557,46.589],[-84.548,46.6],[-84.466,46.674],[-84.438,46.723],[-84.464,46.747],[-84.488,46.743],[-84.51,46.713],[-84.528,46.697],[-84.54,46.697],[-84.561,46.73],[-84.553,46.806],[-84.528,46.834],[-84.485,46.848],[-84.408,46.844],[-84.382,46.853],[-84.367,46.88],[-84.385,46.906],[-84.435,46.931],[-84.488,46.944],[-84.544,46.946],[-84.582,46.937],[-84.6,46.918],[-84.625,46.922],[-84.656,46.949],[-84.75,46.981],[-84.775,47.004],[-84.772,47.037],[-84.712,47.12],[-84.719,47.142],[-84.688,47.191],[-84.618,47.267],[-84.595,47.32],[-84.616,47.35],[-84.641,47.367],[-84.668,47.371],[-84.693,47.39],[-84.715,47.427],[-84.771,47.462],[-84.861,47.496],[-84.936,47.54],[-84.998,47.595],[-85.014,47.639],[-84.986,47.672],[-84.975,47.698],[-84.981,47.718],[-84.961,47.746],[-84.922,47.793],[-84.92,47.828],[-84.915,47.855],[-84.867,47.896],[-84.847,47.928],[-84.855,47.95],[-84.964,47.96],[-85.174,47.959],[-85.343,47.95],[-85.47,47.934],[-85.615,47.941],[-85.778,47.97],[-85.914,48.03],[-86.022,48.119],[-86.104,48.21],[-86.159,48.304],[-86.181,48.385],[-86.191,48.405],[-86.216,48.423],[-86.238,48.471],[-86.257,48.548],[-86.283,48.598],[-86.314,48.619],[-86.325,48.637],[-86.371,48.688],[-86.39,48.714],[-86.396,48.731],[-86.432,48.758],[-86.459,48.765],[-86.581,48.753],[-86.621,48.778],[-86.643,48.795],[-86.693,48.808],[-86.752,48.801],[-86.82,48.772],[-86.888,48.772],[-87.009,48.789],[-87.085,48.779],[-87.224,48.776],[-87.311,48.799],[-87.407,48.835],[-87.464,48.842],[-87.517,48.839],[-87.552,48.848],[-87.568,48.871],[-87.592,48.878],[-87.685,48.899],[-87.761,48.92],[-87.966,48.959],[-88.022,48.999],[-88.07,49.001],[-88.128,48.998],[-88.161,48.982],[-88.2,48.977],[-88.247,48.986],[-88.264,48.974],[-88.249,48.942],[-88.247,48.917],[-88.224,48.867],[-88.147,48.821],[-88.109,48.776],[-88.109,48.733],[-88.138,48.683],[-88.233,48.597],[-88.248,48.596],[-88.326,48.585],[-88.369,48.562],[-88.4,48.557],[-88.418,48.569],[-88.444,48.56],[-88.476,48.531],[-88.489,48.507],[-88.484,48.488],[-88.501,48.467],[-88.539,48.443],[-88.56,48.447],[-88.569,48.474],[-88.584,48.492],[-88.566,48.528],[-88.394,48.656],[-88.333,48.709],[-88.323,48.738],[-88.329,48.776],[-88.353,48.821],[-88.395,48.845],[-88.458,48.848],[-88.503,48.833],[-88.535,48.786],[-88.542,48.753],[-88.552,48.684],[-88.549,48.658],[-88.565,48.64],[-88.602,48.63],[-88.625,48.599],[-88.635,48.546],[-88.654,48.516],[-88.683,48.51],[-88.706,48.476],[-88.722,48.415],[-88.735,48.384],[-88.783,48.368],[-88.889,48.337],[-88.933,48.335],[-88.916,48.363],[-88.897,48.378],[-88.876,48.381],[-88.818,48.507],[-88.764,48.572],[-88.774,48.583],[-89.087,48.498],[-89.201,48.451],[-89.225,48.418],[-89.23,48.382],[-89.214,48.345],[-89.222,48.311],[-89.252,48.28],[-89.297,48.204],[-89.315,48.159],[-89.345,48.121],[-89.438,48.099],[-89.45,48.092],[-89.547,48.013],[-89.572,48.004],[-89.578,48.002],[-89.597,48.003],[-89.775,48.015],[-89.858,48.002],[-89.901,47.996],[-89.994,48.015],[-90.025,48.058],[-90.04,48.078],[-90.092,48.118],[-90.188,48.11],[-90.32,48.099],[-90.461,48.106],[-90.607,48.113],[-90.662,48.109],[-90.744,48.105],[-90.797,48.131],[-90.84,48.201],[-90.916,48.209],[-90.922,48.208],[-91.044,48.194],[-91.221,48.105],[-91.334,48.073],[-91.387,48.058],[-91.512,48.058],[-91.518,48.058],[-91.58,48.08],[-91.647,48.105],[-91.858,48.198],[-91.883,48.215],[-92.005,48.302],[-92.172,48.338],[-92.299,48.329],[-92.326,48.3],[-92.349,48.277],[-92.414,48.277],[-92.46,48.364],[-92.461,48.366],[-92.5,48.435],[-92.583,48.465],[-92.61,48.477],[-92.733,48.532],[-92.837,48.568],[-92.996,48.612],[-93.052,48.62],[-93.155,48.625],[-93.258,48.629],[-93.349,48.62],[-93.378,48.616],[-93.388,48.61],[-93.463,48.561],[-93.564,48.537],[-93.708,48.525],[-93.79,48.546],[-93.804,48.549],[-93.852,48.607],[-94.055,48.659],[-94.414,48.704],[-94.621,48.743],[-94.675,48.775],[-94.69,48.791],[-94.705,48.809],[-94.713,48.863],[-94.713,48.863],[-94.803,49.003],[-94.843,49.119],[-94.86,49.259],[-94.854,49.305],[-94.875,49.319],[-94.939,49.349],[-95.129,49.367],[-95.155,49.37]]],[[[-79.52,50.966],[-79.636,51.049],[-79.714,51.118],[-79.731,51.15],[-79.737,51.186],[-79.728,51.228],[-79.693,51.259],[-79.666,51.379],[-79.643,51.414],[-79.586,51.452],[-79.547,51.494],[-79.528,51.538],[-79.521,51.545],[-79.52,51.226],[-79.52,50.966]]],[[[-85.606,47.742],[-85.666,47.733],[-85.858,47.719],[-85.942,47.734],[-85.951,47.747],[-85.931,47.766],[-85.883,47.791],[-85.828,47.804],[-85.765,47.807],[-85.641,47.782],[-85.596,47.757],[-85.606,47.742]]],[[[-88.057,48.837],[-87.996,48.857],[-87.915,48.865],[-87.813,48.859],[-87.765,48.841],[-87.77,48.811],[-87.782,48.795],[-87.812,48.785],[-87.816,48.768],[-87.859,48.758],[-87.941,48.757],[-87.998,48.743],[-88.031,48.717],[-88.057,48.717],[-88.076,48.741],[-88.087,48.808],[-88.057,48.837]]],[[[-87.69,48.75],[-87.73,48.755],[-87.744,48.764],[-87.73,48.778],[-87.731,48.794],[-87.753,48.824],[-87.748,48.835],[-87.731,48.841],[-87.702,48.841],[-87.667,48.821],[-87.626,48.78],[-87.622,48.757],[-87.69,48.75]]],[[[-80.173,44.796],[-80.216,44.823],[-80.233,44.843],[-80.236,44.864],[-80.216,44.872],[-80.172,44.865],[-80.158,44.848],[-80.174,44.809],[-80.173,44.796]]],[[[-76.237,44.233],[-76.33,44.208],[-76.353,44.175],[-76.365,44.156],[-76.423,44.121],[-76.469,44.125],[-76.484,44.128],[-76.474,44.141],[-76.477,44.153],[-76.492,44.162],[-76.483,44.179],[-76.451,44.202],[-76.43,44.227],[-76.329,44.239],[-76.279,44.247],[-76.227,44.254],[-76.237,44.233]]],[[[-76.687,44.138],[-76.731,44.127],[-76.787,44.13],[-76.809,44.14],[-76.799,44.155],[-76.761,44.172],[-76.642,44.199],[-76.64,44.181],[-76.687,44.138]]],[[[-82.638,41.747],[-82.684,41.736],[-82.685,41.757],[-82.674,41.806],[-82.654,41.827],[-82.643,41.815],[-82.627,41.771],[-82.638,41.747]]],[[[-81.713,45.526],[-81.727,45.5],[-81.788,45.466],[-81.815,45.463],[-81.833,45.473],[-81.838,45.484],[-81.829,45.498],[-81.735,45.531],[-81.713,45.526]]],[[[-82.962,45.833],[-83.16,45.875],[-83.222,45.902],[-83.216,45.933],[-83.201,45.955],[-83.176,45.969],[-83.151,45.963],[-83.125,45.938],[-83.097,45.935],[-83.069,45.955],[-83.035,45.957],[-82.996,45.943],[-82.966,45.945],[-82.945,45.963],[-82.905,45.978],[-82.845,45.99],[-82.821,45.977],[-82.832,45.936],[-82.823,45.91],[-82.793,45.898],[-82.774,45.88],[-82.765,45.858],[-82.737,45.852],[-82.691,45.863],[-82.66,45.86],[-82.645,45.843],[-82.627,45.839],[-82.608,45.848],[-82.584,45.837],[-82.554,45.807],[-82.531,45.806],[-82.515,45.833],[-82.521,45.849],[-82.56,45.86],[-82.556,45.87],[-82.58,45.896],[-82.568,45.914],[-82.527,45.939],[-82.498,45.944],[-82.481,45.93],[-82.463,45.934],[-82.444,45.955],[-82.401,45.971],[-82.332,45.982],[-82.294,45.973],[-82.288,45.945],[-82.268,45.936],[-82.235,45.946],[-82.204,45.924],[-82.175,45.871],[-82.143,45.87],[-82.107,45.919],[-82.055,45.955],[-81.987,45.977],[-81.939,45.979],[-81.909,45.962],[-81.896,45.939],[-81.897,45.91],[-81.879,45.893],[-81.841,45.885],[-81.828,45.862],[-81.842,45.823],[-81.838,45.788],[-81.804,45.743],[-81.796,45.74],[-81.763,45.821],[-81.735,45.864],[-81.698,45.894],[-81.675,45.896],[-81.665,45.872],[-81.673,45.845],[-81.699,45.815],[-81.685,45.801],[-81.601,45.801],[-81.593,45.792],[-81.686,45.657],[-81.755,45.591],[-81.828,45.547],[-81.881,45.536],[-81.914,45.558],[-81.946,45.566],[-81.977,45.561],[-81.977,45.57],[-81.923,45.604],[-81.902,45.603],[-81.865,45.611],[-81.76,45.685],[-81.76,45.698],[-81.821,45.692],[-82.029,45.566],[-82.055,45.561],[-82.076,45.57],[-82.091,45.591],[-82.208,45.628],[-82.256,45.66],[-82.323,45.684],[-82.409,45.698],[-82.51,45.728],[-82.626,45.772],[-82.736,45.797],[-82.937,45.811],[-82.962,45.833]]],[[[-83.829,46.148],[-83.857,46.157],[-83.863,46.154],[-83.876,46.148],[-83.887,46.119],[-83.907,46.097],[-83.93,46.092],[-83.979,46.109],[-84.039,46.177],[-84.078,46.237],[-84.097,46.288],[-84.061,46.31],[-84.06,46.31],[-83.971,46.303],[-83.891,46.284],[-83.822,46.253],[-83.795,46.214],[-83.808,46.167],[-83.829,46.148]]],[[[-83.345,45.993],[-83.296,45.977],[-83.271,45.961],[-83.269,45.947],[-83.332,45.88],[-83.364,45.873],[-83.387,45.868],[-83.453,45.884],[-83.48,45.907],[-83.467,45.936],[-83.437,45.963],[-83.42,45.973],[-83.392,45.988],[-83.345,45.993]]]]}},{"type":"Feature","id":"PE","properties":{"id":"PE"},"geometry":{"type":"Polygon","coordinates":[[[-63.722,46.474],[-63.303,46.47],[-63.286,46.46],[-63.129,46.422],[-62.964,46.428],[-62.712,46.45],[-62.682,46.46],[-62.618,46.464],[-62.063,46.459],[-62.041,46.446],[-62.031,46.433],[-62.136,46.375],[-62.186,46.348],[-62.191,46.345],[-62.239,46.337],[-62.37,46.315],[-62.49,46.216],[-62.526,46.203],[-62.552,46.166],[-62.548,46.143],[-62.549,46.142],[-62.546,46.127],[-62.544,46.117],[-62.543,46.117],[-62.539,46.098],[-62.543,46.029],[-62.503,46.023],[-62.479,46.0],[-62.481,45.999],[-62.531,45.977],[-62.743,45.967],[-62.805,45.973],[-62.878,46.001],[-62.903,46.068],[-62.922,46.066],[-62.926,46.093],[-62.881,46.135],[-62.901,46.149],[-62.918,46.153],[-62.953,46.195],[-63.015,46.19],[-63.056,46.224],[-63.053,46.27],[-62.995,46.292],[-62.979,46.316],[-63.057,46.295],[-63.117,46.253],[-63.195,46.237],[-63.271,46.2],[-63.153,46.188],[-63.213,46.16],[-63.227,46.159],[-63.506,46.197],[-63.569,46.209],[-63.628,46.227],[-63.665,46.246],[-63.732,46.289],[-63.801,46.367],[-63.763,46.37],[-63.75,46.384],[-63.759,46.398],[-63.861,46.408],[-63.963,46.406],[-64.108,46.615],[-64.183,46.615],[-64.236,46.631],[-64.388,46.641],[-64.403,46.692],[-64.355,46.769],[-64.28,46.836],[-64.223,46.901],[-64.217,46.906],[-64.029,47.029],[-64.01,47.011],[-63.997,46.998],[-63.997,46.989],[-63.997,46.982],[-63.997,46.981],[-63.997,46.953],[-63.998,46.892],[-64.07,46.799],[-64.099,46.77],[-63.888,46.539],[-63.882,46.532],[-63.906,46.509],[-63.834,46.494],[-63.811,46.469],[-63.784,46.455],[-63.741,46.478],[-63.722,46.474]]]}},{"type":"Feature","id":"QC","properties":{"id":"QC"},"geometry":{"type":"MultiPolygon","coordinates":[[[[-66.709,48.022],[-66.843,47.998],[-66.925,47.964],[-66.952,47.899],[-67.057,47.919],[-67.187,47.894],[-67.307,47.887],[-67.365,47.855],[-67.579,47.94],[-67.609,47.969],[-67.613,47.999],[-67.739,47.999],[-67.914,47.999],[-68.023,47.999],[-68.114,47.999],[-68.114,47.929],[-68.253,47.929],[-68.378,47.929],[-68.378,47.838],[-68.379,47.765],[-68.379,47.692],[-68.379,47.589],[-68.394,47.563],[-68.43,47.528],[-68.496,47.48],[-68.628,47.421],[-69.049,47.296],[-69.054,47.295],[-69.064,47.338],[-69.05,47.427],[-69.146,47.445],[-69.225,47.459],[-69.243,47.463],[-69.302,47.402],[-69.359,47.351],[-69.472,47.239],[-69.63,47.081],[-69.717,46.995],[-69.872,46.843],[-70.008,46.709],[-70.02,46.656],[-70.038,46.571],[-70.067,46.441],[-70.18,46.342],[-70.227,46.279],[-70.248,46.251],[-70.279,46.15],[-70.305,46.057],[-70.306,45.98],[-70.296,45.957],[-70.287,45.939],[-70.296,45.906],[-70.309,45.893],[-70.333,45.868],[-70.408,45.802],[-70.421,45.738],[-70.467,45.707],[-70.596,45.644],[-70.702,45.551],[-70.707,45.499],[-70.692,45.455],[-70.692,45.452],[-70.69,45.428],[-70.711,45.409],[-70.753,45.411],[-70.799,45.405],[-70.838,45.366],[-70.837,45.311],[-70.865,45.271],[-70.898,45.262],[-70.926,45.291],[-70.96,45.333],[-70.997,45.337],[-71.0,45.337],[-71.013,45.331],[-71.06,45.309],[-71.084,45.294],[-71.135,45.263],[-71.161,45.262],[-71.202,45.26],[-71.327,45.29],[-71.419,45.2],[-71.506,45.029],[-71.517,45.008],[-71.934,45.007],[-72.35,45.007],[-72.464,45.006],[-72.766,45.006],[-73.182,45.006],[-73.352,45.005],[-73.598,45.005],[-74.014,45.005],[-74.37,45.004],[-74.43,45.004],[-74.663,45.004],[-74.709,45.004],[-74.678,45.012],[-74.566,45.042],[-74.269,45.188],[-74.05,45.241],[-73.765,45.395],[-73.558,45.425],[-73.519,45.459],[-73.484,45.587],[-73.465,45.632],[-73.369,45.758],[-73.253,45.864],[-73.159,46.01],[-72.99,46.104],[-72.734,46.182],[-72.496,46.353],[-72.366,46.405],[-72.24,46.442],[-72.187,46.511],[-72.109,46.551],[-71.901,46.632],[-71.671,46.654],[-71.439,46.721],[-71.267,46.755],[-71.278,46.741],[-70.681,46.958],[-70.472,47.034],[-70.096,47.356],[-70.073,47.376],[-70.07,47.378],[-70.069,47.379],[-69.753,47.649],[-69.635,47.775],[-69.581,47.824],[-69.546,47.87],[-69.44,47.982],[-69.306,48.047],[-68.987,48.275],[-68.939,48.301],[-68.779,48.371],[-68.746,48.376],[-68.552,48.457],[-68.494,48.498],[-68.38,48.548],[-66.754,49.073],[-66.273,49.183],[-65.544,49.247],[-64.954,49.201],[-64.851,49.169],[-64.525,49.064],[-64.22,48.867],[-64.213,48.817],[-64.211,48.807],[-64.371,48.839],[-64.514,48.841],[-64.415,48.804],[-64.267,48.705],[-64.271,48.7],[-64.253,48.675],[-64.247,48.668],[-64.254,48.55],[-64.333,48.445],[-64.394,48.413],[-64.633,48.36],[-64.706,48.311],[-64.765,48.228],[-64.822,48.197],[-64.96,48.16],[-65.036,48.106],[-65.259,48.021],[-65.36,48.011],[-65.476,48.032],[-65.705,48.097],[-65.912,48.183],[-65.913,48.182],[-65.927,48.189],[-65.954,48.175],[-66.364,48.105],[-66.449,48.12],[-66.696,48.026],[-66.709,48.022]]],[[[-64.614,60.306],[-64.816,60.267],[-64.847,60.251],[-64.847,60.238],[-64.789,60.196],[-64.644,60.161],[-64.622,60.141],[-64.65,60.11],[-64.711,60.091],[-64.782,60.064],[-64.881,60.05],[-64.887,60.035],[-64.868,60.009],[-64.834,59.986],[-64.683,59.943],[-64.665,59.933],[-64.662,59.921],[-64.666,59.906],[-64.762,59.864],[-64.791,59.816],[-64.818,59.54],[-64.775,59.488],[-64.715,59.466],[-64.445,59.528],[-64.385,59.515],[-64.379,59.475],[-64.426,59.456],[-64.503,59.399],[-64.519,59.356],[-64.519,59.226],[-64.505,59.166],[-64.478,59.116],[-64.442,59.091],[-64.332,59.044],[-64.324,59.02],[-64.358,59.002],[-64.393,58.998],[-64.77,59.049],[-64.802,59.04],[-64.833,59.02],[-64.851,58.984],[-64.848,58.949],[-64.809,58.929],[-64.618,58.911],[-64.294,58.866],[-64.235,58.786],[-64.192,58.769],[-64.155,58.771],[-63.991,58.811],[-63.727,58.862],[-63.666,58.854],[-63.592,58.83],[-63.535,58.799],[-63.504,58.771],[-63.497,58.753],[-63.506,58.743],[-63.553,58.732],[-63.96,58.684],[-64.031,58.666],[-64.071,58.642],[-64.085,58.621],[-64.086,58.599],[-64.063,58.555],[-64.039,58.545],[-63.882,58.555],[-63.841,58.505],[-63.837,58.483],[-63.848,58.46],[-64.023,58.399],[-64.098,58.359],[-64.371,58.169],[-64.395,58.144],[-64.4,58.121],[-64.387,58.099],[-64.227,58.018],[-64.134,57.875],[-64.079,57.813],[-64.045,57.785],[-63.986,57.803],[-63.961,57.802],[-63.921,57.783],[-63.872,57.731],[-63.842,57.713],[-63.793,57.706],[-63.716,57.696],[-63.618,57.726],[-63.601,57.723],[-63.598,57.692],[-63.615,57.669],[-63.744,57.581],[-63.758,57.553],[-63.762,57.513],[-63.742,57.396],[-63.8,57.319],[-63.793,57.279],[-63.76,57.241],[-63.758,57.228],[-63.792,57.13],[-63.836,57.083],[-63.876,57.023],[-63.903,56.889],[-63.95,56.863],[-64.004,56.821],[-64.03,56.787],[-64.101,56.738],[-64.116,56.707],[-64.112,56.691],[-63.955,56.527],[-63.925,56.475],[-63.955,56.439],[-64.053,56.43],[-64.136,56.395],[-64.119,56.334],[-64.122,56.299],[-64.115,56.289],[-64.083,56.275],[-63.913,56.229],[-63.899,56.212],[-63.992,56.145],[-64.004,56.098],[-63.968,56.095],[-63.886,56.088],[-63.836,56.063],[-63.578,56.026],[-63.559,55.992],[-63.586,55.976],[-63.661,55.948],[-63.698,55.923],[-63.708,55.883],[-63.7,55.861],[-63.524,55.706],[-63.415,55.596],[-63.363,55.565],[-63.304,55.542],[-63.154,55.514],[-63.151,55.484],[-63.159,55.441],[-63.151,55.404],[-63.112,55.34],[-63.162,55.308],[-63.429,55.21],[-63.511,55.168],[-63.534,55.14],[-63.551,55.086],[-63.48,54.987],[-63.476,54.962],[-63.492,54.918],[-63.57,54.776],[-63.658,54.644],[-63.699,54.615],[-63.751,54.612],[-63.91,54.634],[-64.341,54.726],[-64.815,54.734],[-65.122,54.719],[-65.676,54.745],[-65.742,54.769],[-65.797,54.805],[-65.868,54.898],[-65.883,54.907],[-66.083,54.942],[-66.157,54.968],[-66.24,55.008],[-66.618,55.256],[-66.733,55.319],[-66.774,55.328],[-66.8,55.311],[-66.797,55.294],[-66.725,55.213],[-66.719,55.193],[-66.747,55.129],[-66.693,54.998],[-66.71,54.948],[-66.657,54.847],[-66.651,54.799],[-66.724,54.748],[-66.867,54.781],[-67.167,54.937],[-67.302,55.064],[-67.339,55.075],[-67.408,55.072],[-67.426,55.059],[-67.437,55.036],[-67.416,54.984],[-67.372,54.917],[-67.29,54.826],[-67.205,54.699],[-67.199,54.682],[-67.147,54.653],[-67.15,54.617],[-67.236,54.586],[-67.286,54.519],[-67.314,54.517],[-67.537,54.573],[-67.578,54.565],[-67.601,54.553],[-67.62,54.507],[-67.61,54.452],[-67.582,54.392],[-67.515,54.282],[-67.508,54.253],[-67.511,54.236],[-67.681,54.141],[-67.731,54.1],[-67.762,54.061],[-67.757,54.034],[-67.53,53.839],[-67.471,53.796],[-67.456,53.73],[-67.477,53.635],[-67.474,53.613],[-67.457,53.601],[-67.165,53.543],[-67.128,53.503],[-67.076,53.417],[-67.026,53.393],[-66.98,53.384],[-66.944,53.355],[-66.938,53.329],[-66.965,53.183],[-66.97,53.073],[-67.028,52.981],[-67.053,52.92],[-67.07,52.833],[-67.068,52.755],[-67.029,52.72],[-66.951,52.698],[-66.898,52.694],[-66.856,52.698],[-66.815,52.686],[-66.688,52.727],[-66.671,52.749],[-66.631,52.91],[-66.615,52.932],[-66.521,52.959],[-66.49,53.005],[-66.468,53.019],[-66.428,53.011],[-66.39,52.992],[-66.328,52.934],[-66.3,52.897],[-66.31,52.861],[-66.341,52.84],[-66.357,52.806],[-66.366,52.741],[-66.417,52.688],[-66.426,52.661],[-66.394,52.418],[-66.402,52.398],[-66.463,52.341],[-66.462,52.295],[-66.439,52.229],[-66.407,52.184],[-66.379,52.164],[-66.345,52.155],[-66.327,52.189],[-66.296,52.295],[-66.279,52.301],[-66.148,52.23],[-66.097,52.209],[-66.036,52.109],[-65.979,52.081],[-65.883,52.054],[-65.827,52.052],[-65.806,52.064],[-65.781,52.104],[-65.691,52.094],[-65.631,52.073],[-65.589,52.073],[-65.552,52.094],[-65.474,52.196],[-65.452,52.203],[-65.398,52.203],[-65.268,52.185],[-65.137,52.155],[-65.036,52.114],[-64.932,52.055],[-64.765,51.905],[-64.658,51.849],[-64.627,51.825],[-64.639,51.791],[-64.693,51.763],[-64.702,51.745],[-64.697,51.72],[-64.598,51.6],[-64.506,51.609],[-64.29,51.729],[-64.289,51.769],[-64.326,51.811],[-64.334,51.842],[-64.321,51.93],[-64.271,52.083],[-64.26,52.099],[-64.159,52.148],[-64.131,52.187],[-64.103,52.378],[-64.184,52.554],[-64.187,52.626],[-64.179,52.815],[-64.139,52.854],[-64.008,52.878],[-63.973,52.895],[-63.918,53.066],[-63.905,53.077],[-63.799,53.104],[-63.722,53.109],[-63.672,53.101],[-63.606,53.035],[-63.555,52.964],[-63.549,52.94],[-63.567,52.826],[-63.564,52.797],[-63.55,52.774],[-63.41,52.689],[-63.423,52.67],[-63.523,52.649],[-63.811,52.611],[-63.898,52.589],[-63.955,52.566],[-64.018,52.526],[-64.059,52.485],[-64.066,52.466],[-64.062,52.458],[-63.951,52.429],[-63.943,52.418],[-63.936,52.381],[-63.884,52.345],[-63.766,52.298],[-63.684,52.138],[-63.668,52.094],[-63.664,52.06],[-63.704,52.048],[-63.785,52.051],[-63.792,52.044],[-63.783,52.02],[-63.757,52.01],[-63.606,52.001],[-63.2,52.001],[-62.793,52.001],[-62.387,52.001],[-61.98,52.001],[-61.574,52.001],[-61.167,52.001],[-60.76,52.001],[-60.354,52.001],[-59.947,52.001],[-59.541,52.001],[-59.134,52.001],[-58.727,52.001],[-58.321,52.001],[-57.914,52.001],[-57.508,52.001],[-57.101,52.001],[-57.101,51.711],[-57.1,51.478],[-57.237,51.467],[-57.299,51.478],[-57.462,51.469],[-57.695,51.436],[-57.724,51.514],[-57.74,51.496],[-57.816,51.412],[-57.854,51.399],[-58.023,51.322],[-58.089,51.311],[-58.271,51.295],[-58.442,51.306],[-58.51,51.295],[-58.593,51.257],[-58.615,51.237],[-58.617,51.23],[-58.658,51.212],[-58.978,51.002],[-59.039,50.89],[-59.055,50.879],[-59.166,50.78],[-59.378,50.675],[-59.398,50.66],[-59.41,50.655],[-59.412,50.649],[-59.612,50.492],[-59.815,50.418],[-59.852,50.366],[-59.865,50.351],[-59.863,50.35],[-59.886,50.316],[-60.08,50.255],[-60.157,50.251],[-60.2,50.276],[-60.456,50.237],[-60.462,50.236],[-60.645,50.226],[-60.807,50.25],[-60.94,50.21],[-61.217,50.195],[-61.29,50.202],[-61.354,50.188],[-61.576,50.175],[-61.589,50.188],[-61.865,50.216],[-61.882,50.217],[-61.92,50.233],[-62.165,50.239],[-62.362,50.277],[-62.541,50.284],[-62.715,50.302],[-62.83,50.302],[-62.95,50.291],[-63.013,50.292],[-63.047,50.294],[-63.053,50.293],[-63.136,50.294],[-63.201,50.261],[-63.655,50.28],[-63.734,50.305],[-63.854,50.314],[-64.016,50.304],[-64.107,50.284],[-64.288,50.283],[-64.509,50.309],[-64.804,50.281],[-64.944,50.281],[-65.181,50.298],[-65.269,50.32],[-65.691,50.268],[-65.78,50.262],[-65.955,50.294],[-66.044,50.246],[-66.395,50.224],[-66.402,50.22],[-66.411,50.224],[-66.495,50.212],[-66.55,50.161],[-66.622,50.155],[-66.741,50.066],[-66.941,49.994],[-67.022,49.886],[-67.08,49.845],[-67.095,49.835],[-67.155,49.768],[-67.177,49.678],[-67.235,49.602],[-67.257,49.48],[-67.267,49.469],[-67.389,49.346],[-67.469,49.335],[-67.549,49.332],[-67.899,49.28],[-68.108,49.263],[-68.181,49.224],[-68.282,49.197],[-68.261,49.181],[-68.409,49.1],[-68.414,49.1],[-68.544,49.056],[-68.628,49.007],[-68.652,48.968],[-68.834,48.87],[-68.929,48.829],[-68.966,48.798],[-69.016,48.77],[-69.135,48.655],[-69.231,48.574],[-69.269,48.524],[-69.376,48.42],[-69.546,48.254],[-69.55,48.251],[-69.674,48.199],[-69.762,48.191],[-69.852,48.207],[-70.001,48.271],[-70.111,48.278],[-70.384,48.367],[-71.018,48.456],[-70.922,48.422],[-70.839,48.367],[-70.671,48.353],[-70.5,48.354],[-70.145,48.244],[-69.971,48.206],[-69.865,48.172],[-69.775,48.098],[-69.84,47.953],[-69.905,47.832],[-69.994,47.74],[-70.3,47.503],[-70.435,47.43],[-70.499,47.406],[-70.783,47.156],[-70.927,47.029],[-70.973,47.007],[-71.116,46.925],[-71.268,46.796],[-71.625,46.698],[-71.757,46.674],[-71.88,46.687],[-72.028,46.607],[-72.205,46.559],[-72.257,46.485],[-72.68,46.287],[-72.843,46.262],[-72.981,46.21],[-73.022,46.12],[-73.145,46.066],[-73.18,46.025],[-73.284,45.9],[-73.477,45.738],[-73.712,45.711],[-73.798,45.655],[-73.897,45.564],[-74.038,45.502],[-74.315,45.531],[-74.248,45.493],[-74.0,45.433],[-73.974,45.345],[-74.098,45.324],[-74.341,45.214],[-74.413,45.269],[-74.478,45.318],[-74.453,45.394],[-74.415,45.509],[-74.396,45.568],[-74.577,45.632],[-74.717,45.651],[-74.864,45.642],[-75.167,45.575],[-75.626,45.451],[-75.904,45.42],[-76.001,45.484],[-76.123,45.505],[-76.27,45.484],[-76.413,45.496],[-76.553,45.542],[-76.667,45.643],[-76.754,45.798],[-76.824,45.88],[-76.872,45.887],[-76.89,45.89],[-76.913,45.876],[-76.925,45.82],[-76.941,45.801],[-76.977,45.798],[-77.031,45.807],[-77.101,45.833],[-77.233,45.904],[-77.267,45.929],[-77.283,45.962],[-77.293,45.977],[-77.371,46.063],[-77.373,46.064],[-77.682,46.187],[-78.46,46.307],[-78.781,46.394],[-78.903,46.486],[-79.014,46.607],[-79.166,46.827],[-79.365,47.022],[-79.435,47.134],[-79.442,47.228],[-79.479,47.319],[-79.547,47.407],[-79.559,47.483],[-79.513,47.551],[-79.513,47.556],[-79.513,47.84],[-79.514,48.082],[-79.515,48.323],[-79.515,48.565],[-79.516,48.807],[-79.516,49.049],[-79.516,49.291],[-79.517,49.533],[-79.517,49.775],[-79.518,50.017],[-79.518,50.258],[-79.519,50.5],[-79.519,50.742],[-79.52,50.918],[-79.456,50.876],[-79.348,50.763],[-79.381,50.835],[-79.453,50.917],[-79.52,50.966],[-79.52,51.226],[-79.521,51.545],[-79.498,51.57],[-79.338,51.628],[-79.297,51.623],[-79.264,51.552],[-79.226,51.537],[-79.153,51.526],[-79.091,51.502],[-79.04,51.464],[-79.026,51.448],[-78.953,51.207],[-78.869,51.166],[-78.794,51.453],[-78.732,51.497],[-78.737,51.527],[-78.776,51.566],[-78.9,51.669],[-78.966,51.782],[-78.928,51.799],[-78.891,51.845],[-78.882,51.876],[-78.592,52.095],[-78.536,52.196],[-78.535,52.216],[-78.492,52.252],[-78.448,52.261],[-78.513,52.291],[-78.526,52.31],[-78.509,52.474],[-78.514,52.477],[-78.576,52.515],[-78.682,52.635],[-78.757,52.721],[-78.765,52.758],[-78.764,52.758],[-78.724,52.777],[-78.732,52.839],[-78.733,52.84],[-78.722,52.856],[-78.74,52.899],[-78.827,52.958],[-78.868,53.01],[-78.913,53.106],[-78.923,53.127],[-78.942,53.189],[-78.936,53.327],[-78.935,53.356],[-79.026,53.543],[-79.047,53.654],[-79.067,53.759],[-79.067,53.769],[-79.04,53.818],[-79.003,53.836],[-78.946,53.832],[-78.944,53.84],[-79.032,53.881],[-79.066,53.922],[-79.066,53.956],[-78.996,54.002],[-79.01,54.024],[-79.065,54.051],[-79.065,54.092],[-79.09,54.168],[-79.319,54.248],[-79.32,54.248],[-79.48,54.417],[-79.491,54.489],[-79.506,54.59],[-79.571,54.627],[-79.645,54.635],[-79.67,54.647],[-79.703,54.653],[-79.581,54.714],[-79.129,54.812],[-78.393,55.021],[-78.114,55.138],[-77.822,55.261],[-77.564,55.399],[-77.515,55.425],[-77.474,55.45],[-77.114,55.675],[-76.742,56.012],[-76.736,56.022],[-76.65,56.107],[-76.604,56.2],[-76.581,56.262],[-76.546,56.317],[-76.525,56.431],[-76.53,56.495],[-76.53,56.5],[-76.52,56.707],[-76.525,56.892],[-76.573,57.181],[-76.601,57.272],[-76.655,57.381],[-76.786,57.599],[-76.81,57.658],[-76.891,57.758],[-77.157,58.019],[-77.455,58.177],[-77.515,58.214],[-77.516,58.214],[-77.553,58.24],[-77.684,58.291],[-77.884,58.351],[-78.014,58.399],[-78.159,58.477],[-78.163,58.48],[-78.36,58.613],[-78.401,58.618],[-78.467,58.626],[-78.463,58.602],[-78.463,58.602],[-78.506,58.649],[-78.515,58.682],[-78.502,58.769],[-78.482,58.829],[-78.459,58.873],[-78.432,58.9],[-78.383,58.902],[-78.333,58.942],[-78.138,59.098],[-78.127,59.109],[-78.117,59.119],[-78.119,59.124],[-78.128,59.151],[-78.068,59.2],[-77.988,59.245],[-77.843,59.305],[-77.828,59.318],[-77.683,59.381],[-77.703,59.394],[-77.735,59.416],[-77.793,59.421],[-77.826,59.434],[-77.845,59.443],[-77.846,59.445],[-77.796,59.523],[-77.749,59.558],[-77.734,59.581],[-77.739,59.613],[-77.699,59.677],[-77.59,59.681],[-77.397,59.569],[-77.349,59.579],[-77.411,59.61],[-77.485,59.685],[-77.474,59.716],[-77.331,59.797],[-77.329,59.824],[-77.327,59.825],[-77.328,59.828],[-77.328,59.833],[-77.344,59.853],[-77.37,59.897],[-77.373,59.925],[-77.289,60.022],[-77.312,60.042],[-77.464,60.054],[-77.476,60.075],[-77.503,60.121],[-77.461,60.133],[-77.453,60.146],[-77.633,60.345],[-77.662,60.445],[-77.598,60.507],[-77.504,60.543],[-77.515,60.563],[-77.639,60.567],[-77.685,60.574],[-77.649,60.674],[-77.621,60.751],[-77.677,60.768],[-77.661,60.789],[-77.59,60.809],[-77.603,60.825],[-77.865,60.787],[-77.877,60.787],[-77.998,60.818],[-78.068,60.813],[-78.014,60.949],[-77.934,61.003],[-77.83,61.084],[-77.765,61.157],[-77.731,61.206],[-77.727,61.231],[-77.738,61.31],[-77.674,61.389],[-77.607,61.443],[-77.56,61.48],[-77.591,61.512],[-77.514,61.556],[-77.698,61.626],[-77.814,61.695],[-77.89,61.729],[-77.947,61.762],[-78.021,61.832],[-78.077,61.923],[-78.137,62.107],[-78.147,62.209],[-78.134,62.282],[-78.109,62.318],[-78.068,62.355],[-78.02,62.376],[-77.931,62.392],[-77.598,62.528],[-77.52,62.546],[-77.393,62.569],[-77.26,62.557],[-77.205,62.55],[-76.995,62.534],[-76.277,62.402],[-75.878,62.327],[-75.718,62.232],[-75.809,62.193],[-75.79,62.18],[-75.69,62.215],[-75.674,62.205],[-75.525,62.274],[-75.489,62.286],[-75.426,62.303],[-75.288,62.302],[-75.114,62.271],[-75.023,62.265],[-74.908,62.23],[-74.633,62.116],[-74.613,62.125],[-74.645,62.15],[-74.212,62.32],[-74.206,62.321],[-74.046,62.37],[-73.878,62.434],[-73.764,62.469],[-73.705,62.473],[-73.63,62.454],[-73.466,62.385],[-73.055,62.193],[-72.925,62.147],[-72.882,62.125],[-72.791,62.129],[-72.633,62.043],[-72.632,62.027],[-72.666,61.955],[-72.772,61.84],[-72.727,61.839],[-72.66,61.863],[-72.574,61.907],[-72.506,61.923],[-72.361,61.888],[-72.289,61.858],[-72.169,61.793],[-72.166,61.791],[-72.205,61.77],[-72.226,61.758],[-72.14,61.706],[-72.057,61.656],[-72.082,61.641],[-72.247,61.602],[-72.216,61.587],[-72.023,61.612],[-71.964,61.636],[-71.922,61.677],[-71.866,61.689],[-71.638,61.617],[-71.605,61.592],[-71.619,61.573],[-71.656,61.551],[-71.656,61.551],[-71.787,61.533],[-71.809,61.489],[-71.841,61.466],[-71.854,61.44],[-71.82,61.429],[-71.777,61.353],[-71.714,61.313],[-71.518,61.188],[-71.478,61.183],[-71.423,61.159],[-71.348,61.149],[-71.22,61.147],[-70.993,61.116],[-70.723,61.055],[-70.541,61.042],[-70.498,61.048],[-70.297,61.021],[-70.151,61.001],[-70.144,60.981],[-70.146,60.922],[-70.095,60.88],[-70.092,60.88],[-69.963,60.825],[-69.905,60.8],[-69.804,60.869],[-69.741,60.912],[-69.708,60.915],[-69.678,60.95],[-69.655,61.002],[-69.652,61.009],[-69.643,61.024],[-69.624,61.05],[-69.557,61.06],[-69.503,61.04],[-69.476,61.015],[-69.44,60.954],[-69.445,60.808],[-69.49,60.78],[-69.574,60.743],[-69.604,60.719],[-69.696,60.684],[-69.755,60.544],[-69.755,60.538],[-69.752,60.482],[-69.76,60.44],[-69.756,60.388],[-69.741,60.332],[-69.708,60.286],[-69.674,60.256],[-69.788,60.074],[-69.795,60.065],[-69.791,60.047],[-69.788,60.032],[-69.796,60.03],[-69.963,60.018],[-70.509,60.015],[-70.655,60.026],[-70.62,59.984],[-70.467,59.971],[-70.327,59.971],[-69.806,59.945],[-69.769,59.931],[-69.769,59.928],[-69.621,59.799],[-69.61,59.774],[-69.739,59.483],[-69.702,59.438],[-69.711,59.393],[-69.682,59.342],[-69.611,59.341],[-69.395,59.234],[-69.45,59.18],[-69.46,59.152],[-69.414,59.087],[-69.42,59.068],[-69.448,59.049],[-69.451,59.043],[-69.484,59.042],[-69.598,58.971],[-69.683,58.919],[-69.684,58.922],[-69.711,58.985],[-69.83,59.053],[-69.842,59.06],[-69.861,59.051],[-69.865,59.05],[-69.865,59.001],[-69.865,58.96],[-69.847,58.876],[-69.868,58.856],[-69.967,58.821],[-70.187,58.788],[-70.158,58.778],[-70.154,58.761],[-70.074,58.75],[-69.947,58.708],[-69.746,58.64],[-69.707,58.672],[-69.634,58.733],[-69.577,58.762],[-69.382,58.851],[-69.271,58.884],[-69.174,58.897],[-69.064,58.898],[-68.942,58.889],[-68.711,58.904],[-68.694,58.904],[-68.637,58.893],[-68.563,58.866],[-68.475,58.824],[-68.414,58.783],[-68.381,58.743],[-68.326,58.595],[-68.253,58.557],[-68.235,58.528],[-68.229,58.485],[-68.234,58.399],[-68.315,58.227],[-68.357,58.163],[-68.468,58.076],[-68.597,58.037],[-68.826,58.0],[-68.945,57.969],[-69.035,57.926],[-69.041,57.903],[-68.781,57.976],[-68.495,58.012],[-68.414,58.052],[-68.352,58.091],[-68.289,58.178],[-68.176,58.403],[-68.111,58.473],[-68.021,58.485],[-67.981,58.461],[-67.93,58.39],[-67.934,58.296],[-67.936,58.246],[-68.064,58.139],[-68.009,58.152],[-67.856,58.273],[-67.823,58.31],[-67.805,58.365],[-67.8,58.37],[-67.745,58.393],[-67.737,58.385],[-67.69,58.244],[-67.688,58.14],[-67.681,58.107],[-67.698,58.009],[-67.678,57.991],[-67.632,58.076],[-67.617,58.14],[-67.611,58.153],[-67.481,58.254],[-67.382,58.3],[-67.163,58.37],[-67.135,58.383],[-66.814,58.475],[-66.803,58.478],[-66.722,58.491],[-66.674,58.515],[-66.652,58.522],[-66.645,58.53],[-66.608,58.549],[-66.571,58.613],[-66.57,58.614],[-66.454,58.744],[-66.362,58.791],[-66.299,58.795],[-66.237,58.772],[-66.168,58.727],[-66.091,58.659],[-66.045,58.606],[-66.03,58.567],[-66.02,58.465],[-66.097,58.365],[-66.072,58.32],[-66.053,58.315],[-66.022,58.307],[-65.845,58.594],[-65.877,58.617],[-65.99,58.698],[-66.021,58.735],[-66.048,58.786],[-65.994,58.832],[-65.967,58.839],[-65.855,58.847],[-65.836,58.861],[-65.918,58.896],[-65.919,58.898],[-65.826,58.978],[-65.795,58.981],[-65.703,58.971],[-65.722,59.003],[-65.721,59.024],[-65.695,59.032],[-65.544,59.012],[-65.537,59.022],[-65.282,59.042],[-65.397,59.068],[-65.477,59.086],[-65.482,59.088],[-65.579,59.158],[-65.562,59.155],[-65.549,59.154],[-65.543,59.258],[-65.54,59.301],[-65.307,59.241],[-65.42,59.408],[-65.36,59.478],[-65.35,59.479],[-65.274,59.464],[-65.074,59.378],[-65.038,59.388],[-65.069,59.411],[-65.171,59.462],[-65.263,59.495],[-65.346,59.511],[-65.392,59.532],[-65.485,59.644],[-65.486,59.649],[-65.481,59.69],[-65.433,59.776],[-65.406,59.795],[-65.358,59.809],[-65.289,59.818],[-65.212,59.81],[-65.054,59.753],[-65.028,59.771],[-65.077,59.788],[-65.128,59.89],[-65.15,59.933],[-64.965,60.152],[-64.923,60.201],[-64.915,60.252],[-64.912,60.268],[-64.89,60.287],[-64.845,60.308],[-64.817,60.331],[-64.706,60.336],[-64.614,60.306]]],[[[-67.907,58.273],[-67.911,58.267],[-67.916,58.263],[-67.907,58.273]]],[[[-65.937,58.628],[-65.937,58.628],[-65.937,58.628],[-65.937,58.628]]],[[[-63.557,49.424],[-63.611,49.468],[-63.643,49.485],[-63.676,49.534],[-63.777,49.602],[-63.885,49.658],[-64.44,49.828],[-64.485,49.887],[-64.42,49.909],[-64.153,49.942],[-64.15,49.942],[-63.861,49.871],[-63.551,49.839],[-63.387,49.823],[-62.942,49.725],[-62.759,49.664],[-62.609,49.613],[-62.605,49.612],[-62.303,49.471],[-62.12,49.386],[-62.021,49.368],[-61.983,49.361],[-61.85,49.299],[-61.716,49.172],[-61.696,49.139],[-61.746,49.106],[-61.801,49.094],[-62.219,49.079],[-62.553,49.141],[-62.786,49.169],[-62.818,49.175],[-63.042,49.225],[-63.498,49.377],[-63.557,49.424]]],[[[-73.567,45.469],[-73.644,45.449],[-73.775,45.468],[-73.92,45.442],[-73.96,45.441],[-73.853,45.516],[-73.688,45.561],[-73.522,45.701],[-73.476,45.705],[-73.539,45.546],[-73.551,45.49],[-73.567,45.469]]],[[[-73.695,45.585],[-73.816,45.565],[-73.858,45.574],[-73.725,45.672],[-73.572,45.694],[-73.695,45.585]]]]}},{"type":"Feature","id":"SK","properties":{"id":"SK"},"geometry":{"type":"Polygon","coordinates":[[[-109.999,48.993],[-109.999,49.001],[-109.999,49.338],[-109.999,49.682],[-109.999,50.026],[-109.999,50.37],[-109.999,50.714],[-109.999,51.058],[-109.999,51.402],[-110.0,51.746],[-110.0,52.09],[-110.0,52.434],[-110.0,52.778],[-110.0,53.122],[-110.0,53.466],[-110.0,53.81],[-110.0,54.154],[-110.0,54.498],[-110.0,54.842],[-110.0,55.186],[-110.0,55.53],[-110.0,55.873],[-110.0,56.217],[-110.0,56.561],[-110.0,56.905],[-110.0,57.249],[-110.0,57.593],[-110.0,57.937],[-110.0,58.281],[-110.0,58.625],[-110.0,58.969],[-110.0,59.313],[-110.0,59.657],[-110.0,60.001],[-109.5,60.001],[-109.0,60.001],[-108.5,60.001],[-108.0,60.001],[-107.501,60.001],[-107.001,60.001],[-106.501,60.001],[-106.001,60.001],[-105.501,60.001],[-105.001,60.001],[-104.501,60.001],[-104.001,60.001],[-103.501,60.001],[-103.001,60.001],[-102.502,60.001],[-102.002,60.001],[-102.002,59.74],[-102.002,59.478],[-102.002,59.217],[-102.002,58.955],[-102.002,58.694],[-102.002,58.432],[-102.001,58.171],[-102.001,57.909],[-102.001,57.648],[-102.001,57.386],[-102.001,57.125],[-102.001,56.863],[-102.001,56.602],[-102.001,56.34],[-102.001,56.079],[-102.001,55.817],[-101.961,55.391],[-101.921,54.965],[-101.882,54.538],[-101.842,54.112],[-101.802,53.685],[-101.762,53.259],[-101.723,52.832],[-101.683,52.406],[-101.643,51.979],[-101.603,51.553],[-101.563,51.126],[-101.524,50.7],[-101.484,50.273],[-101.444,49.847],[-101.404,49.421],[-101.368,49.0],[-101.367,48.993],[-101.794,48.993],[-102.22,48.993],[-102.646,48.993],[-103.073,48.993],[-103.499,48.993],[-103.925,48.993],[-104.034,48.993],[-104.352,48.993],[-104.778,48.993],[-105.205,48.993],[-105.631,48.993],[-106.057,48.993],[-106.484,48.993],[-106.91,48.993],[-107.336,48.993],[-107.763,48.993],[-108.189,48.993],[-108.616,48.993],[-109.042,48.993],[-109.468,48.993],[-109.895,48.993],[-109.999,48.993]]]}},{"type":"Feature","id":"YT","properties":{"id":"YT"},"geometry":{"type":"Polygon","coordinates":[[[-123.819,60.001],[-124.771,60.001],[-125.723,60.001],[-126.675,60.001],[-127.626,60.001],[-128.578,60.001],[-129.53,60.001],[-130.482,60.001],[-131.433,60.001],[-132.385,60.001],[-133.337,60.001],[-134.289,60.001],[-135.24,60.001],[-136.192,60.001],[-137.144,60.001],[-138.096,60.001],[-139.056,60.002],[-139.058,60.002],[-139.185,60.084],[-139.137,60.173],[-139.079,60.279],[-139.079,60.343],[-139.079,60.344],[-139.235,60.34],[-139.468,60.334],[-139.676,60.328],[-139.831,60.253],[-139.973,60.183],[-140.197,60.238],[-140.215,60.242],[-140.453,60.3],[-140.521,60.223],[-140.526,60.218],[-140.763,60.259],[-141.002,60.3],[-141.002,60.592],[-141.002,60.885],[-141.002,61.177],[-141.002,61.469],[-141.002,61.761],[-141.002,62.054],[-141.002,62.346],[-141.002,62.638],[-141.002,62.93],[-141.002,63.222],[-141.002,63.514],[-141.002,63.807],[-141.002,64.099],[-141.002,64.391],[-141.002,64.683],[-141.002,64.975],[-141.002,65.268],[-141.002,65.56],[-141.002,65.852],[-141.002,66.144],[-141.002,66.437],[-141.002,66.729],[-141.002,67.021],[-141.002,67.313],[-141.002,67.605],[-141.002,67.898],[-141.002,68.19],[-141.002,68.482],[-141.002,68.774],[-141.002,69.066],[-141.002,69.359],[-141.002,69.646],[-141.0,69.646],[-140.535,69.597],[-140.153,69.578],[-139.388,69.54],[-139.145,69.49],[-139.038,69.45],[-138.806,69.363],[-138.751,69.332],[-138.601,69.248],[-137.88,69.084],[-137.683,69.04],[-136.868,68.886],[-136.733,68.892],[-136.718,68.889],[-136.499,68.897],[-136.444,68.895],[-136.445,68.62],[-136.445,68.329],[-136.445,68.038],[-136.445,67.747],[-136.435,67.702],[-136.401,67.666],[-136.265,67.616],[-136.233,67.6],[-136.208,67.577],[-136.169,67.514],[-136.178,67.45],[-136.178,67.423],[-136.158,67.394],[-136.141,67.375],[-136.129,67.354],[-136.105,67.304],[-136.108,67.288],[-136.15,67.226],[-136.218,67.181],[-136.221,67.163],[-136.224,67.135],[-136.223,67.088],[-136.194,67.036],[-136.169,67.015],[-136.126,67.005],[-135.839,67.005],[-135.552,67.005],[-135.266,67.005],[-134.979,67.005],[-134.692,67.005],[-134.405,67.005],[-134.118,67.005],[-134.056,67.005],[-134.054,66.973],[-134.031,66.944],[-133.924,66.903],[-133.848,66.862],[-133.794,66.819],[-133.783,66.785],[-133.798,66.752],[-133.806,66.733],[-133.799,66.711],[-133.771,66.684],[-133.769,66.669],[-133.764,66.651],[-133.726,66.631],[-133.652,66.586],[-133.635,66.566],[-133.649,66.536],[-133.658,66.509],[-133.652,66.473],[-133.654,66.453],[-133.674,66.446],[-133.706,66.444],[-133.739,66.44],[-133.759,66.416],[-133.79,66.348],[-133.8,66.326],[-133.79,66.304],[-133.76,66.304],[-133.651,66.3],[-133.612,66.295],[-133.583,66.285],[-133.571,66.249],[-133.567,66.208],[-133.569,66.177],[-133.594,66.15],[-133.66,66.111],[-133.677,66.096],[-133.676,66.074],[-133.645,66.049],[-133.624,66.01],[-133.622,65.975],[-133.589,65.963],[-133.5,65.955],[-133.412,65.956],[-133.229,66.006],[-133.042,66.028],[-132.938,66.029],[-132.918,66.018],[-132.917,66.002],[-132.94,65.976],[-132.968,65.934],[-132.948,65.917],[-132.903,65.914],[-132.821,65.928],[-132.766,65.971],[-132.714,65.998],[-132.614,66.029],[-132.577,66.024],[-132.484,65.989],[-132.371,65.994],[-132.343,65.979],[-132.341,65.955],[-132.539,65.886],[-132.555,65.857],[-132.533,65.834],[-132.489,65.82],[-132.378,65.767],[-132.295,65.716],[-132.196,65.628],[-132.195,65.598],[-132.268,65.538],[-132.346,65.443],[-132.542,65.341],[-132.566,65.3],[-132.597,65.28],[-132.763,65.225],[-132.773,65.203],[-132.768,65.185],[-132.752,65.173],[-132.708,65.167],[-132.61,65.181],[-132.579,65.185],[-132.54,65.17],[-132.538,65.109],[-132.516,65.094],[-132.381,65.075],[-132.353,65.057],[-132.354,65.039],[-132.381,65.022],[-132.481,64.97],[-132.497,64.958],[-132.497,64.913],[-132.505,64.884],[-132.584,64.842],[-132.601,64.826],[-132.6,64.808],[-132.588,64.794],[-132.554,64.78],[-132.402,64.778],[-132.321,64.763],[-132.106,64.702],[-132.052,64.684],[-131.893,64.577],[-131.752,64.545],[-131.729,64.534],[-131.716,64.515],[-131.73,64.489],[-131.791,64.426],[-131.803,64.407],[-131.797,64.388],[-131.764,64.381],[-131.586,64.38],[-131.513,64.393],[-131.45,64.416],[-131.399,64.451],[-131.359,64.458],[-131.265,64.447],[-131.107,64.401],[-131.022,64.324],[-131.026,64.298],[-131.012,64.273],[-130.982,64.259],[-130.931,64.219],[-130.913,64.193],[-130.913,64.168],[-130.941,64.14],[-130.93,64.125],[-130.872,64.081],[-130.847,64.049],[-130.792,64.03],[-130.758,63.993],[-130.661,63.95],[-130.513,63.92],[-130.364,63.85],[-130.283,63.823],[-130.14,63.808],[-130.118,63.793],[-130.121,63.773],[-130.145,63.762],[-130.259,63.737],[-130.298,63.721],[-130.303,63.704],[-130.285,63.686],[-130.244,63.678],[-130.142,63.698],[-130.111,63.695],[-130.098,63.679],[-130.082,63.65],[-130.063,63.636],[-129.976,63.616],[-129.946,63.586],[-129.888,63.555],[-129.855,63.522],[-129.845,63.486],[-129.905,63.406],[-129.948,63.376],[-130.102,63.319],[-130.14,63.293],[-130.133,63.277],[-130.06,63.261],[-129.979,63.216],[-129.906,63.187],[-129.87,63.157],[-129.827,63.092],[-129.735,63.07],[-129.63,63.068],[-129.612,63.059],[-129.618,63.037],[-129.714,62.931],[-129.714,62.895],[-129.729,62.865],[-129.719,62.832],[-129.658,62.777],[-129.642,62.756],[-129.636,62.728],[-129.62,62.712],[-129.544,62.688],[-129.525,62.673],[-129.495,62.619],[-129.49,62.599],[-129.449,62.58],[-129.211,62.513],[-129.19,62.49],[-129.2,62.47],[-129.287,62.441],[-129.296,62.425],[-129.294,62.411],[-129.249,62.389],[-129.239,62.373],[-129.291,62.322],[-129.293,62.294],[-129.244,62.236],[-129.233,62.22],[-129.24,62.202],[-129.262,62.184],[-129.269,62.166],[-129.255,62.153],[-129.209,62.136],[-129.136,62.125],[-129.014,62.132],[-128.907,62.119],[-128.88,62.111],[-128.841,62.073],[-128.814,62.064],[-128.776,62.069],[-128.678,62.112],[-128.616,62.122],[-128.561,62.117],[-128.4,62.034],[-128.366,61.991],[-128.258,61.928],[-128.232,61.883],[-128.206,61.865],[-128.094,61.841],[-128.047,61.813],[-128.02,61.78],[-127.994,61.711],[-127.807,61.619],[-127.713,61.588],[-127.656,61.552],[-127.609,61.533],[-127.468,61.511],[-127.299,61.512],[-127.229,61.495],[-127.167,61.465],[-127.116,61.404],[-127.072,61.37],[-127.021,61.237],[-127.015,61.198],[-127.027,61.126],[-127.082,61.094],[-127.097,61.081],[-127.093,61.07],[-127.055,61.051],[-126.964,61.063],[-126.944,61.052],[-126.909,60.95],[-126.918,60.884],[-126.911,60.86],[-126.888,60.833],[-126.89,60.796],[-126.859,60.769],[-126.832,60.764],[-126.767,60.775],[-126.665,60.762],[-126.52,60.8],[-126.351,60.78],[-126.297,60.785],[-126.255,60.794],[-126.235,60.809],[-126.235,60.844],[-126.223,60.856],[-126.162,60.866],[-126.114,60.863],[-126.099,60.829],[-126.064,60.816],[-126.003,60.809],[-125.957,60.865],[-125.932,60.883],[-125.899,60.89],[-125.864,60.89],[-125.707,60.841],[-125.379,60.792],[-125.322,60.792],[-125.23,60.826],[-125.152,60.844],[-124.88,60.86],[-124.859,60.924],[-124.837,60.948],[-124.807,60.961],[-124.616,60.96],[-124.583,60.953],[-124.506,60.822],[-124.505,60.788],[-124.611,60.701],[-124.611,60.682],[-124.6,60.662],[-124.469,60.567],[-124.403,60.494],[-124.249,60.474],[-124.226,60.453],[-124.205,60.353],[-124.185,60.321],[-124.103,60.225],[-123.997,60.127],[-123.992,60.099],[-124.013,60.06],[-124.011,60.046],[-123.994,60.041],[-123.88,60.04],[-123.842,60.02],[-123.819,60.001]]]}},{"type":"Feature","id":"AK","properties":{"id":"AK"},"geometry":{"type":"MultiPolygon","coordinates":[[[[-139.056,60.002],[-139.043,59.993],[-139.042,59.993],[-138.869,59.946],[-138.705,59.901],[-138.672,59.844],[-138.632,59.778],[-138.454,59.683],[-138.318,59.611],[-138.187,59.542],[-138.001,59.443],[-137.871,59.374],[-137.697,59.281],[-137.602,59.231],[-137.593,59.226],[-137.544,59.119],[-137.49,59.004],[-137.484,58.991],[-137.521,58.915],[-137.439,58.903],[-137.278,58.988],[-137.126,59.041],[-137.114,59.045],[-136.939,59.106],[-136.813,59.15],[-136.67,59.151],[-136.579,59.152],[-136.467,59.28],[-136.467,59.288],[-136.466,59.459],[-136.366,59.456],[-136.348,59.456],[-136.278,59.48],[-136.247,59.533],[-136.31,59.594],[-136.322,59.605],[-136.175,59.627],[-136.097,59.638],[-135.935,59.663],[-135.703,59.729],[-135.476,59.793],[-135.368,59.743],[-135.343,59.732],[-135.261,59.695],[-135.222,59.674],[-135.053,59.58],[-135.051,59.579],[-135.051,59.578],[-135.037,59.551],[-135.051,59.496],[-135.071,59.441],[-134.944,59.288],[-134.907,59.271],[-134.802,59.25],[-134.677,59.199],[-134.622,59.155],[-134.536,59.122],[-134.441,59.085],[-134.41,59.056],[-134.405,59.04],[-134.393,59.009],[-134.363,58.969],[-134.33,58.94],[-134.297,58.898],[-134.218,58.85],[-134.069,58.796],[-133.966,58.758],[-133.925,58.743],[-133.821,58.705],[-133.674,58.597],[-133.588,58.534],[-133.546,58.504],[-133.401,58.411],[-133.422,58.337],[-133.275,58.223],[-133.12,58.078],[-133.001,57.949],[-132.93,57.889],[-132.917,57.877],[-132.815,57.773],[-132.811,57.768],[-132.692,57.645],[-132.551,57.5],[-132.515,57.469],[-132.443,57.407],[-132.302,57.276],[-132.232,57.199],[-132.264,57.163],[-132.279,57.145],[-132.338,57.079],[-132.175,57.051],[-132.157,57.048],[-132.031,57.027],[-132.063,56.953],[-132.084,56.904],[-132.104,56.857],[-132.036,56.838],[-131.963,56.819],[-131.866,56.793],[-131.886,56.742],[-131.833,56.685],[-131.83,56.651],[-131.824,56.59],[-131.732,56.593],[-131.652,56.596],[-131.575,56.599],[-131.472,56.557],[-131.391,56.524],[-131.336,56.501],[-131.199,56.449],[-131.083,56.405],[-130.93,56.379],[-130.753,56.343],[-130.742,56.341],[-130.74,56.339],[-130.649,56.264],[-130.477,56.231],[-130.413,56.123],[-130.215,56.083],[-130.098,56.109],[-130.056,56.065],[-130.023,56.014],[-130.014,55.95],[-130.024,55.897],[-130.096,55.823],[-130.153,55.766],[-130.149,55.737],[-130.143,55.678],[-130.146,55.655],[-130.14,55.585],[-130.13,55.554],[-130.096,55.227],[-130.172,55.137],[-130.218,55.06],[-130.217,55.047],[-130.274,54.977],[-130.3,54.956],[-130.568,54.792],[-130.602,54.784],[-130.616,54.791],[-130.85,54.808],[-130.934,54.95],[-130.98,55.061],[-131.01,55.105],[-130.932,55.256],[-130.751,55.297],[-130.748,55.318],[-130.835,55.332],[-130.856,55.355],[-130.874,55.433],[-130.842,55.551],[-130.898,55.671],[-130.919,55.736],[-130.944,55.769],[-130.954,55.791],[-130.97,55.803],[-130.977,55.812],[-131.128,55.96],[-131.14,55.998],[-131.074,56.044],[-131.033,56.088],[-131.288,56.012],[-131.614,55.937],[-131.617,55.94],[-131.739,55.909],[-131.917,55.864],[-131.803,55.791],[-131.799,55.783],[-131.803,55.766],[-131.834,55.735],[-131.869,55.647],[-131.945,55.554],[-131.984,55.535],[-132.119,55.57],[-132.156,55.6],[-132.223,55.721],[-132.207,55.753],[-132.158,55.781],[-132.091,55.839],[-132.006,55.93],[-131.96,55.995],[-131.959,55.996],[-131.957,55.998],[-131.689,56.173],[-131.552,56.207],[-131.844,56.23],[-131.888,56.242],[-131.927,56.273],[-131.962,56.324],[-132.022,56.38],[-132.133,56.4],[-132.182,56.421],[-132.256,56.489],[-132.272,56.499],[-132.332,56.56],[-132.337,56.603],[-132.358,56.626],[-132.431,56.634],[-132.477,56.661],[-132.487,56.766],[-132.639,56.796],[-132.702,56.822],[-132.791,56.887],[-132.835,56.972],[-132.814,57.041],[-132.824,57.056],[-132.913,57.047],[-133.466,57.172],[-133.449,57.264],[-133.426,57.286],[-133.271,57.289],[-133.19,57.325],[-133.461,57.388],[-133.539,57.554],[-133.649,57.642],[-133.627,57.676],[-133.604,57.695],[-133.554,57.695],[-133.343,57.631],[-133.143,57.555],[-133.117,57.566],[-133.436,57.727],[-133.515,57.775],[-133.535,57.833],[-133.537,57.864],[-133.511,57.88],[-133.212,57.866],[-133.194,57.878],[-133.497,57.925],[-133.559,57.924],[-133.626,57.857],[-133.657,57.841],[-133.698,57.843],[-133.785,57.898],[-133.821,57.936],[-133.894,57.993],[-133.951,58.026],[-134.059,58.152],[-134.063,58.211],[-134.045,58.289],[-133.934,58.468],[-133.889,58.499],[-133.877,58.518],[-133.911,58.515],[-133.944,58.498],[-134.036,58.415],[-134.131,58.279],[-134.209,58.233],[-134.258,58.244],[-134.331,58.3],[-134.486,58.367],[-134.664,58.385],[-134.776,58.454],[-134.942,58.646],[-134.965,58.742],[-134.986,58.766],[-135.064,58.793],[-135.156,58.909],[-135.217,59.077],[-135.256,59.132],[-135.3,59.234],[-135.355,59.359],[-135.349,59.41],[-135.364,59.419],[-135.402,59.353],[-135.413,59.318],[-135.484,59.309],[-135.43,59.254],[-135.46,59.207],[-135.502,59.202],[-135.478,59.179],[-135.479,59.177],[-135.37,58.931],[-135.258,58.779],[-135.257,58.778],[-135.207,58.671],[-135.185,58.59],[-135.152,58.512],[-135.112,58.435],[-135.069,58.303],[-135.088,58.266],[-135.098,58.247],[-135.103,58.244],[-135.104,58.242],[-135.141,58.233],[-135.303,58.256],[-135.351,58.29],[-135.477,58.426],[-135.645,58.408],[-135.87,58.394],[-135.897,58.415],[-135.896,58.464],[-135.862,58.577],[-135.89,58.623],[-135.985,58.724],[-136.044,58.808],[-136.043,58.822],[-135.827,58.898],[-135.932,58.904],[-136.017,58.874],[-136.049,58.893],[-136.1,59.0],[-136.134,59.04],[-136.15,59.048],[-136.16,58.947],[-136.124,58.893],[-136.118,58.863],[-136.122,58.834],[-136.135,58.805],[-136.147,58.789],[-136.186,58.77],[-136.226,58.765],[-136.299,58.787],[-136.38,58.827],[-136.451,58.846],[-136.478,58.863],[-136.511,58.907],[-136.566,58.941],[-136.619,58.949],[-136.646,58.963],[-136.939,59.018],[-136.989,59.034],[-137.002,59.021],[-136.983,59.0],[-137.016,58.905],[-137.059,58.874],[-137.038,58.867],[-136.963,58.884],[-136.879,58.882],[-136.74,58.85],[-136.614,58.809],[-136.568,58.786],[-136.549,58.752],[-136.534,58.74],[-136.41,58.701],[-136.404,58.68],[-136.465,58.632],[-136.472,58.629],[-136.518,58.608],[-136.464,58.604],[-136.437,58.613],[-136.417,58.62],[-136.32,58.625],[-136.225,58.602],[-136.126,58.524],[-136.058,58.414],[-136.056,58.384],[-136.081,58.364],[-136.13,58.35],[-136.462,58.328],[-136.541,58.274],[-136.567,58.27],[-136.709,58.27],[-136.865,58.332],[-137.02,58.38],[-137.315,58.491],[-137.544,58.581],[-137.557,58.59],[-137.565,58.626],[-137.597,58.644],[-137.661,58.66],[-137.75,58.707],[-137.864,58.786],[-137.934,58.847],[-137.961,58.891],[-138.027,58.941],[-138.241,59.047],[-138.353,59.087],[-138.451,59.11],[-138.499,59.113],[-138.559,59.13],[-138.521,59.152],[-138.515,59.166],[-138.704,59.188],[-138.884,59.237],[-139.341,59.376],[-139.577,59.462],[-139.715,59.504],[-139.773,59.527],[-139.799,59.546],[-139.787,59.554],[-139.733,59.561],[-139.644,59.572],[-139.496,59.694],[-139.495,59.96],[-139.483,59.964],[-139.447,59.957],[-139.331,59.877],[-139.315,59.848],[-139.32,59.739],[-139.287,59.611],[-139.276,59.62],[-139.266,59.663],[-139.259,59.743],[-139.246,59.782],[-139.221,59.82],[-139.179,59.84],[-139.048,59.828],[-138.988,59.835],[-139.243,59.893],[-139.402,60.001],[-139.432,60.012],[-139.519,60.017],[-139.525,60.014],[-139.56,60.042],[-139.663,59.944],[-139.667,59.941],[-139.85,59.831],[-139.917,59.806],[-140.217,59.727],[-140.42,59.711],[-140.648,59.723],[-140.843,59.749],[-141.332,59.874],[-141.408,59.903],[-141.362,59.934],[-141.286,59.94],[-141.271,59.985],[-141.233,60.101],[-141.304,60.116],[-141.513,60.162],[-141.518,60.123],[-141.759,59.983],[-142.104,60.033],[-142.548,60.086],[-142.668,60.089],[-142.699,60.093],[-142.728,60.091],[-142.946,60.097],[-143.506,60.055],[-143.805,60.013],[-143.968,60.009],[-144.019,60.011],[-144.085,60.014],[-144.126,60.015],[-144.155,60.033],[-144.161,60.046],[-144.084,60.063],[-144.089,60.084],[-144.185,60.151],[-144.333,60.191],[-144.53,60.205],[-144.643,60.225],[-144.672,60.249],[-144.742,60.273],[-144.852,60.295],[-144.887,60.323],[-144.807,60.462],[-144.866,60.447],[-144.863,60.459],[-144.824,60.534],[-144.787,60.585],[-144.691,60.669],[-144.724,60.663],[-144.863,60.601],[-144.984,60.537],[-145.096,60.454],[-145.163,60.415],[-145.248,60.38],[-145.382,60.389],[-145.563,60.441],[-145.719,60.468],[-145.743,60.468],[-145.748,60.477],[-145.78,60.537],[-145.648,60.64],[-145.652,60.645],[-145.663,60.66],[-145.926,60.7],[-145.986,60.699],[-146.166,60.693],[-146.167,60.716],[-146.182,60.735],[-146.251,60.749],[-146.347,60.738],[-146.458,60.711],[-146.47,60.722],[-146.504,60.755],[-146.495,60.757],[-146.392,60.811],[-146.532,60.839],[-146.603,60.871],[-146.638,60.897],[-146.636,60.992],[-146.599,61.054],[-146.285,61.113],[-146.384,61.136],[-146.583,61.128],[-146.716,61.078],[-146.76,61.057],[-147.097,61.002],[-147.106,61.002],[-147.195,60.997],[-147.255,60.978],[-147.258,60.975],[-147.281,60.971],[-147.414,61.001],[-147.506,60.967],[-147.523,60.97],[-147.567,60.995],[-147.593,60.979],[-147.623,60.933],[-147.651,60.913],[-147.663,60.908],[-147.808,60.885],[-147.891,60.89],[-147.991,60.948],[-148.005,60.969],[-147.971,61.019],[-147.856,61.124],[-147.753,61.187],[-147.62,61.229],[-147.696,61.26],[-147.731,61.274],[-148.083,61.082],[-148.158,61.08],[-148.209,61.088],[-148.27,61.082],[-148.342,61.06],[-148.389,61.037],[-148.411,61.011],[-148.396,61.007],[-148.287,61.036],[-148.226,61.044],[-148.209,61.03],[-148.293,60.94],[-148.344,60.854],[-148.393,60.832],[-148.471,60.835],[-148.556,60.827],[-148.557,60.803],[-148.547,60.799],[-148.676,60.777],[-148.62,60.746],[-148.582,60.725],[-148.534,60.726],[-148.374,60.729],[-148.371,60.729],[-148.341,60.724],[-148.268,60.7],[-148.257,60.675],[-148.284,60.609],[-148.305,60.583],[-148.338,60.57],[-148.468,60.572],[-148.51,60.565],[-148.597,60.524],[-148.64,60.489],[-148.624,60.486],[-148.549,60.515],[-148.44,60.53],[-148.435,60.53],[-148.382,60.51],[-148.307,60.483],[-148.241,60.489],[-148.179,60.551],[-148.119,60.575],[-148.056,60.568],[-147.971,60.484],[-147.974,60.472],[-147.991,60.452],[-148.046,60.428],[-148.129,60.414],[-148.182,60.393],[-148.204,60.365],[-148.216,60.323],[-148.216,60.315],[-148.364,60.253],[-148.431,60.189],[-148.249,60.193],[-148.203,60.194],[-148.198,60.168],[-148.214,60.154],[-148.245,60.147],[-148.292,60.145],[-148.333,60.122],[-148.431,59.989],[-148.465,59.975],[-148.506,59.989],[-148.542,59.987],[-148.574,59.97],[-148.644,59.957],[-148.751,59.948],[-148.843,59.951],[-149.004,59.98],[-149.07,60.0],[-149.122,60.033],[-149.267,59.998],[-149.305,60.014],[-149.395,60.106],[-149.415,60.1],[-149.428,60.027],[-149.437,60.029],[-149.567,59.895],[-149.609,59.884],[-149.64,59.876],[-149.658,59.908],[-149.68,59.945],[-149.702,59.948],[-149.735,59.952],[-149.737,59.946],[-149.754,59.888],[-149.795,59.856],[-149.804,59.833],[-149.798,59.812],[-149.876,59.758],[-149.965,59.782],[-150.005,59.784],[-150.016,59.777],[-149.96,59.713],[-149.965,59.696],[-150.0,59.672],[-150.198,59.566],[-150.259,59.571],[-150.296,59.583],[-150.338,59.581],[-150.485,59.535],[-150.526,59.537],[-150.581,59.565],[-150.607,59.563],[-150.621,59.535],[-150.623,59.48],[-150.669,59.435],[-150.741,59.416],[-151.04,59.27],[-151.064,59.278],[-151.183,59.301],[-151.199,59.29],[-151.163,59.257],[-151.168,59.243],[-151.268,59.245],[-151.386,59.247],[-151.407,59.24],[-151.477,59.231],[-151.619,59.187],[-151.738,59.188],[-151.904,59.26],[-151.949,59.265],[-151.964,59.285],[-151.932,59.343],[-151.913,59.36],[-151.906,59.361],[-151.895,59.36],[-151.884,59.36],[-151.578,59.475],[-151.513,59.483],[-151.399,59.516],[-151.262,59.586],[-151.19,59.638],[-151.172,59.654],[-150.927,59.793],[-151.066,59.784],[-151.089,59.789],[-151.404,59.662],[-151.45,59.65],[-151.512,59.651],[-151.764,59.7],[-151.817,59.721],[-151.853,59.782],[-151.821,59.847],[-151.718,60.002],[-151.612,60.092],[-151.452,60.203],[-151.396,60.274],[-151.313,60.466],[-151.314,60.483],[-151.27,60.539],[-151.195,60.734],[-151.176,60.781],[-151.165,60.785],[-150.954,60.841],[-150.824,60.896],[-150.433,61.023],[-150.43,61.023],[-150.305,60.998],[-150.282,60.985],[-150.203,60.955],[-150.113,60.933],[-149.998,60.935],[-149.994,60.936],[-149.923,60.921],[-149.65,60.91],[-149.307,60.896],[-149.302,60.901],[-149.173,60.88],[-149.075,60.876],[-149.071,60.886],[-149.142,60.936],[-149.394,60.959],[-149.566,60.988],[-149.593,60.994],[-149.968,61.122],[-150.02,61.152],[-149.995,61.194],[-149.992,61.2],[-149.991,61.2],[-149.927,61.213],[-149.895,61.232],[-149.882,61.264],[-149.874,61.27],[-149.78,61.327],[-149.422,61.454],[-149.45,61.461],[-149.329,61.497],[-149.433,61.501],[-149.577,61.49],[-149.6,61.495],[-149.621,61.486],[-149.625,61.486],[-149.695,61.471],[-149.824,61.413],[-149.839,61.401],[-149.867,61.39],[-149.879,61.367],[-149.945,61.294],[-149.976,61.279],[-150.109,61.268],[-150.472,61.26],[-150.533,61.3],[-150.567,61.307],[-150.612,61.301],[-150.869,61.222],[-150.934,61.207],[-151.48,61.012],[-151.489,61.007],[-151.593,60.98],[-151.734,60.911],[-151.782,60.858],[-151.784,60.833],[-151.777,60.817],[-151.944,60.706],[-151.952,60.7],[-151.996,60.682],[-152.271,60.528],[-152.307,60.472],[-152.305,60.453],[-152.277,60.426],[-152.294,60.412],[-152.717,60.237],[-152.727,60.237],[-152.798,60.247],[-152.923,60.293],[-153.025,60.296],[-153.031,60.289],[-152.893,60.24],[-152.752,60.177],[-152.74,60.17],[-152.856,59.898],[-152.857,59.898],[-153.106,59.875],[-153.186,59.857],[-153.211,59.843],[-153.04,59.81],[-153.025,59.794],[-153.048,59.73],[-153.094,59.709],[-153.236,59.671],[-153.364,59.66],[-153.378,59.68],[-153.36,59.718],[-153.366,59.73],[-153.414,59.74],[-153.483,59.721],[-153.653,59.647],[-153.671,59.635],[-153.609,59.615],[-153.622,59.598],[-153.714,59.545],[-153.753,59.51],[-153.766,59.502],[-154.133,59.373],[-154.242,59.121],[-154.186,59.043],[-154.161,59.024],[-154.158,59.022],[-154.132,59.028],[-153.949,59.067],[-153.818,59.064],[-153.765,59.063],[-153.656,59.039],[-153.418,58.96],[-153.389,58.941],[-153.33,58.891],[-153.327,58.884],[-153.334,58.858],[-153.363,58.822],[-153.438,58.755],[-153.617,58.655],[-153.699,58.626],[-153.821,58.604],[-153.862,58.588],[-154.02,58.493],[-154.057,58.448],[-154.174,58.339],[-154.289,58.304],[-154.282,58.293],[-154.227,58.29],[-154.381,58.147],[-154.409,58.147],[-154.442,58.141],[-154.457,58.147],[-154.509,58.129],[-154.571,58.118],[-154.582,58.11],[-154.582,58.104],[-154.779,58.037],[-155.007,58.016],[-155.099,57.913],[-155.147,57.882],[-155.313,57.807],[-155.414,57.777],[-155.53,57.759],[-155.59,57.734],[-155.596,57.701],[-155.629,57.673],[-155.729,57.627],[-155.741,57.612],[-155.869,57.555],[-156.0,57.545],[-156.037,57.527],[-156.041,57.509],[-156.21,57.468],[-156.307,57.42],[-156.334,57.407],[-156.436,57.36],[-156.448,57.35],[-156.488,57.331],[-156.478,57.326],[-156.474,57.311],[-156.444,57.294],[-156.398,57.241],[-156.401,57.205],[-156.475,57.105],[-156.501,57.09],[-156.592,57.065],[-156.626,57.014],[-156.666,57.013],[-156.713,57.016],[-156.754,57.01],[-156.767,57.009],[-156.772,57.007],[-156.78,57.006],[-156.785,57.002],[-156.813,56.99],[-156.884,56.96],[-157.099,56.912],[-157.363,56.853],[-157.427,56.858],[-157.437,56.859],[-157.51,56.765],[-157.717,56.642],[-157.771,56.652],[-157.869,56.645],[-158.028,56.592],[-158.078,56.552],[-157.978,56.543],[-157.929,56.532],[-157.93,56.521],[-157.982,56.51],[-158.071,56.51],[-158.124,56.501],[-158.172,56.484],[-158.285,56.48],[-158.295,56.462],[-158.352,56.454],[-158.414,56.436],[-158.537,56.335],[-158.552,56.313],[-158.536,56.308],[-158.467,56.318],[-158.386,56.302],[-158.371,56.294],[-158.317,56.228],[-158.287,56.19],[-158.432,56.111],[-158.443,56.102],[-158.477,56.185],[-158.622,56.202],[-158.636,56.142],[-158.705,56.043],[-158.79,55.987],[-159.099,55.917],[-159.338,55.879],[-159.455,55.893],[-159.497,55.873],[-159.53,55.858],[-159.653,55.664],[-159.668,55.641],[-159.67,55.645],[-159.67,55.649],[-159.606,55.81],[-159.686,55.827],[-159.743,55.844],[-159.758,55.842],[-159.821,55.856],[-159.956,55.794],[-159.962,55.795],[-160.046,55.763],[-160.205,55.681],[-160.253,55.659],[-160.373,55.635],[-160.407,55.614],[-160.45,55.571],[-160.568,55.539],[-160.625,55.552],[-160.683,55.541],[-160.727,55.5],[-160.768,55.485],[-160.771,55.484],[-160.897,55.514],[-160.952,55.493],[-161.024,55.441],[-161.1,55.406],[-161.178,55.389],[-161.382,55.371],[-161.464,55.382],[-161.481,55.398],[-161.477,55.465],[-161.45,55.504],[-161.439,55.517],[-161.413,55.536],[-161.373,55.556],[-161.313,55.559],[-161.202,55.544],[-161.215,55.56],[-161.255,55.579],[-161.357,55.612],[-161.383,55.616],[-161.445,55.631],[-161.455,55.634],[-161.484,55.631],[-161.587,55.62],[-161.64,55.571],[-161.654,55.563],[-161.682,55.532],[-161.69,55.525],[-161.692,55.505],[-161.72,55.421],[-161.742,55.391],[-161.98,55.199],[-162.074,55.139],[-162.167,55.144],[-162.212,55.121],[-162.275,55.073],[-162.306,55.061],[-162.425,55.103],[-162.413,55.107],[-162.427,55.145],[-162.495,55.209],[-162.542,55.243],[-162.63,55.247],[-162.644,55.218],[-162.636,55.177],[-162.687,55.195],[-162.64,55.157],[-162.63,55.149],[-162.614,55.071],[-162.619,55.038],[-162.674,54.997],[-162.82,54.95],[-162.865,54.955],[-162.996,55.046],[-163.12,55.065],[-163.128,55.035],[-163.1,54.974],[-163.131,54.916],[-163.209,54.87],[-163.29,54.838],[-163.335,54.839],[-163.338,54.876],[-163.296,54.949],[-163.286,55.01],[-163.306,55.059],[-163.304,55.09],[-163.301,55.098],[-163.293,55.107],[-163.201,55.136],[-163.022,55.193],[-163.008,55.187],[-162.962,55.184],[-162.906,55.196],[-162.872,55.219],[-162.861,55.244],[-162.857,55.245],[-162.629,55.365],[-162.616,55.38],[-162.513,55.45],[-162.349,55.595],[-162.157,55.72],[-161.937,55.824],[-161.697,55.907],[-161.628,55.924],[-161.376,55.967],[-161.275,55.985],[-161.22,55.98],[-161.223,55.977],[-161.193,55.954],[-161.145,55.951],[-161.025,55.964],[-160.904,55.954],[-160.97,55.922],[-161.009,55.912],[-161.007,55.905],[-161.024,55.897],[-160.845,55.761],[-160.758,55.729],[-160.67,55.697],[-160.47,55.828],[-160.437,55.817],[-160.347,55.8],[-160.292,55.805],[-160.27,55.832],[-160.308,55.865],[-160.48,55.935],[-160.528,55.965],[-160.539,56.006],[-160.515,56.059],[-160.464,56.133],[-160.455,56.145],[-160.377,56.242],[-160.317,56.3],[-160.097,56.406],[-159.868,56.517],[-159.576,56.615],[-159.283,56.689],[-159.212,56.736],[-159.076,56.781],[-158.933,56.828],[-158.911,56.838],[-158.895,56.816],[-158.782,56.796],[-158.709,56.789],[-158.675,56.795],[-158.666,56.828],[-158.681,56.888],[-158.685,56.944],[-158.684,56.948],[-158.234,57.317],[-158.231,57.319],[-157.719,57.544],[-157.697,57.539],[-157.674,57.514],[-157.645,57.498],[-157.535,57.483],[-157.462,57.506],[-157.474,57.518],[-157.533,57.526],[-157.572,57.541],[-157.608,57.601],[-157.677,57.636],[-157.677,57.68],[-157.677,57.76],[-157.676,57.763],[-157.621,57.895],[-157.613,58.02],[-157.613,58.021],[-157.596,58.074],[-157.555,58.14],[-157.443,58.172],[-157.194,58.194],[-157.339,58.235],[-157.393,58.235],[-157.488,58.254],[-157.513,58.319],[-157.481,58.383],[-157.413,58.52],[-157.272,58.603],[-157.167,58.664],[-156.975,58.736],[-157.009,58.744],[-157.038,58.77],[-157.009,58.825],[-156.923,58.964],[-156.809,59.134],[-156.963,58.989],[-156.995,58.969],[-157.015,58.968],[-157.22,58.858],[-157.666,58.749],[-157.846,58.694],[-158.132,58.623],[-158.181,58.616],[-158.311,58.652],[-158.39,58.746],[-158.439,58.783],[-158.503,58.85],[-158.476,58.938],[-158.426,58.999],[-158.315,59.009],[-158.189,58.98],[-158.081,58.977],[-158.221,59.038],[-158.423,59.09],[-158.514,59.073],[-158.584,58.988],[-158.678,58.929],[-158.761,58.95],[-158.809,58.974],[-158.775,58.903],[-158.838,58.794],[-158.861,58.719],[-158.845,58.683],[-158.834,58.636],[-158.814,58.614],[-158.772,58.52],[-158.789,58.441],[-158.951,58.405],[-159.083,58.47],[-159.358,58.721],[-159.359,58.722],[-159.409,58.772],[-159.623,58.934],[-159.739,58.921],[-159.756,58.885],[-159.832,58.836],[-159.92,58.82],[-160.122,58.895],[-160.207,58.939],[-160.261,58.972],[-160.363,59.051],[-160.512,59.01],[-160.518,59.01],[-160.93,58.876],[-160.996,58.855],[-161.216,58.801],[-161.247,58.799],[-161.288,58.761],[-161.328,58.744],[-161.35,58.695],[-161.376,58.677],[-161.437,58.659],[-161.756,58.612],[-161.989,58.631],[-161.853,58.673],[-161.794,58.754],[-161.724,58.794],[-161.78,58.897],[-161.79,58.95],[-161.789,59.016],[-161.644,59.11],[-161.794,59.109],[-161.885,59.078],[-161.935,59.115],[-161.981,59.148],[-161.983,59.151],[-162.023,59.284],[-161.92,59.365],[-161.893,59.401],[-161.821,59.434],[-161.751,59.468],[-161.75,59.542],[-161.908,59.713],[-161.909,59.714],[-162.138,59.98],[-162.243,60.178],[-162.421,60.284],[-162.288,60.457],[-162.139,60.614],[-161.947,60.685],[-161.962,60.695],[-162.068,60.695],[-162.138,60.686],[-162.2,60.634],[-162.265,60.595],[-162.469,60.395],[-162.6,60.297],[-162.685,60.269],[-162.548,60.231],[-162.527,60.199],[-162.5,60.127],[-162.536,60.038],[-162.546,60.024],[-162.602,59.99],[-162.733,59.994],[-162.878,59.923],[-163.219,59.846],[-163.68,59.801],[-163.788,59.804],[-163.945,59.821],[-164.143,59.897],[-164.141,59.949],[-164.132,59.994],[-164.452,60.141],[-164.481,60.157],[-164.662,60.304],[-164.753,60.306],[-165.044,60.405],[-165.061,60.412],[-165.049,60.464],[-165.027,60.501],[-165.113,60.526],[-165.225,60.524],[-165.273,60.53],[-165.319,60.562],[-165.212,60.625],[-165.037,60.686],[-164.928,60.781],[-164.868,60.833],[-164.893,60.874],[-164.805,60.892],[-164.682,60.872],[-164.513,60.819],[-164.37,60.796],[-164.318,60.771],[-164.266,60.725],[-164.321,60.647],[-164.372,60.592],[-164.31,60.607],[-164.132,60.691],[-163.999,60.766],[-163.936,60.758],[-163.895,60.745],[-163.821,60.668],[-163.73,60.59],[-163.529,60.665],[-163.421,60.757],[-163.512,60.798],[-163.623,60.822],[-163.907,60.854],[-163.837,60.88],[-163.655,60.877],[-163.587,60.903],[-163.659,60.938],[-163.749,60.97],[-163.995,60.865],[-164.442,60.87],[-164.754,60.931],[-164.924,60.925],[-164.996,61.045],[-164.876,61.087],[-164.869,61.112],[-164.941,61.115],[-165.077,61.094],[-165.138,61.13],[-165.128,61.192],[-165.15,61.187],[-165.204,61.153],[-165.265,61.166],[-165.3,61.181],[-165.302,61.179],[-165.345,61.198],[-165.311,61.228],[-165.244,61.269],[-165.274,61.275],[-165.334,61.266],[-165.392,61.212],[-165.379,61.169],[-165.381,61.114],[-165.495,61.157],[-165.634,61.21],[-165.654,61.22],[-165.691,61.3],[-165.864,61.336],[-165.906,61.404],[-165.797,61.491],[-165.845,61.536],[-165.961,61.551],[-166.055,61.52],[-166.067,61.532],[-166.025,61.63],[-166.013,61.656],[-165.835,61.679],[-165.809,61.696],[-165.973,61.737],[-165.902,61.836],[-165.834,61.837],[-165.613,61.869],[-165.706,61.927],[-165.725,61.959],[-165.744,62.012],[-165.707,62.1],[-165.539,62.233],[-165.48,62.273],[-165.192,62.475],[-165.165,62.488],[-165.091,62.517],[-165.0,62.534],[-164.892,62.518],[-164.779,62.481],[-164.758,62.497],[-164.796,62.512],[-164.844,62.58],[-164.79,62.588],[-164.791,62.59],[-164.688,62.608],[-164.596,62.687],[-164.589,62.709],[-164.689,62.677],[-164.793,62.623],[-164.809,62.657],[-164.836,62.758],[-164.845,62.799],[-164.841,62.812],[-164.8,62.918],[-164.796,62.924],[-164.694,63.011],[-164.677,63.021],[-164.665,63.022],[-164.605,63.026],[-164.534,63.031],[-164.534,63.032],[-164.428,63.04],[-164.384,63.031],[-164.375,63.054],[-164.525,63.128],[-164.463,63.185],[-164.409,63.215],[-164.388,63.218],[-164.067,63.258],[-164.007,63.253],[-163.748,63.196],[-163.736,63.193],[-163.616,63.125],[-163.634,63.09],[-163.664,63.07],[-163.726,63.048],[-163.749,63.03],[-163.738,63.016],[-163.65,63.057],[-163.508,63.105],[-163.469,63.089],[-163.332,63.033],[-163.098,63.051],[-162.97,63.103],[-162.663,63.227],[-162.433,63.39],[-162.335,63.459],[-162.143,63.454],[-161.9,63.447],[-161.509,63.466],[-161.269,63.477],[-161.15,63.501],[-160.928,63.641],[-160.769,63.769],[-160.768,63.823],[-160.768,63.835],[-160.955,64.213],[-160.978,64.227],[-160.988,64.251],[-161.22,64.397],[-161.24,64.402],[-161.255,64.502],[-161.019,64.5],[-160.947,64.537],[-160.792,64.619],[-160.783,64.718],[-160.869,64.783],[-160.918,64.821],[-160.979,64.847],[-161.063,64.904],[-161.13,64.925],[-161.187,64.924],[-161.244,64.898],[-161.647,64.795],[-161.76,64.816],[-161.868,64.743],[-162.172,64.678],[-162.335,64.613],[-162.617,64.461],[-162.856,64.475],[-162.877,64.516],[-163.204,64.652],[-163.303,64.606],[-163.248,64.563],[-163.174,64.533],[-163.052,64.52],[-163.09,64.49],[-163.351,64.506],[-163.371,64.511],[-163.486,64.55],[-163.713,64.588],[-164.304,64.584],[-164.692,64.507],[-164.727,64.523],[-164.765,64.53],[-164.83,64.511],[-164.857,64.48],[-164.899,64.461],[-164.946,64.457],[-164.993,64.455],[-165.138,64.465],[-165.446,64.513],[-166.143,64.583],[-166.204,64.597],[-166.276,64.66],[-166.439,64.805],[-166.445,64.812],[-166.409,64.827],[-166.415,64.927],[-166.551,64.953],[-166.598,64.977],[-166.718,65.109],[-166.548,65.12],[-166.472,65.179],[-166.368,65.26],[-166.28,65.274],[-166.122,65.261],[-166.157,65.286],[-166.197,65.306],[-166.609,65.353],[-166.665,65.338],[-167.373,65.419],[-167.516,65.451],[-167.544,65.457],[-167.987,65.568],[-168.035,65.596],[-168.087,65.656],[-167.929,65.735],[-167.927,65.714],[-167.914,65.681],[-167.58,65.758],[-167.405,65.859],[-167.074,65.877],[-166.997,65.905],[-166.895,65.959],[-166.748,66.052],[-166.54,66.101],[-166.399,66.144],[-166.215,66.17],[-166.058,66.127],[-166.009,66.121],[-165.724,66.112],[-165.63,66.131],[-165.59,66.145],[-165.56,66.167],[-165.84,66.245],[-165.812,66.288],[-165.776,66.319],[-165.558,66.38],[-165.387,66.417],[-165.198,66.44],[-165.064,66.438],[-164.77,66.526],[-164.401,66.581],[-163.86,66.593],[-163.775,66.582],[-163.816,66.584],[-163.894,66.576],[-163.838,66.562],[-163.776,66.531],[-163.794,66.493],[-163.903,66.378],[-163.895,66.298],[-163.904,66.283],[-163.965,66.257],[-164.034,66.216],[-163.958,66.186],[-163.967,66.172],[-163.619,66.058],[-162.781,66.074],[-162.722,66.06],[-162.587,66.051],[-162.439,66.059],[-161.887,66.027],[-161.785,66.061],[-161.778,66.064],[-161.492,66.261],[-161.092,66.197],[-161.023,66.187],[-161.002,66.218],[-160.992,66.233],[-161.004,66.242],[-161.069,66.293],[-161.069,66.295],[-161.12,66.334],[-161.363,66.376],[-161.868,66.474],[-161.891,66.484],[-161.888,66.493],[-162.191,66.693],[-162.318,66.734],[-162.45,66.735],[-162.483,66.75],[-162.544,66.805],[-162.593,66.875],[-162.575,66.904],[-162.571,66.905],[-162.503,66.914],[-162.345,66.935],[-162.154,66.823],[-162.131,66.801],[-162.127,66.801],[-162.068,66.707],[-162.069,66.655],[-162.069,66.646],[-161.925,66.555],[-161.907,66.544],[-161.579,66.44],[-161.322,66.482],[-161.297,66.496],[-161.156,66.495],[-161.048,66.474],[-160.785,66.384],[-160.651,66.373],[-160.232,66.42],[-160.227,66.509],[-160.263,66.572],[-160.361,66.612],[-160.644,66.605],[-160.864,66.671],[-161.051,66.653],[-161.398,66.552],[-161.572,66.592],[-161.681,66.645],[-161.814,66.687],[-161.858,66.706],[-161.868,66.751],[-161.832,66.817],[-161.721,66.928],[-161.704,66.937],[-161.486,66.941],[-161.516,66.984],[-161.641,67.01],[-161.823,67.049],[-161.894,67.041],[-161.965,67.05],[-162.392,67.02],[-162.411,67.06],[-162.409,67.104],[-162.583,67.019],[-162.761,67.037],[-162.907,67.031],[-163.246,67.062],[-163.532,67.102],[-163.72,67.196],[-163.757,67.23],[-163.761,67.254],[-163.864,67.406],[-163.94,67.474],[-163.943,67.478],[-163.95,67.483],[-164.033,67.557],[-164.121,67.604],[-164.125,67.607],[-164.129,67.608],[-164.154,67.621],[-164.216,67.638],[-165.386,68.046],[-165.575,68.082],[-166.046,68.196],[-166.055,68.198],[-166.236,68.278],[-166.409,68.308],[-166.554,68.319],[-166.632,68.338],[-166.574,68.357],[-166.546,68.367],[-166.447,68.39],[-166.392,68.419],[-166.372,68.426],[-166.341,68.486],[-166.283,68.573],[-166.204,68.748],[-166.191,68.773],[-165.882,68.863],[-165.631,68.86],[-165.378,68.856],[-164.239,68.932],[-164.137,68.953],[-163.973,68.986],[-163.655,69.096],[-163.558,69.129],[-163.19,69.357],[-163.172,69.385],[-163.161,69.388],[-163.131,69.454],[-163.094,69.611],[-162.952,69.758],[-162.35,70.094],[-162.071,70.227],[-161.978,70.288],[-161.917,70.315],[-161.874,70.328],[-161.812,70.29],[-161.78,70.277],[-161.761,70.258],[-161.819,70.248],[-161.912,70.205],[-162.042,70.177],[-162.074,70.162],[-161.997,70.165],[-161.768,70.196],[-161.639,70.235],[-160.996,70.305],[-160.648,70.421],[-160.645,70.426],[-160.325,70.52],[-160.22,70.562],[-160.117,70.591],[-160.046,70.586],[-159.963,70.568],[-160.106,70.473],[-160.006,70.448],[-160.095,70.333],[-159.908,70.332],[-159.866,70.279],[-159.855,70.324],[-159.858,70.389],[-159.842,70.453],[-159.815,70.497],[-159.683,70.477],[-159.387,70.525],[-159.746,70.53],[-159.962,70.634],[-160.043,70.635],[-159.651,70.794],[-159.646,70.796],[-159.448,70.829],[-159.214,70.869],[-159.192,70.86],[-159.187,70.845],[-159.21,70.839],[-159.345,70.805],[-159.346,70.781],[-159.334,70.775],[-159.33,70.773],[-159.304,70.752],[-159.251,70.748],[-159.156,70.761],[-159.126,70.762],[-158.992,70.765],[-158.032,70.845],[-157.999,70.845],[-157.968,70.85],[-157.841,70.861],[-157.421,70.977],[-157.16,71.109],[-156.809,71.287],[-156.569,71.353],[-156.556,71.348],[-156.567,71.341],[-156.47,71.292],[-156.372,71.276],[-156.329,71.259],[-156.029,71.202],[-155.631,71.169],[-155.579,71.121],[-155.634,71.062],[-155.804,70.995],[-156.147,70.928],[-156.042,70.902],[-155.974,70.842],[-155.883,70.835],[-155.841,70.829],[-155.501,70.856],[-155.151,71.098],[-154.944,71.083],[-154.818,71.048],[-154.674,70.987],[-154.726,70.928],[-154.785,70.894],[-154.599,70.848],[-154.502,70.844],[-154.493,70.825],[-154.182,70.768],[-154.004,70.817],[-153.977,70.838],[-153.95,70.858],[-153.639,70.883],[-153.047,70.909],[-152.785,70.876],[-152.772,70.878],[-152.317,70.778],[-152.437,70.733],[-152.47,70.654],[-152.399,70.621],[-152.354,70.618],[-152.36,70.599],[-152.254,70.571],[-152.253,70.568],[-152.234,70.565],[-152.003,70.505],[-151.894,70.476],[-151.945,70.452],[-151.773,70.444],[-151.73,70.433],[-151.296,70.413],[-151.085,70.403],[-150.415,70.448],[-150.403,70.444],[-150.274,70.434],[-150.152,70.444],[-150.021,70.474],[-149.516,70.508],[-149.411,70.491],[-149.375,70.494],[-149.036,70.451],[-148.877,70.431],[-148.845,70.425],[-148.821,70.424],[-148.673,70.405],[-148.658,70.402],[-148.479,70.318],[-148.371,70.315],[-148.319,70.333],[-147.856,70.238],[-147.729,70.224],[-147.705,70.217],[-147.606,70.21],[-147.219,70.167],[-146.732,70.172],[-146.286,70.176],[-145.76,70.126],[-145.397,70.031],[-144.976,69.968],[-144.688,69.966],[-144.397,70.025],[-144.303,70.044],[-144.064,70.054],[-143.747,70.102],[-143.567,70.101],[-143.357,70.09],[-143.276,70.095],[-143.218,70.116],[-142.777,70.045],[-142.684,70.026],[-142.422,69.939],[-142.297,69.87],[-141.718,69.773],[-141.67,69.761],[-141.526,69.715],[-141.408,69.653],[-141.338,69.647],[-141.29,69.665],[-141.126,69.661],[-141.002,69.646],[-141.002,69.359],[-141.002,69.066],[-141.002,68.774],[-141.002,68.482],[-141.002,68.19],[-141.002,67.898],[-141.002,67.605],[-141.002,67.313],[-141.002,67.021],[-141.002,66.729],[-141.002,66.437],[-141.002,66.144],[-141.002,65.852],[-141.002,65.56],[-141.002,65.268],[-141.002,64.975],[-141.002,64.683],[-141.002,64.391],[-141.002,64.099],[-141.002,63.807],[-141.002,63.514],[-141.002,63.222],[-141.002,62.93],[-141.002,62.638],[-141.002,62.346],[-141.002,62.054],[-141.002,61.761],[-141.002,61.469],[-141.002,61.177],[-141.002,60.885],[-141.002,60.592],[-141.002,60.3],[-140.763,60.259],[-140.526,60.218],[-140.521,60.223],[-140.453,60.3],[-140.215,60.242],[-140.197,60.238],[-139.973,60.183],[-139.831,60.253],[-139.676,60.328],[-139.468,60.334],[-139.235,60.34],[-139.079,60.344],[-139.079,60.343],[-139.079,60.279],[-139.137,60.173],[-139.185,60.084],[-139.058,60.002],[-139.056,60.002]]],[[[-130.104,55.495],[-130.059,55.412],[-130.039,55.344],[-130.037,55.298],[-130.088,55.236],[-130.104,55.495]]],[[[-165.895,66.306],[-165.828,66.32],[-165.83,66.317],[-165.942,66.278],[-166.11,66.227],[-166.149,66.222],[-166.147,66.235],[-165.895,66.306]]],[[[-170.948,63.572],[-170.946,63.572],[-170.524,63.686],[-170.343,63.687],[-170.299,63.681],[-170.191,63.647],[-170.153,63.632],[-170.122,63.617],[-170.082,63.577],[-170.056,63.527],[-170.017,63.492],[-169.896,63.47],[-169.816,63.437],[-169.619,63.392],[-169.559,63.378],[-169.555,63.373],[-169.428,63.348],[-169.349,63.354],[-169.071,63.339],[-169.0,63.235],[-169.001,63.179],[-169.109,63.185],[-169.365,63.171],[-169.471,63.121],[-169.559,63.058],[-169.741,63.028],[-169.778,63.094],[-169.818,63.122],[-169.863,63.14],[-169.988,63.173],[-170.115,63.194],[-170.159,63.195],[-170.244,63.233],[-170.273,63.284],[-170.324,63.311],[-170.424,63.349],[-170.527,63.379],[-170.848,63.444],[-170.954,63.453],[-171.061,63.446],[-171.176,63.416],[-171.287,63.372],[-171.401,63.339],[-171.519,63.332],[-171.632,63.351],[-171.738,63.394],[-171.791,63.425],[-171.819,63.477],[-171.818,63.53],[-171.804,63.581],[-171.746,63.703],[-171.647,63.727],[-171.638,63.723],[-171.634,63.692],[-171.577,63.674],[-171.547,63.665],[-171.499,63.657],[-171.463,63.64],[-171.448,63.616],[-171.343,63.62],[-171.197,63.609],[-171.078,63.592],[-170.948,63.572]]],[[[-169.0,63.235],[-168.96,63.177],[-168.999,63.179],[-169.0,63.235]]],[[[-148.1,60.901],[-148.094,60.915],[-148.091,60.917],[-148.038,60.924],[-147.964,60.9],[-147.943,60.875],[-147.931,60.826],[-148.058,60.818],[-148.115,60.831],[-148.124,60.844],[-148.1,60.895],[-148.1,60.9],[-148.1,60.901]]],[[[-145.118,60.337],[-145.122,60.334],[-145.273,60.341],[-145.128,60.401],[-145.102,60.388],[-145.118,60.337]]],[[[-166.102,60.352],[-166.09,60.333],[-166.013,60.332],[-165.995,60.331],[-165.987,60.332],[-165.923,60.331],[-165.847,60.306],[-165.693,60.255],[-165.692,60.25],[-165.689,60.224],[-165.714,60.173],[-165.707,60.101],[-165.712,60.069],[-165.656,60.041],[-165.645,59.982],[-165.727,59.94],[-165.819,59.892],[-165.947,59.89],[-166.1,59.85],[-166.131,59.82],[-166.121,59.801],[-166.196,59.778],[-166.262,59.815],[-166.343,59.834],[-166.552,59.857],[-166.733,59.9],[-166.985,59.984],[-167.139,60.009],[-167.295,60.096],[-167.431,60.202],[-167.396,60.211],[-167.342,60.225],[-167.274,60.231],[-167.126,60.227],[-167.121,60.228],[-166.836,60.217],[-166.784,60.296],[-166.761,60.305],[-166.663,60.326],[-166.365,60.365],[-166.364,60.365],[-166.361,60.365],[-166.225,60.383],[-166.185,60.388],[-166.179,60.395],[-166.178,60.395],[-166.135,60.384],[-166.115,60.373],[-166.102,60.352]]],[[[-147.651,59.986],[-147.473,60.079],[-147.099,60.357],[-147.09,60.354],[-147.082,60.341],[-147.001,60.319],[-146.958,60.289],[-146.987,60.254],[-147.318,60.075],[-147.347,60.052],[-147.376,59.991],[-147.404,59.97],[-147.448,59.96],[-147.479,59.934],[-147.499,59.89],[-147.54,59.867],[-147.602,59.866],[-147.645,59.854],[-147.669,59.832],[-147.736,59.813],[-147.846,59.799],[-147.872,59.828],[-147.816,59.899],[-147.651,59.986]]],[[[-148.146,60.041],[-148.272,60.053],[-148.231,60.113],[-148.079,60.152],[-148.074,60.15],[-148.146,60.041]]],[[[-152.486,58.485],[-152.515,58.479],[-152.588,58.509],[-152.604,58.52],[-152.388,58.617],[-152.368,58.611],[-152.357,58.595],[-152.362,58.571],[-152.393,58.541],[-152.486,58.485]]],[[[-152.073,58.299],[-152.208,58.207],[-152.213,58.206],[-152.223,58.214],[-152.252,58.251],[-152.268,58.252],[-152.334,58.208],[-152.333,58.186],[-152.317,58.169],[-152.432,58.128],[-152.452,58.129],[-152.538,58.101],[-152.558,58.119],[-152.571,58.168],[-152.598,58.163],[-152.639,58.102],[-152.683,58.063],[-152.764,58.031],[-152.781,58.016],[-152.841,58.014],[-152.894,58.002],[-152.968,57.996],[-152.983,57.997],[-153.306,58.063],[-153.327,58.07],[-153.265,58.126],[-153.251,58.139],[-153.121,58.206],[-152.864,58.287],[-152.815,58.276],[-152.772,58.279],[-152.769,58.346],[-152.794,58.362],[-152.756,58.434],[-152.675,58.451],[-152.612,58.446],[-152.543,58.428],[-152.478,58.4],[-152.417,58.36],[-152.381,58.352],[-152.343,58.412],[-152.316,58.414],[-152.198,58.363],[-152.183,58.365],[-152.086,58.323],[-152.078,58.312],[-152.057,58.309],[-152.073,58.299]]],[[[-133.995,57.898],[-133.947,57.847],[-133.921,57.806],[-133.887,57.748],[-133.869,57.707],[-133.824,57.631],[-133.832,57.62],[-133.925,57.671],[-133.996,57.779],[-134.032,57.821],[-134.067,57.84],[-134.105,57.879],[-134.178,57.982],[-134.18,58.011],[-134.213,58.038],[-134.25,58.049],[-134.292,58.045],[-134.307,58.034],[-134.307,58.034],[-134.316,58.037],[-134.301,57.965],[-134.285,57.887],[-134.168,57.792],[-134.084,57.712],[-133.961,57.614],[-133.937,57.582],[-133.921,57.492],[-133.974,57.451],[-133.909,57.369],[-133.911,57.352],[-133.925,57.337],[-134.1,57.3],[-134.163,57.24],[-134.448,57.055],[-134.516,57.043],[-134.555,57.058],[-134.591,57.092],[-134.613,57.138],[-134.619,57.195],[-134.576,57.232],[-134.489,57.42],[-134.487,57.482],[-134.595,57.568],[-134.622,57.597],[-134.711,57.803],[-134.754,57.995],[-134.781,58.078],[-134.82,58.147],[-134.857,58.188],[-134.736,58.228],[-134.733,58.225],[-134.68,58.162],[-134.426,58.139],[-134.33,58.141],[-134.204,58.112],[-134.189,58.099],[-133.995,57.898]]],[[[-134.611,58.318],[-134.52,58.332],[-134.399,58.287],[-134.347,58.252],[-134.611,58.318]]],[[[-135.342,58.106],[-134.997,58.047],[-134.955,58.015],[-134.928,57.953],[-134.94,57.914],[-134.995,57.884],[-135.206,57.935],[-135.011,57.81],[-135.103,57.794],[-135.165,57.796],[-135.231,57.816],[-135.338,57.769],[-135.249,57.733],[-134.979,57.724],[-134.897,57.648],[-134.873,57.589],[-134.932,57.481],[-135.085,57.511],[-135.22,57.574],[-135.498,57.662],[-135.556,57.666],[-135.566,57.67],[-135.606,57.652],[-135.609,57.651],[-135.609,57.65],[-135.648,57.632],[-135.656,57.628],[-135.617,57.614],[-135.621,57.597],[-135.618,57.48],[-135.692,57.42],[-135.911,57.447],[-135.997,57.535],[-136.077,57.675],[-136.192,57.738],[-136.213,57.763],[-136.23,57.759],[-136.378,57.84],[-136.46,57.873],[-136.558,57.963],[-136.562,57.985],[-136.525,58.051],[-136.512,58.096],[-136.454,58.108],[-136.395,58.133],[-136.257,58.167],[-136.246,58.158],[-136.144,58.098],[-136.142,58.154],[-136.094,58.198],[-135.994,58.196],[-135.947,58.206],[-135.882,58.247],[-135.787,58.269],[-135.73,58.244],[-135.645,58.186],[-135.612,58.066],[-135.616,58.058],[-135.693,58.039],[-135.671,58.012],[-135.613,57.992],[-135.572,58.008],[-135.441,58.09],[-135.342,58.106]]],[[[-152.453,57.776],[-152.498,57.729],[-152.484,57.718],[-152.483,57.703],[-152.411,57.646],[-152.388,57.642],[-152.369,57.627],[-152.398,57.556],[-152.438,57.457],[-152.631,57.472],[-152.831,57.503],[-152.912,57.508],[-152.941,57.498],[-152.997,57.469],[-152.957,57.46],[-152.781,57.453],[-152.72,57.411],[-152.695,57.382],[-153.107,57.291],[-153.06,57.237],[-153.274,57.226],[-153.444,57.167],[-153.504,57.138],[-153.524,57.103],[-153.588,57.078],[-153.733,57.052],[-153.647,57.03],[-153.633,57.01],[-153.631,56.985],[-153.742,56.872],[-153.744,56.87],[-153.787,56.847],[-153.973,56.774],[-154.027,56.778],[-154.051,56.789],[-154.07,56.805],[-154.071,56.821],[-153.793,56.99],[-153.804,56.998],[-153.88,57.003],[-153.889,57.007],[-153.763,57.135],[-153.773,57.145],[-153.783,57.157],[-153.979,57.042],[-153.999,57.05],[-154.084,57.02],[-154.103,57.021],[-154.08,57.061],[-154.025,57.108],[-154.035,57.122],[-154.065,57.134],[-154.135,57.141],[-154.244,57.143],[-154.324,57.132],[-154.377,57.107],[-154.381,57.096],[-154.27,57.1],[-154.239,57.087],[-154.209,57.063],[-154.191,57.036],[-154.184,57.005],[-154.208,56.964],[-154.261,56.912],[-154.339,56.921],[-154.499,57.037],[-154.569,57.206],[-154.706,57.335],[-154.712,57.366],[-154.673,57.446],[-154.572,57.53],[-154.444,57.579],[-154.387,57.591],[-154.282,57.638],[-154.179,57.652],[-154.116,57.651],[-154.03,57.631],[-153.995,57.587],[-154.016,57.567],[-154.008,57.556],[-153.947,57.53],[-153.882,57.439],[-153.805,57.358],[-153.755,57.325],[-153.688,57.305],[-153.757,57.367],[-153.798,57.443],[-153.818,57.596],[-153.838,57.636],[-153.8,57.647],[-153.69,57.641],[-153.693,57.663],[-153.809,57.715],[-153.847,57.738],[-153.668,57.86],[-153.663,57.858],[-153.568,57.761],[-153.524,57.731],[-153.488,57.731],[-153.454,57.747],[-153.423,57.779],[-153.391,57.798],[-153.357,57.805],[-153.252,57.791],[-153.217,57.796],[-153.2,57.82],[-153.201,57.854],[-153.112,57.848],[-153.103,57.867],[-153.101,57.87],[-153.116,57.879],[-153.169,57.909],[-153.169,57.911],[-153.226,57.958],[-153.161,57.972],[-153.159,57.972],[-153.051,57.943],[-152.854,57.891],[-152.898,57.824],[-152.891,57.769],[-152.85,57.776],[-152.696,57.832],[-152.616,57.849],[-152.511,57.851],[-152.429,57.826],[-152.417,57.812],[-152.453,57.776]]],[[[-153.241,57.85],[-153.269,57.822],[-153.295,57.829],[-153.351,57.862],[-153.356,57.864],[-153.247,57.857],[-153.241,57.85]]],[[[-134.622,56.667],[-134.625,56.578],[-134.652,56.556],[-134.657,56.523],[-134.632,56.436],[-134.631,56.375],[-134.633,56.292],[-134.654,56.227],[-134.682,56.216],[-134.75,56.241],[-134.807,56.281],[-134.848,56.324],[-134.95,56.457],[-134.981,56.519],[-134.982,56.564],[-134.966,56.596],[-134.933,56.616],[-134.875,56.67],[-134.883,56.679],[-134.928,56.667],[-135.018,56.66],[-135.097,56.703],[-135.159,56.725],[-135.146,56.802],[-135.163,56.824],[-135.285,56.8],[-135.33,56.822],[-135.341,56.851],[-135.338,56.894],[-135.315,56.932],[-135.2,57.027],[-135.211,57.045],[-135.267,57.049],[-135.292,57.06],[-135.345,57.245],[-135.453,57.251],[-135.479,57.27],[-135.612,57.365],[-135.581,57.39],[-135.572,57.417],[-135.539,57.448],[-135.538,57.46],[-135.487,57.516],[-135.449,57.534],[-135.346,57.533],[-135.342,57.531],[-135.294,57.502],[-135.268,57.496],[-135.131,57.432],[-135.065,57.417],[-134.97,57.351],[-134.885,57.242],[-134.823,57.157],[-134.768,57.054],[-134.696,56.888],[-134.622,56.667]]],[[[-153.007,57.125],[-153.134,57.093],[-153.157,57.094],[-153.235,57.029],[-153.296,57.0],[-153.358,57.041],[-153.373,57.057],[-153.354,57.132],[-153.285,57.185],[-153.001,57.171],[-152.964,57.127],[-153.007,57.125]]],[[[-133.069,56.919],[-132.953,56.875],[-132.95,56.85],[-132.963,56.783],[-132.954,56.713],[-132.959,56.677],[-132.976,56.647],[-133.004,56.624],[-133.035,56.621],[-133.132,56.683],[-133.244,56.796],[-133.329,56.83],[-133.332,56.818],[-133.309,56.786],[-133.24,56.726],[-133.227,56.689],[-133.178,56.645],[-133.157,56.611],[-133.144,56.567],[-133.145,56.528],[-133.158,56.495],[-133.181,56.474],[-133.188,56.472],[-133.261,56.467],[-133.383,56.474],[-133.442,56.461],[-133.652,56.542],[-133.658,56.596],[-133.688,56.71],[-133.681,56.797],[-133.758,56.877],[-133.823,56.924],[-133.917,56.967],[-133.979,57.01],[-133.962,57.044],[-133.866,57.069],[-133.708,57.063],[-133.366,57.003],[-133.3,56.972],[-133.273,56.997],[-133.069,56.919]]],[[[-133.886,56.599],[-133.878,56.504],[-133.884,56.485],[-133.871,56.389],[-133.885,56.292],[-133.939,56.194],[-133.95,56.128],[-133.971,56.108],[-133.994,56.101],[-134.024,56.119],[-134.068,56.133],[-134.122,56.077],[-134.19,56.077],[-134.245,56.203],[-134.195,56.414],[-134.084,56.456],[-134.15,56.514],[-134.279,56.574],[-134.288,56.587],[-134.279,56.617],[-134.384,56.724],[-134.39,56.749],[-134.374,56.839],[-134.284,56.91],[-134.214,56.925],[-134.143,56.932],[-134.052,56.898],[-134.017,56.878],[-133.998,56.85],[-133.929,56.744],[-133.827,56.777],[-133.778,56.729],[-133.739,56.65],[-133.767,56.6],[-133.809,56.611],[-133.843,56.59],[-133.886,56.599]]],[[[-132.652,56.665],[-132.592,56.623],[-132.57,56.579],[-132.647,56.552],[-132.714,56.543],[-132.747,56.526],[-132.757,56.512],[-132.76,56.511],[-132.885,56.512],[-132.931,56.524],[-132.948,56.567],[-132.936,56.607],[-132.907,56.637],[-132.871,56.696],[-132.842,56.795],[-132.814,56.778],[-132.652,56.665]]],[[[-132.479,56.071],[-132.513,56.071],[-132.576,56.071],[-132.58,56.065],[-132.603,56.066],[-132.66,56.078],[-132.691,56.13],[-132.699,56.198],[-132.675,56.224],[-132.599,56.242],[-132.539,56.324],[-132.512,56.333],[-132.489,56.34],[-132.449,56.351],[-132.41,56.325],[-132.359,56.291],[-132.302,56.347],[-132.234,56.413],[-132.206,56.388],[-132.067,56.244],[-132.088,56.183],[-132.182,56.158],[-132.13,55.969],[-132.133,55.947],[-132.137,55.944],[-132.173,55.953],[-132.21,55.953],[-132.287,55.929],[-132.369,55.94],[-132.407,55.958],[-132.421,55.98],[-132.406,56.029],[-132.451,56.056],[-132.471,56.058],[-132.479,56.071]]],[[[-133.096,56.055],[-133.08,56.047],[-133.067,56.04],[-132.983,56.053],[-132.972,56.055],[-132.805,56.008],[-132.638,55.902],[-132.521,55.826],[-132.497,55.798],[-132.43,55.687],[-132.289,55.558],[-132.263,55.544],[-132.252,55.532],[-132.286,55.527],[-132.329,55.521],[-132.511,55.594],[-132.529,55.59],[-132.535,55.576],[-132.556,55.582],[-132.556,55.576],[-132.552,55.54],[-132.582,55.503],[-132.631,55.473],[-132.592,55.464],[-132.434,55.481],[-132.401,55.473],[-132.272,55.399],[-132.215,55.383],[-132.196,55.362],[-132.18,55.333],[-132.161,55.296],[-132.191,55.255],[-132.215,55.237],[-132.207,55.224],[-132.166,55.218],[-132.128,55.221],[-132.077,55.013],[-132.044,55.019],[-131.998,55.025],[-131.978,54.969],[-131.978,54.94],[-131.996,54.901],[-131.997,54.869],[-131.983,54.835],[-131.981,54.805],[-132.022,54.726],[-132.065,54.713],[-132.134,54.713],[-132.189,54.735],[-132.266,54.802],[-132.341,54.907],[-132.37,54.922],[-132.469,54.938],[-132.486,54.95],[-132.546,54.953],[-132.593,55.001],[-132.588,55.052],[-132.627,55.11],[-132.622,55.136],[-132.665,55.147],[-132.702,55.131],[-132.692,55.101],[-132.731,55.141],[-132.819,55.163],[-132.909,55.185],[-132.913,55.189],[-133.061,55.301],[-133.119,55.328],[-133.103,55.36],[-133.03,55.378],[-132.971,55.376],[-132.959,55.396],[-133.083,55.504],[-133.078,55.535],[-133.033,55.59],[-133.09,55.613],[-133.244,55.595],[-133.298,55.607],[-133.343,55.651],[-133.369,55.689],[-133.442,55.693],[-133.457,55.789],[-133.374,55.793],[-133.34,55.819],[-133.33,55.826],[-133.334,55.838],[-133.322,55.845],[-133.308,55.887],[-133.241,55.921],[-133.252,55.957],[-133.289,56.019],[-133.371,56.036],[-133.539,55.999],[-133.563,55.99],[-133.619,56.081],[-133.599,56.094],[-133.531,56.146],[-133.544,56.177],[-133.595,56.216],[-133.598,56.316],[-133.566,56.339],[-133.377,56.318],[-133.307,56.319],[-133.096,56.055]]],[[[-131.24,55.287],[-131.199,55.349],[-131.192,55.36],[-131.234,55.401],[-131.426,55.374],[-131.447,55.409],[-131.474,55.374],[-131.486,55.366],[-131.652,55.343],[-131.666,55.336],[-131.674,55.333],[-131.696,55.246],[-131.724,55.218],[-131.762,55.166],[-131.811,55.223],[-131.842,55.359],[-131.846,55.416],[-131.838,55.424],[-131.802,55.435],[-131.68,55.561],[-131.648,55.586],[-131.645,55.612],[-131.629,55.645],[-131.525,55.848],[-131.539,55.861],[-131.269,55.955],[-131.236,55.949],[-131.121,55.857],[-130.998,55.728],[-130.968,55.672],[-130.966,55.668],[-130.965,55.568],[-130.979,55.489],[-131.012,55.387],[-131.016,55.376],[-131.083,55.267],[-131.188,55.206],[-131.262,55.22],[-131.299,55.253],[-131.24,55.287]]],[[[-133.302,55.311],[-133.286,55.32],[-133.097,55.214],[-133.084,55.192],[-133.076,55.163],[-132.921,54.932],[-132.72,54.76],[-132.691,54.705],[-132.706,54.684],[-132.807,54.709],[-132.89,54.763],[-133.009,54.855],[-133.075,54.921],[-133.08,54.949],[-133.123,54.97],[-133.205,55.085],[-133.213,55.101],[-133.302,55.311]]],[[[-163.409,54.857],[-163.406,54.853],[-163.384,54.824],[-163.379,54.815],[-163.375,54.813],[-163.33,54.753],[-163.251,54.761],[-163.198,54.75],[-163.203,54.725],[-163.207,54.699],[-163.358,54.736],[-163.479,54.668],[-163.805,54.636],[-163.862,54.623],[-164.073,54.621],[-164.171,54.603],[-164.235,54.571],[-164.298,54.521],[-164.333,54.513],[-164.337,54.497],[-164.339,54.488],[-164.347,54.482],[-164.403,54.448],[-164.463,54.427],[-164.591,54.404],[-164.744,54.408],[-164.823,54.419],[-164.866,54.461],[-164.904,54.545],[-164.904,54.568],[-164.888,54.608],[-164.751,54.663],[-164.706,54.692],[-164.54,54.87],[-164.381,54.909],[-164.274,54.9],[-164.145,54.955],[-163.912,55.026],[-163.911,55.026],[-163.605,55.043],[-163.578,55.044],[-163.553,55.038],[-163.511,55.014],[-163.476,54.981],[-163.416,54.878],[-163.409,54.857]]],[[[-167.089,53.529],[-167.055,53.551],[-166.864,53.671],[-166.838,53.648],[-166.819,53.641],[-166.809,53.646],[-166.807,53.663],[-166.806,53.663],[-166.806,53.666],[-166.804,53.685],[-166.741,53.713],[-166.777,53.733],[-166.89,53.759],[-166.973,53.771],[-166.987,53.77],[-167.071,53.786],[-167.083,53.793],[-167.106,53.813],[-167.121,53.843],[-167.118,53.873],[-167.11,53.882],[-166.997,53.956],[-166.993,53.958],[-166.905,53.971],[-166.849,53.978],[-166.809,53.986],[-166.703,54.003],[-166.689,54.005],[-166.673,54.006],[-166.636,53.998],[-166.626,53.987],[-166.621,53.941],[-166.647,53.923],[-166.644,53.91],[-166.638,53.884],[-166.59,53.841],[-166.585,53.836],[-166.54,53.866],[-166.497,53.884],[-166.443,53.925],[-166.428,53.943],[-166.36,53.989],[-166.335,53.971],[-166.231,53.933],[-166.319,53.874],[-166.489,53.786],[-166.546,53.727],[-166.549,53.701],[-166.447,53.713],[-166.337,53.683],[-166.355,53.674],[-166.444,53.652],[-166.522,53.61],[-166.702,53.537],[-166.747,53.496],[-166.912,53.45],[-166.961,53.447],[-167.154,53.408],[-167.271,53.371],[-167.301,53.351],[-167.337,53.341],[-167.381,53.342],[-167.429,53.326],[-167.48,53.292],[-167.492,53.287],[-167.564,53.274],[-167.592,53.273],[-167.614,53.265],[-167.642,53.26],[-167.669,53.26],[-167.781,53.3],[-167.809,53.324],[-167.71,53.371],[-167.639,53.387],[-167.53,53.394],[-167.423,53.437],[-167.204,53.495],[-167.174,53.509],[-167.089,53.529]]],[[[-168.669,52.98],[-168.72,52.96],[-168.741,52.957],[-168.908,52.894],[-168.943,52.905],[-168.959,52.911],[-168.947,52.927],[-168.909,52.951],[-168.836,53.02],[-168.796,53.045],[-168.783,53.079],[-168.778,53.14],[-168.623,53.258],[-168.572,53.266],[-168.437,53.257],[-168.38,53.283],[-168.363,53.304],[-168.397,53.322],[-168.405,53.354],[-168.396,53.409],[-168.357,53.458],[-168.307,53.488],[-168.15,53.542],[-168.122,53.547],[-168.04,53.546],[-167.966,53.545],[-167.928,53.54],[-167.828,53.508],[-167.811,53.491],[-167.819,53.467],[-167.843,53.435],[-167.865,53.387],[-167.964,53.345],[-168.271,53.238],[-168.37,53.16],[-168.446,53.084],[-168.477,53.063],[-168.519,53.041],[-168.549,53.036],[-168.597,53.016],[-168.659,52.984],[-168.669,52.98]]],[[[-175.091,52.006],[-175.117,52.047],[-174.964,52.083],[-174.545,52.148],[-174.43,52.187],[-174.39,52.2],[-174.306,52.216],[-174.262,52.266],[-174.245,52.276],[-174.297,52.292],[-174.393,52.321],[-174.263,52.392],[-174.225,52.403],[-174.178,52.41],[-174.153,52.413],[-174.046,52.367],[-174.018,52.332],[-174.03,52.29],[-174.055,52.246],[-174.163,52.223],[-174.18,52.2],[-174.146,52.163],[-174.161,52.15],[-174.203,52.114],[-174.272,52.096],[-174.518,52.055],[-174.677,52.035],[-175.03,52.008],[-175.091,52.006]]],[[[-173.553,52.136],[-173.357,52.096],[-173.217,52.098],[-173.024,52.088],[-173.023,52.082],[-173.193,52.064],[-173.232,52.068],[-173.368,52.046],[-173.461,52.042],[-173.673,52.063],[-173.836,52.048],[-173.874,52.053],[-173.927,52.071],[-173.93,52.072],[-173.989,52.104],[-173.993,52.123],[-173.968,52.127],[-173.928,52.129],[-173.794,52.104],[-173.779,52.118],[-173.657,52.144],[-173.553,52.136]]],[[[-176.908,51.671],[-176.889,51.759],[-176.884,51.77],[-176.866,51.793],[-176.774,51.819],[-176.736,51.84],[-176.745,51.895],[-176.73,51.924],[-176.615,51.983],[-176.597,51.982],[-176.55,51.944],[-176.552,51.92],[-176.593,51.867],[-176.588,51.833],[-176.473,51.837],[-176.437,51.82],[-176.437,51.754],[-176.452,51.736],[-176.47,51.731],[-176.511,51.746],[-176.558,51.712],[-176.676,51.667],[-176.786,51.64],[-176.837,51.676],[-176.917,51.63],[-176.908,51.671]]],[[[-177.965,51.718],[-177.961,51.755],[-177.959,51.772],[-178.087,51.819],[-178.154,51.848],[-178.195,51.882],[-178.168,51.903],[-178.116,51.916],[-178.082,51.916],[-178.039,51.907],[-177.885,51.873],[-177.866,51.86],[-177.8,51.84],[-177.71,51.832],[-177.713,51.816],[-177.732,51.798],[-177.771,51.778],[-177.794,51.74],[-177.913,51.628],[-177.938,51.622],[-178.059,51.673],[-178.078,51.691],[-178.013,51.713],[-177.965,51.718]]],[[[-176.395,51.83],[-176.396,51.762],[-176.414,51.841],[-176.395,51.852],[-176.395,51.83]]]]}},{"type":"Feature","id":"AL","properties":{"id":"AL"},"geometry":{"type":"Polygon","coordinates":[[[-87.49,30.378],[-87.513,30.368],[-87.594,30.292],[-87.918,30.253],[-87.914,30.259],[-87.904,30.259],[-87.79,30.292],[-87.813,30.347],[-87.843,30.388],[-87.925,30.649],[-87.998,30.679],[-88.011,30.694],[-88.033,30.681],[-88.054,30.627],[-88.24,30.375],[-88.291,30.386],[-88.359,30.401],[-88.402,30.403],[-88.413,30.577],[-88.423,30.764],[-88.434,30.952],[-88.444,31.14],[-88.455,31.327],[-88.465,31.515],[-88.476,31.703],[-88.486,31.89],[-88.462,32.075],[-88.438,32.26],[-88.413,32.445],[-88.389,32.629],[-88.364,32.814],[-88.34,32.999],[-88.315,33.184],[-88.291,33.368],[-88.267,33.553],[-88.242,33.738],[-88.218,33.923],[-88.193,34.107],[-88.169,34.292],[-88.144,34.477],[-88.12,34.661],[-88.096,34.846],[-88.089,34.893],[-88.088,34.909],[-88.085,34.933],[-88.173,34.999],[-88.191,35.012],[-88.203,35.024],[-88.191,35.025],[-88.03,35.023],[-87.869,35.022],[-87.709,35.02],[-87.549,35.019],[-87.388,35.017],[-87.228,35.016],[-87.067,35.014],[-86.907,35.013],[-86.747,35.011],[-86.586,35.01],[-86.426,35.008],[-86.265,35.007],[-86.105,35.005],[-85.945,35.004],[-85.784,35.002],[-85.624,35.001],[-85.597,34.873],[-85.571,34.745],[-85.544,34.618],[-85.518,34.49],[-85.492,34.362],[-85.465,34.234],[-85.439,34.106],[-85.412,33.979],[-85.386,33.851],[-85.36,33.723],[-85.333,33.595],[-85.307,33.467],[-85.28,33.34],[-85.254,33.212],[-85.227,33.084],[-85.201,32.956],[-85.176,32.898],[-85.156,32.804],[-85.015,32.526],[-84.974,32.409],[-84.986,32.361],[-84.969,32.32],[-84.921,32.286],[-84.93,32.246],[-84.993,32.202],[-85.035,32.147],[-85.065,32.051],[-85.064,32.051],[-85.124,31.881],[-85.125,31.777],[-85.067,31.635],[-85.067,31.635],[-85.055,31.573],[-85.093,31.296],[-85.068,31.118],[-85.007,31.002],[-85.33,31.001],[-85.653,31.001],[-85.977,31.001],[-86.3,31.001],[-86.623,31.001],[-86.947,31.001],[-87.27,31.001],[-87.594,31.001],[-87.607,30.929],[-87.601,30.861],[-87.566,30.796],[-87.422,30.672],[-87.408,30.641],[-87.434,30.546],[-87.43,30.478],[-87.445,30.442],[-87.48,30.412],[-87.49,30.378]]]}},{"type":"Feature","id":"AR","properties":{"id":"AR"},"geometry":{"type":"Polygon","coordinates":[[[-89.705,36.002],[-89.709,35.983],[-89.689,35.944],[-89.689,35.921],[-89.704,35.907],[-89.738,35.899],[-89.764,35.889],[-89.769,35.872],[-89.77,35.864],[-89.768,35.845],[-89.764,35.828],[-89.78,35.806],[-89.894,35.75],[-89.943,35.679],[-89.926,35.592],[-89.968,35.503],[-90.066,35.414],[-90.108,35.314],[-90.093,35.204],[-90.142,35.114],[-90.256,35.046],[-90.294,35.004],[-90.294,35.001],[-90.293,34.97],[-90.282,34.945],[-90.32,34.899],[-90.416,34.852],[-90.468,34.805],[-90.475,34.76],[-90.497,34.738],[-90.539,34.728],[-90.564,34.661],[-90.584,34.504],[-90.635,34.414],[-90.718,34.392],[-90.762,34.356],[-90.768,34.308],[-90.817,34.252],[-90.91,34.189],[-90.94,34.129],[-90.909,34.071],[-90.915,34.049],[-90.943,34.03],[-91.043,34.003],[-91.06,33.989],[-91.07,33.974],[-91.05,33.945],[-91.038,33.901],[-91.053,33.828],[-91.077,33.797],[-91.1,33.767],[-91.184,33.716],[-91.207,33.676],[-91.17,33.647],[-91.173,33.617],[-91.215,33.583],[-91.203,33.547],[-91.193,33.523],[-91.154,33.5],[-91.141,33.439],[-91.168,33.359],[-91.163,33.295],[-91.117,33.241],[-91.107,33.218],[-91.153,33.041],[-91.15,33.016],[-91.346,33.015],[-91.526,33.015],[-91.706,33.015],[-91.885,33.014],[-92.065,33.014],[-92.245,33.014],[-92.424,33.014],[-92.604,33.014],[-92.783,33.013],[-92.963,33.013],[-93.143,33.013],[-93.323,33.013],[-93.502,33.013],[-93.682,33.012],[-93.862,33.012],[-94.041,33.012],[-94.043,33.148],[-94.044,33.283],[-94.046,33.419],[-94.047,33.554],[-94.099,33.577],[-94.191,33.589],[-94.239,33.581],[-94.295,33.587],[-94.333,33.565],[-94.358,33.561],[-94.378,33.566],[-94.39,33.586],[-94.432,33.6],[-94.484,33.648],[-94.481,33.757],[-94.479,33.866],[-94.476,33.975],[-94.473,34.083],[-94.47,34.192],[-94.467,34.3],[-94.465,34.409],[-94.462,34.518],[-94.459,34.626],[-94.456,34.735],[-94.453,34.844],[-94.45,34.953],[-94.448,35.061],[-94.445,35.17],[-94.442,35.279],[-94.439,35.387],[-94.461,35.526],[-94.484,35.666],[-94.506,35.805],[-94.529,35.944],[-94.551,36.083],[-94.574,36.223],[-94.596,36.362],[-94.618,36.501],[-94.34,36.501],[-94.061,36.501],[-93.783,36.501],[-93.505,36.501],[-93.226,36.501],[-92.947,36.501],[-92.669,36.501],[-92.39,36.501],[-92.112,36.501],[-91.833,36.501],[-91.555,36.501],[-91.276,36.501],[-90.998,36.501],[-90.719,36.501],[-90.441,36.501],[-90.162,36.501],[-90.118,36.423],[-90.074,36.372],[-90.067,36.334],[-90.076,36.297],[-90.149,36.216],[-90.216,36.178],[-90.253,36.138],[-90.303,36.099],[-90.381,35.993],[-90.217,35.995],[-90.052,35.997],[-89.888,35.999],[-89.705,36.002]]]}},{"type":"Feature","id":"AZ","properties":{"id":"AZ"},"geometry":{"type":"Polygon","coordinates":[[[-109.048,31.328],[-109.275,31.327],[-109.628,31.327],[-109.982,31.326],[-110.335,31.326],[-110.688,31.325],[-111.042,31.324],[-111.091,31.34],[-111.516,31.472],[-111.991,31.62],[-112.465,31.768],[-112.939,31.916],[-113.413,32.064],[-113.887,32.212],[-114.362,32.36],[-114.678,32.459],[-114.836,32.508],[-114.788,32.565],[-114.725,32.715],[-114.723,32.718],[-114.721,32.724],[-114.582,32.735],[-114.516,32.773],[-114.477,32.842],[-114.469,32.912],[-114.491,32.984],[-114.55,33.037],[-114.648,33.072],[-114.704,33.17],[-114.719,33.331],[-114.702,33.418],[-114.651,33.431],[-114.603,33.47],[-114.556,33.536],[-114.522,33.608],[-114.499,33.686],[-114.495,33.785],[-114.509,33.904],[-114.418,34.051],[-114.329,34.142],[-114.163,34.253],[-114.126,34.287],[-114.125,34.314],[-114.125,34.317],[-114.159,34.355],[-114.308,34.433],[-114.371,34.489],[-114.377,34.54],[-114.379,34.541],[-114.398,34.59],[-114.557,34.795],[-114.611,34.907],[-114.611,34.991],[-114.611,34.998],[-114.591,35.353],[-114.648,35.476],[-114.662,35.545],[-114.645,35.631],[-114.65,35.683],[-114.677,35.73],[-114.684,35.814],[-114.687,35.917],[-114.732,35.984],[-114.741,36.014],[-114.716,36.085],[-114.669,36.122],[-114.593,36.148],[-114.505,36.156],[-114.406,36.148],[-114.332,36.116],[-114.282,36.06],[-114.232,36.032],[-114.183,36.03],[-114.12,36.077],[-114.062,36.175],[-114.043,36.182],[-114.041,36.613],[-114.04,37.004],[-113.728,37.004],[-113.416,37.004],[-113.104,37.004],[-112.792,37.003],[-112.48,37.003],[-112.168,37.003],[-111.856,37.003],[-111.543,37.003],[-111.231,37.002],[-110.919,37.002],[-110.607,37.002],[-110.295,37.002],[-109.983,37.002],[-109.671,37.001],[-109.359,37.001],[-109.047,37.001],[-109.047,36.646],[-109.047,36.292],[-109.047,35.937],[-109.047,35.583],[-109.047,35.228],[-109.047,34.874],[-109.047,34.519],[-109.047,34.165],[-109.047,33.81],[-109.047,33.456],[-109.047,33.101],[-109.047,32.747],[-109.047,32.392],[-109.048,32.038],[-109.048,31.683],[-109.048,31.335],[-109.048,31.328]]]}},{"type":"Feature","id":"CA","properties":{"id":"CA"},"geometry":{"type":"Polygon","coordinates":[[[-114.611,34.991],[-114.611,34.907],[-114.557,34.795],[-114.398,34.59],[-114.379,34.541],[-114.377,34.54],[-114.371,34.489],[-114.308,34.433],[-114.159,34.355],[-114.125,34.317],[-114.125,34.314],[-114.126,34.287],[-114.163,34.253],[-114.329,34.142],[-114.418,34.051],[-114.509,33.904],[-114.495,33.785],[-114.499,33.686],[-114.522,33.608],[-114.556,33.536],[-114.603,33.47],[-114.651,33.431],[-114.702,33.418],[-114.719,33.331],[-114.704,33.17],[-114.648,33.072],[-114.55,33.037],[-114.491,32.984],[-114.469,32.912],[-114.477,32.842],[-114.516,32.773],[-114.582,32.735],[-114.721,32.724],[-114.723,32.718],[-114.725,32.715],[-114.839,32.705],[-115.125,32.683],[-115.411,32.662],[-115.697,32.64],[-115.984,32.619],[-116.27,32.598],[-116.556,32.576],[-116.842,32.555],[-117.123,32.534],[-117.123,32.534],[-117.132,32.56],[-117.137,32.649],[-117.17,32.677],[-117.281,33.012],[-117.303,33.055],[-117.319,33.1],[-117.344,33.133],[-117.362,33.168],[-117.428,33.244],[-117.468,33.296],[-117.484,33.308],[-117.506,33.333],[-117.605,33.4],[-117.788,33.539],[-117.88,33.584],[-118.049,33.697],[-118.081,33.722],[-118.13,33.74],[-118.347,33.85],[-118.41,33.883],[-118.506,34.017],[-118.599,34.035],[-118.779,34.027],[-119.252,34.211],[-119.268,34.257],[-119.414,34.338],[-119.606,34.418],[-119.61,34.417],[-119.617,34.421],[-119.947,34.439],[-120.053,34.469],[-120.169,34.476],[-120.368,34.462],[-120.438,34.465],[-120.481,34.471],[-120.483,34.473],[-120.56,34.544],[-120.609,34.565],[-120.633,35.033],[-120.642,35.042],[-120.634,35.077],[-120.659,35.122],[-120.707,35.158],[-120.757,35.175],[-120.875,35.311],[-120.86,35.365],[-120.899,35.425],[-121.023,35.481],[-121.138,35.607],[-121.167,35.621],[-121.45,35.897],[-121.465,35.927],[-121.664,36.154],[-121.805,36.271],[-121.894,36.597],[-121.835,36.657],[-121.79,36.732],[-121.794,36.801],[-121.807,36.851],[-121.881,36.939],[-122.164,36.991],[-122.395,37.207],[-122.409,37.373],[-122.499,37.543],[-122.5,37.653],[-122.514,37.772],[-122.446,37.798],[-122.391,37.79],[-122.386,37.78],[-122.386,37.778],[-122.39,37.741],[-122.384,37.715],[-122.391,37.709],[-122.36,37.593],[-122.174,37.509],[-122.166,37.502],[-122.119,37.483],[-122.071,37.478],[-122.086,37.502],[-122.083,37.502],[-122.163,37.667],[-122.317,37.85],[-122.333,37.897],[-122.365,37.921],[-122.386,37.961],[-122.314,38.007],[-122.217,38.041],[-122.087,38.05],[-121.717,38.034],[-121.638,38.061],[-121.573,38.052],[-121.526,38.056],[-121.626,38.084],[-121.682,38.075],[-121.749,38.081],[-121.881,38.075],[-121.934,38.087],[-121.993,38.12],[-122.032,38.124],[-122.154,38.065],[-122.208,38.073],[-122.337,38.136],[-122.393,38.145],[-122.484,38.109],[-122.495,37.954],[-122.483,37.904],[-122.678,37.901],[-122.681,37.902],[-122.76,37.946],[-122.873,38.026],[-122.932,38.055],[-122.957,38.031],[-122.958,38.057],[-122.961,38.113],[-122.97,38.127],[-122.978,38.227],[-122.877,38.123],[-122.908,38.197],[-122.986,38.277],[-123.046,38.305],[-123.121,38.449],[-123.225,38.503],[-123.394,38.644],[-123.425,38.676],[-123.701,38.907],[-123.719,39.111],[-123.779,39.262],[-123.781,39.313],[-123.788,39.478],[-123.778,39.515],[-123.779,39.53],[-123.767,39.56],[-123.783,39.611],[-123.783,39.619],[-123.833,39.776],[-123.834,39.778],[-123.84,39.796],[-123.856,39.814],[-123.885,39.861],[-124.073,40.058],[-124.081,40.066],[-124.082,40.067],[-124.109,40.095],[-124.324,40.252],[-124.357,40.371],[-124.372,40.491],[-124.325,40.598],[-124.321,40.608],[-124.252,40.738],[-124.242,40.728],[-124.251,40.704],[-124.22,40.697],[-124.209,40.746],[-124.19,40.772],[-124.223,40.775],[-124.219,40.791],[-124.2,40.822],[-124.159,40.912],[-124.118,40.989],[-124.111,41.248],[-124.069,41.384],[-124.072,41.459],[-124.103,41.568],[-124.102,41.597],[-124.204,41.941],[-124.211,41.951],[-124.212,41.985],[-124.228,42.001],[-123.956,42.001],[-123.692,42.001],[-123.428,42.001],[-123.165,42.001],[-122.901,42.001],[-122.638,42.001],[-122.374,42.001],[-122.11,42.001],[-121.846,42.001],[-121.583,42.001],[-121.319,42.001],[-121.055,42.001],[-120.792,42.001],[-120.528,42.001],[-120.264,42.001],[-120.001,42.001],[-120.001,41.813],[-120.001,41.625],[-120.001,41.438],[-120.001,41.251],[-120.001,41.063],[-120.001,40.875],[-120.001,40.688],[-120.001,40.5],[-120.001,40.313],[-120.0,40.125],[-120.0,39.938],[-120.0,39.75],[-120.0,39.563],[-120.0,39.375],[-120.0,39.188],[-120.0,39.0],[-119.766,38.837],[-119.531,38.673],[-119.297,38.51],[-119.063,38.346],[-118.829,38.183],[-118.595,38.019],[-118.36,37.856],[-118.126,37.692],[-117.943,37.555],[-117.76,37.417],[-117.576,37.279],[-117.393,37.141],[-117.209,37.003],[-117.026,36.866],[-116.843,36.728],[-116.66,36.59],[-116.406,36.392],[-116.152,36.194],[-115.898,35.995],[-115.644,35.797],[-115.39,35.599],[-115.136,35.401],[-114.882,35.203],[-114.611,34.991]]]}},{"type":"Feature","id":"CO","properties":{"id":"CO"},"geometry":{"type":"Polygon","coordinates":[[[-109.047,37.001],[-109.047,37.251],[-109.047,37.501],[-109.046,37.751],[-109.046,38.001],[-109.046,38.251],[-109.046,38.501],[-109.046,38.751],[-109.046,39.001],[-109.046,39.251],[-109.046,39.501],[-109.046,39.751],[-109.046,40.001],[-109.046,40.251],[-109.046,40.501],[-109.046,40.751],[-109.046,41.001],[-108.733,41.001],[-108.418,41.001],[-108.104,41.001],[-107.79,41.001],[-107.476,41.001],[-107.162,41.001],[-106.848,41.001],[-106.534,41.001],[-106.22,41.001],[-105.906,41.001],[-105.592,41.001],[-105.278,41.001],[-104.964,41.001],[-104.65,41.001],[-104.336,41.001],[-104.022,41.001],[-103.772,41.001],[-103.523,41.001],[-103.273,41.001],[-103.023,41.001],[-102.774,41.001],[-102.524,41.001],[-102.274,41.001],[-102.025,41.001],[-102.025,40.876],[-102.025,40.751],[-102.025,40.626],[-102.025,40.501],[-102.025,40.376],[-102.025,40.251],[-102.025,40.126],[-102.025,40.001],[-102.024,39.814],[-102.023,39.626],[-102.022,39.439],[-102.021,39.251],[-102.021,39.064],[-102.02,38.876],[-102.019,38.688],[-102.019,38.501],[-102.018,38.314],[-102.017,38.126],[-102.016,37.938],[-102.016,37.751],[-102.015,37.563],[-102.014,37.376],[-102.013,37.188],[-102.013,37.001],[-102.26,37.001],[-102.507,37.001],[-102.754,37.001],[-103.001,37.001],[-103.379,37.001],[-103.757,37.001],[-104.135,37.001],[-104.512,37.001],[-104.89,37.001],[-105.268,37.001],[-105.646,37.001],[-106.024,37.001],[-106.402,37.001],[-106.78,37.001],[-107.158,37.001],[-107.535,37.001],[-107.913,37.001],[-108.291,37.001],[-108.669,37.001],[-109.047,37.001]]]}},{"type":"Feature","id":"CT","properties":{"id":"CT"},"geometry":{"type":"Polygon","coordinates":[[[-71.801,42.012],[-71.8,41.958],[-71.8,41.883],[-71.799,41.828],[-71.798,41.753],[-71.797,41.668],[-71.796,41.589],[-71.796,41.52],[-71.799,41.479],[-71.804,41.417],[-71.83,41.393],[-71.841,41.344],[-71.898,41.339],[-71.93,41.341],[-72.074,41.326],[-72.085,41.324],[-72.331,41.304],[-72.371,41.312],[-72.413,41.298],[-72.803,41.267],[-72.847,41.266],[-72.925,41.285],[-72.984,41.244],[-73.14,41.187],[-73.182,41.176],[-73.459,41.07],[-73.64,41.003],[-73.682,41.055],[-73.723,41.104],[-73.642,41.143],[-73.58,41.173],[-73.522,41.201],[-73.484,41.219],[-73.514,41.257],[-73.545,41.296],[-73.537,41.391],[-73.529,41.486],[-73.521,41.581],[-73.513,41.676],[-73.505,41.771],[-73.497,41.866],[-73.488,41.961],[-73.481,42.056],[-73.396,42.053],[-73.312,42.05],[-73.228,42.047],[-73.144,42.045],[-73.06,42.042],[-72.976,42.039],[-72.892,42.037],[-72.808,42.034],[-72.806,42.008],[-72.763,42.011],[-72.758,42.034],[-72.638,42.033],[-72.519,42.031],[-72.399,42.03],[-72.28,42.028],[-72.16,42.027],[-72.041,42.026],[-71.921,42.024],[-71.802,42.023],[-71.801,42.012]]]}},{"type":"Feature","id":"DC","properties":{"id":"DC"},"geometry":{"type":"Polygon","coordinates":[[[-77.031,38.889],[-77.053,38.915],[-77.102,38.936],[-77.122,38.943],[-77.042,39.012],[-76.989,38.952],[-76.931,38.888],[-77.02,38.807],[-77.031,38.889]]]}},{"type":"Feature","id":"DE","properties":{"id":"DE"},"geometry":{"type":"Polygon","coordinates":[[[-75.058,38.455],[-75.144,38.455],[-75.366,38.455],[-75.588,38.455],[-75.688,38.455],[-75.691,38.455],[-75.693,38.455],[-75.696,38.455],[-75.698,38.455],[-75.7,38.455],[-75.702,38.455],[-75.705,38.455],[-75.707,38.455],[-75.717,38.614],[-75.727,38.772],[-75.736,38.93],[-75.746,39.089],[-75.756,39.247],[-75.765,39.406],[-75.775,39.564],[-75.785,39.722],[-75.709,39.803],[-75.677,39.827],[-75.634,39.84],[-75.511,39.843],[-75.421,39.815],[-75.465,39.781],[-75.47,39.772],[-75.472,39.781],[-75.499,39.742],[-75.537,39.686],[-75.588,39.641],[-75.585,39.617],[-75.603,39.589],[-75.593,39.478],[-75.43,39.159],[-75.304,38.913],[-75.253,38.87],[-75.159,38.79],[-75.143,38.793],[-75.131,38.796],[-75.089,38.778],[-75.084,38.722],[-75.129,38.632],[-75.187,38.591],[-75.111,38.599],[-75.073,38.579],[-75.07,38.572],[-75.058,38.455]]]}},{"type":"Feature","id":"FL","properties":{"id":"FL"},"geometry":{"type":"MultiPolygon","coordinates":[[[[-87.49,30.378],[-87.48,30.412],[-87.445,30.442],[-87.43,30.478],[-87.434,30.546],[-87.408,30.641],[-87.422,30.672],[-87.566,30.796],[-87.601,30.861],[-87.607,30.929],[-87.594,31.001],[-87.27,31.001],[-86.947,31.001],[-86.623,31.001],[-86.3,31.001],[-85.977,31.001],[-85.653,31.001],[-85.33,31.001],[-85.007,31.002],[-84.966,30.923],[-84.887,30.759],[-84.884,30.721],[-84.79,30.715],[-84.631,30.706],[-84.471,30.696],[-84.312,30.687],[-84.153,30.678],[-83.993,30.668],[-83.834,30.659],[-83.675,30.65],[-83.515,30.64],[-83.356,30.631],[-83.196,30.622],[-83.037,30.612],[-82.878,30.603],[-82.718,30.594],[-82.559,30.584],[-82.399,30.575],[-82.24,30.566],[-82.239,30.533],[-82.213,30.481],[-82.206,30.422],[-82.194,30.393],[-82.163,30.376],[-82.112,30.371],[-82.062,30.405],[-82.03,30.478],[-82.022,30.56],[-82.041,30.653],[-82.038,30.732],[-82.013,30.778],[-81.983,30.79],[-81.957,30.814],[-81.936,30.819],[-81.88,30.806],[-81.673,30.74],[-81.504,30.731],[-81.457,30.641],[-81.386,30.27],[-81.337,30.141],[-81.336,30.135],[-81.254,29.777],[-80.966,29.148],[-80.905,29.054],[-80.74,28.802],[-80.564,28.436],[-80.563,28.433],[-80.568,28.426],[-80.581,28.365],[-80.585,28.272],[-80.573,28.181],[-80.533,28.07],[-80.516,28.032],[-80.509,27.97],[-80.485,27.923],[-80.5,27.934],[-80.61,28.178],[-80.623,28.32],[-80.607,28.523],[-80.633,28.518],[-80.654,28.452],[-80.665,28.375],[-80.694,28.345],[-80.732,28.463],[-80.729,28.516],[-80.689,28.579],[-80.7,28.601],[-80.766,28.633],[-80.78,28.683],[-80.771,28.733],[-80.809,28.759],[-80.838,28.758],[-80.818,28.636],[-80.787,28.561],[-80.749,28.381],[-80.686,28.272],[-80.65,28.181],[-80.226,27.207],[-80.126,27.083],[-80.089,26.994],[-80.05,26.808],[-80.045,26.676],[-80.1,26.198],[-80.111,26.132],[-80.113,26.085],[-80.139,25.857],[-80.143,25.874],[-80.159,25.878],[-80.219,25.742],[-80.227,25.73],[-80.227,25.73],[-80.249,25.713],[-80.259,25.681],[-80.301,25.619],[-80.319,25.49],[-80.34,25.423],[-80.369,25.329],[-80.485,25.23],[-80.557,25.232],[-80.65,25.193],[-80.792,25.165],[-80.862,25.176],[-81.012,25.133],[-81.105,25.138],[-81.116,25.146],[-81.167,25.229],[-81.159,25.269],[-81.136,25.31],[-81.098,25.319],[-80.965,25.224],[-80.941,25.264],[-80.98,25.312],[-81.057,25.338],[-81.113,25.367],[-81.227,25.583],[-81.345,25.732],[-81.365,25.831],[-81.568,25.891],[-81.619,25.923],[-81.787,26.181],[-81.831,26.249],[-81.866,26.435],[-81.932,26.467],[-81.959,26.49],[-81.896,26.597],[-81.829,26.687],[-81.882,26.665],[-81.92,26.631],[-81.97,26.552],[-82.006,26.54],[-82.025,26.547],[-82.046,26.579],[-82.078,26.704],[-82.067,26.892],[-82.013,26.962],[-82.096,26.963],[-82.181,26.937],[-82.168,26.874],[-82.181,26.84],[-82.243,26.849],[-82.29,26.871],[-82.354,26.936],[-82.409,27.014],[-82.526,27.222],[-82.532,27.232],[-82.621,27.401],[-82.649,27.44],[-82.687,27.508],[-82.679,27.517],[-82.636,27.525],[-82.521,27.678],[-82.431,27.771],[-82.425,27.782],[-82.395,27.832],[-82.402,27.883],[-82.415,27.895],[-82.461,27.938],[-82.554,27.967],[-82.575,27.952],[-82.58,27.958],[-82.636,27.981],[-82.675,27.964],[-82.634,27.898],[-82.633,27.898],[-82.601,27.843],[-82.611,27.777],[-82.626,27.746],[-82.661,27.718],[-82.715,27.733],[-82.743,27.709],[-82.774,27.733],[-82.842,27.851],[-82.748,28.237],[-82.661,28.486],[-82.658,28.56],[-82.653,28.577],[-82.657,28.597],[-82.651,28.77],[-82.644,28.812],[-82.652,28.888],[-82.769,29.051],[-82.782,29.061],[-82.82,29.162],[-82.833,29.162],[-82.914,29.163],[-83.291,29.452],[-83.51,29.71],[-83.543,29.755],[-83.601,29.833],[-83.651,29.874],[-83.695,29.926],[-83.738,29.948],[-83.739,29.949],[-84.024,30.103],[-84.042,30.102],[-84.044,30.104],[-84.058,30.102],[-84.173,30.096],[-84.246,30.093],[-84.277,30.07],[-84.31,30.065],[-84.355,30.029],[-84.367,30.002],[-84.47,29.925],[-84.518,29.902],[-84.55,29.898],[-84.783,29.782],[-84.815,29.774],[-84.889,29.778],[-84.969,29.745],[-85.029,29.721],[-85.186,29.708],[-85.255,29.693],[-85.316,29.687],[-85.315,29.698],[-85.303,29.809],[-85.348,29.866],[-85.354,29.876],[-85.358,29.878],[-85.367,29.891],[-85.405,29.938],[-85.578,30.038],[-85.676,30.122],[-85.623,30.117],[-85.61,30.148],[-85.663,30.19],[-85.641,30.237],[-85.604,30.287],[-85.676,30.279],[-85.741,30.244],[-85.743,30.201],[-85.756,30.167],[-85.791,30.172],[-85.856,30.214],[-86.175,30.332],[-86.306,30.364],[-86.314,30.366],[-86.318,30.367],[-86.454,30.399],[-86.24,30.429],[-86.124,30.406],[-86.138,30.442],[-86.166,30.464],[-86.257,30.493],[-86.374,30.482],[-86.448,30.496],[-86.523,30.467],[-86.606,30.425],[-86.68,30.403],[-86.968,30.372],[-87.201,30.339],[-87.164,30.374],[-87.124,30.397],[-86.986,30.431],[-86.965,30.502],[-86.998,30.57],[-87.034,30.554],[-87.072,30.501],[-87.119,30.539],[-87.171,30.539],[-87.185,30.454],[-87.251,30.397],[-87.281,30.339],[-87.373,30.318],[-87.492,30.304],[-87.501,30.309],[-87.444,30.364],[-87.448,30.394],[-87.49,30.378]]],[[[-80.365,27.685],[-80.172,27.21],[-80.17,27.205],[-80.263,27.376],[-80.376,27.643],[-80.421,27.797],[-80.365,27.685]]],[[[-80.332,25.263],[-80.396,25.165],[-80.433,25.108],[-80.439,25.159],[-80.404,25.179],[-80.355,25.234],[-80.352,25.283],[-80.332,25.263]]],[[[-81.392,24.687],[-81.422,24.733],[-81.42,24.75],[-81.38,24.723],[-81.392,24.687]]],[[[-81.614,24.593],[-81.631,24.59],[-81.579,24.629],[-81.562,24.689],[-81.532,24.642],[-81.532,24.631],[-81.614,24.593]]],[[[-81.81,24.546],[-81.81,24.55],[-81.804,24.561],[-81.768,24.577],[-81.739,24.575],[-81.74,24.555],[-81.81,24.546]]]]}},{"type":"Feature","id":"GA","properties":{"id":"GA"},"geometry":{"type":"MultiPolygon","coordinates":[[[[-85.007,31.002],[-85.068,31.118],[-85.093,31.296],[-85.055,31.573],[-85.067,31.635],[-85.067,31.635],[-85.125,31.777],[-85.124,31.881],[-85.064,32.051],[-85.065,32.051],[-85.035,32.147],[-84.993,32.202],[-84.93,32.246],[-84.921,32.286],[-84.969,32.32],[-84.986,32.361],[-84.974,32.409],[-85.015,32.526],[-85.156,32.804],[-85.176,32.898],[-85.201,32.956],[-85.227,33.084],[-85.254,33.212],[-85.28,33.34],[-85.307,33.467],[-85.333,33.595],[-85.36,33.723],[-85.386,33.851],[-85.412,33.979],[-85.439,34.106],[-85.465,34.234],[-85.492,34.362],[-85.518,34.49],[-85.544,34.618],[-85.571,34.745],[-85.597,34.873],[-85.624,35.001],[-85.299,34.998],[-84.974,34.994],[-84.65,34.991],[-84.325,34.988],[-84.022,34.991],[-83.72,34.995],[-83.417,34.998],[-83.115,35.001],[-83.121,35.001],[-83.17,34.933],[-83.317,34.806],[-83.356,34.708],[-83.166,34.6],[-83.166,34.599],[-83.053,34.511],[-82.976,34.476],[-82.897,34.466],[-82.848,34.437],[-82.819,34.366],[-82.589,34.017],[-82.589,34.018],[-82.352,33.838],[-82.257,33.749],[-82.208,33.664],[-82.006,33.523],[-81.936,33.447],[-81.933,33.39],[-81.909,33.349],[-81.864,33.325],[-81.821,33.274],[-81.78,33.195],[-81.699,33.127],[-81.578,33.069],[-81.49,32.936],[-81.434,32.728],[-81.377,32.607],[-81.29,32.557],[-81.172,32.38],[-81.133,32.275],[-81.135,32.182],[-81.075,32.11],[-80.872,32.03],[-80.897,31.988],[-80.943,31.937],[-81.046,31.892],[-81.083,31.894],[-81.113,31.879],[-81.096,31.841],[-81.065,31.814],[-81.066,31.796],[-81.104,31.752],[-81.162,31.744],[-81.198,31.704],[-81.187,31.667],[-81.166,31.646],[-81.166,31.64],[-81.181,31.605],[-81.243,31.574],[-81.259,31.539],[-81.223,31.528],[-81.212,31.533],[-81.251,31.442],[-81.258,31.436],[-81.295,31.371],[-81.381,31.353],[-81.378,31.332],[-81.329,31.314],[-81.314,31.295],[-81.367,31.172],[-81.412,31.18],[-81.442,31.2],[-81.46,31.127],[-81.453,31.088],[-81.472,31.009],[-81.501,30.914],[-81.52,30.875],[-81.516,30.802],[-81.504,30.731],[-81.673,30.74],[-81.88,30.806],[-81.936,30.819],[-81.957,30.814],[-81.983,30.79],[-82.013,30.778],[-82.038,30.732],[-82.041,30.653],[-82.022,30.56],[-82.03,30.478],[-82.062,30.405],[-82.112,30.371],[-82.163,30.376],[-82.194,30.393],[-82.206,30.422],[-82.213,30.481],[-82.239,30.533],[-82.24,30.566],[-82.399,30.575],[-82.559,30.584],[-82.718,30.594],[-82.878,30.603],[-83.037,30.612],[-83.196,30.622],[-83.356,30.631],[-83.515,30.64],[-83.675,30.65],[-83.834,30.659],[-83.993,30.668],[-84.153,30.678],[-84.312,30.687],[-84.471,30.696],[-84.631,30.706],[-84.79,30.715],[-84.884,30.721],[-84.887,30.759],[-84.966,30.923],[-85.007,31.002]]],[[[-81.437,30.872],[-81.464,30.728],[-81.483,30.814],[-81.484,30.898],[-81.451,30.947],[-81.436,30.959],[-81.437,30.872]]]]}},{"type":"Feature","id":"HI","properties":{"id":"HI"},"geometry":{"type":"MultiPolygon","coordinates":[[[[-159.587,22.218],[-159.493,22.222],[-159.381,22.22],[-159.377,22.218],[-159.334,22.195],[-159.305,22.155],[-159.305,22.151],[-159.301,22.105],[-159.33,22.051],[-159.344,21.974],[-159.373,21.932],[-159.461,21.876],[-159.512,21.9],[-159.609,21.91],[-159.646,21.952],[-159.735,21.985],[-159.754,21.997],[-159.781,22.031],[-159.738,22.122],[-159.729,22.136],[-159.587,22.218]]],[[[-157.707,21.284],[-157.77,21.272],[-157.778,21.271],[-157.818,21.277],[-157.849,21.291],[-157.902,21.341],[-157.959,21.327],[-157.968,21.367],[-157.978,21.378],[-158.017,21.368],[-157.981,21.316],[-158.054,21.313],[-158.112,21.322],[-158.138,21.377],[-158.199,21.445],[-158.239,21.508],[-158.239,21.533],[-158.27,21.58],[-158.255,21.587],[-158.123,21.6],[-158.02,21.692],[-157.972,21.7],[-157.877,21.575],[-157.844,21.47],[-157.784,21.412],[-157.763,21.438],[-157.659,21.295],[-157.668,21.291],[-157.707,21.284]]],[[[-157.244,21.22],[-157.216,21.216],[-157.214,21.215],[-157.002,21.188],[-156.991,21.191],[-156.927,21.183],[-156.917,21.177],[-156.773,21.166],[-156.736,21.162],[-156.712,21.155],[-156.77,21.094],[-156.86,21.056],[-157.021,21.098],[-157.29,21.113],[-157.283,21.138],[-157.273,21.159],[-157.254,21.181],[-157.252,21.203],[-157.244,21.22]]],[[[-156.363,20.932],[-156.247,20.936],[-156.202,20.913],[-156.136,20.873],[-156.104,20.84],[-156.019,20.792],[-155.996,20.765],[-155.994,20.75],[-156.014,20.715],[-156.107,20.645],[-156.235,20.629],[-156.31,20.599],[-156.409,20.605],[-156.438,20.618],[-156.449,20.706],[-156.48,20.801],[-156.544,20.79],[-156.615,20.822],[-156.685,20.897],[-156.678,20.943],[-156.669,20.996],[-156.641,21.009],[-156.594,21.031],[-156.566,21.019],[-156.532,20.993],[-156.487,20.933],[-156.461,20.915],[-156.374,20.937],[-156.363,20.932]]],[[[-155.945,19.853],[-155.909,19.895],[-155.909,19.895],[-155.832,19.982],[-155.828,20.004],[-155.82,20.014],[-155.824,20.022],[-155.823,20.028],[-155.832,20.04],[-155.893,20.167],[-155.875,20.258],[-155.857,20.266],[-155.851,20.269],[-155.546,20.127],[-155.205,19.969],[-155.079,19.828],[-155.066,19.748],[-154.995,19.733],[-154.985,19.722],[-154.953,19.645],[-154.859,19.58],[-154.811,19.527],[-154.815,19.508],[-154.85,19.454],[-155.053,19.319],[-155.31,19.26],[-155.535,19.109],[-155.574,19.028],[-155.646,19.049],[-155.905,19.124],[-155.906,19.126],[-155.891,19.383],[-155.966,19.591],[-156.006,19.669],[-155.945,19.853]]]]}},{"type":"Feature","id":"IA","properties":{"id":"IA"},"geometry":{"type":"Polygon","coordinates":[[[-91.442,40.379],[-91.53,40.432],[-91.545,40.469],[-91.617,40.507],[-91.627,40.531],[-91.682,40.552],[-91.732,40.625],[-91.984,40.623],[-92.236,40.622],[-92.488,40.62],[-92.741,40.619],[-92.993,40.617],[-93.245,40.616],[-93.497,40.614],[-93.75,40.613],[-94.002,40.612],[-94.254,40.61],[-94.506,40.609],[-94.759,40.607],[-95.011,40.606],[-95.263,40.604],[-95.515,40.603],[-95.765,40.602],[-95.826,40.676],[-95.859,40.745],[-95.838,40.778],[-95.834,40.889],[-95.847,41.08],[-95.871,41.188],[-95.907,41.212],[-95.911,41.245],[-95.884,41.288],[-95.892,41.316],[-95.936,41.331],[-95.95,41.367],[-95.933,41.425],[-95.944,41.461],[-95.982,41.474],[-95.998,41.494],[-95.991,41.521],[-96.012,41.538],[-96.059,41.546],[-96.078,41.611],[-96.069,41.734],[-96.087,41.821],[-96.131,41.872],[-96.154,41.92],[-96.154,41.965],[-96.201,42.036],[-96.295,42.133],[-96.356,42.26],[-96.384,42.418],[-96.451,42.506],[-96.481,42.511],[-96.506,42.594],[-96.534,42.63],[-96.539,42.659],[-96.622,42.729],[-96.627,42.757],[-96.616,42.791],[-96.563,42.859],[-96.513,42.969],[-96.502,43.043],[-96.463,43.099],[-96.461,43.13],[-96.468,43.17],[-96.49,43.205],[-96.556,43.232],[-96.563,43.243],[-96.57,43.283],[-96.543,43.309],[-96.535,43.338],[-96.541,43.373],[-96.581,43.435],[-96.599,43.497],[-96.454,43.501],[-96.129,43.501],[-95.803,43.501],[-95.478,43.501],[-95.153,43.501],[-94.828,43.501],[-94.502,43.502],[-94.177,43.502],[-93.852,43.502],[-93.527,43.502],[-93.201,43.502],[-92.876,43.502],[-92.551,43.502],[-92.226,43.502],[-91.901,43.502],[-91.575,43.502],[-91.245,43.502],[-91.238,43.44],[-91.219,43.395],[-91.178,43.359],[-91.117,43.331],[-91.107,43.278],[-91.148,43.2],[-91.161,43.102],[-91.148,42.986],[-91.118,42.882],[-91.069,42.789],[-90.96,42.72],[-90.789,42.677],[-90.688,42.61],[-90.657,42.521],[-90.65,42.513],[-90.59,42.445],[-90.485,42.383],[-90.425,42.326],[-90.41,42.272],[-90.347,42.215],[-90.233,42.154],[-90.168,42.1],[-90.149,42.054],[-90.153,41.981],[-90.177,41.884],[-90.218,41.813],[-90.276,41.77],[-90.319,41.71],[-90.348,41.632],[-90.437,41.56],[-90.587,41.495],[-90.754,41.45],[-90.939,41.426],[-91.048,41.369],[-91.082,41.28],[-91.067,41.206],[-91.001,41.146],[-90.964,41.082],[-90.954,41.016],[-91.0,40.905],[-91.102,40.75],[-91.215,40.65],[-91.339,40.604],[-91.394,40.537],[-91.381,40.447],[-91.391,40.397],[-91.442,40.379]]]}},{"type":"Feature","id":"ID","properties":{"id":"ID"},"geometry":{"type":"Polygon","coordinates":[[[-117.039,48.993],[-116.717,48.993],[-116.291,48.993],[-116.048,48.993],[-116.048,48.747],[-116.048,48.499],[-116.049,48.252],[-116.049,48.005],[-115.942,47.904],[-115.862,47.842],[-115.811,47.776],[-115.734,47.706],[-115.718,47.681],[-115.691,47.607],[-115.711,47.553],[-115.67,47.498],[-115.677,47.47],[-115.708,47.457],[-115.714,47.452],[-115.713,47.447],[-115.702,47.438],[-115.593,47.385],[-115.486,47.312],[-115.349,47.261],[-115.306,47.231],[-115.126,47.085],[-115.034,46.991],[-114.936,46.923],[-114.887,46.845],[-114.786,46.777],[-114.761,46.742],[-114.754,46.735],[-114.74,46.734],[-114.678,46.75],[-114.662,46.745],[-114.631,46.719],[-114.624,46.678],[-114.602,46.66],[-114.563,46.65],[-114.519,46.648],[-114.381,46.668],[-114.351,46.668],[-114.337,46.659],[-114.33,46.638],[-114.332,46.601],[-114.346,46.551],[-114.387,46.5],[-114.38,46.453],[-114.413,46.344],[-114.444,46.271],[-114.446,46.199],[-114.485,46.158],[-114.464,46.11],[-114.478,46.036],[-114.465,46.016],[-114.416,45.982],[-114.397,45.891],[-114.405,45.874],[-114.493,45.839],[-114.522,45.815],[-114.534,45.782],[-114.496,45.686],[-114.532,45.633],[-114.537,45.587],[-114.529,45.576],[-114.448,45.551],[-114.351,45.497],[-114.319,45.486],[-114.298,45.488],[-114.256,45.506],[-114.21,45.542],[-114.117,45.579],[-114.007,45.659],[-114.001,45.681],[-113.992,45.693],[-113.978,45.692],[-113.943,45.682],[-113.873,45.633],[-113.813,45.607],[-113.802,45.601],[-113.797,45.588],[-113.8,45.54],[-113.766,45.503],[-113.756,45.441],[-113.722,45.379],[-113.697,45.305],[-113.607,45.209],[-113.557,45.14],[-113.504,45.109],[-113.471,45.073],[-113.447,45.029],[-113.438,44.994],[-113.469,44.93],[-113.461,44.904],[-113.432,44.874],[-113.339,44.808],[-113.32,44.803],[-113.234,44.81],[-113.187,44.799],[-113.141,44.765],[-113.093,44.715],[-113.063,44.665],[-113.054,44.605],[-113.006,44.539],[-113.0,44.48],[-112.97,44.454],[-112.91,44.419],[-112.854,44.398],[-112.831,44.397],[-112.816,44.406],[-112.81,44.438],[-112.787,44.463],[-112.716,44.498],[-112.648,44.497],[-112.393,44.468],[-112.375,44.47],[-112.364,44.48],[-112.32,44.533],[-112.285,44.554],[-112.231,44.561],[-112.074,44.548],[-111.892,44.555],[-111.797,44.54],[-111.659,44.56],[-111.5,44.545],[-111.479,44.554],[-111.475,44.565],[-111.489,44.585],[-111.491,44.624],[-111.459,44.671],[-111.448,44.711],[-111.416,44.733],[-111.372,44.746],[-111.337,44.745],[-111.304,44.723],[-111.265,44.687],[-111.197,44.591],[-111.161,44.556],[-111.117,44.525],[-111.051,44.499],[-111.051,44.343],[-111.051,44.187],[-111.051,44.03],[-111.051,43.874],[-111.051,43.718],[-111.051,43.562],[-111.051,43.406],[-111.051,43.25],[-111.051,43.094],[-111.051,42.938],[-111.051,42.782],[-111.051,42.625],[-111.051,42.469],[-111.051,42.313],[-111.05,42.157],[-111.05,42.001],[-111.237,42.001],[-111.424,42.001],[-111.611,42.001],[-111.798,42.001],[-111.985,42.001],[-112.172,42.001],[-112.36,42.001],[-112.546,42.001],[-112.734,42.001],[-112.92,42.001],[-113.108,42.001],[-113.294,42.001],[-113.482,42.001],[-113.668,42.001],[-113.856,42.001],[-114.043,42.001],[-114.414,42.001],[-114.786,42.001],[-115.158,42.001],[-115.53,42.001],[-115.902,42.001],[-116.273,42.001],[-116.645,42.001],[-117.016,42.001],[-117.017,42.224],[-117.018,42.447],[-117.018,42.67],[-117.018,42.893],[-117.019,43.117],[-117.019,43.34],[-117.02,43.563],[-117.02,43.808],[-117.02,43.813],[-116.957,43.964],[-116.944,44.038],[-116.961,44.079],[-116.95,44.119],[-116.911,44.157],[-116.912,44.2],[-116.953,44.245],[-117.029,44.275],[-117.14,44.29],[-117.197,44.344],[-117.202,44.436],[-117.119,44.578],[-116.949,44.77],[-116.856,44.906],[-116.839,44.985],[-116.737,45.169],[-116.549,45.457],[-116.477,45.641],[-116.521,45.722],[-116.617,45.799],[-116.765,45.873],[-116.869,45.959],[-116.897,46.002],[-116.93,46.056],[-116.948,46.124],[-116.922,46.164],[-116.943,46.232],[-117.01,46.33],[-117.039,46.397],[-117.032,46.42],[-117.025,46.429],[-117.026,46.589],[-117.027,46.75],[-117.028,46.91],[-117.028,47.07],[-117.029,47.231],[-117.03,47.391],[-117.031,47.551],[-117.032,47.712],[-117.032,47.872],[-117.033,48.032],[-117.034,48.192],[-117.035,48.353],[-117.036,48.513],[-117.037,48.673],[-117.037,48.834],[-117.039,48.993]]]}},{"type":"Feature","id":"IL","properties":{"id":"IL"},"geometry":{"type":"Polygon","coordinates":[[[-91.442,40.379],[-91.391,40.397],[-91.381,40.447],[-91.394,40.537],[-91.339,40.604],[-91.215,40.65],[-91.102,40.75],[-91.0,40.905],[-90.954,41.016],[-90.964,41.082],[-91.001,41.146],[-91.067,41.206],[-91.082,41.28],[-91.048,41.369],[-90.939,41.426],[-90.754,41.45],[-90.587,41.495],[-90.437,41.56],[-90.348,41.632],[-90.319,41.71],[-90.276,41.77],[-90.218,41.813],[-90.177,41.884],[-90.153,41.981],[-90.149,42.054],[-90.168,42.1],[-90.233,42.154],[-90.347,42.215],[-90.41,42.272],[-90.425,42.326],[-90.485,42.383],[-90.59,42.445],[-90.65,42.513],[-90.191,42.51],[-89.741,42.508],[-89.29,42.505],[-88.84,42.503],[-88.39,42.5],[-87.94,42.498],[-87.812,42.497],[-87.813,42.341],[-87.797,42.211],[-87.767,42.154],[-87.733,42.112],[-87.694,42.084],[-87.651,42.0],[-87.602,41.859],[-87.557,41.766],[-87.521,41.728],[-87.522,41.461],[-87.524,41.161],[-87.526,40.862],[-87.527,40.562],[-87.529,40.262],[-87.53,39.962],[-87.531,39.662],[-87.533,39.379],[-87.533,39.375],[-87.579,39.344],[-87.611,39.291],[-87.603,39.234],[-87.615,39.193],[-87.647,39.169],[-87.632,39.107],[-87.568,39.007],[-87.53,38.909],[-87.518,38.812],[-87.53,38.742],[-87.584,38.679],[-87.636,38.543],[-87.681,38.488],[-87.735,38.47],[-87.784,38.419],[-87.827,38.336],[-87.873,38.295],[-87.921,38.297],[-87.957,38.282],[-87.98,38.249],[-87.977,38.214],[-87.949,38.178],[-87.958,38.144],[-88.006,38.113],[-88.005,38.098],[-87.99,38.089],[-87.996,38.074],[-88.026,38.06],[-88.044,38.013],[-88.043,37.937],[-88.059,37.898],[-88.091,37.897],[-88.095,37.876],[-88.042,37.789],[-88.073,37.771],[-88.129,37.699],[-88.141,37.621],[-88.107,37.534],[-88.191,37.465],[-88.389,37.411],[-88.495,37.364],[-88.507,37.324],[-88.493,37.262],[-88.453,37.178],[-88.446,37.12],[-88.472,37.088],[-88.614,37.11],[-88.873,37.185],[-89.046,37.183],[-89.134,37.103],[-89.165,37.042],[-89.154,36.992],[-89.225,37.053],[-89.272,37.08],[-89.281,37.078],[-89.292,37.071],[-89.296,37.052],[-89.293,37.038],[-89.286,37.023],[-89.29,37.013],[-89.301,37.012],[-89.352,37.036],[-89.414,37.102],[-89.487,37.213],[-89.503,37.301],[-89.462,37.366],[-89.462,37.434],[-89.503,37.506],[-89.523,37.576],[-89.523,37.645],[-89.623,37.747],[-89.823,37.884],[-89.97,37.969],[-90.064,38.0],[-90.173,38.069],[-90.299,38.174],[-90.366,38.254],[-90.374,38.31],[-90.317,38.458],[-90.151,38.781],[-90.132,38.819],[-90.127,38.833],[-90.134,38.847],[-90.15,38.86],[-90.22,38.898],[-90.355,38.93],[-90.478,38.948],[-90.577,38.91],[-90.663,38.987],[-90.737,39.182],[-90.919,39.387],[-91.21,39.603],[-91.379,39.749],[-91.426,39.827],[-91.467,39.943],[-91.502,40.098],[-91.5,40.226],[-91.442,40.379]]]}},{"type":"Feature","id":"IN","properties":{"id":"IN"},"geometry":{"type":"Polygon","coordinates":[[[-88.042,37.789],[-88.095,37.876],[-88.091,37.897],[-88.059,37.898],[-88.043,37.937],[-88.044,38.013],[-88.026,38.06],[-87.996,38.074],[-87.99,38.089],[-88.005,38.098],[-88.006,38.113],[-87.958,38.144],[-87.949,38.178],[-87.977,38.214],[-87.98,38.249],[-87.957,38.282],[-87.921,38.297],[-87.873,38.295],[-87.827,38.336],[-87.784,38.419],[-87.735,38.47],[-87.681,38.488],[-87.636,38.543],[-87.584,38.679],[-87.53,38.742],[-87.518,38.812],[-87.53,38.909],[-87.568,39.007],[-87.632,39.107],[-87.647,39.169],[-87.615,39.193],[-87.603,39.234],[-87.611,39.291],[-87.579,39.344],[-87.533,39.375],[-87.533,39.379],[-87.531,39.662],[-87.53,39.962],[-87.529,40.262],[-87.527,40.562],[-87.526,40.862],[-87.524,41.161],[-87.522,41.461],[-87.521,41.728],[-87.515,41.721],[-87.477,41.696],[-87.447,41.681],[-87.425,41.679],[-87.413,41.656],[-87.356,41.643],[-87.253,41.638],[-87.159,41.646],[-87.073,41.669],[-86.863,41.761],[-86.615,41.76],[-86.312,41.76],[-86.009,41.76],[-85.706,41.76],[-85.403,41.76],[-85.1,41.76],[-84.796,41.76],[-84.796,41.701],[-84.8,41.376],[-84.803,41.051],[-84.807,40.725],[-84.81,40.4],[-84.813,40.075],[-84.817,39.749],[-84.82,39.424],[-84.822,39.092],[-84.838,39.083],[-84.861,39.04],[-84.835,38.996],[-84.836,38.961],[-84.864,38.933],[-84.854,38.913],[-84.808,38.899],[-84.79,38.868],[-84.801,38.819],[-84.901,38.77],[-85.094,38.714],[-85.136,38.697],[-85.17,38.69],[-85.186,38.694],[-85.211,38.704],[-85.246,38.727],[-85.307,38.737],[-85.406,38.73],[-85.445,38.683],[-85.425,38.597],[-85.459,38.53],[-85.546,38.484],[-85.609,38.423],[-85.646,38.347],[-85.706,38.301],[-85.789,38.285],[-85.855,38.215],[-85.906,38.091],[-85.961,38.014],[-86.021,37.984],[-86.103,37.992],[-86.208,38.037],[-86.268,38.083],[-86.284,38.13],[-86.315,38.164],[-86.343,38.179],[-86.361,38.179],[-86.362,38.172],[-86.355,38.159],[-86.365,38.145],[-86.43,38.14],[-86.458,38.12],[-86.449,38.086],[-86.463,38.062],[-86.5,38.048],[-86.52,38.015],[-86.522,37.964],[-86.549,37.917],[-86.599,37.875],[-86.673,37.889],[-86.77,37.96],[-86.869,37.976],[-86.969,37.938],[-87.044,37.886],[-87.094,37.821],[-87.141,37.805],[-87.21,37.855],[-87.372,37.924],[-87.457,37.938],[-87.518,37.922],[-87.562,37.929],[-87.576,37.948],[-87.588,37.956],[-87.599,37.947],[-87.601,37.887],[-87.615,37.849],[-87.643,37.833],[-87.665,37.846],[-87.679,37.886],[-87.715,37.9],[-87.77,37.885],[-87.825,37.891],[-87.874,37.916],[-87.892,37.913],[-87.906,37.902],[-87.902,37.855],[-87.913,37.818],[-87.938,37.794],[-87.975,37.788],[-88.022,37.801],[-88.042,37.789]]]}},{"type":"Feature","id":"KS","properties":{"id":"KS"},"geometry":{"type":"Polygon","coordinates":[[[-102.013,37.001],[-102.013,37.188],[-102.014,37.376],[-102.015,37.563],[-102.016,37.751],[-102.016,37.938],[-102.017,38.126],[-102.018,38.314],[-102.019,38.501],[-102.019,38.688],[-102.02,38.876],[-102.021,39.064],[-102.021,39.251],[-102.022,39.439],[-102.023,39.626],[-102.024,39.814],[-102.025,40.001],[-101.815,40.001],[-101.605,40.001],[-101.396,40.001],[-101.186,40.001],[-100.976,40.001],[-100.767,40.001],[-100.557,40.001],[-100.348,40.001],[-100.138,40.001],[-99.928,40.001],[-99.719,40.001],[-99.509,40.001],[-99.3,40.001],[-99.09,40.001],[-98.88,40.001],[-98.671,40.001],[-98.461,40.001],[-98.252,40.001],[-98.042,40.001],[-97.832,40.001],[-97.623,40.001],[-97.413,40.001],[-97.204,40.001],[-96.994,40.001],[-96.784,40.001],[-96.575,40.001],[-96.365,40.001],[-96.156,40.001],[-95.946,40.001],[-95.737,40.001],[-95.527,40.001],[-95.347,40.001],[-95.116,39.872],[-95.055,39.871],[-94.984,39.891],[-94.93,39.862],[-94.893,39.782],[-94.898,39.741],[-94.946,39.74],[-95.005,39.691],[-95.075,39.597],[-95.058,39.509],[-94.952,39.426],[-94.882,39.343],[-94.847,39.259],[-94.778,39.194],[-94.622,39.124],[-94.624,39.086],[-94.624,38.956],[-94.624,38.825],[-94.623,38.695],[-94.623,38.565],[-94.623,38.434],[-94.622,38.304],[-94.622,38.174],[-94.621,38.043],[-94.621,37.913],[-94.621,37.783],[-94.62,37.652],[-94.62,37.522],[-94.619,37.392],[-94.619,37.261],[-94.618,37.131],[-94.618,37.001],[-94.849,37.001],[-95.08,37.001],[-95.311,37.001],[-95.542,37.001],[-95.774,37.001],[-96.005,37.001],[-96.235,37.001],[-96.467,37.001],[-96.698,37.001],[-96.929,37.001],[-97.16,37.001],[-97.391,37.001],[-97.622,37.001],[-97.853,37.001],[-98.084,37.001],[-98.316,37.001],[-98.547,37.001],[-98.777,37.001],[-99.009,37.001],[-99.24,37.001],[-99.471,37.001],[-99.702,37.001],[-99.933,37.001],[-100.164,37.001],[-100.395,37.001],[-100.626,37.001],[-100.857,37.001],[-101.088,37.001],[-101.319,37.001],[-101.551,37.001],[-101.782,37.001],[-102.013,37.001]]]}},{"type":"Feature","id":"KY","properties":{"id":"KY"},"geometry":{"type":"MultiPolygon","coordinates":[[[[-89.154,36.992],[-89.165,37.042],[-89.134,37.103],[-89.046,37.183],[-88.873,37.185],[-88.614,37.11],[-88.472,37.088],[-88.446,37.12],[-88.453,37.178],[-88.493,37.262],[-88.507,37.324],[-88.495,37.364],[-88.389,37.411],[-88.191,37.465],[-88.107,37.534],[-88.141,37.621],[-88.129,37.699],[-88.073,37.771],[-88.042,37.789],[-88.022,37.801],[-87.975,37.788],[-87.938,37.794],[-87.913,37.818],[-87.902,37.855],[-87.906,37.902],[-87.892,37.913],[-87.874,37.916],[-87.825,37.891],[-87.77,37.885],[-87.715,37.9],[-87.679,37.886],[-87.665,37.846],[-87.643,37.833],[-87.615,37.849],[-87.601,37.887],[-87.599,37.947],[-87.588,37.956],[-87.576,37.948],[-87.562,37.929],[-87.518,37.922],[-87.457,37.938],[-87.372,37.924],[-87.21,37.855],[-87.141,37.805],[-87.094,37.821],[-87.044,37.886],[-86.969,37.938],[-86.869,37.976],[-86.77,37.96],[-86.673,37.889],[-86.599,37.875],[-86.549,37.917],[-86.522,37.964],[-86.52,38.015],[-86.5,38.048],[-86.463,38.062],[-86.449,38.086],[-86.458,38.12],[-86.43,38.14],[-86.365,38.145],[-86.355,38.159],[-86.362,38.172],[-86.361,38.179],[-86.343,38.179],[-86.315,38.164],[-86.284,38.13],[-86.268,38.083],[-86.208,38.037],[-86.103,37.992],[-86.021,37.984],[-85.961,38.014],[-85.906,38.091],[-85.855,38.215],[-85.789,38.285],[-85.706,38.301],[-85.646,38.347],[-85.609,38.423],[-85.546,38.484],[-85.459,38.53],[-85.425,38.597],[-85.445,38.683],[-85.406,38.73],[-85.307,38.737],[-85.246,38.727],[-85.211,38.704],[-85.186,38.694],[-85.17,38.69],[-85.136,38.697],[-85.094,38.714],[-84.901,38.77],[-84.801,38.819],[-84.79,38.868],[-84.808,38.899],[-84.854,38.913],[-84.864,38.933],[-84.836,38.961],[-84.835,38.996],[-84.861,39.04],[-84.838,39.083],[-84.822,39.092],[-84.766,39.125],[-84.707,39.129],[-84.66,39.095],[-84.595,39.086],[-84.509,39.103],[-84.43,39.091],[-84.358,39.05],[-84.29,38.975],[-84.227,38.865],[-84.113,38.798],[-83.948,38.774],[-83.828,38.731],[-83.752,38.669],[-83.69,38.65],[-83.616,38.683],[-83.538,38.7],[-83.461,38.68],[-83.357,38.627],[-83.203,38.639],[-83.0,38.714],[-82.881,38.71],[-82.845,38.628],[-82.758,38.541],[-82.621,38.451],[-82.613,38.448],[-82.59,38.42],[-82.579,38.272],[-82.585,38.243],[-82.62,38.182],[-82.618,38.15],[-82.589,38.1],[-82.482,37.984],[-82.472,37.938],[-82.43,37.894],[-82.394,37.828],[-82.28,37.687],[-82.103,37.571],[-81.965,37.54],[-82.343,37.297],[-82.517,37.209],[-82.681,37.138],[-82.695,37.126],[-82.732,37.048],[-82.832,36.979],[-82.895,36.906],[-83.044,36.846],[-83.15,36.762],[-83.417,36.681],[-83.566,36.653],[-83.668,36.605],[-83.675,36.603],[-83.683,36.601],[-83.691,36.598],[-83.699,36.596],[-83.707,36.594],[-83.715,36.591],[-83.723,36.589],[-83.731,36.587],[-84.078,36.597],[-84.425,36.606],[-84.772,36.616],[-85.119,36.626],[-85.466,36.636],[-85.813,36.645],[-86.161,36.655],[-86.508,36.665],[-86.841,36.66],[-87.173,36.654],[-87.506,36.649],[-87.839,36.644],[-87.869,36.675],[-87.956,36.682],[-88.091,36.693],[-88.096,36.693],[-88.057,36.59],[-88.056,36.501],[-88.059,36.5],[-88.215,36.5],[-88.388,36.5],[-88.561,36.5],[-88.734,36.5],[-88.906,36.5],[-89.079,36.5],[-89.252,36.5],[-89.45,36.5],[-89.398,36.588],[-89.351,36.611],[-89.331,36.616],[-89.28,36.6],[-89.256,36.594],[-89.203,36.626],[-89.156,36.716],[-89.129,36.811],[-89.123,36.912],[-89.154,36.992]]],[[[-89.487,36.503],[-89.557,36.501],[-89.56,36.513],[-89.556,36.541],[-89.55,36.553],[-89.536,36.555],[-89.52,36.555],[-89.497,36.529],[-89.487,36.503]]]]}},{"type":"Feature","id":"LA","properties":{"id":"LA"},"geometry":{"type":"Polygon","coordinates":[[[-94.041,33.012],[-93.862,33.012],[-93.682,33.012],[-93.502,33.013],[-93.323,33.013],[-93.143,33.013],[-92.963,33.013],[-92.783,33.013],[-92.604,33.014],[-92.424,33.014],[-92.245,33.014],[-92.065,33.014],[-91.885,33.014],[-91.706,33.015],[-91.526,33.015],[-91.346,33.015],[-91.15,33.016],[-91.144,32.967],[-91.096,32.938],[-91.093,32.885],[-91.136,32.809],[-91.136,32.756],[-91.092,32.726],[-91.094,32.694],[-91.143,32.661],[-91.15,32.625],[-91.116,32.586],[-91.101,32.541],[-91.104,32.49],[-91.059,32.424],[-90.99,32.381],[-90.945,32.331],[-90.941,32.303],[-90.938,32.277],[-90.948,32.24],[-91.005,32.186],[-91.048,32.146],[-91.075,32.131],[-91.089,32.104],[-91.093,32.046],[-91.157,31.971],[-91.287,31.884],[-91.373,31.774],[-91.415,31.64],[-91.459,31.555],[-91.506,31.519],[-91.529,31.449],[-91.529,31.345],[-91.559,31.288],[-91.618,31.277],[-91.631,31.218],[-91.597,31.11],[-91.611,31.065],[-91.653,31.03],[-91.656,31.002],[-91.417,31.001],[-91.177,31.001],[-90.937,31.001],[-90.697,31.001],[-90.456,31.001],[-90.216,31.001],[-89.975,31.001],[-89.735,31.001],[-89.765,30.886],[-89.835,30.731],[-89.838,30.69],[-89.82,30.64],[-89.82,30.611],[-89.794,30.569],[-89.737,30.527],[-89.686,30.463],[-89.641,30.349],[-89.629,30.296],[-89.592,30.223],[-89.573,30.209],[-89.545,30.201],[-89.532,30.196],[-89.583,30.168],[-89.588,30.166],[-89.954,30.269],[-90.045,30.351],[-90.126,30.369],[-90.225,30.379],[-90.332,30.278],[-90.413,30.14],[-90.285,30.065],[-90.175,30.029],[-89.994,30.059],[-89.894,30.126],[-89.812,30.124],[-89.773,30.137],[-89.737,30.172],[-89.668,30.145],[-89.665,30.122],[-89.846,30.021],[-89.839,29.946],[-89.665,29.863],[-89.478,29.891],[-89.376,29.906],[-89.358,29.917],[-89.363,29.84],[-89.354,29.82],[-89.456,29.784],[-89.531,29.772],[-89.591,29.725],[-89.559,29.698],[-89.621,29.674],[-89.662,29.684],[-89.683,29.675],[-89.689,29.646],[-89.721,29.619],[-89.678,29.544],[-89.677,29.538],[-89.526,29.418],[-89.46,29.403],[-89.246,29.333],[-89.191,29.335],[-89.149,29.292],[-89.117,29.248],[-89.091,29.233],[-89.057,29.198],[-89.039,29.135],[-89.041,29.133],[-89.11,29.099],[-89.124,29.066],[-89.182,29.041],[-89.195,29.054],[-89.236,29.081],[-89.331,28.999],[-89.376,28.981],[-89.354,29.07],[-89.389,29.105],[-89.443,29.194],[-89.505,29.238],[-89.588,29.314],[-89.671,29.39],[-89.835,29.452],[-89.865,29.449],[-89.877,29.458],[-90.159,29.537],[-90.161,29.504],[-90.141,29.48],[-90.101,29.463],[-90.052,29.431],[-90.053,29.341],[-90.108,29.265],[-90.308,29.271],[-90.455,29.329],[-90.485,29.319],[-90.532,29.303],[-90.557,29.281],[-90.586,29.272],[-90.623,29.223],[-90.632,29.214],[-90.829,29.15],[-91.003,29.193],[-91.158,29.245],[-91.202,29.3],[-91.225,29.329],[-91.151,29.318],[-91.156,29.351],[-91.244,29.457],[-91.26,29.505],[-91.249,29.564],[-91.278,29.563],[-91.331,29.514],[-91.431,29.536],[-91.612,29.667],[-91.672,29.746],[-91.724,29.748],[-91.836,29.828],[-91.843,29.83],[-91.882,29.835],[-91.892,29.834],[-91.893,29.836],[-91.906,29.832],[-91.959,29.825],[-91.984,29.81],[-92.017,29.8],[-92.08,29.761],[-92.098,29.741],[-92.167,29.7],[-92.125,29.664],[-92.074,29.621],[-92.241,29.561],[-92.261,29.557],[-92.643,29.594],[-92.671,29.6],[-92.73,29.623],[-92.911,29.694],[-92.952,29.714],[-93.176,29.779],[-93.283,29.789],[-93.389,29.777],[-93.695,29.77],[-93.766,29.753],[-93.826,29.725],[-93.866,29.756],[-93.884,29.81],[-93.848,29.819],[-93.809,29.851],[-93.773,29.914],[-93.769,29.952],[-93.794,29.977],[-93.727,30.077],[-93.711,30.113],[-93.721,30.283],[-93.75,30.345],[-93.747,30.38],[-93.715,30.473],[-93.72,30.558],[-93.665,30.661],[-93.625,30.714],[-93.579,30.824],[-93.569,30.895],[-93.549,30.948],[-93.563,31.005],[-93.53,31.046],[-93.551,31.104],[-93.558,31.18],[-93.597,31.21],[-93.666,31.323],[-93.664,31.372],[-93.736,31.478],[-93.737,31.514],[-93.807,31.569],[-93.821,31.604],[-93.827,31.75],[-93.845,31.793],[-93.905,31.877],[-94.043,31.999],[-94.043,32.126],[-94.043,32.252],[-94.043,32.379],[-94.042,32.506],[-94.042,32.632],[-94.042,32.759],[-94.042,32.885],[-94.041,33.012]]]}},{"type":"Feature","id":"MA","properties":{"id":"MA"},"geometry":{"type":"Polygon","coordinates":[[[-71.801,42.012],[-71.802,42.023],[-71.921,42.024],[-72.041,42.026],[-72.16,42.027],[-72.28,42.028],[-72.399,42.03],[-72.519,42.031],[-72.638,42.033],[-72.758,42.034],[-72.763,42.011],[-72.806,42.008],[-72.808,42.034],[-72.892,42.037],[-72.976,42.039],[-73.06,42.042],[-73.144,42.045],[-73.228,42.047],[-73.312,42.05],[-73.396,42.053],[-73.481,42.056],[-73.507,42.08],[-73.476,42.164],[-73.444,42.248],[-73.412,42.332],[-73.38,42.416],[-73.348,42.5],[-73.317,42.584],[-73.285,42.668],[-73.253,42.752],[-73.155,42.749],[-73.057,42.747],[-72.959,42.744],[-72.86,42.741],[-72.762,42.738],[-72.663,42.736],[-72.565,42.733],[-72.467,42.73],[-72.325,42.727],[-72.182,42.723],[-72.04,42.72],[-71.898,42.716],[-71.756,42.713],[-71.614,42.709],[-71.472,42.706],[-71.33,42.702],[-71.242,42.729],[-71.139,42.808],[-71.076,42.825],[-70.974,42.872],[-70.923,42.882],[-70.814,42.877],[-70.818,42.851],[-70.829,42.825],[-70.8,42.774],[-70.782,42.724],[-70.776,42.701],[-70.99,42.38],[-71.046,42.331],[-71.03,42.321],[-71.041,42.303],[-70.954,42.256],[-70.888,42.275],[-70.881,42.277],[-70.877,42.277],[-70.65,42.008],[-70.656,41.987],[-70.616,41.969],[-70.598,41.948],[-70.533,41.805],[-70.413,41.744],[-70.345,41.74],[-70.295,41.729],[-70.273,41.735],[-70.235,41.732],[-70.104,41.767],[-70.023,41.788],[-70.017,41.82],[-70.002,41.826],[-70.006,41.872],[-70.007,41.874],[-70.006,41.882],[-70.095,42.033],[-70.113,42.041],[-70.155,42.062],[-70.163,42.058],[-70.173,42.063],[-70.191,42.042],[-70.198,42.037],[-70.233,42.068],[-70.189,42.082],[-70.071,42.044],[-70.039,42.016],[-70.034,42.01],[-69.986,41.95],[-69.951,41.847],[-69.941,41.808],[-69.934,41.71],[-69.949,41.677],[-69.987,41.684],[-70.059,41.677],[-70.405,41.627],[-70.431,41.612],[-70.596,41.642],[-70.639,41.649],[-70.64,41.657],[-70.649,41.718],[-70.697,41.729],[-70.754,41.683],[-70.974,41.548],[-71.08,41.538],[-71.169,41.489],[-71.188,41.516],[-71.204,41.641],[-71.149,41.746],[-71.178,41.744],[-71.234,41.706],[-71.268,41.751],[-71.305,41.775],[-71.341,41.798],[-71.34,41.835],[-71.337,41.891],[-71.379,41.902],[-71.384,41.972],[-71.387,42.017],[-71.462,42.016],[-71.524,42.015],[-71.623,42.014],[-71.726,42.013],[-71.801,42.012]]]}},{"type":"Feature","id":"MD","properties":{"id":"MD"},"geometry":{"type":"MultiPolygon","coordinates":[[[[-77.031,38.889],[-77.02,38.807],[-76.931,38.888],[-76.989,38.952],[-77.042,39.012],[-77.122,38.943],[-77.19,38.969],[-77.301,39.053],[-77.481,39.113],[-77.506,39.143],[-77.503,39.175],[-77.479,39.221],[-77.534,39.266],[-77.669,39.31],[-77.727,39.346],[-77.739,39.354],[-77.745,39.4],[-77.762,39.429],[-77.792,39.442],[-77.797,39.462],[-77.78,39.488],[-77.798,39.517],[-77.853,39.548],[-77.872,39.576],[-77.855,39.6],[-77.883,39.611],[-77.956,39.609],[-78.027,39.631],[-78.098,39.678],[-78.181,39.686],[-78.325,39.639],[-78.407,39.628],[-78.443,39.601],[-78.46,39.556],[-78.495,39.533],[-78.575,39.533],[-78.588,39.534],[-78.678,39.55],[-78.742,39.578],[-78.753,39.589],[-78.746,39.614],[-78.758,39.625],[-78.778,39.627],[-78.796,39.613],[-78.815,39.57],[-78.972,39.454],[-79.047,39.477],[-79.075,39.476],[-79.293,39.312],[-79.36,39.285],[-79.488,39.211],[-79.485,39.339],[-79.483,39.467],[-79.48,39.595],[-79.477,39.723],[-79.247,39.723],[-79.016,39.723],[-78.785,39.723],[-78.554,39.723],[-78.324,39.723],[-78.093,39.723],[-77.862,39.723],[-77.631,39.723],[-77.4,39.723],[-77.169,39.722],[-76.939,39.722],[-76.708,39.722],[-76.477,39.722],[-76.246,39.722],[-76.016,39.722],[-75.785,39.722],[-75.775,39.564],[-75.765,39.406],[-75.756,39.247],[-75.746,39.089],[-75.736,38.93],[-75.727,38.772],[-75.717,38.614],[-75.707,38.455],[-75.705,38.455],[-75.702,38.455],[-75.7,38.455],[-75.698,38.455],[-75.696,38.455],[-75.693,38.455],[-75.691,38.455],[-75.688,38.455],[-75.588,38.455],[-75.366,38.455],[-75.144,38.455],[-75.058,38.455],[-75.054,38.415],[-75.074,38.374],[-75.074,38.41],[-75.09,38.425],[-75.117,38.406],[-75.134,38.384],[-75.142,38.298],[-75.16,38.255],[-75.225,38.242],[-75.292,38.129],[-75.354,38.065],[-75.376,38.025],[-75.47,38.015],[-75.62,37.999],[-75.655,37.959],[-75.653,37.966],[-75.67,37.969],[-75.715,37.978],[-75.733,37.973],[-75.735,37.974],[-75.828,37.972],[-75.837,38.009],[-75.829,38.033],[-75.795,38.087],[-75.855,38.14],[-75.871,38.143],[-75.885,38.2],[-75.884,38.217],[-75.864,38.261],[-75.877,38.318],[-75.877,38.319],[-75.859,38.362],[-75.889,38.355],[-75.908,38.337],[-75.941,38.342],[-75.961,38.344],[-75.985,38.33],[-75.986,38.332],[-76.007,38.323],[-76.011,38.314],[-76.06,38.285],[-76.116,38.318],[-76.212,38.361],[-76.265,38.436],[-76.295,38.495],[-76.264,38.6],[-76.198,38.619],[-76.113,38.601],[-76.001,38.602],[-76.017,38.625],[-76.057,38.621],[-76.175,38.707],[-76.213,38.758],[-76.239,38.764],[-76.239,38.826],[-76.168,38.853],[-76.191,38.916],[-76.238,38.942],[-76.238,38.958],[-76.247,39.009],[-76.245,39.009],[-76.186,38.991],[-76.135,39.082],[-76.133,39.123],[-76.217,39.064],[-76.236,39.192],[-76.153,39.315],[-76.075,39.368],[-76.035,39.365],[-76.028,39.365],[-76.027,39.368],[-75.976,39.367],[-75.876,39.376],[-75.939,39.399],[-76.003,39.411],[-75.955,39.46],[-75.913,39.468],[-75.873,39.511],[-75.97,39.505],[-75.959,39.585],[-75.966,39.583],[-75.965,39.586],[-76.015,39.568],[-76.063,39.561],[-76.073,39.545],[-76.092,39.538],[-76.232,39.427],[-76.248,39.439],[-76.25,39.413],[-76.267,39.399],[-76.307,39.368],[-76.331,39.404],[-76.347,39.388],[-76.345,39.365],[-76.358,39.328],[-76.365,39.322],[-76.406,39.304],[-76.405,39.29],[-76.469,39.239],[-76.57,39.269],[-76.574,39.254],[-76.505,39.176],[-76.517,39.053],[-76.546,39.068],[-76.559,39.065],[-76.521,39.005],[-76.544,38.774],[-76.537,38.709],[-76.518,38.539],[-76.431,38.363],[-76.439,38.362],[-76.51,38.404],[-76.572,38.436],[-76.647,38.539],[-76.659,38.58],[-76.677,38.612],[-76.668,38.538],[-76.642,38.454],[-76.409,38.268],[-76.366,38.197],[-76.333,38.141],[-76.336,38.123],[-76.348,38.092],[-76.402,38.125],[-76.455,38.174],[-76.593,38.228],[-76.715,38.252],[-76.784,38.282],[-76.868,38.39],[-76.868,38.337],[-76.875,38.321],[-76.958,38.357],[-76.988,38.394],[-77.001,38.445],[-77.077,38.442],[-77.156,38.397],[-77.232,38.408],[-77.241,38.495],[-77.221,38.541],[-77.135,38.65],[-77.054,38.706],[-77.018,38.778],[-77.031,38.889]]],[[[-75.236,38.039],[-75.252,38.037],[-75.226,38.072],[-75.159,38.199],[-75.236,38.039]]]]}},{"type":"Feature","id":"ME","properties":{"id":"ME"},"geometry":{"type":"Polygon","coordinates":[[[-69.054,47.295],[-69.05,47.279],[-69.049,47.274],[-69.003,47.236],[-68.937,47.211],[-68.887,47.203],[-68.833,47.203],[-68.829,47.203],[-68.779,47.219],[-68.668,47.253],[-68.645,47.257],[-68.481,47.286],[-68.377,47.316],[-68.361,47.339],[-68.358,47.345],[-68.311,47.354],[-68.31,47.354],[-68.241,47.347],[-68.235,47.346],[-68.233,47.345],[-68.117,47.285],[-68.097,47.275],[-67.935,47.168],[-67.807,47.083],[-67.807,47.078],[-67.803,46.936],[-67.8,46.78],[-67.798,46.616],[-67.796,46.498],[-67.793,46.337],[-67.79,46.209],[-67.787,46.06],[-67.786,46.042],[-67.785,45.953],[-67.767,45.927],[-67.777,45.892],[-67.782,45.874],[-67.781,45.86],[-67.774,45.842],[-67.775,45.818],[-67.792,45.796],[-67.8,45.77],[-67.8,45.767],[-67.801,45.755],[-67.863,45.74],[-67.779,45.67],[-67.626,45.602],[-67.512,45.589],[-67.491,45.595],[-67.449,45.607],[-67.45,45.608],[-67.433,45.603],[-67.414,45.566],[-67.424,45.53],[-67.455,45.514],[-67.488,45.501],[-67.489,45.496],[-67.494,45.474],[-67.488,45.465],[-67.477,45.446],[-67.454,45.421],[-67.428,45.378],[-67.439,45.34],[-67.462,45.309],[-67.471,45.281],[-67.473,45.276],[-67.453,45.248],[-67.4,45.21],[-67.367,45.174],[-67.315,45.154],[-67.304,45.16],[-67.291,45.168],[-67.271,45.187],[-67.25,45.201],[-67.213,45.193],[-67.171,45.182],[-67.125,45.17],[-67.131,45.139],[-67.102,45.088],[-67.101,45.084],[-67.08,44.989],[-67.114,44.944],[-67.107,44.885],[-67.014,44.868],[-66.992,44.85],[-66.987,44.828],[-67.191,44.676],[-67.311,44.69],[-67.308,44.707],[-67.345,44.694],[-67.364,44.697],[-67.458,44.657],[-67.556,44.645],[-67.574,44.616],[-67.765,44.578],[-67.79,44.586],[-67.839,44.576],[-67.874,44.514],[-67.914,44.455],[-67.963,44.464],[-67.985,44.42],[-68.011,44.403],[-68.09,44.434],[-68.094,44.439],[-68.117,44.491],[-68.152,44.502],[-68.196,44.515],[-68.199,44.517],[-68.204,44.515],[-68.246,44.515],[-68.277,44.507],[-68.317,44.474],[-68.349,44.458],[-68.376,44.447],[-68.417,44.469],[-68.451,44.508],[-68.479,44.446],[-68.514,44.392],[-68.559,44.374],[-68.682,44.41],[-68.734,44.425],[-68.71,44.442],[-68.736,44.454],[-68.777,44.446],[-68.795,44.454],[-68.766,44.51],[-68.763,44.571],[-68.8,44.549],[-68.847,44.485],[-68.961,44.434],[-68.959,44.4],[-68.979,44.386],[-69.015,44.296],[-69.04,44.234],[-69.256,43.99],[-69.345,44.001],[-69.391,43.978],[-69.427,43.973],[-69.525,43.912],[-69.541,43.963],[-69.557,43.983],[-69.59,43.887],[-69.624,43.881],[-69.637,43.949],[-69.653,43.994],[-69.699,43.955],[-69.73,43.852],[-69.762,43.861],[-69.772,43.899],[-69.795,43.911],[-69.803,43.867],[-69.793,43.812],[-69.988,43.863],[-70.027,43.842],[-70.062,43.835],[-70.179,43.766],[-70.269,43.672],[-70.257,43.666],[-70.444,43.412],[-70.521,43.349],[-70.628,43.16],[-70.649,43.131],[-70.691,43.109],[-70.733,43.07],[-70.813,43.164],[-70.829,43.239],[-70.92,43.328],[-70.956,43.389],[-70.967,43.458],[-70.962,43.532],[-70.97,43.643],[-70.978,43.754],[-70.985,43.865],[-70.993,43.975],[-71.001,44.086],[-71.008,44.197],[-71.016,44.308],[-71.024,44.419],[-71.031,44.53],[-71.039,44.641],[-71.047,44.751],[-71.055,44.862],[-71.062,44.973],[-71.07,45.084],[-71.077,45.195],[-71.084,45.294],[-71.06,45.309],[-71.013,45.331],[-71.0,45.337],[-70.997,45.337],[-70.96,45.333],[-70.926,45.291],[-70.898,45.262],[-70.865,45.271],[-70.837,45.311],[-70.838,45.366],[-70.799,45.405],[-70.753,45.411],[-70.711,45.409],[-70.69,45.428],[-70.692,45.452],[-70.692,45.455],[-70.707,45.499],[-70.702,45.551],[-70.596,45.644],[-70.467,45.707],[-70.421,45.738],[-70.408,45.802],[-70.333,45.868],[-70.309,45.893],[-70.296,45.906],[-70.287,45.939],[-70.296,45.957],[-70.306,45.98],[-70.305,46.057],[-70.279,46.15],[-70.248,46.251],[-70.227,46.279],[-70.18,46.342],[-70.067,46.441],[-70.038,46.571],[-70.02,46.656],[-70.008,46.709],[-69.872,46.843],[-69.717,46.995],[-69.63,47.081],[-69.472,47.239],[-69.359,47.351],[-69.302,47.402],[-69.243,47.463],[-69.225,47.459],[-69.146,47.445],[-69.05,47.427],[-69.064,47.338],[-69.054,47.295]]]}},{"type":"Feature","id":"MI","properties":{"id":"MI"},"geometry":{"type":"MultiPolygon","coordinates":[[[[-82.417,43.017],[-82.417,43.017],[-82.489,42.739],[-82.489,42.739],[-82.545,42.625],[-82.645,42.558],[-82.639,42.574],[-82.63,42.594],[-82.63,42.605],[-82.633,42.661],[-82.65,42.687],[-82.687,42.697],[-82.733,42.69],[-82.787,42.665],[-82.805,42.639],[-82.784,42.613],[-82.796,42.589],[-82.841,42.568],[-82.87,42.519],[-82.883,42.442],[-82.902,42.394],[-82.926,42.376],[-83.017,42.347],[-83.063,42.323],[-83.079,42.309],[-83.08,42.308],[-83.105,42.286],[-83.142,42.228],[-83.175,42.146],[-83.188,42.083],[-83.176,42.049],[-83.205,42.027],[-83.256,41.986],[-83.265,41.971],[-83.262,41.946],[-83.273,41.935],[-83.297,41.935],[-83.316,41.923],[-83.362,41.88],[-83.441,41.766],[-83.454,41.746],[-83.464,41.739],[-83.797,41.73],[-84.13,41.72],[-84.463,41.711],[-84.796,41.701],[-84.796,41.76],[-85.1,41.76],[-85.403,41.76],[-85.706,41.76],[-86.009,41.76],[-86.312,41.76],[-86.615,41.76],[-86.863,41.761],[-86.798,41.789],[-86.692,41.853],[-86.632,41.911],[-86.575,41.988],[-86.52,42.082],[-86.407,42.224],[-86.352,42.309],[-86.299,42.418],[-86.26,42.531],[-86.233,42.65],[-86.22,42.773],[-86.222,42.9],[-86.248,43.029],[-86.301,43.158],[-86.329,43.224],[-86.34,43.242],[-86.435,43.407],[-86.542,43.637],[-86.541,43.657],[-86.441,43.794],[-86.438,43.813],[-86.449,43.924],[-86.47,43.98],[-86.521,44.055],[-86.519,44.074],[-86.415,44.17],[-86.353,44.242],[-86.296,44.331],[-86.259,44.434],[-86.242,44.551],[-86.243,44.63],[-86.261,44.669],[-86.259,44.699],[-86.237,44.72],[-86.126,44.748],[-86.089,44.794],[-86.081,44.876],[-86.058,44.916],[-86.02,44.916],[-85.985,44.932],[-85.953,44.967],[-85.911,44.976],[-85.858,44.962],[-85.784,45.012],[-85.689,45.128],[-85.617,45.193],[-85.566,45.207],[-85.556,45.196],[-85.588,45.161],[-85.597,45.123],[-85.585,45.082],[-85.596,45.042],[-85.619,44.987],[-85.605,44.97],[-85.645,44.882],[-85.647,44.838],[-85.623,44.804],[-85.593,44.816],[-85.559,44.873],[-85.549,44.903],[-85.563,44.907],[-85.558,44.931],[-85.534,44.976],[-85.513,44.997],[-85.494,44.994],[-85.489,44.97],[-85.497,44.924],[-85.551,44.815],[-85.561,44.781],[-85.549,44.772],[-85.485,44.84],[-85.43,44.949],[-85.389,45.033],[-85.381,45.078],[-85.394,45.196],[-85.392,45.244],[-85.376,45.277],[-85.32,45.315],[-85.223,45.356],[-85.127,45.378],[-85.033,45.381],[-84.967,45.393],[-84.93,45.413],[-84.943,45.429],[-85.006,45.44],[-85.055,45.467],[-85.088,45.507],[-85.099,45.553],[-85.088,45.605],[-85.047,45.656],[-84.978,45.707],[-84.956,45.743],[-84.982,45.767],[-84.952,45.775],[-84.866,45.768],[-84.806,45.775],[-84.772,45.795],[-84.763,45.792],[-84.691,45.774],[-84.563,45.712],[-84.442,45.676],[-84.326,45.666],[-84.242,45.644],[-84.189,45.611],[-84.151,45.574],[-84.128,45.532],[-84.073,45.509],[-83.986,45.504],[-83.918,45.486],[-83.869,45.456],[-83.594,45.38],[-83.479,45.339],[-83.415,45.299],[-83.397,45.274],[-83.403,45.248],[-83.396,45.221],[-83.349,45.169],[-83.331,45.164],[-83.32,45.139],[-83.316,45.093],[-83.302,45.062],[-83.279,45.047],[-83.293,45.04],[-83.378,45.067],[-83.426,45.059],[-83.448,45.025],[-83.452,44.992],[-83.436,44.961],[-83.328,44.869],[-83.3,44.785],[-83.294,44.683],[-83.308,44.644],[-83.319,44.557],[-83.328,44.421],[-83.331,44.375],[-83.366,44.33],[-83.463,44.265],[-83.464,44.277],[-83.488,44.281],[-83.512,44.271],[-83.548,44.215],[-83.578,44.113],[-83.614,44.058],[-83.657,44.05],[-83.683,44.035],[-83.692,44.014],[-83.738,44.001],[-83.822,43.993],[-83.879,43.963],[-83.922,43.875],[-83.92,43.834],[-83.94,43.782],[-83.938,43.738],[-83.916,43.701],[-83.848,43.664],[-83.735,43.627],[-83.668,43.621],[-83.621,43.636],[-83.573,43.697],[-83.526,43.721],[-83.469,43.731],[-83.447,43.758],[-83.353,43.879],[-83.353,43.906],[-83.387,43.917],[-83.383,43.924],[-83.338,43.929],[-83.3,43.945],[-83.266,43.973],[-83.209,43.994],[-83.07,44.025],[-82.995,44.061],[-82.947,44.067],[-82.878,44.048],[-82.788,44.004],[-82.716,43.939],[-82.663,43.854],[-82.597,43.634],[-82.516,43.28],[-82.461,43.081],[-82.432,43.039],[-82.417,43.017]]],[[[-87.606,45.109],[-87.654,45.122],[-87.694,45.161],[-87.719,45.201],[-87.721,45.243],[-87.663,45.345],[-87.658,45.362],[-87.664,45.371],[-87.696,45.383],[-87.769,45.364],[-87.842,45.361],[-87.865,45.368],[-87.875,45.385],[-87.874,45.413],[-87.859,45.445],[-87.815,45.506],[-87.815,45.563],[-87.795,45.596],[-87.814,45.657],[-87.809,45.686],[-87.84,45.718],[-87.923,45.76],[-88.116,45.816],[-88.097,45.878],[-88.105,45.905],[-88.152,45.945],[-88.355,45.992],[-88.493,46.013],[-88.629,46.014],[-88.727,46.031],[-88.837,46.037],[-88.908,46.065],[-88.978,46.093],[-89.049,46.121],[-89.119,46.149],[-89.244,46.173],[-89.369,46.197],[-89.494,46.221],[-89.619,46.245],[-89.744,46.269],[-89.869,46.294],[-89.994,46.318],[-90.119,46.342],[-90.146,46.384],[-90.175,46.426],[-90.203,46.468],[-90.23,46.51],[-90.288,46.527],[-90.318,46.537],[-90.341,46.558],[-90.392,46.549],[-90.412,46.585],[-90.408,46.593],[-90.341,46.602],[-90.154,46.654],[-89.993,46.718],[-89.861,46.793],[-89.695,46.839],[-89.497,46.855],[-89.355,46.882],[-89.269,46.918],[-89.155,46.989],[-89.09,47.009],[-89.009,47.016],[-88.948,47.043],[-88.907,47.091],[-88.83,47.146],[-88.716,47.207],[-88.651,47.232],[-88.634,47.22],[-88.628,47.199],[-88.633,47.167],[-88.605,47.141],[-88.543,47.122],[-88.515,47.096],[-88.521,47.063],[-88.504,47.035],[-88.466,47.013],[-88.456,46.963],[-88.474,46.886],[-88.476,46.837],[-88.463,46.814],[-88.449,46.801],[-88.427,46.814],[-88.4,46.841],[-88.39,46.857],[-88.383,46.874],[-88.216,46.952],[-88.184,46.955],[-88.129,46.935],[-87.877,46.908],[-87.778,46.888],[-87.673,46.844],[-87.638,46.827],[-87.509,46.683],[-87.451,46.627],[-87.415,46.612],[-87.395,46.59],[-87.378,46.54],[-87.358,46.524],[-87.171,46.513],[-87.086,46.523],[-87.034,46.543],[-86.977,46.53],[-86.914,46.483],[-86.851,46.47],[-86.791,46.491],[-86.733,46.49],[-86.679,46.468],[-86.654,46.452],[-86.638,46.453],[-86.531,46.524],[-86.403,46.588],[-86.231,46.656],[-86.132,46.687],[-86.105,46.679],[-85.947,46.702],[-85.804,46.704],[-85.616,46.691],[-85.442,46.707],[-85.281,46.752],[-85.138,46.778],[-85.015,46.784],[-84.968,46.771],[-84.998,46.74],[-85.015,46.686],[-85.017,46.611],[-85.027,46.563],[-85.046,46.543],[-85.048,46.524],[-85.034,46.506],[-84.914,46.494],[-84.851,46.469],[-84.779,46.468],[-84.697,46.491],[-84.635,46.482],[-84.592,46.443],[-84.528,46.436],[-84.467,46.464],[-84.424,46.491],[-84.389,46.502],[-84.387,46.502],[-84.358,46.505],[-84.327,46.491],[-84.307,46.469],[-84.292,46.452],[-84.255,46.408],[-84.229,46.366],[-84.213,46.304],[-84.202,46.283],[-84.204,46.247],[-84.238,46.222],[-84.248,46.203],[-84.227,46.184],[-84.109,46.178],[-84.055,46.159],[-84.035,46.137],[-84.048,46.113],[-84.041,46.088],[-84.012,46.061],[-83.917,46.021],[-83.894,46.001],[-83.901,45.981],[-83.929,45.968],[-83.979,45.962],[-84.341,46.0],[-84.447,46.006],[-84.463,45.992],[-84.473,45.99],[-84.49,45.994],[-84.521,45.995],[-84.537,46.004],[-84.55,46.029],[-84.582,46.045],[-84.632,46.053],[-84.675,46.033],[-84.725,45.957],[-84.717,45.943],[-84.726,45.895],[-84.713,45.882],[-84.713,45.871],[-84.727,45.862],[-84.757,45.863],[-84.802,45.874],[-84.972,45.989],[-85.101,46.046],[-85.26,46.088],[-85.386,46.109],[-85.479,46.108],[-85.555,46.078],[-85.615,46.02],[-85.708,45.988],[-85.834,45.98],[-85.903,45.964],[-85.914,45.941],[-85.959,45.941],[-86.04,45.963],[-86.123,45.969],[-86.209,45.959],[-86.272,45.937],[-86.338,45.866],[-86.351,45.831],[-86.4,45.801],[-86.527,45.753],[-86.534,45.736],[-86.601,45.682],[-86.622,45.652],[-86.622,45.623],[-86.644,45.625],[-86.69,45.657],[-86.692,45.701],[-86.649,45.757],[-86.612,45.784],[-86.58,45.782],[-86.559,45.806],[-86.551,45.857],[-86.563,45.883],[-86.627,45.873],[-86.661,45.852],[-86.703,45.848],[-86.754,45.86],[-86.798,45.832],[-86.837,45.765],[-86.884,45.721],[-86.938,45.7],[-86.974,45.723],[-86.993,45.79],[-86.993,45.842],[-86.971,45.905],[-86.982,45.917],[-87.005,45.897],[-87.039,45.845],[-87.085,45.73],[-87.114,45.693],[-87.154,45.677],[-87.216,45.607],[-87.302,45.484],[-87.399,45.365],[-87.507,45.249],[-87.571,45.187],[-87.593,45.178],[-87.602,45.157],[-87.606,45.109]]],[[[-88.911,47.936],[-88.955,47.926],[-88.96,47.909],[-88.924,47.904],[-88.93,47.896],[-88.97,47.881],[-89.082,47.851],[-89.157,47.841],[-89.195,47.852],[-89.199,47.872],[-89.169,47.902],[-89.169,47.917],[-89.2,47.917],[-89.193,47.929],[-89.147,47.953],[-88.755,48.103],[-88.588,48.158],[-88.499,48.176],[-88.485,48.167],[-88.581,48.111],[-88.597,48.087],[-88.593,48.072],[-88.625,48.042],[-88.911,47.936]]],[[[-87.791,47.411],[-88.021,47.392],[-88.027,47.386],[-87.983,47.368],[-87.975,47.355],[-88.016,47.321],[-88.222,47.211],[-88.24,47.178],[-88.237,47.159],[-88.358,47.073],[-88.402,47.019],[-88.439,47.011],[-88.469,47.048],[-88.468,47.077],[-88.439,47.1],[-88.409,47.131],[-88.405,47.176],[-88.417,47.191],[-88.454,47.152],[-88.433,47.143],[-88.427,47.137],[-88.434,47.122],[-88.574,47.143],[-88.616,47.174],[-88.609,47.217],[-88.562,47.272],[-88.394,47.389],[-88.32,47.421],[-88.11,47.473],[-87.994,47.484],[-87.878,47.484],[-87.793,47.467],[-87.741,47.434],[-87.791,47.411]]],[[[-84.169,46.324],[-84.137,46.306],[-84.12,46.285],[-84.116,46.261],[-84.121,46.246],[-84.135,46.24],[-84.185,46.279],[-84.196,46.303],[-84.188,46.323],[-84.169,46.324]]],[[[-86.053,45.156],[-85.999,45.15],[-85.98,45.132],[-85.976,45.102],[-85.988,45.088],[-86.016,45.089],[-86.038,45.103],[-86.06,45.147],[-86.053,45.156]]],[[[-85.492,45.76],[-85.501,45.75],[-85.492,45.663],[-85.509,45.625],[-85.552,45.603],[-85.586,45.597],[-85.612,45.609],[-85.608,45.656],[-85.573,45.738],[-85.538,45.775],[-85.492,45.76]]],[[[-83.529,46.024],[-83.503,46.013],[-83.494,45.991],[-83.518,45.958],[-83.588,45.941],[-83.731,45.943],[-83.823,45.956],[-83.866,45.979],[-83.875,45.991],[-83.871,46.017],[-83.851,46.019],[-83.82,46.005],[-83.775,46.011],[-83.715,46.038],[-83.683,46.057],[-83.68,46.07],[-83.7,46.096],[-83.684,46.106],[-83.608,46.097],[-83.58,46.08],[-83.529,46.024]]],[[[-84.429,45.807],[-84.417,45.814],[-84.38,45.788],[-84.375,45.765],[-84.39,45.747],[-84.412,45.736],[-84.441,45.734],[-84.488,45.753],[-84.563,45.804],[-84.557,45.82],[-84.429,45.807]]],[[[-84.133,46.341],[-84.164,46.346],[-84.189,46.36],[-84.209,46.384],[-84.223,46.416],[-84.235,46.444],[-84.274,46.487],[-84.215,46.536],[-84.18,46.542],[-84.142,46.531],[-84.137,46.503],[-84.165,46.457],[-84.164,46.41],[-84.139,46.373],[-84.133,46.362],[-84.133,46.341]]]]}},{"type":"Feature","id":"MN","properties":{"id":"MN"},"geometry":{"type":"Polygon","coordinates":[[[-97.226,48.993],[-97.103,48.993],[-96.677,48.993],[-96.251,48.993],[-95.824,48.993],[-95.398,48.993],[-95.162,48.992],[-95.162,48.999],[-95.158,49.203],[-95.155,49.37],[-95.129,49.367],[-94.939,49.349],[-94.875,49.319],[-94.854,49.305],[-94.86,49.259],[-94.843,49.119],[-94.803,49.003],[-94.713,48.863],[-94.713,48.863],[-94.705,48.809],[-94.69,48.791],[-94.675,48.775],[-94.621,48.743],[-94.414,48.704],[-94.055,48.659],[-93.852,48.607],[-93.804,48.549],[-93.79,48.546],[-93.708,48.525],[-93.564,48.537],[-93.463,48.561],[-93.388,48.61],[-93.378,48.616],[-93.349,48.62],[-93.258,48.629],[-93.155,48.625],[-93.052,48.62],[-92.996,48.612],[-92.837,48.568],[-92.733,48.532],[-92.61,48.477],[-92.583,48.465],[-92.5,48.435],[-92.461,48.366],[-92.46,48.364],[-92.414,48.277],[-92.349,48.277],[-92.326,48.3],[-92.299,48.329],[-92.172,48.338],[-92.005,48.302],[-91.883,48.215],[-91.858,48.198],[-91.647,48.105],[-91.58,48.08],[-91.518,48.058],[-91.512,48.058],[-91.387,48.058],[-91.334,48.073],[-91.221,48.105],[-91.044,48.194],[-90.922,48.208],[-90.916,48.209],[-90.84,48.201],[-90.797,48.131],[-90.744,48.105],[-90.662,48.109],[-90.607,48.113],[-90.461,48.106],[-90.32,48.099],[-90.188,48.11],[-90.092,48.118],[-90.04,48.078],[-90.025,48.058],[-89.994,48.015],[-89.901,47.996],[-89.858,48.002],[-89.775,48.015],[-89.597,48.003],[-89.578,48.002],[-89.605,47.992],[-89.634,47.994],[-89.672,47.979],[-89.719,47.947],[-89.829,47.901],[-90.0,47.841],[-90.197,47.786],[-90.598,47.688],[-90.847,47.585],[-90.957,47.524],[-91.386,47.215],[-91.645,47.05],[-92.065,46.819],[-92.104,46.789],[-92.107,46.762],[-92.125,46.763],[-92.194,46.707],[-92.224,46.671],[-92.292,46.661],[-92.292,46.517],[-92.292,46.373],[-92.292,46.228],[-92.293,46.084],[-92.326,46.07],[-92.367,46.036],[-92.425,46.028],[-92.694,45.909],[-92.738,45.875],[-92.786,45.796],[-92.875,45.706],[-92.896,45.659],[-92.893,45.595],[-92.758,45.543],[-92.707,45.494],[-92.683,45.433],[-92.686,45.381],[-92.754,45.278],[-92.766,45.237],[-92.759,45.111],[-92.793,45.071],[-92.765,44.97],[-92.763,44.934],[-92.785,44.822],[-92.799,44.79],[-92.773,44.732],[-92.77,44.726],[-92.643,44.645],[-92.537,44.601],[-92.441,44.587],[-92.367,44.552],[-92.313,44.498],[-92.24,44.462],[-92.149,44.445],[-92.055,44.4],[-91.912,44.289],[-91.841,44.194],[-91.716,44.126],[-91.515,44.054],[-91.383,43.991],[-91.32,43.936],[-91.278,43.797],[-91.245,43.502],[-91.575,43.502],[-91.901,43.502],[-92.226,43.502],[-92.551,43.502],[-92.876,43.502],[-93.201,43.502],[-93.527,43.502],[-93.852,43.502],[-94.177,43.502],[-94.502,43.502],[-94.828,43.501],[-95.153,43.501],[-95.478,43.501],[-95.803,43.501],[-96.129,43.501],[-96.454,43.501],[-96.454,43.726],[-96.454,43.95],[-96.454,44.175],[-96.454,44.399],[-96.454,44.624],[-96.454,44.848],[-96.454,45.073],[-96.454,45.297],[-96.53,45.372],[-96.696,45.432],[-96.738,45.468],[-96.815,45.558],[-96.845,45.596],[-96.851,45.626],[-96.814,45.659],[-96.663,45.756],[-96.615,45.8],[-96.591,45.843],[-96.556,45.943],[-96.571,46.019],[-96.561,46.138],[-96.592,46.228],[-96.599,46.272],[-96.617,46.327],[-96.731,46.473],[-96.758,46.59],[-96.787,46.648],[-96.796,46.797],[-96.793,46.839],[-96.77,46.92],[-96.818,46.974],[-96.825,47.019],[-96.847,47.373],[-96.863,47.424],[-96.859,47.588],[-96.946,47.762],[-96.988,47.82],[-97.009,47.892],[-97.007,47.926],[-97.079,48.043],[-97.126,48.173],[-97.121,48.286],[-97.137,48.371],[-97.131,48.437],[-97.144,48.537],[-97.129,48.593],[-97.128,48.681],[-97.226,48.993]]]}},{"type":"Feature","id":"MO","properties":{"id":"MO"},"geometry":{"type":"Polygon","coordinates":[[[-89.705,36.002],[-89.888,35.999],[-90.052,35.997],[-90.217,35.995],[-90.381,35.993],[-90.303,36.099],[-90.253,36.138],[-90.216,36.178],[-90.149,36.216],[-90.076,36.297],[-90.067,36.334],[-90.074,36.372],[-90.118,36.423],[-90.162,36.501],[-90.441,36.501],[-90.719,36.501],[-90.998,36.501],[-91.276,36.501],[-91.555,36.501],[-91.833,36.501],[-92.112,36.501],[-92.39,36.501],[-92.669,36.501],[-92.947,36.501],[-93.226,36.501],[-93.505,36.501],[-93.783,36.501],[-94.061,36.501],[-94.34,36.501],[-94.618,36.501],[-94.618,36.626],[-94.618,36.751],[-94.618,36.876],[-94.618,37.001],[-94.618,37.131],[-94.619,37.261],[-94.619,37.392],[-94.62,37.522],[-94.62,37.652],[-94.621,37.783],[-94.621,37.913],[-94.621,38.043],[-94.622,38.174],[-94.622,38.304],[-94.623,38.434],[-94.623,38.565],[-94.623,38.695],[-94.624,38.825],[-94.624,38.956],[-94.624,39.086],[-94.622,39.124],[-94.778,39.194],[-94.847,39.259],[-94.882,39.343],[-94.952,39.426],[-95.058,39.509],[-95.075,39.597],[-95.005,39.691],[-94.946,39.74],[-94.898,39.741],[-94.893,39.782],[-94.93,39.862],[-94.984,39.891],[-95.055,39.871],[-95.116,39.872],[-95.347,40.001],[-95.362,40.01],[-95.434,40.096],[-95.464,40.198],[-95.521,40.265],[-95.607,40.296],[-95.662,40.363],[-95.685,40.466],[-95.739,40.571],[-95.765,40.602],[-95.515,40.603],[-95.263,40.604],[-95.011,40.606],[-94.759,40.607],[-94.506,40.609],[-94.254,40.61],[-94.002,40.612],[-93.75,40.613],[-93.497,40.614],[-93.245,40.616],[-92.993,40.617],[-92.741,40.619],[-92.488,40.62],[-92.236,40.622],[-91.984,40.623],[-91.732,40.625],[-91.682,40.552],[-91.627,40.531],[-91.617,40.507],[-91.545,40.469],[-91.53,40.432],[-91.442,40.379],[-91.5,40.226],[-91.502,40.098],[-91.467,39.943],[-91.426,39.827],[-91.379,39.749],[-91.21,39.603],[-90.919,39.387],[-90.737,39.182],[-90.663,38.987],[-90.577,38.91],[-90.478,38.948],[-90.355,38.93],[-90.22,38.898],[-90.15,38.86],[-90.134,38.847],[-90.127,38.833],[-90.132,38.819],[-90.151,38.781],[-90.317,38.458],[-90.374,38.31],[-90.366,38.254],[-90.299,38.174],[-90.173,38.069],[-90.064,38.0],[-89.97,37.969],[-89.823,37.884],[-89.623,37.747],[-89.523,37.645],[-89.523,37.576],[-89.503,37.506],[-89.462,37.434],[-89.462,37.366],[-89.503,37.301],[-89.487,37.213],[-89.414,37.102],[-89.352,37.036],[-89.301,37.012],[-89.29,37.013],[-89.286,37.023],[-89.293,37.038],[-89.296,37.052],[-89.292,37.071],[-89.281,37.078],[-89.272,37.08],[-89.225,37.053],[-89.154,36.992],[-89.123,36.912],[-89.129,36.811],[-89.156,36.716],[-89.203,36.626],[-89.256,36.594],[-89.28,36.6],[-89.331,36.616],[-89.351,36.611],[-89.398,36.588],[-89.45,36.5],[-89.452,36.497],[-89.471,36.489],[-89.485,36.498],[-89.487,36.503],[-89.497,36.529],[-89.52,36.555],[-89.536,36.555],[-89.55,36.553],[-89.556,36.541],[-89.56,36.513],[-89.557,36.501],[-89.541,36.427],[-89.555,36.373],[-89.604,36.352],[-89.612,36.322],[-89.583,36.288],[-89.583,36.272],[-89.595,36.259],[-89.628,36.255],[-89.654,36.248],[-89.674,36.221],[-89.634,36.168],[-89.642,36.104],[-89.698,36.03],[-89.705,36.002]]]}},{"type":"Feature","id":"MS","properties":{"id":"MS"},"geometry":{"type":"Polygon","coordinates":[[[-88.173,34.999],[-88.085,34.933],[-88.088,34.909],[-88.089,34.893],[-88.096,34.846],[-88.12,34.661],[-88.144,34.477],[-88.169,34.292],[-88.193,34.107],[-88.218,33.923],[-88.242,33.738],[-88.267,33.553],[-88.291,33.368],[-88.315,33.184],[-88.34,32.999],[-88.364,32.814],[-88.389,32.629],[-88.413,32.445],[-88.438,32.26],[-88.462,32.075],[-88.486,31.89],[-88.476,31.703],[-88.465,31.515],[-88.455,31.327],[-88.444,31.14],[-88.434,30.952],[-88.423,30.764],[-88.413,30.577],[-88.402,30.403],[-88.846,30.42],[-88.87,30.416],[-88.873,30.416],[-88.905,30.415],[-88.959,30.398],[-89.204,30.35],[-89.252,30.34],[-89.264,30.344],[-89.321,30.345],[-89.39,30.276],[-89.532,30.196],[-89.545,30.201],[-89.573,30.209],[-89.592,30.223],[-89.629,30.296],[-89.641,30.349],[-89.686,30.463],[-89.737,30.527],[-89.794,30.569],[-89.82,30.611],[-89.82,30.64],[-89.838,30.69],[-89.835,30.731],[-89.765,30.886],[-89.735,31.001],[-89.975,31.001],[-90.216,31.001],[-90.456,31.001],[-90.697,31.001],[-90.937,31.001],[-91.177,31.001],[-91.417,31.001],[-91.656,31.002],[-91.653,31.03],[-91.611,31.065],[-91.597,31.11],[-91.631,31.218],[-91.618,31.277],[-91.559,31.288],[-91.529,31.345],[-91.529,31.449],[-91.506,31.519],[-91.459,31.555],[-91.415,31.64],[-91.373,31.774],[-91.287,31.884],[-91.157,31.971],[-91.093,32.046],[-91.089,32.104],[-91.075,32.131],[-91.048,32.146],[-91.005,32.186],[-90.948,32.24],[-90.938,32.277],[-90.941,32.303],[-90.945,32.331],[-90.99,32.381],[-91.059,32.424],[-91.104,32.49],[-91.101,32.541],[-91.116,32.586],[-91.15,32.625],[-91.143,32.661],[-91.094,32.694],[-91.092,32.726],[-91.136,32.756],[-91.136,32.809],[-91.093,32.885],[-91.096,32.938],[-91.144,32.967],[-91.15,33.016],[-91.153,33.041],[-91.107,33.218],[-91.117,33.241],[-91.163,33.295],[-91.168,33.359],[-91.141,33.439],[-91.154,33.5],[-91.193,33.523],[-91.203,33.547],[-91.215,33.583],[-91.173,33.617],[-91.17,33.647],[-91.207,33.676],[-91.184,33.716],[-91.1,33.767],[-91.077,33.797],[-91.053,33.828],[-91.038,33.901],[-91.05,33.945],[-91.07,33.974],[-91.06,33.989],[-91.043,34.003],[-90.943,34.03],[-90.915,34.049],[-90.909,34.071],[-90.94,34.129],[-90.91,34.189],[-90.817,34.252],[-90.768,34.308],[-90.762,34.356],[-90.718,34.392],[-90.635,34.414],[-90.584,34.504],[-90.564,34.661],[-90.539,34.728],[-90.497,34.738],[-90.475,34.76],[-90.468,34.805],[-90.416,34.852],[-90.32,34.899],[-90.282,34.945],[-90.293,34.97],[-90.294,35.001],[-90.039,35.001],[-89.773,35.001],[-89.507,35.0],[-89.242,35.0],[-88.976,35.0],[-88.71,34.999],[-88.445,34.999],[-88.173,34.999]]]}},{"type":"Feature","id":"MT","properties":{"id":"MT"},"geometry":{"type":"Polygon","coordinates":[[[-114.063,48.993],[-113.732,48.993],[-113.306,48.993],[-112.88,48.993],[-112.453,48.993],[-112.027,48.993],[-111.6,48.993],[-111.174,48.993],[-110.748,48.993],[-110.321,48.993],[-109.999,48.993],[-109.895,48.993],[-109.468,48.993],[-109.042,48.993],[-108.616,48.993],[-108.189,48.993],[-107.763,48.993],[-107.336,48.993],[-106.91,48.993],[-106.484,48.993],[-106.057,48.993],[-105.631,48.993],[-105.205,48.993],[-104.778,48.993],[-104.352,48.993],[-104.034,48.993],[-104.032,48.803],[-104.031,48.613],[-104.029,48.422],[-104.028,48.231],[-104.026,48.041],[-104.025,47.85],[-104.024,47.659],[-104.022,47.468],[-104.021,47.278],[-104.019,47.087],[-104.018,46.896],[-104.017,46.706],[-104.015,46.515],[-104.014,46.324],[-104.013,46.134],[-104.011,45.943],[-104.01,45.711],[-104.008,45.478],[-104.006,45.246],[-104.005,45.014],[-104.005,45.01],[-104.005,45.007],[-104.005,45.004],[-104.005,45.001],[-104.013,45.001],[-104.021,45.001],[-104.029,45.001],[-104.037,45.001],[-104.256,45.001],[-104.476,45.001],[-104.695,45.001],[-104.914,45.001],[-105.133,45.001],[-105.352,45.001],[-105.571,45.001],[-105.791,45.001],[-106.01,45.001],[-106.229,45.001],[-106.448,45.001],[-106.667,45.001],[-106.886,45.001],[-107.106,45.001],[-107.325,45.001],[-107.544,45.001],[-107.763,45.001],[-107.982,45.001],[-108.202,45.001],[-108.421,45.001],[-108.64,45.001],[-108.859,45.001],[-109.078,45.001],[-109.297,45.001],[-109.517,45.001],[-109.736,45.001],[-109.955,45.001],[-110.174,45.001],[-110.393,45.001],[-110.612,45.001],[-110.832,45.001],[-111.051,45.001],[-111.051,44.875],[-111.051,44.75],[-111.051,44.625],[-111.051,44.499],[-111.117,44.525],[-111.161,44.556],[-111.197,44.591],[-111.265,44.687],[-111.304,44.723],[-111.337,44.745],[-111.372,44.746],[-111.416,44.733],[-111.448,44.711],[-111.459,44.671],[-111.491,44.624],[-111.489,44.585],[-111.475,44.565],[-111.479,44.554],[-111.5,44.545],[-111.659,44.56],[-111.797,44.54],[-111.892,44.555],[-112.074,44.548],[-112.231,44.561],[-112.285,44.554],[-112.32,44.533],[-112.364,44.48],[-112.375,44.47],[-112.393,44.468],[-112.648,44.497],[-112.716,44.498],[-112.787,44.463],[-112.81,44.438],[-112.816,44.406],[-112.831,44.397],[-112.854,44.398],[-112.91,44.419],[-112.97,44.454],[-113.0,44.48],[-113.006,44.539],[-113.054,44.605],[-113.063,44.665],[-113.093,44.715],[-113.141,44.765],[-113.187,44.799],[-113.234,44.81],[-113.32,44.803],[-113.339,44.808],[-113.432,44.874],[-113.461,44.904],[-113.469,44.93],[-113.438,44.994],[-113.447,45.029],[-113.471,45.073],[-113.504,45.109],[-113.557,45.14],[-113.607,45.209],[-113.697,45.305],[-113.722,45.379],[-113.756,45.441],[-113.766,45.503],[-113.8,45.54],[-113.797,45.588],[-113.802,45.601],[-113.813,45.607],[-113.873,45.633],[-113.943,45.682],[-113.978,45.692],[-113.992,45.693],[-114.001,45.681],[-114.007,45.659],[-114.117,45.579],[-114.21,45.542],[-114.256,45.506],[-114.298,45.488],[-114.319,45.486],[-114.351,45.497],[-114.448,45.551],[-114.529,45.576],[-114.537,45.587],[-114.532,45.633],[-114.496,45.686],[-114.534,45.782],[-114.522,45.815],[-114.493,45.839],[-114.405,45.874],[-114.397,45.891],[-114.416,45.982],[-114.465,46.016],[-114.478,46.036],[-114.464,46.11],[-114.485,46.158],[-114.446,46.199],[-114.444,46.271],[-114.413,46.344],[-114.38,46.453],[-114.387,46.5],[-114.346,46.551],[-114.332,46.601],[-114.33,46.638],[-114.337,46.659],[-114.351,46.668],[-114.381,46.668],[-114.519,46.648],[-114.563,46.65],[-114.602,46.66],[-114.624,46.678],[-114.631,46.719],[-114.662,46.745],[-114.678,46.75],[-114.74,46.734],[-114.754,46.735],[-114.761,46.742],[-114.786,46.777],[-114.887,46.845],[-114.936,46.923],[-115.034,46.991],[-115.126,47.085],[-115.306,47.231],[-115.349,47.261],[-115.486,47.312],[-115.593,47.385],[-115.702,47.438],[-115.713,47.447],[-115.714,47.452],[-115.708,47.457],[-115.677,47.47],[-115.67,47.498],[-115.711,47.553],[-115.691,47.607],[-115.718,47.681],[-115.734,47.706],[-115.811,47.776],[-115.862,47.842],[-115.942,47.904],[-116.049,48.005],[-116.049,48.252],[-116.048,48.499],[-116.048,48.747],[-116.048,48.993],[-115.864,48.993],[-115.438,48.993],[-115.012,48.993],[-114.585,48.993],[-114.159,48.993],[-114.063,48.993]]]}},{"type":"Feature","id":"NC","properties":{"id":"NC"},"geometry":{"type":"MultiPolygon","coordinates":[[[[-83.115,35.001],[-83.417,34.998],[-83.72,34.995],[-84.022,34.991],[-84.325,34.988],[-84.287,35.201],[-84.261,35.25],[-84.232,35.261],[-84.129,35.261],[-84.062,35.286],[-84.004,35.414],[-83.871,35.515],[-83.812,35.54],[-83.723,35.56],[-83.511,35.584],[-83.284,35.682],[-83.12,35.775],[-82.99,35.8],[-82.949,35.835],[-82.92,35.879],[-82.902,35.939],[-82.888,35.952],[-82.813,35.947],[-82.756,36.0],[-82.7,36.03],[-82.645,36.047],[-82.611,36.047],[-82.598,36.032],[-82.589,35.987],[-82.577,35.972],[-82.553,35.971],[-82.521,35.981],[-82.478,36.01],[-82.368,36.1],[-82.295,36.134],[-82.183,36.154],[-82.101,36.106],[-82.051,36.123],[-81.908,36.306],[-81.851,36.34],[-81.808,36.353],[-81.734,36.356],[-81.733,36.406],[-81.708,36.482],[-81.704,36.534],[-81.659,36.611],[-81.642,36.595],[-81.28,36.592],[-80.918,36.59],[-80.556,36.587],[-80.195,36.584],[-79.833,36.581],[-79.471,36.578],[-79.109,36.575],[-78.747,36.573],[-78.386,36.57],[-78.024,36.567],[-77.662,36.564],[-77.3,36.561],[-76.938,36.559],[-76.577,36.556],[-76.215,36.553],[-75.966,36.551],[-75.982,36.505],[-76.031,36.539],[-75.959,36.211],[-76.055,36.235],[-76.148,36.279],[-76.141,36.215],[-76.15,36.146],[-76.222,36.167],[-76.271,36.19],[-76.231,36.123],[-76.243,36.12],[-76.321,36.138],[-76.384,36.134],[-76.405,36.099],[-76.714,36.215],[-76.726,36.188],[-76.734,36.229],[-76.739,36.158],[-76.749,36.132],[-76.749,36.13],[-76.727,35.943],[-76.632,35.946],[-76.611,35.944],[-76.574,35.948],[-76.389,35.954],[-76.358,35.953],[-76.345,35.955],[-76.069,35.963],[-76.06,35.879],[-76.076,35.788],[-76.084,35.691],[-76.046,35.691],[-76.001,35.722],[-75.979,35.896],[-75.854,35.96],[-75.826,35.957],[-75.773,35.888],[-75.768,35.88],[-75.759,35.843],[-75.745,35.766],[-75.774,35.647],[-75.966,35.508],[-76.104,35.38],[-76.174,35.354],[-76.275,35.369],[-76.39,35.401],[-76.447,35.408],[-76.489,35.397],[-76.516,35.436],[-76.533,35.509],[-76.577,35.532],[-76.611,35.53],[-76.634,35.453],[-76.741,35.432],[-76.887,35.463],[-77.04,35.527],[-76.974,35.458],[-76.595,35.33],[-76.553,35.306],[-76.513,35.27],[-76.566,35.215],[-76.608,35.153],[-76.613,35.104],[-76.628,35.073],[-76.779,34.99],[-76.861,35.005],[-77.07,35.155],[-76.975,35.025],[-76.899,34.97],[-76.745,34.941],[-76.457,34.989],[-76.362,34.936],[-76.44,34.843],[-76.517,34.777],[-76.618,34.77],[-76.707,34.752],[-76.723,34.724],[-76.933,34.716],[-77.027,34.698],[-77.05,34.697],[-77.134,34.708],[-77.252,34.616],[-77.296,34.603],[-77.358,34.62],[-77.384,34.694],[-77.412,34.731],[-77.413,34.592],[-77.402,34.555],[-77.38,34.527],[-77.518,34.451],[-77.65,34.357],[-77.697,34.332],[-77.751,34.285],[-77.817,34.202],[-77.935,34.104],[-77.953,34.169],[-77.962,34.081],[-78.161,33.914],[-78.406,33.918],[-78.564,33.877],[-78.708,33.998],[-78.843,34.112],[-78.978,34.226],[-79.113,34.34],[-79.248,34.454],[-79.383,34.568],[-79.518,34.683],[-79.653,34.797],[-79.795,34.801],[-79.936,34.805],[-80.078,34.809],[-80.219,34.813],[-80.36,34.817],[-80.501,34.821],[-80.643,34.825],[-80.784,34.829],[-80.789,34.907],[-80.793,34.963],[-80.882,35.058],[-80.934,35.114],[-81.045,35.066],[-81.051,35.089],[-81.047,35.131],[-81.057,35.146],[-81.087,35.156],[-81.246,35.161],[-81.405,35.167],[-81.563,35.173],[-81.722,35.179],[-81.88,35.184],[-82.039,35.19],[-82.198,35.196],[-82.356,35.202],[-82.392,35.211],[-82.464,35.178],[-82.652,35.128],[-82.744,35.084],[-82.778,35.087],[-82.937,35.044],[-83.097,35.002],[-83.115,35.001]]],[[[-75.889,36.55],[-75.864,36.551],[-75.821,36.433],[-75.758,36.229],[-75.726,36.173],[-75.684,36.058],[-75.719,36.096],[-75.731,36.11],[-75.768,36.186],[-75.846,36.411],[-75.85,36.415],[-75.889,36.55]]]]}},{"type":"Feature","id":"ND","properties":{"id":"ND"},"geometry":{"type":"Polygon","coordinates":[[[-101.367,48.993],[-100.941,48.993],[-100.514,48.993],[-100.088,48.993],[-99.662,48.993],[-99.235,48.993],[-98.809,48.993],[-98.383,48.993],[-97.956,48.993],[-97.53,48.993],[-97.226,48.993],[-97.128,48.681],[-97.129,48.593],[-97.144,48.537],[-97.131,48.437],[-97.137,48.371],[-97.121,48.286],[-97.126,48.173],[-97.079,48.043],[-97.007,47.926],[-97.009,47.892],[-96.988,47.82],[-96.946,47.762],[-96.859,47.588],[-96.863,47.424],[-96.847,47.373],[-96.825,47.019],[-96.818,46.974],[-96.77,46.92],[-96.793,46.839],[-96.796,46.797],[-96.787,46.648],[-96.758,46.59],[-96.731,46.473],[-96.617,46.327],[-96.599,46.272],[-96.592,46.228],[-96.561,46.138],[-96.571,46.019],[-96.556,45.943],[-96.79,45.943],[-97.022,45.943],[-97.255,45.943],[-97.488,45.943],[-97.721,45.943],[-97.954,45.943],[-98.187,45.943],[-98.42,45.943],[-98.653,45.943],[-98.886,45.943],[-99.119,45.943],[-99.352,45.943],[-99.585,45.943],[-99.818,45.943],[-100.051,45.943],[-100.284,45.943],[-100.517,45.943],[-100.75,45.943],[-100.983,45.943],[-101.216,45.943],[-101.449,45.943],[-101.682,45.943],[-101.914,45.943],[-102.147,45.943],[-102.38,45.943],[-102.613,45.943],[-102.846,45.943],[-103.079,45.943],[-103.312,45.943],[-103.545,45.943],[-103.778,45.943],[-104.011,45.943],[-104.013,46.134],[-104.014,46.324],[-104.015,46.515],[-104.017,46.706],[-104.018,46.896],[-104.019,47.087],[-104.021,47.278],[-104.022,47.468],[-104.024,47.659],[-104.025,47.85],[-104.026,48.041],[-104.028,48.231],[-104.029,48.422],[-104.031,48.613],[-104.032,48.803],[-104.034,48.993],[-103.925,48.993],[-103.499,48.993],[-103.073,48.993],[-102.646,48.993],[-102.22,48.993],[-101.794,48.993],[-101.367,48.993]]]}},{"type":"Feature","id":"NE","properties":{"id":"NE"},"geometry":{"type":"Polygon","coordinates":[[[-102.025,40.001],[-102.025,40.126],[-102.025,40.251],[-102.025,40.376],[-102.025,40.501],[-102.025,40.626],[-102.025,40.751],[-102.025,40.876],[-102.025,41.001],[-102.274,41.001],[-102.524,41.001],[-102.774,41.001],[-103.023,41.001],[-103.273,41.001],[-103.523,41.001],[-103.772,41.001],[-104.022,41.001],[-104.023,41.251],[-104.023,41.501],[-104.024,41.751],[-104.025,42.001],[-104.026,42.251],[-104.027,42.501],[-104.028,42.751],[-104.029,43.001],[-103.683,43.001],[-103.336,43.001],[-102.991,43.001],[-102.645,43.001],[-102.298,43.001],[-101.952,43.001],[-101.606,43.001],[-101.26,43.001],[-100.914,43.001],[-100.568,43.001],[-100.222,43.001],[-99.875,43.001],[-99.529,43.001],[-99.183,43.001],[-98.837,43.001],[-98.442,43.001],[-98.143,42.852],[-97.965,42.806],[-97.881,42.85],[-97.698,42.875],[-97.417,42.881],[-97.239,42.861],[-97.165,42.813],[-97.02,42.76],[-96.805,42.701],[-96.675,42.638],[-96.633,42.569],[-96.558,42.525],[-96.481,42.511],[-96.451,42.506],[-96.384,42.418],[-96.356,42.26],[-96.295,42.133],[-96.201,42.036],[-96.154,41.965],[-96.154,41.92],[-96.131,41.872],[-96.087,41.821],[-96.069,41.734],[-96.078,41.611],[-96.059,41.546],[-96.012,41.538],[-95.991,41.521],[-95.998,41.494],[-95.982,41.474],[-95.944,41.461],[-95.933,41.425],[-95.95,41.367],[-95.936,41.331],[-95.892,41.316],[-95.884,41.288],[-95.911,41.245],[-95.907,41.212],[-95.871,41.188],[-95.847,41.08],[-95.834,40.889],[-95.838,40.778],[-95.859,40.745],[-95.826,40.676],[-95.765,40.602],[-95.739,40.571],[-95.685,40.466],[-95.662,40.363],[-95.607,40.296],[-95.521,40.265],[-95.464,40.198],[-95.434,40.096],[-95.362,40.01],[-95.347,40.001],[-95.527,40.001],[-95.737,40.001],[-95.946,40.001],[-96.156,40.001],[-96.365,40.001],[-96.575,40.001],[-96.784,40.001],[-96.994,40.001],[-97.204,40.001],[-97.413,40.001],[-97.623,40.001],[-97.832,40.001],[-98.042,40.001],[-98.252,40.001],[-98.461,40.001],[-98.671,40.001],[-98.88,40.001],[-99.09,40.001],[-99.3,40.001],[-99.509,40.001],[-99.719,40.001],[-99.928,40.001],[-100.138,40.001],[-100.348,40.001],[-100.557,40.001],[-100.767,40.001],[-100.976,40.001],[-101.186,40.001],[-101.396,40.001],[-101.605,40.001],[-101.815,40.001],[-102.025,40.001]]]}},{"type":"Feature","id":"NH","properties":{"id":"NH"},"geometry":{"type":"Polygon","coordinates":[[[-71.517,45.008],[-71.506,45.029],[-71.419,45.2],[-71.327,45.29],[-71.202,45.26],[-71.161,45.262],[-71.135,45.263],[-71.084,45.294],[-71.077,45.195],[-71.07,45.084],[-71.062,44.973],[-71.055,44.862],[-71.047,44.751],[-71.039,44.641],[-71.031,44.53],[-71.024,44.419],[-71.016,44.308],[-71.008,44.197],[-71.001,44.086],[-70.993,43.975],[-70.985,43.865],[-70.978,43.754],[-70.97,43.643],[-70.962,43.532],[-70.967,43.458],[-70.956,43.389],[-70.92,43.328],[-70.829,43.239],[-70.813,43.164],[-70.733,43.07],[-70.768,42.968],[-70.809,42.913],[-70.812,42.891],[-70.814,42.877],[-70.923,42.882],[-70.974,42.872],[-71.076,42.825],[-71.139,42.808],[-71.242,42.729],[-71.33,42.702],[-71.472,42.706],[-71.614,42.709],[-71.756,42.713],[-71.898,42.716],[-72.04,42.72],[-72.182,42.723],[-72.325,42.727],[-72.467,42.73],[-72.484,42.766],[-72.54,42.83],[-72.553,42.856],[-72.55,42.887],[-72.519,42.967],[-72.496,42.992],[-72.474,43.039],[-72.438,43.225],[-72.407,43.332],[-72.385,43.529],[-72.362,43.587],[-72.338,43.622],[-72.297,43.715],[-72.222,43.791],[-72.174,43.884],[-72.115,43.965],[-72.106,44.013],[-72.062,44.116],[-72.031,44.301],[-72.002,44.329],[-71.868,44.355],[-71.826,44.374],[-71.683,44.45],[-71.638,44.482],[-71.609,44.514],[-71.588,44.565],[-71.571,44.579],[-71.569,44.608],[-71.618,44.728],[-71.621,44.772],[-71.51,44.908],[-71.533,44.988],[-71.517,45.008]]]}},{"type":"Feature","id":"NJ","properties":{"id":"NJ"},"geometry":{"type":"MultiPolygon","coordinates":[[[[-75.074,39.984],[-75.024,40.017],[-74.909,40.079],[-74.735,40.154],[-74.976,40.406],[-75.034,40.42],[-75.097,40.543],[-75.17,40.577],[-75.189,40.596],[-75.192,40.69],[-75.186,40.744],[-75.175,40.776],[-75.112,40.802],[-75.076,40.856],[-75.075,40.885],[-75.123,40.972],[-75.123,40.999],[-75.031,41.052],[-74.912,41.155],[-74.841,41.269],[-74.813,41.301],[-74.778,41.325],[-74.699,41.357],[-74.6,41.312],[-74.501,41.266],[-74.402,41.22],[-74.303,41.175],[-74.204,41.129],[-74.105,41.083],[-74.006,41.037],[-73.91,40.992],[-73.927,40.914],[-74.026,40.756],[-74.067,40.72],[-74.116,40.687],[-74.153,40.673],[-74.187,40.648],[-74.227,40.608],[-74.264,40.529],[-74.256,40.504],[-74.262,40.465],[-74.243,40.461],[-74.242,40.456],[-74.151,40.444],[-74.067,40.428],[-74.063,40.432],[-74.05,40.43],[-74.017,40.444],[-74.009,40.334],[-74.0,40.217],[-74.083,39.838],[-74.064,39.993],[-74.096,39.976],[-74.118,39.938],[-74.176,39.727],[-74.257,39.614],[-74.331,39.536],[-74.407,39.549],[-74.39,39.487],[-74.411,39.455],[-74.429,39.387],[-74.475,39.343],[-74.517,39.347],[-74.579,39.316],[-74.603,39.293],[-74.605,39.248],[-74.646,39.208],[-74.751,39.062],[-74.919,39.051],[-74.897,39.145],[-74.975,39.188],[-75.05,39.211],[-75.136,39.208],[-75.231,39.284],[-75.35,39.338],[-75.358,39.343],[-75.369,39.353],[-75.46,39.731],[-75.422,39.79],[-75.353,39.83],[-75.154,39.871],[-75.104,39.932],[-75.074,39.984]]],[[[-74.217,39.592],[-74.252,39.545],[-74.253,39.558],[-74.107,39.746],[-74.109,39.74],[-74.217,39.592]]]]}},{"type":"Feature","id":"NM","properties":{"id":"NM"},"geometry":{"type":"Polygon","coordinates":[[[-109.048,31.328],[-109.048,31.335],[-109.048,31.683],[-109.048,32.038],[-109.047,32.392],[-109.047,32.747],[-109.047,33.101],[-109.047,33.456],[-109.047,33.81],[-109.047,34.165],[-109.047,34.519],[-109.047,34.874],[-109.047,35.228],[-109.047,35.583],[-109.047,35.937],[-109.047,36.292],[-109.047,36.646],[-109.047,37.001],[-108.669,37.001],[-108.291,37.001],[-107.913,37.001],[-107.535,37.001],[-107.158,37.001],[-106.78,37.001],[-106.402,37.001],[-106.024,37.001],[-105.646,37.001],[-105.268,37.001],[-104.89,37.001],[-104.512,37.001],[-104.135,37.001],[-103.757,37.001],[-103.379,37.001],[-103.001,37.001],[-103.001,36.876],[-103.001,36.751],[-103.001,36.626],[-103.0,36.501],[-103.042,36.501],[-103.044,36.219],[-103.045,35.938],[-103.047,35.657],[-103.048,35.376],[-103.05,35.095],[-103.051,34.814],[-103.052,34.533],[-103.054,34.252],[-103.055,33.971],[-103.057,33.689],[-103.058,33.408],[-103.06,33.127],[-103.061,32.846],[-103.063,32.565],[-103.064,32.284],[-103.066,32.003],[-103.29,32.003],[-103.515,32.003],[-103.74,32.003],[-103.965,32.002],[-104.19,32.002],[-104.414,32.002],[-104.639,32.002],[-104.864,32.002],[-105.089,32.002],[-105.314,32.002],[-105.538,32.002],[-105.763,32.002],[-105.988,32.001],[-106.213,32.001],[-106.438,32.001],[-106.662,32.001],[-106.668,32.001],[-106.566,31.82],[-106.445,31.768],[-106.453,31.77],[-106.477,31.77],[-106.673,31.771],[-106.893,31.772],[-107.113,31.774],[-107.332,31.775],[-107.552,31.776],[-107.772,31.777],[-107.992,31.778],[-108.098,31.779],[-108.212,31.779],[-108.212,31.667],[-108.213,31.576],[-108.213,31.554],[-108.214,31.442],[-108.214,31.329],[-108.568,31.329],[-108.921,31.328],[-109.048,31.328]]]}},{"type":"Feature","id":"NV","properties":{"id":"NV"},"geometry":{"type":"Polygon","coordinates":[[[-114.04,37.004],[-114.041,36.613],[-114.043,36.182],[-114.062,36.175],[-114.12,36.077],[-114.183,36.03],[-114.232,36.032],[-114.282,36.06],[-114.332,36.116],[-114.406,36.148],[-114.505,36.156],[-114.593,36.148],[-114.669,36.122],[-114.716,36.085],[-114.741,36.014],[-114.732,35.984],[-114.687,35.917],[-114.684,35.814],[-114.677,35.73],[-114.65,35.683],[-114.645,35.631],[-114.662,35.545],[-114.648,35.476],[-114.591,35.353],[-114.611,34.998],[-114.611,34.991],[-114.882,35.203],[-115.136,35.401],[-115.39,35.599],[-115.644,35.797],[-115.898,35.995],[-116.152,36.194],[-116.406,36.392],[-116.66,36.59],[-116.843,36.728],[-117.026,36.866],[-117.209,37.003],[-117.393,37.141],[-117.576,37.279],[-117.76,37.417],[-117.943,37.555],[-118.126,37.692],[-118.36,37.856],[-118.595,38.019],[-118.829,38.183],[-119.063,38.346],[-119.297,38.51],[-119.531,38.673],[-119.766,38.837],[-120.0,39.0],[-120.0,39.188],[-120.0,39.375],[-120.0,39.563],[-120.0,39.75],[-120.0,39.938],[-120.0,40.125],[-120.001,40.313],[-120.001,40.5],[-120.001,40.688],[-120.001,40.875],[-120.001,41.063],[-120.001,41.251],[-120.001,41.438],[-120.001,41.625],[-120.001,41.813],[-120.001,42.001],[-119.628,42.001],[-119.255,42.001],[-118.882,42.001],[-118.509,42.001],[-118.136,42.001],[-117.763,42.001],[-117.39,42.001],[-117.016,42.001],[-116.645,42.001],[-116.273,42.001],[-115.902,42.001],[-115.53,42.001],[-115.158,42.001],[-114.786,42.001],[-114.414,42.001],[-114.043,42.001],[-114.043,41.845],[-114.043,41.689],[-114.043,41.533],[-114.042,41.377],[-114.042,41.22],[-114.042,41.064],[-114.042,40.908],[-114.042,40.752],[-114.042,40.596],[-114.042,40.44],[-114.042,40.283],[-114.042,40.127],[-114.042,39.971],[-114.041,39.815],[-114.041,39.659],[-114.041,39.503],[-114.041,39.346],[-114.041,39.19],[-114.041,39.034],[-114.041,38.878],[-114.041,38.722],[-114.041,38.566],[-114.041,38.41],[-114.041,38.253],[-114.041,38.097],[-114.041,37.941],[-114.041,37.785],[-114.041,37.629],[-114.04,37.473],[-114.04,37.316],[-114.04,37.16],[-114.04,37.004]]]}},{"type":"Feature","id":"NY","properties":{"id":"NY"},"geometry":{"type":"MultiPolygon","coordinates":[[[[-79.066,43.106],[-79.063,43.177],[-79.059,43.278],[-79.061,43.283],[-79.053,43.285],[-78.689,43.361],[-78.458,43.388],[-78.175,43.395],[-77.838,43.357],[-77.707,43.323],[-77.625,43.279],[-77.529,43.267],[-77.421,43.288],[-77.271,43.295],[-77.079,43.288],[-76.977,43.277],[-76.963,43.264],[-76.95,43.268],[-76.937,43.29],[-76.885,43.314],[-76.741,43.35],[-76.722,43.343],[-76.693,43.361],[-76.653,43.405],[-76.58,43.454],[-76.473,43.507],[-76.376,43.535],[-76.29,43.537],[-76.232,43.55],[-76.203,43.574],[-76.194,43.596],[-76.205,43.614],[-76.2,43.635],[-76.195,43.645],[-76.199,43.653],[-76.21,43.67],[-76.218,43.758],[-76.235,43.799],[-76.258,43.829],[-76.288,43.849],[-76.285,43.869],[-76.232,43.895],[-76.236,43.871],[-76.223,43.864],[-76.198,43.874],[-76.143,43.927],[-76.136,43.947],[-76.099,43.967],[-76.071,43.998],[-76.102,44.003],[-76.176,43.994],[-76.192,44.003],[-76.154,44.045],[-76.161,44.069],[-76.173,44.079],[-76.197,44.083],[-76.281,44.047],[-76.306,44.043],[-76.31,44.063],[-76.352,44.106],[-76.238,44.183],[-75.832,44.397],[-75.791,44.43],[-75.776,44.459],[-75.787,44.484],[-75.798,44.491],[-75.792,44.497],[-75.438,44.747],[-75.401,44.772],[-75.377,44.786],[-75.227,44.872],[-75.179,44.899],[-74.996,44.97],[-74.929,44.986],[-74.856,45.004],[-74.763,44.999],[-74.709,45.004],[-74.663,45.004],[-74.43,45.004],[-74.37,45.004],[-74.014,45.005],[-73.598,45.005],[-73.352,45.005],[-73.352,45.0],[-73.345,44.939],[-73.366,44.86],[-73.348,44.775],[-73.372,44.597],[-73.31,44.46],[-73.325,44.368],[-73.321,44.269],[-73.332,44.245],[-73.381,44.187],[-73.41,44.131],[-73.426,44.075],[-73.425,44.038],[-73.383,43.876],[-73.375,43.804],[-73.376,43.762],[-73.413,43.628],[-73.416,43.59],[-73.405,43.579],[-73.391,43.579],[-73.349,43.62],[-73.33,43.627],[-73.306,43.616],[-73.247,43.553],[-73.25,43.44],[-73.253,43.357],[-73.255,43.265],[-73.259,43.128],[-73.262,43.027],[-73.265,42.935],[-73.267,42.865],[-73.28,42.813],[-73.253,42.752],[-73.285,42.668],[-73.317,42.584],[-73.348,42.5],[-73.38,42.416],[-73.412,42.332],[-73.444,42.248],[-73.476,42.164],[-73.507,42.08],[-73.481,42.056],[-73.488,41.961],[-73.497,41.866],[-73.505,41.771],[-73.513,41.676],[-73.521,41.581],[-73.529,41.486],[-73.537,41.391],[-73.545,41.296],[-73.514,41.257],[-73.484,41.219],[-73.522,41.201],[-73.58,41.173],[-73.642,41.143],[-73.723,41.104],[-73.682,41.055],[-73.64,41.003],[-73.64,41.003],[-73.654,40.991],[-73.814,40.855],[-73.851,40.831],[-73.911,40.816],[-73.947,40.777],[-73.987,40.751],[-73.949,40.839],[-73.907,40.912],[-73.872,41.055],[-73.882,41.171],[-73.925,41.218],[-73.97,41.25],[-73.918,41.136],[-73.909,40.996],[-73.91,40.992],[-74.006,41.037],[-74.105,41.083],[-74.204,41.129],[-74.303,41.175],[-74.402,41.22],[-74.501,41.266],[-74.6,41.312],[-74.699,41.357],[-74.72,41.395],[-74.757,41.424],[-74.935,41.474],[-74.981,41.508],[-75.023,41.553],[-75.051,41.608],[-75.066,41.667],[-75.067,41.713],[-75.054,41.765],[-75.095,41.8],[-75.096,41.832],[-75.122,41.853],[-75.239,41.892],[-75.274,41.947],[-75.351,41.998],[-75.489,41.999],[-75.627,41.999],[-75.765,41.999],[-75.903,41.999],[-76.041,41.999],[-76.178,41.999],[-76.316,41.999],[-76.454,41.999],[-76.592,41.999],[-76.73,41.999],[-76.868,41.999],[-77.006,41.999],[-77.144,41.999],[-77.281,42.0],[-77.419,42.0],[-77.557,42.0],[-77.695,42.0],[-77.833,42.0],[-77.971,42.0],[-78.109,42.0],[-78.247,42.0],[-78.384,42.0],[-78.522,42.0],[-78.66,42.0],[-78.798,42.0],[-78.936,42.0],[-79.074,42.001],[-79.211,42.001],[-79.349,42.001],[-79.487,42.001],[-79.625,42.001],[-79.763,42.001],[-79.763,42.136],[-79.763,42.27],[-79.763,42.276],[-79.704,42.3],[-79.512,42.391],[-79.416,42.457],[-79.315,42.512],[-79.209,42.555],[-79.125,42.611],[-79.062,42.68],[-78.994,42.731],[-78.918,42.764],[-78.878,42.799],[-78.872,42.836],[-78.886,42.886],[-78.92,42.948],[-78.924,42.997],[-78.9,43.034],[-78.895,43.058],[-78.908,43.07],[-79.033,43.099],[-79.066,43.106]]],[[[-74.013,40.659],[-74.007,40.677],[-74.003,40.683],[-73.964,40.725],[-73.879,40.792],[-73.794,40.821],[-73.776,40.795],[-73.759,40.769],[-73.752,40.792],[-73.738,40.845],[-73.725,40.852],[-73.69,40.866],[-73.652,40.838],[-73.643,40.881],[-73.633,40.889],[-73.576,40.911],[-73.491,40.92],[-73.487,40.92],[-73.481,40.921],[-73.335,40.936],[-73.278,40.924],[-73.186,40.93],[-73.111,40.957],[-73.034,40.966],[-72.829,40.972],[-72.625,40.992],[-72.574,41.014],[-72.446,41.027],[-72.51,40.986],[-72.581,40.921],[-72.516,40.915],[-72.461,40.934],[-72.409,40.972],[-72.288,41.024],[-72.184,41.047],[-72.151,41.052],[-72.102,41.015],[-72.004,41.044],[-71.936,41.055],[-71.926,41.052],[-72.243,40.931],[-72.385,40.884],[-72.428,40.875],[-72.507,40.845],[-72.642,40.8],[-72.676,40.791],[-72.763,40.778],[-73.194,40.654],[-73.229,40.652],[-73.266,40.664],[-73.621,40.6],[-73.767,40.593],[-73.9,40.57],[-73.801,40.622],[-73.799,40.641],[-73.823,40.656],[-73.875,40.652],[-73.929,40.599],[-73.995,40.585],[-74.02,40.599],[-74.026,40.62],[-74.013,40.659]]],[[[-78.99,42.992],[-79.006,43.0],[-79.012,43.003],[-79.02,43.024],[-79.017,43.039],[-79.014,43.051],[-78.988,43.063],[-78.916,43.053],[-78.914,43.042],[-78.93,43.023],[-78.96,42.988],[-78.99,42.992]]]]}},{"type":"Feature","id":"OH","properties":{"id":"OH"},"geometry":{"type":"Polygon","coordinates":[[[-80.52,41.99],[-80.52,41.906],[-80.52,41.801],[-80.52,41.696],[-80.52,41.591],[-80.52,41.487],[-80.52,41.382],[-80.52,41.277],[-80.52,41.172],[-80.52,41.067],[-80.52,40.962],[-80.52,40.857],[-80.52,40.753],[-80.519,40.647],[-80.637,40.603],[-80.659,40.563],[-80.623,40.512],[-80.604,40.445],[-80.602,40.364],[-80.668,40.185],[-80.803,39.909],[-80.872,39.735],[-80.874,39.664],[-80.963,39.571],[-81.139,39.456],[-81.262,39.387],[-81.333,39.363],[-81.392,39.365],[-81.44,39.393],[-81.493,39.374],[-81.552,39.308],[-81.607,39.274],[-81.657,39.272],[-81.7,39.229],[-81.737,39.147],[-81.771,39.099],[-81.803,39.086],[-81.805,39.044],[-81.778,38.973],[-81.78,38.947],[-81.795,38.946],[-81.809,38.95],[-81.844,38.934],[-81.882,38.894],[-81.897,38.894],[-81.907,38.9],[-81.919,38.952],[-81.95,38.989],[-82.001,39.011],[-82.072,38.963],[-82.163,38.845],[-82.203,38.768],[-82.188,38.715],[-82.18,38.638],[-82.203,38.606],[-82.252,38.594],[-82.291,38.552],[-82.318,38.48],[-82.387,38.434],[-82.498,38.415],[-82.613,38.448],[-82.621,38.451],[-82.758,38.541],[-82.845,38.628],[-82.881,38.71],[-83.0,38.714],[-83.203,38.639],[-83.357,38.627],[-83.461,38.68],[-83.538,38.7],[-83.616,38.683],[-83.69,38.65],[-83.752,38.669],[-83.828,38.731],[-83.948,38.774],[-84.113,38.798],[-84.227,38.865],[-84.29,38.975],[-84.358,39.05],[-84.43,39.091],[-84.509,39.103],[-84.595,39.086],[-84.66,39.095],[-84.707,39.129],[-84.766,39.125],[-84.822,39.092],[-84.82,39.424],[-84.817,39.749],[-84.813,40.075],[-84.81,40.4],[-84.807,40.725],[-84.803,41.051],[-84.8,41.376],[-84.796,41.701],[-84.463,41.711],[-84.13,41.72],[-83.797,41.73],[-83.464,41.739],[-83.454,41.746],[-83.456,41.743],[-83.443,41.725],[-83.352,41.714],[-83.291,41.693],[-83.243,41.662],[-83.069,41.601],[-83.016,41.563],[-82.963,41.542],[-82.911,41.538],[-82.875,41.55],[-82.855,41.578],[-82.831,41.58],[-82.801,41.556],[-82.703,41.53],[-82.7,41.521],[-82.971,41.476],[-83.027,41.455],[-82.96,41.44],[-82.891,41.443],[-82.822,41.465],[-82.743,41.464],[-82.674,41.454],[-82.652,41.463],[-82.643,41.467],[-82.525,41.407],[-82.48,41.398],[-82.435,41.405],[-82.387,41.427],[-82.283,41.457],[-82.121,41.493],[-81.966,41.508],[-81.817,41.501],[-81.723,41.511],[-81.637,41.548],[-81.447,41.671],[-81.229,41.77],[-80.869,41.893],[-80.52,41.99]]]}},{"type":"Feature","id":"OK","properties":{"id":"OK"},"geometry":{"type":"Polygon","coordinates":[[[-94.618,36.501],[-94.596,36.362],[-94.574,36.223],[-94.551,36.083],[-94.529,35.944],[-94.506,35.805],[-94.484,35.666],[-94.461,35.526],[-94.439,35.387],[-94.442,35.279],[-94.445,35.17],[-94.448,35.061],[-94.45,34.953],[-94.453,34.844],[-94.456,34.735],[-94.459,34.626],[-94.462,34.518],[-94.465,34.409],[-94.467,34.3],[-94.47,34.192],[-94.473,34.083],[-94.476,33.975],[-94.479,33.866],[-94.481,33.757],[-94.484,33.648],[-94.709,33.699],[-94.766,33.732],[-94.869,33.768],[-94.963,33.843],[-95.146,33.937],[-95.216,33.959],[-95.238,33.956],[-95.276,33.911],[-95.374,33.874],[-95.427,33.873],[-95.523,33.887],[-95.542,33.898],[-95.556,33.926],[-95.594,33.945],[-95.623,33.93],[-95.763,33.891],[-95.784,33.865],[-95.863,33.863],[-95.942,33.883],[-96.139,33.822],[-96.207,33.774],[-96.279,33.758],[-96.315,33.711],[-96.337,33.718],[-96.411,33.775],[-96.487,33.792],[-96.592,33.849],[-96.595,33.899],[-96.606,33.906],[-96.625,33.911],[-96.648,33.906],[-96.694,33.864],[-96.72,33.853],[-96.746,33.854],[-96.847,33.883],[-96.89,33.935],[-96.911,33.951],[-96.934,33.954],[-96.978,33.938],[-97.002,33.882],[-97.022,33.867],[-97.064,33.857],[-97.061,33.829],[-97.099,33.751],[-97.119,33.735],[-97.145,33.738],[-97.173,33.757],[-97.192,33.785],[-97.201,33.808],[-97.186,33.87],[-97.195,33.891],[-97.215,33.897],[-97.265,33.868],[-97.308,33.869],[-97.364,33.84],[-97.399,33.831],[-97.43,33.839],[-97.481,33.886],[-97.571,33.916],[-97.606,33.972],[-97.622,33.988],[-97.641,33.992],[-97.66,33.99],[-97.692,33.972],[-97.795,33.899],[-97.843,33.876],[-97.883,33.871],[-97.922,33.878],[-97.946,33.897],[-97.951,33.971],[-97.974,33.994],[-98.069,34.04],[-98.089,34.084],[-98.098,34.145],[-98.214,34.135],[-98.356,34.142],[-98.42,34.088],[-98.454,34.078],[-98.494,34.089],[-98.608,34.161],[-98.73,34.147],[-98.799,34.155],[-98.969,34.209],[-99.102,34.213],[-99.158,34.223],[-99.186,34.235],[-99.2,34.318],[-99.253,34.388],[-99.27,34.407],[-99.36,34.456],[-99.375,34.458],[-99.385,34.447],[-99.405,34.392],[-99.432,34.389],[-99.536,34.405],[-99.632,34.389],[-99.686,34.416],[-99.867,34.543],[-99.941,34.576],[-99.999,34.587],[-100.0,34.706],[-100.0,34.826],[-100.0,34.946],[-100.0,35.065],[-100.0,35.185],[-100.0,35.305],[-100.001,35.424],[-100.001,35.544],[-100.001,35.663],[-100.001,35.783],[-100.001,35.903],[-100.002,36.022],[-100.002,36.142],[-100.002,36.262],[-100.002,36.381],[-100.003,36.501],[-100.19,36.501],[-100.377,36.501],[-100.564,36.501],[-100.752,36.501],[-100.939,36.501],[-101.127,36.501],[-101.314,36.501],[-101.501,36.501],[-101.689,36.501],[-101.876,36.501],[-102.064,36.501],[-102.251,36.501],[-102.438,36.501],[-102.625,36.501],[-102.813,36.501],[-103.0,36.501],[-103.001,36.626],[-103.001,36.751],[-103.001,36.876],[-103.001,37.001],[-102.754,37.001],[-102.507,37.001],[-102.26,37.001],[-102.013,37.001],[-101.782,37.001],[-101.551,37.001],[-101.319,37.001],[-101.088,37.001],[-100.857,37.001],[-100.626,37.001],[-100.395,37.001],[-100.164,37.001],[-99.933,37.001],[-99.702,37.001],[-99.471,37.001],[-99.24,37.001],[-99.009,37.001],[-98.777,37.001],[-98.547,37.001],[-98.316,37.001],[-98.084,37.001],[-97.853,37.001],[-97.622,37.001],[-97.391,37.001],[-97.16,37.001],[-96.929,37.001],[-96.698,37.001],[-96.467,37.001],[-96.235,37.001],[-96.005,37.001],[-95.774,37.001],[-95.542,37.001],[-95.311,37.001],[-95.08,37.001],[-94.849,37.001],[-94.618,37.001],[-94.618,36.876],[-94.618,36.751],[-94.618,36.626],[-94.618,36.501]]]}},{"type":"Feature","id":"OR","properties":{"id":"OR"},"geometry":{"type":"Polygon","coordinates":[[[-120.001,42.001],[-120.264,42.001],[-120.528,42.001],[-120.792,42.001],[-121.055,42.001],[-121.319,42.001],[-121.583,42.001],[-121.846,42.001],[-122.11,42.001],[-122.374,42.001],[-122.638,42.001],[-122.901,42.001],[-123.165,42.001],[-123.428,42.001],[-123.692,42.001],[-123.956,42.001],[-124.228,42.001],[-124.278,42.049],[-124.315,42.177],[-124.411,42.513],[-124.406,42.584],[-124.444,42.67],[-124.533,42.803],[-124.539,42.814],[-124.499,42.937],[-124.454,43.012],[-124.346,43.342],[-124.321,43.368],[-124.276,43.367],[-124.197,43.423],[-124.233,43.436],[-124.288,43.41],[-124.239,43.54],[-124.184,43.652],[-124.149,43.692],[-124.131,44.046],[-124.088,44.354],[-124.047,44.426],[-124.065,44.516],[-124.056,44.578],[-124.044,44.648],[-124.045,44.654],[-123.976,45.143],[-123.966,45.302],[-123.949,45.401],[-123.957,45.445],[-123.953,45.506],[-123.929,45.577],[-123.961,45.838],[-123.961,45.848],[-123.947,46.141],[-123.968,46.169],[-123.828,46.182],[-123.674,46.183],[-123.522,46.223],[-123.466,46.209],[-123.402,46.155],[-123.322,46.144],[-123.221,46.154],[-123.121,46.179],[-123.042,46.16],[-122.942,46.115],[-122.843,45.978],[-122.746,45.75],[-122.726,45.674],[-122.65,45.627],[-122.561,45.625],[-122.203,45.591],[-122.15,45.594],[-122.15,45.594],[-122.085,45.603],[-121.882,45.689],[-121.663,45.718],[-121.402,45.712],[-121.243,45.687],[-121.184,45.644],[-121.045,45.639],[-120.716,45.69],[-120.352,45.725],[-120.156,45.762],[-119.934,45.838],[-119.429,45.934],[-119.177,45.945],[-119.05,45.982],[-119.02,46.0],[-119.002,46.0],[-118.737,46.001],[-118.472,46.001],[-118.206,46.001],[-117.941,46.001],[-117.675,46.002],[-117.41,46.002],[-117.144,46.002],[-116.897,46.002],[-116.869,45.959],[-116.765,45.873],[-116.617,45.799],[-116.521,45.722],[-116.477,45.641],[-116.549,45.457],[-116.737,45.169],[-116.839,44.985],[-116.856,44.906],[-116.949,44.77],[-117.119,44.578],[-117.202,44.436],[-117.197,44.344],[-117.14,44.29],[-117.029,44.275],[-116.953,44.245],[-116.912,44.2],[-116.911,44.157],[-116.95,44.119],[-116.961,44.079],[-116.944,44.038],[-116.957,43.964],[-117.02,43.813],[-117.02,43.808],[-117.02,43.563],[-117.019,43.34],[-117.019,43.117],[-117.018,42.893],[-117.018,42.67],[-117.018,42.447],[-117.017,42.224],[-117.016,42.001],[-117.39,42.001],[-117.763,42.001],[-118.136,42.001],[-118.509,42.001],[-118.882,42.001],[-119.255,42.001],[-119.628,42.001],[-120.001,42.001]]]}},{"type":"Feature","id":"PA","properties":{"id":"PA"},"geometry":{"type":"Polygon","coordinates":[[[-79.763,42.276],[-79.763,42.27],[-79.763,42.136],[-79.763,42.001],[-79.625,42.001],[-79.487,42.001],[-79.349,42.001],[-79.211,42.001],[-79.074,42.001],[-78.936,42.0],[-78.798,42.0],[-78.66,42.0],[-78.522,42.0],[-78.384,42.0],[-78.247,42.0],[-78.109,42.0],[-77.971,42.0],[-77.833,42.0],[-77.695,42.0],[-77.557,42.0],[-77.419,42.0],[-77.281,42.0],[-77.144,41.999],[-77.006,41.999],[-76.868,41.999],[-76.73,41.999],[-76.592,41.999],[-76.454,41.999],[-76.316,41.999],[-76.178,41.999],[-76.041,41.999],[-75.903,41.999],[-75.765,41.999],[-75.627,41.999],[-75.489,41.999],[-75.351,41.998],[-75.274,41.947],[-75.239,41.892],[-75.122,41.853],[-75.096,41.832],[-75.095,41.8],[-75.054,41.765],[-75.067,41.713],[-75.066,41.667],[-75.051,41.608],[-75.023,41.553],[-74.981,41.508],[-74.935,41.474],[-74.757,41.424],[-74.72,41.395],[-74.699,41.357],[-74.778,41.325],[-74.813,41.301],[-74.841,41.269],[-74.912,41.155],[-75.031,41.052],[-75.123,40.999],[-75.123,40.972],[-75.075,40.885],[-75.076,40.856],[-75.112,40.802],[-75.175,40.776],[-75.186,40.744],[-75.192,40.69],[-75.189,40.596],[-75.17,40.577],[-75.097,40.543],[-75.034,40.42],[-74.976,40.406],[-74.735,40.154],[-74.909,40.079],[-75.024,40.017],[-75.074,39.984],[-75.173,39.895],[-75.321,39.865],[-75.401,39.832],[-75.421,39.815],[-75.511,39.843],[-75.634,39.84],[-75.677,39.827],[-75.709,39.803],[-75.785,39.722],[-76.016,39.722],[-76.246,39.722],[-76.477,39.722],[-76.708,39.722],[-76.939,39.722],[-77.169,39.722],[-77.4,39.723],[-77.631,39.723],[-77.862,39.723],[-78.093,39.723],[-78.324,39.723],[-78.554,39.723],[-78.785,39.723],[-79.016,39.723],[-79.247,39.723],[-79.477,39.723],[-79.608,39.723],[-79.738,39.723],[-79.868,39.723],[-79.998,39.723],[-80.129,39.723],[-80.259,39.723],[-80.389,39.722],[-80.519,39.722],[-80.52,39.838],[-80.52,39.954],[-80.52,40.069],[-80.52,40.185],[-80.52,40.301],[-80.52,40.417],[-80.52,40.532],[-80.519,40.647],[-80.52,40.753],[-80.52,40.857],[-80.52,40.962],[-80.52,41.067],[-80.52,41.172],[-80.52,41.277],[-80.52,41.382],[-80.52,41.487],[-80.52,41.591],[-80.52,41.696],[-80.52,41.801],[-80.52,41.906],[-80.52,41.99],[-80.335,42.041],[-80.252,42.075],[-80.168,42.109],[-80.125,42.128],[-80.076,42.146],[-79.763,42.276]]]}},{"type":"Feature","id":"RI","properties":{"id":"RI"},"geometry":{"type":"MultiPolygon","coordinates":[[[[-71.841,41.344],[-71.83,41.393],[-71.804,41.417],[-71.799,41.479],[-71.796,41.52],[-71.796,41.589],[-71.797,41.668],[-71.798,41.753],[-71.799,41.828],[-71.8,41.883],[-71.8,41.958],[-71.801,42.012],[-71.726,42.013],[-71.623,42.014],[-71.524,42.015],[-71.462,42.016],[-71.387,42.017],[-71.384,41.972],[-71.379,41.902],[-71.337,41.891],[-71.34,41.835],[-71.341,41.798],[-71.305,41.775],[-71.268,41.751],[-71.234,41.706],[-71.258,41.69],[-71.296,41.705],[-71.311,41.72],[-71.331,41.762],[-71.359,41.786],[-71.39,41.795],[-71.373,41.737],[-71.38,41.739],[-71.391,41.672],[-71.426,41.633],[-71.444,41.454],[-71.523,41.379],[-71.611,41.362],[-71.841,41.344]]],[[[-71.318,41.488],[-71.233,41.634],[-71.241,41.492],[-71.264,41.479],[-71.318,41.488]]]]}},{"type":"Feature","id":"SC","properties":{"id":"SC"},"geometry":{"type":"Polygon","coordinates":[[[-80.872,32.03],[-81.075,32.11],[-81.135,32.182],[-81.133,32.275],[-81.172,32.38],[-81.29,32.557],[-81.377,32.607],[-81.434,32.728],[-81.49,32.936],[-81.578,33.069],[-81.699,33.127],[-81.78,33.195],[-81.821,33.274],[-81.864,33.325],[-81.909,33.349],[-81.933,33.39],[-81.936,33.447],[-82.006,33.523],[-82.208,33.664],[-82.257,33.749],[-82.352,33.838],[-82.589,34.018],[-82.589,34.017],[-82.819,34.366],[-82.848,34.437],[-82.897,34.466],[-82.976,34.476],[-83.053,34.511],[-83.166,34.599],[-83.166,34.6],[-83.356,34.708],[-83.317,34.806],[-83.17,34.933],[-83.121,35.001],[-83.115,35.001],[-83.097,35.002],[-82.937,35.044],[-82.778,35.087],[-82.744,35.084],[-82.652,35.128],[-82.464,35.178],[-82.392,35.211],[-82.356,35.202],[-82.198,35.196],[-82.039,35.19],[-81.88,35.184],[-81.722,35.179],[-81.563,35.173],[-81.405,35.167],[-81.246,35.161],[-81.087,35.156],[-81.057,35.146],[-81.047,35.131],[-81.051,35.089],[-81.045,35.066],[-80.934,35.114],[-80.882,35.058],[-80.793,34.963],[-80.789,34.907],[-80.784,34.829],[-80.643,34.825],[-80.501,34.821],[-80.36,34.817],[-80.219,34.813],[-80.078,34.809],[-79.936,34.805],[-79.795,34.801],[-79.653,34.797],[-79.518,34.683],[-79.383,34.568],[-79.248,34.454],[-79.113,34.34],[-78.978,34.226],[-78.843,34.112],[-78.708,33.998],[-78.564,33.877],[-78.578,33.873],[-78.748,33.777],[-78.773,33.768],[-78.789,33.754],[-78.841,33.724],[-78.92,33.659],[-79.021,33.541],[-79.085,33.484],[-79.094,33.464],[-79.1,33.45],[-79.138,33.406],[-79.178,33.29],[-79.209,33.267],[-79.238,33.312],[-79.227,33.363],[-79.227,33.405],[-79.281,33.316],[-79.25,33.237],[-79.522,33.035],[-79.545,33.013],[-79.587,33.001],[-79.599,32.961],[-79.747,32.818],[-79.805,32.787],[-79.933,32.81],[-79.894,32.729],[-79.941,32.667],[-79.97,32.65],[-80.105,32.595],[-80.123,32.589],[-80.18,32.593],[-80.23,32.576],[-80.268,32.537],[-80.363,32.501],[-80.461,32.521],[-80.572,32.534],[-80.634,32.512],[-80.53,32.475],[-80.474,32.423],[-80.482,32.373],[-80.6,32.291],[-80.608,32.293],[-80.626,32.326],[-80.647,32.396],[-80.678,32.381],[-80.683,32.349],[-80.709,32.337],[-80.803,32.448],[-80.798,32.363],[-80.765,32.298],[-80.734,32.265],[-80.702,32.246],[-80.695,32.218],[-80.765,32.139],[-80.791,32.126],[-80.849,32.114],[-80.882,32.069],[-80.872,32.03]]]}},{"type":"Feature","id":"SD","properties":{"id":"SD"},"geometry":{"type":"Polygon","coordinates":[[[-96.454,43.501],[-96.599,43.497],[-96.581,43.435],[-96.541,43.373],[-96.535,43.338],[-96.543,43.309],[-96.57,43.283],[-96.563,43.243],[-96.556,43.232],[-96.49,43.205],[-96.468,43.17],[-96.461,43.13],[-96.463,43.099],[-96.502,43.043],[-96.513,42.969],[-96.563,42.859],[-96.616,42.791],[-96.627,42.757],[-96.622,42.729],[-96.539,42.659],[-96.534,42.63],[-96.506,42.594],[-96.481,42.511],[-96.558,42.525],[-96.633,42.569],[-96.675,42.638],[-96.805,42.701],[-97.02,42.76],[-97.165,42.813],[-97.239,42.861],[-97.417,42.881],[-97.698,42.875],[-97.881,42.85],[-97.965,42.806],[-98.143,42.852],[-98.442,43.001],[-98.837,43.001],[-99.183,43.001],[-99.529,43.001],[-99.875,43.001],[-100.222,43.001],[-100.568,43.001],[-100.914,43.001],[-101.26,43.001],[-101.606,43.001],[-101.952,43.001],[-102.298,43.001],[-102.645,43.001],[-102.991,43.001],[-103.336,43.001],[-103.683,43.001],[-104.029,43.001],[-104.03,43.251],[-104.031,43.501],[-104.032,43.751],[-104.033,44.001],[-104.034,44.251],[-104.035,44.501],[-104.036,44.751],[-104.037,45.001],[-104.029,45.001],[-104.021,45.001],[-104.013,45.001],[-104.005,45.001],[-104.005,45.004],[-104.005,45.007],[-104.005,45.01],[-104.005,45.014],[-104.006,45.246],[-104.008,45.478],[-104.01,45.711],[-104.011,45.943],[-103.778,45.943],[-103.545,45.943],[-103.312,45.943],[-103.079,45.943],[-102.846,45.943],[-102.613,45.943],[-102.38,45.943],[-102.147,45.943],[-101.914,45.943],[-101.682,45.943],[-101.449,45.943],[-101.216,45.943],[-100.983,45.943],[-100.75,45.943],[-100.517,45.943],[-100.284,45.943],[-100.051,45.943],[-99.818,45.943],[-99.585,45.943],[-99.352,45.943],[-99.119,45.943],[-98.886,45.943],[-98.653,45.943],[-98.42,45.943],[-98.187,45.943],[-97.954,45.943],[-97.721,45.943],[-97.488,45.943],[-97.255,45.943],[-97.022,45.943],[-96.79,45.943],[-96.556,45.943],[-96.591,45.843],[-96.615,45.8],[-96.663,45.756],[-96.814,45.659],[-96.851,45.626],[-96.845,45.596],[-96.815,45.558],[-96.738,45.468],[-96.696,45.432],[-96.53,45.372],[-96.454,45.297],[-96.454,45.073],[-96.454,44.848],[-96.454,44.624],[-96.454,44.399],[-96.454,44.175],[-96.454,43.95],[-96.454,43.726],[-96.454,43.501]]]}},{"type":"Feature","id":"TN","properties":{"id":"TN"},"geometry":{"type":"Polygon","coordinates":[[[-85.624,35.001],[-85.784,35.002],[-85.945,35.004],[-86.105,35.005],[-86.265,35.007],[-86.426,35.008],[-86.586,35.01],[-86.747,35.011],[-86.907,35.013],[-87.067,35.014],[-87.228,35.016],[-87.388,35.017],[-87.549,35.019],[-87.709,35.02],[-87.869,35.022],[-88.03,35.023],[-88.191,35.025],[-88.203,35.024],[-88.191,35.012],[-88.173,34.999],[-88.445,34.999],[-88.71,34.999],[-88.976,35.0],[-89.242,35.0],[-89.507,35.0],[-89.773,35.001],[-90.039,35.001],[-90.294,35.001],[-90.294,35.004],[-90.256,35.046],[-90.142,35.114],[-90.093,35.204],[-90.108,35.314],[-90.066,35.414],[-89.968,35.503],[-89.926,35.592],[-89.943,35.679],[-89.894,35.75],[-89.78,35.806],[-89.764,35.828],[-89.768,35.845],[-89.77,35.864],[-89.769,35.872],[-89.764,35.889],[-89.738,35.899],[-89.704,35.907],[-89.689,35.921],[-89.689,35.944],[-89.709,35.983],[-89.705,36.002],[-89.698,36.03],[-89.642,36.104],[-89.634,36.168],[-89.674,36.221],[-89.654,36.248],[-89.628,36.255],[-89.595,36.259],[-89.583,36.272],[-89.583,36.288],[-89.612,36.322],[-89.604,36.352],[-89.555,36.373],[-89.541,36.427],[-89.557,36.501],[-89.487,36.503],[-89.485,36.498],[-89.471,36.489],[-89.452,36.497],[-89.45,36.5],[-89.252,36.5],[-89.079,36.5],[-88.906,36.5],[-88.734,36.5],[-88.561,36.5],[-88.388,36.5],[-88.215,36.5],[-88.059,36.5],[-88.056,36.501],[-88.057,36.59],[-88.096,36.693],[-88.091,36.693],[-87.956,36.682],[-87.869,36.675],[-87.839,36.644],[-87.506,36.649],[-87.173,36.654],[-86.841,36.66],[-86.508,36.665],[-86.161,36.655],[-85.813,36.645],[-85.466,36.636],[-85.119,36.626],[-84.772,36.616],[-84.425,36.606],[-84.078,36.597],[-83.731,36.587],[-83.723,36.589],[-83.715,36.591],[-83.707,36.594],[-83.699,36.596],[-83.691,36.598],[-83.683,36.601],[-83.675,36.603],[-83.668,36.605],[-83.441,36.604],[-82.956,36.602],[-82.612,36.601],[-82.329,36.6],[-82.162,36.599],[-81.952,36.598],[-81.905,36.618],[-81.801,36.615],[-81.659,36.611],[-81.704,36.534],[-81.708,36.482],[-81.733,36.406],[-81.734,36.356],[-81.808,36.353],[-81.851,36.34],[-81.908,36.306],[-82.051,36.123],[-82.101,36.106],[-82.183,36.154],[-82.295,36.134],[-82.368,36.1],[-82.478,36.01],[-82.521,35.981],[-82.553,35.971],[-82.577,35.972],[-82.589,35.987],[-82.598,36.032],[-82.611,36.047],[-82.645,36.047],[-82.7,36.03],[-82.756,36.0],[-82.813,35.947],[-82.888,35.952],[-82.902,35.939],[-82.92,35.879],[-82.949,35.835],[-82.99,35.8],[-83.12,35.775],[-83.284,35.682],[-83.511,35.584],[-83.723,35.56],[-83.812,35.54],[-83.871,35.515],[-84.004,35.414],[-84.062,35.286],[-84.129,35.261],[-84.232,35.261],[-84.261,35.25],[-84.287,35.201],[-84.325,34.988],[-84.65,34.991],[-84.974,34.994],[-85.299,34.998],[-85.624,35.001]]]}},{"type":"Feature","id":"TX","properties":{"id":"TX"},"geometry":{"type":"MultiPolygon","coordinates":[[[[-94.484,33.648],[-94.432,33.6],[-94.39,33.586],[-94.378,33.566],[-94.358,33.561],[-94.333,33.565],[-94.295,33.587],[-94.239,33.581],[-94.191,33.589],[-94.099,33.577],[-94.047,33.554],[-94.046,33.419],[-94.044,33.283],[-94.043,33.148],[-94.041,33.012],[-94.042,32.885],[-94.042,32.759],[-94.042,32.632],[-94.042,32.506],[-94.043,32.379],[-94.043,32.252],[-94.043,32.126],[-94.043,31.999],[-93.905,31.877],[-93.845,31.793],[-93.827,31.75],[-93.821,31.604],[-93.807,31.569],[-93.737,31.514],[-93.736,31.478],[-93.664,31.372],[-93.666,31.323],[-93.597,31.21],[-93.558,31.18],[-93.551,31.104],[-93.53,31.046],[-93.563,31.005],[-93.549,30.948],[-93.569,30.895],[-93.579,30.824],[-93.625,30.714],[-93.665,30.661],[-93.72,30.558],[-93.715,30.473],[-93.747,30.38],[-93.75,30.345],[-93.721,30.283],[-93.711,30.113],[-93.727,30.077],[-93.794,29.977],[-93.841,29.98],[-93.946,29.815],[-93.886,29.723],[-93.889,29.704],[-94.026,29.677],[-94.1,29.67],[-94.568,29.487],[-94.583,29.515],[-94.526,29.548],[-94.605,29.568],[-94.611,29.567],[-94.719,29.765],[-94.737,29.773],[-94.757,29.781],[-94.999,29.709],[-94.999,29.708],[-95.023,29.702],[-95.006,29.607],[-95.009,29.573],[-94.997,29.558],[-94.993,29.531],[-94.956,29.485],[-94.928,29.336],[-95.018,29.259],[-95.139,29.168],[-95.152,29.079],[-95.274,28.964],[-95.388,28.899],[-95.656,28.745],[-95.733,28.712],[-95.774,28.687],[-95.915,28.621],[-96.021,28.587],[-96.18,28.502],[-96.234,28.489],[-96.132,28.561],[-96.011,28.632],[-96.115,28.622],[-96.275,28.655],[-96.373,28.657],[-96.374,28.631],[-96.449,28.594],[-96.526,28.648],[-96.56,28.684],[-96.576,28.716],[-96.608,28.723],[-96.64,28.709],[-96.525,28.489],[-96.476,28.479],[-96.421,28.457],[-96.489,28.406],[-96.559,28.369],[-96.696,28.357],[-96.774,28.422],[-96.795,28.321],[-96.796,28.31],[-97.009,28.203],[-97.043,28.162],[-97.096,28.158],[-97.156,28.144],[-97.155,28.103],[-97.141,28.061],[-97.121,28.067],[-97.274,27.882],[-97.278,27.858],[-97.374,27.87],[-97.404,27.859],[-97.431,27.837],[-97.313,27.699],[-97.482,27.316],[-97.524,27.314],[-97.682,27.395],[-97.768,27.457],[-97.692,27.287],[-97.494,27.239],[-97.489,27.097],[-97.516,27.053],[-97.555,26.967],[-97.526,26.908],[-97.494,26.76],[-97.466,26.692],[-97.435,26.486],[-97.402,26.397],[-97.243,26.119],[-97.226,26.079],[-97.187,26.019],[-97.15,25.961],[-97.282,25.942],[-97.292,25.936],[-97.339,25.911],[-97.35,25.885],[-97.358,25.871],[-97.376,25.872],[-97.44,25.891],[-97.566,25.971],[-97.587,25.984],[-97.801,26.042],[-98.062,26.063],[-98.083,26.064],[-98.275,26.111],[-98.312,26.136],[-98.378,26.182],[-98.486,26.225],[-98.554,26.233],[-98.598,26.238],[-98.691,26.276],[-98.732,26.311],[-98.765,26.34],[-98.873,26.381],[-99.015,26.399],[-99.069,26.427],[-99.108,26.447],[-99.172,26.564],[-99.172,26.566],[-99.186,26.613],[-99.23,26.762],[-99.302,26.885],[-99.443,27.037],[-99.448,27.043],[-99.456,27.057],[-99.458,27.082],[-99.454,27.1],[-99.44,27.17],[-99.455,27.234],[-99.47,27.251],[-99.5,27.286],[-99.51,27.34],[-99.486,27.397],[-99.486,27.398],[-99.484,27.467],[-99.505,27.548],[-99.595,27.636],[-99.695,27.695],[-99.754,27.73],[-99.825,27.802],[-99.889,27.867],[-100.001,28.048],[-100.112,28.173],[-100.197,28.227],[-100.221,28.243],[-100.296,28.328],[-100.311,28.365],[-100.336,28.428],[-100.348,28.486],[-100.332,28.503],[-100.399,28.614],[-100.535,28.801],[-100.55,28.821],[-100.636,28.973],[-100.654,29.05],[-100.659,29.069],[-100.67,29.081],[-100.736,29.161],[-100.755,29.182],[-100.779,29.202],[-100.924,29.315],[-101.016,29.401],[-101.018,29.406],[-101.039,29.46],[-101.039,29.46],[-101.304,29.634],[-101.38,29.742],[-101.44,29.777],[-101.509,29.773],[-101.545,29.784],[-101.546,29.808],[-101.569,29.809],[-101.612,29.787],[-101.702,29.784],[-101.752,29.782],[-101.991,29.796],[-102.163,29.825],[-102.194,29.839],[-102.269,29.871],[-102.343,29.865],[-102.386,29.807],[-102.417,29.794],[-102.476,29.769],[-102.605,29.753],[-102.615,29.752],[-102.616,29.751],[-102.716,29.661],[-102.734,29.644],[-102.773,29.567],[-102.817,29.479],[-102.834,29.444],[-102.878,29.315],[-102.874,29.294],[-102.866,29.258],[-102.892,29.216],[-102.898,29.214],[-102.957,29.19],[-103.023,29.132],[-103.09,29.042],[-103.168,28.998],[-103.258,29.001],[-103.423,29.071],[-103.664,29.207],[-103.853,29.291],[-103.99,29.323],[-104.11,29.386],[-104.216,29.48],[-104.312,29.542],[-104.401,29.574],[-104.504,29.678],[-104.622,29.854],[-104.668,29.96],[-104.681,29.991],[-104.681,30.043],[-104.681,30.134],[-104.836,30.448],[-104.879,30.519],[-104.918,30.583],[-104.936,30.602],[-104.979,30.646],[-105.098,30.72],[-105.111,30.727],[-105.276,30.807],[-105.439,30.926],[-105.514,30.981],[-105.813,31.241],[-106.024,31.398],[-106.076,31.42],[-106.148,31.451],[-106.256,31.545],[-106.347,31.679],[-106.422,31.751],[-106.436,31.764],[-106.445,31.768],[-106.566,31.82],[-106.668,32.001],[-106.662,32.001],[-106.438,32.001],[-106.213,32.001],[-105.988,32.001],[-105.763,32.002],[-105.538,32.002],[-105.314,32.002],[-105.089,32.002],[-104.864,32.002],[-104.639,32.002],[-104.414,32.002],[-104.19,32.002],[-103.965,32.002],[-103.74,32.003],[-103.515,32.003],[-103.29,32.003],[-103.066,32.003],[-103.064,32.284],[-103.063,32.565],[-103.061,32.846],[-103.06,33.127],[-103.058,33.408],[-103.057,33.689],[-103.055,33.971],[-103.054,34.252],[-103.052,34.533],[-103.051,34.814],[-103.05,35.095],[-103.048,35.376],[-103.047,35.657],[-103.045,35.938],[-103.044,36.219],[-103.042,36.501],[-103.0,36.501],[-102.813,36.501],[-102.625,36.501],[-102.438,36.501],[-102.251,36.501],[-102.064,36.501],[-101.876,36.501],[-101.689,36.501],[-101.501,36.501],[-101.314,36.501],[-101.127,36.501],[-100.939,36.501],[-100.752,36.501],[-100.564,36.501],[-100.377,36.501],[-100.19,36.501],[-100.003,36.501],[-100.002,36.381],[-100.002,36.262],[-100.002,36.142],[-100.002,36.022],[-100.001,35.903],[-100.001,35.783],[-100.001,35.663],[-100.001,35.544],[-100.001,35.424],[-100.0,35.305],[-100.0,35.185],[-100.0,35.065],[-100.0,34.946],[-100.0,34.826],[-100.0,34.706],[-99.999,34.587],[-99.941,34.576],[-99.867,34.543],[-99.686,34.416],[-99.632,34.389],[-99.536,34.405],[-99.432,34.389],[-99.405,34.392],[-99.385,34.447],[-99.375,34.458],[-99.36,34.456],[-99.27,34.407],[-99.253,34.388],[-99.2,34.318],[-99.186,34.235],[-99.158,34.223],[-99.102,34.213],[-98.969,34.209],[-98.799,34.155],[-98.73,34.147],[-98.608,34.161],[-98.494,34.089],[-98.454,34.078],[-98.42,34.088],[-98.356,34.142],[-98.214,34.135],[-98.098,34.145],[-98.089,34.084],[-98.069,34.04],[-97.974,33.994],[-97.951,33.971],[-97.946,33.897],[-97.922,33.878],[-97.883,33.871],[-97.843,33.876],[-97.795,33.899],[-97.692,33.972],[-97.66,33.99],[-97.641,33.992],[-97.622,33.988],[-97.606,33.972],[-97.571,33.916],[-97.481,33.886],[-97.43,33.839],[-97.399,33.831],[-97.364,33.84],[-97.308,33.869],[-97.265,33.868],[-97.215,33.897],[-97.195,33.891],[-97.186,33.87],[-97.201,33.808],[-97.192,33.785],[-97.173,33.757],[-97.145,33.738],[-97.119,33.735],[-97.099,33.751],[-97.061,33.829],[-97.064,33.857],[-97.022,33.867],[-97.002,33.882],[-96.978,33.938],[-96.934,33.954],[-96.911,33.951],[-96.89,33.935],[-96.847,33.883],[-96.746,33.854],[-96.72,33.853],[-96.694,33.864],[-96.648,33.906],[-96.625,33.911],[-96.606,33.906],[-96.595,33.899],[-96.592,33.849],[-96.487,33.792],[-96.411,33.775],[-96.337,33.718],[-96.315,33.711],[-96.279,33.758],[-96.207,33.774],[-96.139,33.822],[-95.942,33.883],[-95.863,33.863],[-95.784,33.865],[-95.763,33.891],[-95.623,33.93],[-95.594,33.945],[-95.556,33.926],[-95.542,33.898],[-95.523,33.887],[-95.427,33.873],[-95.374,33.874],[-95.276,33.911],[-95.238,33.956],[-95.216,33.959],[-95.146,33.937],[-94.963,33.843],[-94.869,33.768],[-94.766,33.732],[-94.709,33.699],[-94.484,33.648]]],[[[-95.071,29.14],[-95.09,29.136],[-95.035,29.175],[-95.071,29.14]]],[[[-96.745,28.189],[-96.482,28.33],[-96.493,28.336],[-96.459,28.34],[-96.58,28.258],[-96.599,28.245],[-96.764,28.153],[-96.78,28.151],[-96.745,28.189]]],[[[-96.444,28.35],[-96.419,28.376],[-96.404,28.382],[-96.405,28.377],[-96.444,28.35]]]]}},{"type":"Feature","id":"UT","properties":{"id":"UT"},"geometry":{"type":"Polygon","coordinates":[[[-109.047,37.001],[-109.359,37.001],[-109.671,37.001],[-109.983,37.002],[-110.295,37.002],[-110.607,37.002],[-110.919,37.002],[-111.231,37.002],[-111.543,37.003],[-111.856,37.003],[-112.168,37.003],[-112.48,37.003],[-112.792,37.003],[-113.104,37.004],[-113.416,37.004],[-113.728,37.004],[-114.04,37.004],[-114.04,37.16],[-114.04,37.316],[-114.04,37.473],[-114.041,37.629],[-114.041,37.785],[-114.041,37.941],[-114.041,38.097],[-114.041,38.253],[-114.041,38.41],[-114.041,38.566],[-114.041,38.722],[-114.041,38.878],[-114.041,39.034],[-114.041,39.19],[-114.041,39.346],[-114.041,39.503],[-114.041,39.659],[-114.041,39.815],[-114.042,39.971],[-114.042,40.127],[-114.042,40.283],[-114.042,40.44],[-114.042,40.596],[-114.042,40.752],[-114.042,40.908],[-114.042,41.064],[-114.042,41.22],[-114.042,41.377],[-114.043,41.533],[-114.043,41.689],[-114.043,41.845],[-114.043,42.001],[-113.856,42.001],[-113.668,42.001],[-113.482,42.001],[-113.294,42.001],[-113.108,42.001],[-112.92,42.001],[-112.734,42.001],[-112.546,42.001],[-112.36,42.001],[-112.172,42.001],[-111.985,42.001],[-111.798,42.001],[-111.611,42.001],[-111.424,42.001],[-111.237,42.001],[-111.05,42.001],[-111.05,41.876],[-111.05,41.751],[-111.05,41.626],[-111.05,41.501],[-111.05,41.376],[-111.05,41.251],[-111.05,41.126],[-111.05,41.001],[-110.8,41.001],[-110.549,41.001],[-110.299,41.001],[-110.048,41.001],[-109.798,41.001],[-109.547,41.001],[-109.297,41.001],[-109.046,41.001],[-109.046,40.751],[-109.046,40.501],[-109.046,40.251],[-109.046,40.001],[-109.046,39.751],[-109.046,39.501],[-109.046,39.251],[-109.046,39.001],[-109.046,38.751],[-109.046,38.501],[-109.046,38.251],[-109.046,38.001],[-109.046,37.751],[-109.047,37.501],[-109.047,37.251],[-109.047,37.001]]]}},{"type":"Feature","id":"VA","properties":{"id":"VA"},"geometry":{"type":"MultiPolygon","coordinates":[[[[-77.122,38.943],[-77.102,38.936],[-77.053,38.915],[-77.031,38.889],[-77.046,38.776],[-77.092,38.72],[-77.165,38.677],[-77.26,38.6],[-77.284,38.529],[-77.314,38.397],[-77.273,38.352],[-77.232,38.34],[-77.158,38.358],[-77.159,38.354],[-77.163,38.346],[-76.961,38.26],[-76.906,38.197],[-76.701,38.148],[-76.487,38.028],[-76.472,38.011],[-76.419,37.99],[-76.344,37.947],[-76.282,37.814],[-76.283,37.812],[-76.293,37.794],[-76.305,37.722],[-76.344,37.676],[-76.437,37.67],[-76.492,37.682],[-76.793,37.938],[-76.829,37.962],[-76.94,38.095],[-77.07,38.167],[-77.111,38.166],[-76.925,38.033],[-76.875,37.972],[-76.911,37.973],[-76.838,37.906],[-76.683,37.765],[-76.557,37.679],[-76.55,37.669],[-76.488,37.632],[-76.433,37.594],[-76.415,37.512],[-76.387,37.383],[-76.401,37.386],[-76.406,37.332],[-76.393,37.3],[-76.454,37.274],[-76.538,37.309],[-76.758,37.505],[-76.756,37.479],[-76.738,37.449],[-76.611,37.323],[-76.497,37.247],[-76.401,37.213],[-76.347,37.166],[-76.53,37.09],[-76.602,37.143],[-76.631,37.222],[-76.704,37.218],[-77.007,37.318],[-77.251,37.329],[-77.227,37.309],[-77.196,37.296],[-77.002,37.271],[-76.925,37.225],[-76.766,37.184],[-76.672,37.173],[-76.658,37.127],[-76.664,37.13],[-76.655,37.117],[-76.634,37.047],[-76.573,37.007],[-76.527,36.945],[-76.489,36.894],[-76.467,36.895],[-76.399,36.89],[-76.244,36.953],[-76.144,36.931],[-76.035,36.917],[-75.977,36.86],[-75.864,36.551],[-75.889,36.55],[-75.966,36.551],[-76.215,36.553],[-76.577,36.556],[-76.938,36.559],[-77.3,36.561],[-77.662,36.564],[-78.024,36.567],[-78.386,36.57],[-78.747,36.573],[-79.109,36.575],[-79.471,36.578],[-79.833,36.581],[-80.195,36.584],[-80.556,36.587],[-80.918,36.59],[-81.28,36.592],[-81.642,36.595],[-81.659,36.611],[-81.801,36.615],[-81.905,36.618],[-81.952,36.598],[-82.162,36.599],[-82.329,36.6],[-82.612,36.601],[-82.956,36.602],[-83.441,36.604],[-83.668,36.605],[-83.566,36.653],[-83.417,36.681],[-83.15,36.762],[-83.044,36.846],[-82.895,36.906],[-82.832,36.979],[-82.732,37.048],[-82.695,37.126],[-82.681,37.138],[-82.517,37.209],[-82.343,37.297],[-81.965,37.54],[-81.958,37.508],[-81.972,37.473],[-81.94,37.433],[-81.913,37.369],[-81.876,37.33],[-81.829,37.299],[-81.752,37.271],[-81.661,37.222],[-81.589,37.208],[-81.565,37.21],[-81.486,37.257],[-81.419,37.282],[-81.35,37.334],[-81.227,37.263],[-81.178,37.263],[-81.058,37.294],[-80.944,37.302],[-80.915,37.311],[-80.873,37.341],[-80.872,37.399],[-80.862,37.415],[-80.844,37.422],[-80.821,37.423],[-80.77,37.402],[-80.72,37.401],[-80.507,37.469],[-80.492,37.464],[-80.465,37.433],[-80.371,37.473],[-80.316,37.51],[-80.292,37.566],[-80.246,37.621],[-80.255,37.645],[-80.285,37.677],[-80.246,37.751],[-80.188,37.824],[-79.972,38.046],[-79.903,38.181],[-79.813,38.267],[-79.783,38.336],[-79.715,38.404],[-79.669,38.544],[-79.639,38.572],[-79.598,38.577],[-79.555,38.559],[-79.525,38.533],[-79.505,38.491],[-79.396,38.454],[-79.304,38.45],[-79.24,38.476],[-79.203,38.526],[-79.152,38.618],[-79.104,38.673],[-79.073,38.742],[-79.041,38.79],[-78.992,38.82],[-78.869,38.818],[-78.805,38.86],[-78.757,38.908],[-78.727,38.924],[-78.693,38.922],[-78.581,38.999],[-78.435,39.161],[-78.404,39.263],[-78.366,39.336],[-78.351,39.411],[-78.322,39.452],[-78.193,39.37],[-78.118,39.323],[-77.949,39.216],[-77.836,39.145],[-77.792,39.227],[-77.727,39.346],[-77.669,39.31],[-77.534,39.266],[-77.479,39.221],[-77.503,39.175],[-77.506,39.143],[-77.481,39.113],[-77.301,39.053],[-77.19,38.969],[-77.122,38.943]]],[[[-75.655,37.959],[-75.62,37.999],[-75.47,38.015],[-75.376,38.025],[-75.596,37.631],[-75.59,37.583],[-75.624,37.539],[-75.632,37.535],[-75.699,37.516],[-75.767,37.473],[-75.812,37.425],[-75.854,37.297],[-75.934,37.152],[-75.984,37.212],[-75.997,37.264],[-75.975,37.398],[-75.888,37.619],[-75.835,37.695],[-75.681,37.856],[-75.661,37.935],[-75.655,37.959]]],[[[-75.252,38.037],[-75.236,38.039],[-75.242,38.027],[-75.358,37.879],[-75.378,37.872],[-75.252,38.037]]]]}},{"type":"Feature","id":"VT","properties":{"id":"VT"},"geometry":{"type":"Polygon","coordinates":[[[-73.352,45.005],[-73.182,45.006],[-72.766,45.006],[-72.464,45.006],[-72.35,45.007],[-71.934,45.007],[-71.517,45.008],[-71.533,44.988],[-71.51,44.908],[-71.621,44.772],[-71.618,44.728],[-71.569,44.608],[-71.571,44.579],[-71.588,44.565],[-71.609,44.514],[-71.638,44.482],[-71.683,44.45],[-71.826,44.374],[-71.868,44.355],[-72.002,44.329],[-72.031,44.301],[-72.062,44.116],[-72.106,44.013],[-72.115,43.965],[-72.174,43.884],[-72.222,43.791],[-72.297,43.715],[-72.338,43.622],[-72.362,43.587],[-72.385,43.529],[-72.407,43.332],[-72.438,43.225],[-72.474,43.039],[-72.496,42.992],[-72.519,42.967],[-72.55,42.887],[-72.553,42.856],[-72.54,42.83],[-72.484,42.766],[-72.467,42.73],[-72.565,42.733],[-72.663,42.736],[-72.762,42.738],[-72.86,42.741],[-72.959,42.744],[-73.057,42.747],[-73.155,42.749],[-73.253,42.752],[-73.28,42.813],[-73.267,42.865],[-73.265,42.935],[-73.262,43.027],[-73.259,43.128],[-73.255,43.265],[-73.253,43.357],[-73.25,43.44],[-73.247,43.553],[-73.306,43.616],[-73.33,43.627],[-73.349,43.62],[-73.391,43.579],[-73.405,43.579],[-73.416,43.59],[-73.413,43.628],[-73.376,43.762],[-73.375,43.804],[-73.383,43.876],[-73.425,44.038],[-73.426,44.075],[-73.41,44.131],[-73.381,44.187],[-73.332,44.245],[-73.321,44.269],[-73.325,44.368],[-73.31,44.46],[-73.372,44.597],[-73.348,44.775],[-73.366,44.86],[-73.345,44.939],[-73.352,45.0],[-73.352,45.005]]]}},{"type":"Feature","id":"WA","properties":{"id":"WA"},"geometry":{"type":"MultiPolygon","coordinates":[[[[-122.766,48.993],[-122.687,48.993],[-122.26,48.993],[-121.834,48.993],[-121.407,48.993],[-120.981,48.993],[-120.555,48.993],[-120.128,48.993],[-119.702,48.993],[-119.275,48.993],[-118.849,48.993],[-118.423,48.993],[-117.996,48.993],[-117.57,48.993],[-117.144,48.993],[-117.039,48.993],[-117.037,48.834],[-117.037,48.673],[-117.036,48.513],[-117.035,48.353],[-117.034,48.192],[-117.033,48.032],[-117.032,47.872],[-117.032,47.712],[-117.031,47.551],[-117.03,47.391],[-117.029,47.231],[-117.028,47.07],[-117.028,46.91],[-117.027,46.75],[-117.026,46.589],[-117.025,46.429],[-117.032,46.42],[-117.039,46.397],[-117.01,46.33],[-116.943,46.232],[-116.922,46.164],[-116.948,46.124],[-116.93,46.056],[-116.897,46.002],[-117.144,46.002],[-117.41,46.002],[-117.675,46.002],[-117.941,46.001],[-118.206,46.001],[-118.472,46.001],[-118.737,46.001],[-119.002,46.0],[-119.02,46.0],[-119.05,45.982],[-119.177,45.945],[-119.429,45.934],[-119.934,45.838],[-120.156,45.762],[-120.352,45.725],[-120.716,45.69],[-121.045,45.639],[-121.184,45.644],[-121.243,45.687],[-121.402,45.712],[-121.663,45.718],[-121.882,45.689],[-122.085,45.603],[-122.15,45.594],[-122.15,45.594],[-122.203,45.591],[-122.561,45.625],[-122.65,45.627],[-122.726,45.674],[-122.746,45.75],[-122.843,45.978],[-122.942,46.115],[-123.042,46.16],[-123.121,46.179],[-123.221,46.154],[-123.251,46.167],[-123.299,46.171],[-123.405,46.221],[-123.465,46.271],[-123.602,46.269],[-123.655,46.272],[-123.688,46.3],[-123.812,46.281],[-123.844,46.296],[-124.007,46.372],[-123.995,46.495],[-123.946,46.433],[-123.912,46.533],[-123.889,46.66],[-123.958,46.709],[-123.975,46.714],[-123.87,46.943],[-123.839,46.954],[-123.848,46.961],[-123.843,46.963],[-123.855,46.965],[-123.995,46.991],[-124.042,47.03],[-124.112,47.035],[-124.115,47.014],[-124.151,47.021],[-124.169,47.066],[-124.17,47.087],[-124.199,47.209],[-124.277,47.347],[-124.331,47.488],[-124.376,47.659],[-124.425,47.732],[-124.431,47.746],[-124.439,47.752],[-124.46,47.784],[-124.621,47.904],[-124.663,47.974],[-124.692,48.107],[-124.7,48.161],[-124.7,48.162],[-124.68,48.286],[-124.708,48.373],[-124.582,48.356],[-124.429,48.301],[-124.175,48.242],[-124.099,48.2],[-123.976,48.168],[-123.854,48.16],[-123.84,48.156],[-123.052,48.101],[-123.024,48.082],[-122.974,48.073],[-122.909,48.077],[-122.861,48.09],[-122.827,48.11],[-122.768,48.115],[-122.769,48.076],[-122.74,48.013],[-122.68,47.932],[-122.658,47.884],[-122.657,47.881],[-122.778,47.738],[-122.802,47.735],[-122.805,47.784],[-122.822,47.793],[-122.869,47.743],[-122.871,47.744],[-122.888,47.723],[-123.051,47.552],[-123.131,47.438],[-123.137,47.399],[-123.158,47.356],[-123.137,47.356],[-123.137,47.356],[-123.104,47.348],[-123.055,47.356],[-123.017,47.356],[-122.994,47.366],[-122.874,47.414],[-122.968,47.387],[-122.922,47.408],[-122.917,47.418],[-123.018,47.401],[-123.067,47.4],[-123.06,47.454],[-123.057,47.461],[-123.02,47.509],[-122.98,47.561],[-122.913,47.607],[-122.814,47.658],[-122.757,47.701],[-122.718,47.762],[-122.608,47.835],[-122.602,47.841],[-122.529,47.785],[-122.521,47.779],[-122.524,47.769],[-122.618,47.713],[-122.63,47.693],[-122.614,47.616],[-122.628,47.608],[-122.664,47.617],[-122.675,47.612],[-122.586,47.528],[-122.558,47.463],[-122.555,47.428],[-122.644,47.324],[-122.67,47.294],[-122.708,47.316],[-122.721,47.305],[-122.728,47.292],[-122.738,47.294],[-122.792,47.306],[-122.828,47.405],[-122.854,47.323],[-122.919,47.29],[-122.956,47.245],[-122.987,47.173],[-123.027,47.139],[-122.914,47.132],[-122.833,47.143],[-122.83,47.133],[-122.776,47.124],[-122.75,47.12],[-122.73,47.112],[-122.702,47.111],[-122.699,47.112],[-122.674,47.108],[-122.325,47.348],[-122.356,47.422],[-122.375,47.528],[-122.368,47.604],[-122.381,47.628],[-122.41,47.653],[-122.407,47.677],[-122.384,47.717],[-122.382,47.752],[-122.395,47.772],[-122.373,47.814],[-122.322,47.913],[-122.273,47.949],[-122.26,47.958],[-122.253,47.997],[-122.253,48.0],[-122.242,48.011],[-122.249,48.022],[-122.247,48.034],[-122.353,48.189],[-122.397,48.253],[-122.404,48.271],[-122.409,48.294],[-122.415,48.3],[-122.433,48.348],[-122.478,48.468],[-122.45,48.617],[-122.449,48.623],[-122.506,48.728],[-122.536,48.737],[-122.545,48.762],[-122.562,48.778],[-122.58,48.78],[-122.599,48.767],[-122.634,48.765],[-122.65,48.77],[-122.705,48.825],[-122.723,48.853],[-122.782,48.977],[-122.766,48.993]]],[[[-122.444,48.107],[-122.494,48.13],[-122.517,48.16],[-122.529,48.199],[-122.524,48.216],[-122.444,48.107]]],[[[-122.552,48.025],[-122.604,48.073],[-122.606,48.129],[-122.623,48.151],[-122.657,48.156],[-122.69,48.174],[-122.742,48.225],[-122.749,48.239],[-122.725,48.281],[-122.669,48.351],[-122.629,48.384],[-122.603,48.381],[-122.593,48.374],[-122.584,48.298],[-122.573,48.283],[-122.692,48.241],[-122.697,48.229],[-122.624,48.214],[-122.598,48.2],[-122.573,48.157],[-122.524,48.025],[-122.503,48.08],[-122.367,47.985],[-122.366,47.942],[-122.368,47.938],[-122.383,47.923],[-122.411,47.918],[-122.438,47.931],[-122.462,47.964],[-122.492,47.981],[-122.507,47.984],[-122.552,48.025]]],[[[-122.509,47.578],[-122.558,47.598],[-122.576,47.62],[-122.574,47.667],[-122.56,47.698],[-122.55,47.704],[-122.517,47.691],[-122.508,47.683],[-122.501,47.623],[-122.509,47.578]]],[[[-122.853,47.205],[-122.863,47.185],[-122.877,47.186],[-122.908,47.226],[-122.912,47.254],[-122.885,47.275],[-122.858,47.231],[-122.852,47.209],[-122.853,47.205]]]]}},{"type":"Feature","id":"WI","properties":{"id":"WI"},"geometry":{"type":"MultiPolygon","coordinates":[[[[-90.65,42.513],[-90.657,42.521],[-90.688,42.61],[-90.789,42.677],[-90.96,42.72],[-91.069,42.789],[-91.118,42.882],[-91.148,42.986],[-91.161,43.102],[-91.148,43.2],[-91.107,43.278],[-91.117,43.331],[-91.178,43.359],[-91.219,43.395],[-91.238,43.44],[-91.245,43.502],[-91.278,43.797],[-91.32,43.936],[-91.383,43.991],[-91.515,44.054],[-91.716,44.126],[-91.841,44.194],[-91.912,44.289],[-92.055,44.4],[-92.149,44.445],[-92.24,44.462],[-92.313,44.498],[-92.367,44.552],[-92.441,44.587],[-92.537,44.601],[-92.643,44.645],[-92.77,44.726],[-92.773,44.732],[-92.799,44.79],[-92.785,44.822],[-92.763,44.934],[-92.765,44.97],[-92.793,45.071],[-92.759,45.111],[-92.766,45.237],[-92.754,45.278],[-92.686,45.381],[-92.683,45.433],[-92.707,45.494],[-92.758,45.543],[-92.893,45.595],[-92.896,45.659],[-92.875,45.706],[-92.786,45.796],[-92.738,45.875],[-92.694,45.909],[-92.425,46.028],[-92.367,46.036],[-92.326,46.07],[-92.293,46.084],[-92.292,46.228],[-92.292,46.373],[-92.292,46.517],[-92.292,46.661],[-92.224,46.671],[-92.194,46.707],[-92.125,46.763],[-92.107,46.762],[-92.107,46.762],[-92.073,46.736],[-91.987,46.699],[-91.921,46.694],[-91.836,46.702],[-91.499,46.766],[-91.357,46.811],[-91.218,46.886],[-91.203,46.888],[-91.145,46.874],[-91.127,46.868],[-90.946,46.954],[-90.887,46.965],[-90.84,46.962],[-90.782,46.929],[-90.769,46.908],[-90.788,46.868],[-90.84,46.81],[-90.865,46.761],[-90.864,46.721],[-90.887,46.677],[-90.943,46.619],[-90.923,46.603],[-90.77,46.645],[-90.748,46.662],[-90.745,46.672],[-90.754,46.684],[-90.737,46.689],[-90.617,46.631],[-90.536,46.599],[-90.469,46.584],[-90.408,46.593],[-90.412,46.585],[-90.392,46.549],[-90.341,46.558],[-90.318,46.537],[-90.288,46.527],[-90.23,46.51],[-90.203,46.468],[-90.175,46.426],[-90.146,46.384],[-90.119,46.342],[-89.994,46.318],[-89.869,46.294],[-89.744,46.269],[-89.619,46.245],[-89.494,46.221],[-89.369,46.197],[-89.244,46.173],[-89.119,46.149],[-89.049,46.121],[-88.978,46.093],[-88.908,46.065],[-88.837,46.037],[-88.727,46.031],[-88.629,46.014],[-88.493,46.013],[-88.355,45.992],[-88.152,45.945],[-88.105,45.905],[-88.097,45.878],[-88.116,45.816],[-87.923,45.76],[-87.84,45.718],[-87.809,45.686],[-87.814,45.657],[-87.795,45.596],[-87.815,45.563],[-87.815,45.506],[-87.859,45.445],[-87.874,45.413],[-87.875,45.385],[-87.865,45.368],[-87.842,45.361],[-87.769,45.364],[-87.696,45.383],[-87.664,45.371],[-87.658,45.362],[-87.663,45.345],[-87.721,45.243],[-87.719,45.201],[-87.694,45.161],[-87.654,45.122],[-87.606,45.109],[-87.608,45.083],[-87.627,45.032],[-87.683,44.993],[-87.83,44.942],[-87.854,44.908],[-87.857,44.88],[-87.952,44.764],[-87.998,44.692],[-88.028,44.618],[-88.019,44.571],[-87.969,44.552],[-87.929,44.559],[-87.898,44.593],[-87.851,44.624],[-87.788,44.652],[-87.741,44.692],[-87.676,44.79],[-87.604,44.847],[-87.566,44.85],[-87.556,44.849],[-87.48,44.874],[-87.419,44.866],[-87.383,44.827],[-87.346,44.801],[-87.337,44.776],[-87.356,44.72],[-87.391,44.662],[-87.441,44.601],[-87.486,44.509],[-87.527,44.386],[-87.536,44.293],[-87.513,44.23],[-87.535,44.174],[-87.603,44.125],[-87.658,44.059],[-87.7,43.977],[-87.724,43.907],[-87.729,43.851],[-87.723,43.809],[-87.698,43.752],[-87.7,43.724],[-87.774,43.599],[-87.801,43.538],[-87.806,43.49],[-87.824,43.443],[-87.881,43.347],[-87.898,43.294],[-87.902,43.245],[-87.889,43.165],[-87.896,43.137],[-87.893,43.117],[-87.879,43.103],[-87.879,43.078],[-87.894,43.041],[-87.888,43.012],[-87.862,42.992],[-87.846,42.953],[-87.838,42.896],[-87.819,42.848],[-87.787,42.809],[-87.781,42.753],[-87.802,42.68],[-87.812,42.543],[-87.812,42.497],[-87.94,42.498],[-88.39,42.5],[-88.84,42.503],[-89.29,42.505],[-89.741,42.508],[-90.191,42.51],[-90.65,42.513]]],[[[-90.41,47.044],[-90.427,47.026],[-90.459,47.01],[-90.472,47.018],[-90.464,47.048],[-90.447,47.066],[-90.422,47.071],[-90.41,47.064],[-90.41,47.044]]],[[[-90.547,46.919],[-90.58,46.913],[-90.652,46.922],[-90.65,46.937],[-90.576,46.957],[-90.543,46.963],[-90.535,46.954],[-90.547,46.919]]],[[[-90.653,46.828],[-90.677,46.813],[-90.68,46.798],[-90.711,46.783],[-90.768,46.77],[-90.792,46.772],[-90.782,46.791],[-90.752,46.814],[-90.619,46.87],[-90.596,46.869],[-90.589,46.855],[-90.653,46.828]]],[[[-87.049,45.303],[-87.005,45.296],[-86.986,45.275],[-86.992,45.241],[-87.01,45.228],[-87.041,45.237],[-87.054,45.218],[-87.046,45.172],[-87.057,45.151],[-87.084,45.154],[-87.086,45.145],[-87.062,45.125],[-87.059,45.103],[-87.078,45.078],[-87.097,45.067],[-87.114,45.069],[-87.142,45.041],[-87.179,44.983],[-87.191,44.95],[-87.18,44.941],[-87.188,44.922],[-87.28,44.835],[-87.316,44.827],[-87.355,44.839],[-87.382,44.864],[-87.398,44.903],[-87.403,44.933],[-87.396,44.954],[-87.315,45.031],[-87.279,45.082],[-87.259,45.138],[-87.221,45.174],[-87.166,45.189],[-87.122,45.225],[-87.088,45.279],[-87.049,45.303]]],[[[-86.926,45.415],[-86.878,45.414],[-86.862,45.409],[-86.857,45.394],[-86.862,45.352],[-86.892,45.342],[-86.947,45.346],[-86.967,45.368],[-86.938,45.426],[-86.926,45.415]]]]}},{"type":"Feature","id":"WV","properties":{"id":"WV"},"geometry":{"type":"Polygon","coordinates":[[[-81.965,37.54],[-82.103,37.571],[-82.28,37.687],[-82.394,37.828],[-82.43,37.894],[-82.472,37.938],[-82.482,37.984],[-82.589,38.1],[-82.618,38.15],[-82.62,38.182],[-82.585,38.243],[-82.579,38.272],[-82.59,38.42],[-82.613,38.448],[-82.498,38.415],[-82.387,38.434],[-82.318,38.48],[-82.291,38.552],[-82.252,38.594],[-82.203,38.606],[-82.18,38.638],[-82.188,38.715],[-82.203,38.768],[-82.163,38.845],[-82.072,38.963],[-82.001,39.011],[-81.95,38.989],[-81.919,38.952],[-81.907,38.9],[-81.897,38.894],[-81.882,38.894],[-81.844,38.934],[-81.809,38.95],[-81.795,38.946],[-81.78,38.947],[-81.778,38.973],[-81.805,39.044],[-81.803,39.086],[-81.771,39.099],[-81.737,39.147],[-81.7,39.229],[-81.657,39.272],[-81.607,39.274],[-81.552,39.308],[-81.493,39.374],[-81.44,39.393],[-81.392,39.365],[-81.333,39.363],[-81.262,39.387],[-81.139,39.456],[-80.963,39.571],[-80.874,39.664],[-80.872,39.735],[-80.803,39.909],[-80.668,40.185],[-80.602,40.364],[-80.604,40.445],[-80.623,40.512],[-80.659,40.563],[-80.637,40.603],[-80.519,40.647],[-80.52,40.532],[-80.52,40.417],[-80.52,40.301],[-80.52,40.185],[-80.52,40.069],[-80.52,39.954],[-80.52,39.838],[-80.519,39.722],[-80.389,39.722],[-80.259,39.723],[-80.129,39.723],[-79.998,39.723],[-79.868,39.723],[-79.738,39.723],[-79.608,39.723],[-79.477,39.723],[-79.48,39.595],[-79.483,39.467],[-79.485,39.339],[-79.488,39.211],[-79.36,39.285],[-79.293,39.312],[-79.075,39.476],[-79.047,39.477],[-78.972,39.454],[-78.815,39.57],[-78.796,39.613],[-78.778,39.627],[-78.758,39.625],[-78.746,39.614],[-78.753,39.589],[-78.742,39.578],[-78.678,39.55],[-78.588,39.534],[-78.575,39.533],[-78.495,39.533],[-78.46,39.556],[-78.443,39.601],[-78.407,39.628],[-78.325,39.639],[-78.181,39.686],[-78.098,39.678],[-78.027,39.631],[-77.956,39.609],[-77.883,39.611],[-77.855,39.6],[-77.872,39.576],[-77.853,39.548],[-77.798,39.517],[-77.78,39.488],[-77.797,39.462],[-77.792,39.442],[-77.762,39.429],[-77.745,39.4],[-77.739,39.354],[-77.727,39.346],[-77.792,39.227],[-77.836,39.145],[-77.949,39.216],[-78.118,39.323],[-78.193,39.37],[-78.322,39.452],[-78.351,39.411],[-78.366,39.336],[-78.404,39.263],[-78.435,39.161],[-78.581,38.999],[-78.693,38.922],[-78.727,38.924],[-78.757,38.908],[-78.805,38.86],[-78.869,38.818],[-78.992,38.82],[-79.041,38.79],[-79.073,38.742],[-79.104,38.673],[-79.152,38.618],[-79.203,38.526],[-79.24,38.476],[-79.304,38.45],[-79.396,38.454],[-79.505,38.491],[-79.525,38.533],[-79.555,38.559],[-79.598,38.577],[-79.639,38.572],[-79.669,38.544],[-79.715,38.404],[-79.783,38.336],[-79.813,38.267],[-79.903,38.181],[-79.972,38.046],[-80.188,37.824],[-80.246,37.751],[-80.285,37.677],[-80.255,37.645],[-80.246,37.621],[-80.292,37.566],[-80.316,37.51],[-80.371,37.473],[-80.465,37.433],[-80.492,37.464],[-80.507,37.469],[-80.72,37.401],[-80.77,37.402],[-80.821,37.423],[-80.844,37.422],[-80.862,37.415],[-80.872,37.399],[-80.873,37.341],[-80.915,37.311],[-80.944,37.302],[-81.058,37.294],[-81.178,37.263],[-81.227,37.263],[-81.35,37.334],[-81.419,37.282],[-81.486,37.257],[-81.565,37.21],[-81.589,37.208],[-81.661,37.222],[-81.752,37.271],[-81.829,37.299],[-81.876,37.33],[-81.913,37.369],[-81.94,37.433],[-81.972,37.473],[-81.958,37.508],[-81.965,37.54]]]}},{"type":"Feature","id":"WY","properties":{"id":"WY"},"geometry":{"type":"Polygon","coordinates":[[[-104.022,41.001],[-104.336,41.001],[-104.65,41.001],[-104.964,41.001],[-105.278,41.001],[-105.592,41.001],[-105.906,41.001],[-106.22,41.001],[-106.534,41.001],[-106.848,41.001],[-107.162,41.001],[-107.476,41.001],[-107.79,41.001],[-108.104,41.001],[-108.418,41.001],[-108.733,41.001],[-109.046,41.001],[-109.297,41.001],[-109.547,41.001],[-109.798,41.001],[-110.048,41.001],[-110.299,41.001],[-110.549,41.001],[-110.8,41.001],[-111.05,41.001],[-111.05,41.126],[-111.05,41.251],[-111.05,41.376],[-111.05,41.501],[-111.05,41.626],[-111.05,41.751],[-111.05,41.876],[-111.05,42.001],[-111.05,42.157],[-111.051,42.313],[-111.051,42.469],[-111.051,42.625],[-111.051,42.782],[-111.051,42.938],[-111.051,43.094],[-111.051,43.25],[-111.051,43.406],[-111.051,43.562],[-111.051,43.718],[-111.051,43.874],[-111.051,44.03],[-111.051,44.187],[-111.051,44.343],[-111.051,44.499],[-111.051,44.625],[-111.051,44.75],[-111.051,44.875],[-111.051,45.001],[-110.832,45.001],[-110.612,45.001],[-110.393,45.001],[-110.174,45.001],[-109.955,45.001],[-109.736,45.001],[-109.517,45.001],[-109.297,45.001],[-109.078,45.001],[-108.859,45.001],[-108.64,45.001],[-108.421,45.001],[-108.202,45.001],[-107.982,45.001],[-107.763,45.001],[-107.544,45.001],[-107.325,45.001],[-107.106,45.001],[-106.886,45.001],[-106.667,45.001],[-106.448,45.001],[-106.229,45.001],[-106.01,45.001],[-105.791,45.001],[-105.571,45.001],[-105.352,45.001],[-105.133,45.001],[-104.914,45.001],[-104.695,45.001],[-104.476,45.001],[-104.256,45.001],[-104.037,45.001],[-104.036,44.751],[-104.035,44.501],[-104.034,44.251],[-104.033,44.001],[-104.032,43.751],[-104.031,43.501],[-104.03,43.251],[-104.029,43.001],[-104.028,42.751],[-104.027,42.501],[-104.026,42.251],[-104.025,42.001],[-104.024,41.751],[-104.023,41.501],[-104.023,41.251],[-104.022,41.001]]]}}]}