paper_id,author_index,author,aff_order,kind,org_name,unit,locality,country,source,locator,note
akazawa2026,1,Tomohiro Akazawa,1,primary,The University of Tokyo,Department of Electrical Engineering and Information Systems,"Bunkyo-ku, Tokyo",JP,paper,p.1 affiliations,
akazawa2026,2,Rui Tang,1,primary,The University of Tokyo,Department of Electrical Engineering and Information Systems,"Bunkyo-ku, Tokyo",JP,paper,p.1 affiliations,
akazawa2026,3,Hanzhi Tang,1,primary,The University of Tokyo,Department of Electrical Engineering and Information Systems,"Bunkyo-ku, Tokyo",JP,paper,p.1 affiliations,
akazawa2026,4,Makoto Okano,1,primary,National Institute of Advanced Industrial Science and Technology,,"Tsukuba, Ibaraki",JP,paper,p.1 affiliations,
akazawa2026,5,Yangyang Wan,1,primary,The University of Tokyo,Department of Electrical Engineering and Information Systems,"Bunkyo-ku, Tokyo",JP,paper,p.1 affiliations,
akazawa2026,6,Nobuyuki Matsuda,1,primary,Tohoku University,Research Institute of Electrical Communication,"Sendai, Miyagi",JP,paper,p.1 affiliations,
akazawa2026,7,Kasidit Toprasertpong,1,primary,The University of Tokyo,Department of Electrical Engineering and Information Systems,"Bunkyo-ku, Tokyo",JP,paper,p.1 affiliations,
akazawa2026,8,Shinichi Takagi,1,primary,The University of Tokyo,Department of Electrical Engineering and Information Systems,"Bunkyo-ku, Tokyo",JP,paper,p.1 affiliations,
akazawa2026,9,Mitsuru Takenaka,1,primary,The University of Tokyo,Department of Electrical Engineering and Information Systems,"Bunkyo-ku, Tokyo",JP,paper,p.1 affiliations,
anderson2025,1,Christopher P. Anderson,1,primary,Stanford University,E. L. Ginzton Laboratory,"Stanford, CA",US,paper,p.1 affiliations,
anderson2025,1,Christopher P. Anderson,2,additional,University of Illinois Urbana-Champaign,Department of Materials Science and Engineering,"Urbana, IL",US,paper,p.1 affiliations,
anderson2025,2,Giovanni Scuri,1,primary,Stanford University,E. L. Ginzton Laboratory,"Stanford, CA",US,paper,p.1 affiliations,
anderson2025,3,Aaron Chan,1,primary,University of Michigan,Department of Physics,Ann Arbor,US,paper,p.1 affiliations,
anderson2025,4,Sungjun Eun,1,primary,Stanford University,E. L. Ginzton Laboratory,"Stanford, CA",US,paper,p.1 affiliations,
anderson2025,5,Alexander D. White,1,primary,Stanford University,E. L. Ginzton Laboratory,"Stanford, CA",US,paper,p.1 affiliations,
anderson2025,6,Geun Ho Ahn,1,primary,Stanford University,E. L. Ginzton Laboratory,"Stanford, CA",US,paper,p.1 affiliations,
anderson2025,7,Christine Jilly,1,primary,nano@stanford,,"Stanford, CA",US,paper,p.1 affiliations,
anderson2025,8,Amir Safavi-Naeini,1,primary,Stanford University,E. L. Ginzton Laboratory,"Stanford, CA",US,paper,p.1 affiliations,
anderson2025,9,Kasper Van Gasse,1,primary,Stanford University,E. L. Ginzton Laboratory,"Stanford, CA",US,paper,p.1 affiliations,
anderson2025,9,Kasper Van Gasse,2,additional,Ghent University,,Gent,BE,paper,p.1 affiliations,
anderson2025,10,Lu Li,1,primary,University of Michigan,Department of Physics,Ann Arbor,US,paper,p.1 affiliations,
anderson2025,11,Jelena Vučković,1,primary,Stanford University,E. L. Ginzton Laboratory,"Stanford, CA",US,paper,p.1 affiliations,
arabjuneghani2022,1,Farzaneh Arab Juneghani,1,primary,University of Central Florida,"CREOL, The College of Optics and Photonics","Orlando, FL",US,paper,p.1 affiliations,
arabjuneghani2022,2,Milad Gholipour Vazimali,1,primary,University of Central Florida,"CREOL, The College of Optics and Photonics","Orlando, FL",US,paper,p.1 affiliations,
arabjuneghani2022,3,Jie Zhao,1,primary,Nokia Bell Labs,,"Murray Hill, NJ",US,paper,p.1 affiliations,
arabjuneghani2022,4,Xi Chen,1,primary,Nokia Bell Labs,,"Murray Hill, NJ",US,paper,p.1 affiliations,
arabjuneghani2022,5,Son Thai Le,1,primary,Nokia Bell Labs,,"Murray Hill, NJ",US,paper,p.1 affiliations,
arabjuneghani2022,6,Haoshuo Chen,1,primary,Nokia Bell Labs,,"Murray Hill, NJ",US,paper,p.1 affiliations,
arabjuneghani2022,7,Ehsan Ordouie,1,primary,University of Central Florida,"CREOL, The College of Optics and Photonics","Orlando, FL",US,paper,p.1 affiliations,
arabjuneghani2022,8,Nicolas K Fontaine,1,primary,Nokia Bell Labs,,"Murray Hill, NJ",US,paper,p.1 affiliations,
arabjuneghani2022,9,Sasan Fathpour,1,primary,University of Central Florida,"CREOL, The College of Optics and Photonics","Orlando, FL",US,paper,p.1 affiliations,
arabjuneghani2022,9,Sasan Fathpour,2,additional,University of Central Florida,Department of Electrical and Computer Engineering,"Orlando, FL",US,paper,p.1 affiliations,"second printed affiliation, same university"
berman2026,1,Sarah Berman,1,primary,Northwestern University,Department of Materials Science and Engineering,"Evanston, IL",US,paper,p.1 affiliations,
berman2026,2,Sina Dereshgi,1,primary,Northwestern University,Department of Materials Science and Engineering,"Evanston, IL",US,paper,p.1 affiliations,
berman2026,3,David Barton,1,primary,Northwestern University,Department of Materials Science and Engineering,"Evanston, IL",US,paper,p.1 affiliations,
cai2025,1,Jiachen Cai,1,primary,Shanghai Institute of Microsystem and Information Technology,State Key Laboratory of Materials for Integrated Circuits,Shanghai,CN,paper,p.1 affiliations,
cai2025,1,Jiachen Cai,2,additional,EPFL,Institute of Physics,Lausanne,CH,paper,p.1 affiliations,
cai2025,2,Alexander Kotz,1,primary,Karlsruhe Institute of Technology,Institute of Photonics and Quantum Electronics (IPQ),Karlsruhe,DE,paper,p.1 affiliations,
cai2025,3,Hugo Larocque,1,primary,EPFL,Institute of Physics,Lausanne,CH,paper,p.1 affiliations,
cai2025,4,Chengli Wang,1,primary,Shanghai Institute of Microsystem and Information Technology,State Key Laboratory of Materials for Integrated Circuits,Shanghai,CN,paper,p.1 affiliations,
cai2025,4,Chengli Wang,2,additional,EPFL,Institute of Physics,Lausanne,CH,paper,p.1 affiliations,
cai2025,5,Xinru Ji,1,primary,EPFL,Institute of Physics,Lausanne,CH,paper,p.1 affiliations,
cai2025,6,Junyin Zhang,1,primary,EPFL,Institute of Physics,Lausanne,CH,paper,p.1 affiliations,
cai2025,7,Daniel Drayss,1,primary,Karlsruhe Institute of Technology,Institute of Photonics and Quantum Electronics (IPQ),Karlsruhe,DE,paper,p.1 affiliations,
cai2025,10,Xin Ou,1,primary,Shanghai Institute of Microsystem and Information Technology,State Key Laboratory of Materials for Integrated Circuits,Shanghai,CN,paper,p.1 affiliations,
cai2025,11,Christian Koos,1,primary,Karlsruhe Institute of Technology,Institute of Photonics and Quantum Electronics (IPQ),Karlsruhe,DE,paper,p.1 affiliations,
cai2025,12,Tobias J. Kippenberg,1,primary,EPFL,Institute of Physics,Lausanne,CH,paper,p.1 affiliations,
cai2025,12,Tobias J. Kippenberg,2,additional,EPFL,Institute of Electrical and Micro engineering,Lausanne,CH,paper,p.1 affiliations,
celik2022,1,Oguz Tolga Celik,1,primary,Stanford University,Ginzton Laboratory,,US,paper,p.1 affiliations,no city printed (street address only)
celik2022,2,Christopher J. Sarabalis,1,primary,Flux Photonics Inc.,,"Pacifica, CA",US,paper,p.1 affiliations,
celik2022,3,Felix M. Mayor,1,primary,Stanford University,Ginzton Laboratory,,US,paper,p.1 affiliations,no city printed (street address only)
celik2022,4,Hubert S. Stokowski,1,primary,Stanford University,Ginzton Laboratory,,US,paper,p.1 affiliations,no city printed (street address only)
celik2022,5,Jason F. Herrmann,1,primary,Stanford University,Ginzton Laboratory,,US,paper,p.1 affiliations,no city printed (street address only)
celik2022,6,Timothy P. McKenna,1,primary,Stanford University,Ginzton Laboratory,,US,paper,p.1 affiliations,no city printed (street address only)
celik2022,6,Timothy P. McKenna,2,additional,"NTT Research, Inc.",,"Sunnyvale, CA",US,paper,p.1 affiliations,
celik2022,7,Nathan R. A. Lee,1,primary,Stanford University,Ginzton Laboratory,,US,paper,p.1 affiliations,no city printed (street address only)
celik2022,8,Wentao Jiang,1,primary,Stanford University,Ginzton Laboratory,,US,paper,p.1 affiliations,no city printed (street address only)
celik2022,9,Kevin K. S. Multani,1,primary,Stanford University,Ginzton Laboratory,,US,paper,p.1 affiliations,no city printed (street address only)
celik2022,10,Amir H. Safavi-Naeini,1,primary,Stanford University,Ginzton Laboratory,,US,paper,p.1 affiliations,no city printed (street address only)
chelladurai2025,1,Daniel Chelladurai,1,primary,ETH Zurich,Institute of Electromagnetic Fields (IEF),Zurich,CH,paper,p.1 affiliations,
chelladurai2025,2,Manuel Kohli,1,primary,ETH Zurich,Institute of Electromagnetic Fields (IEF),Zurich,CH,paper,p.1 affiliations,
chelladurai2025,3,Joel Winiger,1,primary,ETH Zurich,Institute of Electromagnetic Fields (IEF),Zurich,CH,paper,p.1 affiliations,
chelladurai2025,4,David Moor,1,primary,ETH Zurich,Institute of Electromagnetic Fields (IEF),Zurich,CH,paper,p.1 affiliations,
chelladurai2025,5,Andreas Messner,1,primary,ETH Zurich,Institute of Electromagnetic Fields (IEF),Zurich,CH,paper,p.1 affiliations,
chelladurai2025,5,Andreas Messner,2,present_address,Zurich Instruments,,Zurich,CH,paper,p.1 affiliations,
chelladurai2025,6,Yuriy Fedoryshyn,1,primary,ETH Zurich,Institute of Electromagnetic Fields (IEF),Zurich,CH,paper,p.1 affiliations,
chelladurai2025,7,Mohammed Eleraky,1,primary,ETH Zurich,"Integrated Devices, Electronics, and Systems (IDEAS) Group",Zurich,CH,paper,p.1 affiliations,
chelladurai2025,8,Yuqi Liu,1,primary,ETH Zurich,"Integrated Devices, Electronics, and Systems (IDEAS) Group",Zurich,CH,paper,p.1 affiliations,
chelladurai2025,9,Hua Wang,1,primary,ETH Zurich,"Integrated Devices, Electronics, and Systems (IDEAS) Group",Zurich,CH,paper,p.1 affiliations,
chelladurai2025,10,Juerg Leuthold,1,primary,ETH Zurich,Institute of Electromagnetic Fields (IEF),Zurich,CH,paper,p.1 affiliations,
chen2022,1,Gengxin Chen,1,primary,Zhejiang University,"State Key Laboratory for Modern Optical Instrumentation, Centre for Optical and Electromagnetic Research, International Research Center for Advanced Photonics",Hangzhou,CN,paper,p.2 affiliations,
chen2022,2,Kaixuan Chen,1,primary,South China Normal University,"Guangdong Provincial Key Laboratory of Optical Information Materials and Technology, South China Academy of Advanced Optoelectronics",Guangzhou,CN,paper,p.2 affiliations,
chen2022,2,Kaixuan Chen,2,additional,South China Normal University,National Center for International Research on Green Optoelectronics,Guangzhou,CN,paper,p.2 affiliations,
chen2022,3,Ranfeng Gan,1,primary,South China Normal University,"Guangdong Provincial Key Laboratory of Optical Information Materials and Technology, South China Academy of Advanced Optoelectronics",Guangzhou,CN,paper,p.2 affiliations,
chen2022,4,Ziliang Ruan,1,primary,Zhejiang University,"State Key Laboratory for Modern Optical Instrumentation, Centre for Optical and Electromagnetic Research, International Research Center for Advanced Photonics",Hangzhou,CN,paper,p.2 affiliations,
chen2022,5,Zong Wang,1,primary,South China Normal University,"Guangdong Provincial Key Laboratory of Optical Information Materials and Technology, South China Academy of Advanced Optoelectronics",Guangzhou,CN,paper,p.2 affiliations,
chen2022,6,Pucheng Huang,1,primary,South China Normal University,"Guangdong Provincial Key Laboratory of Optical Information Materials and Technology, South China Academy of Advanced Optoelectronics",Guangzhou,CN,paper,p.2 affiliations,
chen2022,7,Chao Lu,1,primary,The Hong Kong Polytechnic University,"Photonics Research Center, Department of Electronic and Information Engineering",Hong Kong,HK,paper,p.2 affiliations,
chen2022,8,Alan Pak Tao Lau,1,primary,The Hong Kong Polytechnic University,"Photonics Research Center, Department of Electrical Engineering",Hong Kong,HK,paper,p.2 affiliations,
chen2022,9,Daoxin Dai,1,primary,Zhejiang University,"State Key Laboratory for Modern Optical Instrumentation, Centre for Optical and Electromagnetic Research, International Research Center for Advanced Photonics",Hangzhou,CN,paper,p.2 affiliations,
chen2022,10,Changjian Guo,1,primary,South China Normal University,"Guangdong Provincial Key Laboratory of Optical Information Materials and Technology, South China Academy of Advanced Optoelectronics",Guangzhou,CN,paper,p.2 affiliations,
chen2022,10,Changjian Guo,2,additional,South China Normal University,National Center for International Research on Green Optoelectronics,Guangzhou,CN,paper,p.2 affiliations,
chen2022,10,Changjian Guo,3,additional,The Hong Kong Polytechnic University,"Photonics Research Center, Department of Electronic and Information Engineering",Hong Kong,HK,paper,p.2 affiliations,
chen2022,11,Liu Liu,1,primary,Zhejiang University,"State Key Laboratory for Modern Optical Instrumentation, Centre for Optical and Electromagnetic Research, International Research Center for Advanced Photonics",Hangzhou,CN,paper,p.2 affiliations,
chen2023a,1,Nuo Chen,1,primary,Zhejiang University,College of Information Science and Electronic Engineering,Hangzhou,CN,paper,p.1 affiliations,
chen2023a,2,Kangping Lou,1,primary,Zhejiang University,College of Information Science and Electronic Engineering,Hangzhou,CN,paper,p.1 affiliations,
chen2023a,3,Yalong Yu,1,primary,Zhejiang University,College of Information Science and Electronic Engineering,Hangzhou,CN,paper,p.1 affiliations,
chen2023a,4,Xuanjian He,1,primary,Zhejiang University,College of Information Science and Electronic Engineering,Hangzhou,CN,paper,p.1 affiliations,
chen2023a,5,Tao Chu,1,primary,Zhejiang University,College of Information Science and Electronic Engineering,Hangzhou,CN,paper,p.1 affiliations,
chen2024,1,Yikun Chen,1,primary,City University of Hong Kong,Department of Electrical Engineering,"Kowloon, Hong Kong",HK,paper,p.1 affiliations,
chen2024,1,Yikun Chen,2,additional,City University of Hong Kong,State Key Laboratory of Terahertz and Millimeter Waves,"Kowloon, Hong Kong",HK,paper,p.1 affiliations,
chen2024,2,Hanke Feng,1,primary,City University of Hong Kong,Department of Electrical Engineering,"Kowloon, Hong Kong",HK,paper,p.1 affiliations,
chen2024,2,Hanke Feng,2,additional,City University of Hong Kong,State Key Laboratory of Terahertz and Millimeter Waves,"Kowloon, Hong Kong",HK,paper,p.1 affiliations,
chen2024,3,Zhenzheng Wang,1,primary,City University of Hong Kong,Department of Electrical Engineering,"Kowloon, Hong Kong",HK,paper,p.1 affiliations,
chen2024,3,Zhenzheng Wang,2,additional,City University of Hong Kong,State Key Laboratory of Terahertz and Millimeter Waves,"Kowloon, Hong Kong",HK,paper,p.1 affiliations,
chen2024,4,Ke Zhang,1,primary,City University of Hong Kong,Department of Electrical Engineering,"Kowloon, Hong Kong",HK,paper,p.1 affiliations,
chen2024,4,Ke Zhang,2,additional,City University of Hong Kong,State Key Laboratory of Terahertz and Millimeter Waves,"Kowloon, Hong Kong",HK,paper,p.1 affiliations,
chen2024,5,Xiangzhi Xie,1,primary,City University of Hong Kong,Department of Electrical Engineering,"Kowloon, Hong Kong",HK,paper,p.1 affiliations,
chen2024,5,Xiangzhi Xie,2,additional,City University of Hong Kong,State Key Laboratory of Terahertz and Millimeter Waves,"Kowloon, Hong Kong",HK,paper,p.1 affiliations,
chen2024,6,Yuansong Zeng,1,primary,City University of Hong Kong,Department of Electrical Engineering,"Kowloon, Hong Kong",HK,paper,p.1 affiliations,
chen2024,6,Yuansong Zeng,2,additional,City University of Hong Kong,State Key Laboratory of Terahertz and Millimeter Waves,"Kowloon, Hong Kong",HK,paper,p.1 affiliations,
chen2024,7,Yujie Ren,1,primary,City University of Hong Kong,Department of Electrical Engineering,"Kowloon, Hong Kong",HK,paper,p.1 affiliations,
chen2024,8,Cheng Wang,1,primary,City University of Hong Kong,Department of Electrical Engineering,"Kowloon, Hong Kong",HK,paper,p.1 affiliations,
chen2024,8,Cheng Wang,2,additional,City University of Hong Kong,State Key Laboratory of Terahertz and Millimeter Waves,"Kowloon, Hong Kong",HK,paper,p.1 affiliations,
chiang2025,1,Li-Yuan Chiang,1,primary,"Polaris Electro-Optics, Inc.",,,US,paper,p.1 affiliations,no city printed (USA only)
chiang2025,2,Gianlorenzo Masini,1,primary,"Polaris Electro-Optics, Inc.",,,US,paper,p.1 affiliations,no city printed (USA only)
chiang2025,3,Rih-You Chen,1,primary,National Sun Yat-sen University,Department of Photonics,Kaohsiung,TW,paper,p.1 affiliations,
chiang2025,4,Chirag Patel,1,primary,"Polaris Electro-Optics, Inc.",,,US,paper,p.1 affiliations,no city printed (USA only)
chiang2025,5,Pavel Savechenkov,1,primary,"Polaris Electro-Optics, Inc.",,,US,paper,p.1 affiliations,no city printed (USA only)
chiang2025,6,Yi-Jen Chiu,1,primary,National Sun Yat-sen University,Department of Photonics,Kaohsiung,TW,paper,p.1 affiliations,
chiang2025,7,Cory Pecinovsky,1,primary,"Polaris Electro-Optics, Inc.",,,US,paper,p.1 affiliations,no city printed (USA only)
chiang2025,8,Jason W. Sickler,1,primary,"Polaris Electro-Optics, Inc.",,,US,paper,p.1 affiliations,no city printed (USA only)
churaev2023,1,Mikhail Churaev,1,primary,EPFL,Institute of Physics,Lausanne,CH,paper,p.1 affiliations,
churaev2023,1,Mikhail Churaev,2,additional,EPFL,Center for Quantum Science and Engineering,Lausanne,CH,paper,p.1 affiliations,
churaev2023,2,Rui Ning Wang,1,primary,EPFL,Institute of Physics,Lausanne,CH,paper,p.1 affiliations,
churaev2023,2,Rui Ning Wang,2,additional,EPFL,Center for Quantum Science and Engineering,Lausanne,CH,paper,p.1 affiliations,
churaev2023,3,Annina Riedhauser,1,primary,IBM Research - Zurich,,Rüschlikon,CH,paper,p.1 affiliations,"IBM Research - Europe, Zurich; Rueschlikon address"
churaev2023,4,Viacheslav Snigirev,1,primary,EPFL,Institute of Physics,Lausanne,CH,paper,p.1 affiliations,
churaev2023,4,Viacheslav Snigirev,2,additional,EPFL,Center for Quantum Science and Engineering,Lausanne,CH,paper,p.1 affiliations,
churaev2023,5,Terence Blésin,1,primary,EPFL,Institute of Physics,Lausanne,CH,paper,p.1 affiliations,
churaev2023,5,Terence Blésin,2,additional,EPFL,Center for Quantum Science and Engineering,Lausanne,CH,paper,p.1 affiliations,
churaev2023,6,Charles Möhl,1,primary,IBM Research - Zurich,,Rüschlikon,CH,paper,p.1 affiliations,"IBM Research - Europe, Zurich; Rueschlikon address"
churaev2023,7,Miles H. Anderson,1,primary,EPFL,Institute of Physics,Lausanne,CH,paper,p.1 affiliations,
churaev2023,7,Miles H. Anderson,2,additional,EPFL,Center for Quantum Science and Engineering,Lausanne,CH,paper,p.1 affiliations,
churaev2023,8,Anat Siddharth,1,primary,EPFL,Institute of Physics,Lausanne,CH,paper,p.1 affiliations,
churaev2023,8,Anat Siddharth,2,additional,EPFL,Center for Quantum Science and Engineering,Lausanne,CH,paper,p.1 affiliations,
churaev2023,9,Youri Popoff,1,primary,IBM Research - Zurich,,Rüschlikon,CH,paper,p.1 affiliations,"IBM Research - Europe, Zurich; Rueschlikon address"
churaev2023,9,Youri Popoff,2,additional,ETH Zurich,Integrated Systems Laboratory,Zürich,CH,paper,p.1 affiliations,
churaev2023,10,Ute Drechsler,1,primary,IBM Research - Zurich,,Rüschlikon,CH,paper,p.1 affiliations,"IBM Research - Europe, Zurich; Rueschlikon address"
churaev2023,11,Daniele Caimi,1,primary,IBM Research - Zurich,,Rüschlikon,CH,paper,p.1 affiliations,"IBM Research - Europe, Zurich; Rueschlikon address"
churaev2023,12,Simon Hönl,1,primary,IBM Research - Zurich,,Rüschlikon,CH,paper,p.1 affiliations,"IBM Research - Europe, Zurich; Rueschlikon address"
churaev2023,13,Johann Riemensberger,1,primary,EPFL,Institute of Physics,Lausanne,CH,paper,p.1 affiliations,
churaev2023,13,Johann Riemensberger,2,additional,EPFL,Center for Quantum Science and Engineering,Lausanne,CH,paper,p.1 affiliations,
churaev2023,14,Junqiu Liu,1,primary,EPFL,Institute of Physics,Lausanne,CH,paper,p.1 affiliations,
churaev2023,14,Junqiu Liu,2,additional,EPFL,Center for Quantum Science and Engineering,Lausanne,CH,paper,p.1 affiliations,
churaev2023,15,Paul Seidler,1,primary,IBM Research - Zurich,,Rüschlikon,CH,paper,p.1 affiliations,"IBM Research - Europe, Zurich; Rueschlikon address"
churaev2023,16,Tobias J. Kippenberg,1,primary,EPFL,Institute of Physics,Lausanne,CH,paper,p.1 affiliations,
churaev2023,16,Tobias J. Kippenberg,2,additional,EPFL,Center for Quantum Science and Engineering,Lausanne,CH,paper,p.1 affiliations,
deng2026,1,Chenguang Deng,1,primary,Tsinghua University,"State Key Laboratory of New Ceramic Materials, School of Materials Science and Engineering",Beijing,CN,paper,p.9 author details,
deng2026,2,Yutong He,1,primary,Tsinghua University,"BNRist, State Key Laboratory of Space Network and Communications, Department of Electronic Engineering",Beijing,CN,paper,p.9 author details,
deng2026,3,Wenfeng Yang,1,primary,Tsinghua University,"State Key Laboratory of New Ceramic Materials, School of Materials Science and Engineering",Beijing,CN,paper,p.9 author details,
deng2026,4,Han Yu,1,primary,Tsinghua University,"State Key Laboratory of New Ceramic Materials, School of Materials Science and Engineering",Beijing,CN,paper,p.9 author details,
deng2026,5,Zijian Hong,1,primary,Zhejiang University,"State Key Laboratory of Silicon and Advanced Semiconductor Materials, School of Materials Science and Engineering","Hangzhou, Zhejiang",CN,paper,p.9 author details,
deng2026,5,Zijian Hong,2,additional,Zhejiang University,"Zhejiang Key Laboratory of Advanced Solid State Energy Storage Technology and Applications, Taizhou Institute of Zhejiang University","Taizhou, Zhejiang",CN,paper,p.9 author details,
deng2026,5,Zijian Hong,3,additional,Zhejiang University,Institute of Fundamental and Transdisciplinary Research,Hangzhou,CN,paper,p.9 author details,
deng2026,6,Hao Liu,1,primary,Tsinghua University,"BNRist, State Key Laboratory of Space Network and Communications, Department of Electronic Engineering",Beijing,CN,paper,p.9 author details,
deng2026,7,Haojie Han,1,primary,Tsinghua University,"State Key Laboratory of New Ceramic Materials, School of Materials Science and Engineering",Beijing,CN,paper,p.9 author details,
deng2026,8,Wei Li,1,primary,Tsinghua University,"State Key Laboratory of New Ceramic Materials, School of Materials Science and Engineering",Beijing,CN,paper,p.9 author details,
deng2026,9,Yunpeng Ma,1,primary,Tsinghua University,"State Key Laboratory of New Ceramic Materials, School of Materials Science and Engineering",Beijing,CN,paper,p.9 author details,
deng2026,10,Zhongshan Zhang,1,primary,"Institute of Physics, Chinese Academy of Sciences",Beijing National Laboratory for Condensed Matter Physics,Beijing,CN,paper,p.9 author details,
deng2026,11,Yongjun Wu,1,primary,Zhejiang University,"State Key Laboratory of Silicon and Advanced Semiconductor Materials, School of Materials Science and Engineering","Hangzhou, Zhejiang",CN,paper,p.9 author details,
deng2026,11,Yongjun Wu,2,additional,Zhejiang University,"Zhejiang Key Laboratory of Advanced Solid State Energy Storage Technology and Applications, Taizhou Institute of Zhejiang University","Taizhou, Zhejiang",CN,paper,p.9 author details,
deng2026,11,Yongjun Wu,3,additional,Zhejiang University,Institute of Fundamental and Transdisciplinary Research,Hangzhou,CN,paper,p.9 author details,
deng2026,12,Jing Ma,1,primary,Tsinghua University,"State Key Laboratory of New Ceramic Materials, School of Materials Science and Engineering",Beijing,CN,paper,p.9 author details,
deng2026,13,Bing Xiong,1,primary,Tsinghua University,"BNRist, State Key Laboratory of Space Network and Communications, Department of Electronic Engineering",Beijing,CN,paper,p.9 author details,
deng2026,14,Changzheng Sun,1,primary,Tsinghua University,"BNRist, State Key Laboratory of Space Network and Communications, Department of Electronic Engineering",Beijing,CN,paper,p.9 author details,
deng2026,15,Rong Yu,1,primary,Tsinghua University,"State Key Laboratory of New Ceramic Materials, School of Materials Science and Engineering",Beijing,CN,paper,p.9 author details,
deng2026,16,Jing-Feng Li,1,primary,Tsinghua University,"State Key Laboratory of New Ceramic Materials, School of Materials Science and Engineering",Beijing,CN,paper,p.9 author details,
deng2026,17,Ji Zhou,1,primary,Tsinghua University,"State Key Laboratory of New Ceramic Materials, School of Materials Science and Engineering",Beijing,CN,paper,p.9 author details,
deng2026,18,Yi Luo,1,primary,Tsinghua University,"BNRist, State Key Laboratory of Space Network and Communications, Department of Electronic Engineering",Beijing,CN,paper,p.9 author details,
deng2026,19,Qian Li,1,primary,Tsinghua University,"State Key Laboratory of New Ceramic Materials, School of Materials Science and Engineering",Beijing,CN,paper,p.9 author details,
derose2012,1,Christopher T. DeRose,1,primary,Sandia National Laboratories,Applied Photonic Microsystems,"Albuquerque, NM",US,paper,p.1 affiliations,
derose2012,2,Douglas C. Trotter,1,primary,Sandia National Laboratories,Applied Photonic Microsystems,"Albuquerque, NM",US,paper,p.1 affiliations,
derose2012,3,William A. Zortman,1,primary,Sandia National Laboratories,Applied Photonic Microsystems,"Albuquerque, NM",US,paper,p.1 affiliations,
derose2012,4,Michael R. Watts,1,primary,Massachusetts Institute of Technology,Research Laboratory of Electronics,"Cambridge, MA",US,paper,p.1 affiliations,
didier2026,1,Pierre Didier,1,primary,ETH Zurich,"Department of Physics, Institute for Quantum Electronics, Optical Nanomaterial Group",Zurich,CH,paper,p.1 affiliations,
didier2026,2,Prakhar Jain,1,primary,ETH Zurich,"Department of Physics, Institute for Quantum Electronics, Optical Nanomaterial Group",Zurich,CH,paper,p.1 affiliations,
didier2026,3,Mathieu Bertrand,1,primary,ETH Zurich,"Department of Physics, Institute for Quantum Electronics, Quantum Optoelectronics Group",Zurich,CH,paper,p.1 affiliations,
didier2026,4,Jost Kellner,1,primary,ETH Zurich,"Department of Physics, Institute for Quantum Electronics, Optical Nanomaterial Group",Zurich,CH,paper,p.1 affiliations,
didier2026,5,Oliver Pitz,1,primary,ETH Zurich,"Department of Physics, Institute for Quantum Electronics, Optical Nanomaterial Group",Zurich,CH,paper,p.1 affiliations,
didier2026,6,Zhecheng Dai,1,primary,ShanghaiTech University,School of Information Science and Technology,Shanghai,CN,paper,p.1 affiliations,
didier2026,7,Tristan Kuttner,1,primary,ETH Zurich,"Department of Physics, Institute for Quantum Electronics, Optical Nanomaterial Group",Zurich,CH,paper,p.1 affiliations,
didier2026,8,Mattias Beck,1,primary,ETH Zurich,"Department of Physics, Institute for Quantum Electronics, Quantum Optoelectronics Group",Zurich,CH,paper,p.1 affiliations,
didier2026,9,Baile Chen,1,primary,ShanghaiTech University,School of Information Science and Technology,Shanghai,CN,paper,p.1 affiliations,
didier2026,10,Jérôme Faist,1,primary,ETH Zurich,"Department of Physics, Institute for Quantum Electronics, Quantum Optoelectronics Group",Zurich,CH,paper,p.1 affiliations,
didier2026,11,Rachel Grange,1,primary,ETH Zurich,"Department of Physics, Institute for Quantum Electronics, Optical Nanomaterial Group",Zurich,CH,paper,p.1 affiliations,
dong2026,1,Po Dong,1,primary,Coherent Corp.,,"Fremont, CA",US,paper,p.1 affiliations,
dong2026,2,Venkatesh Doddapaneni,1,primary,Coherent Corp.,,"Fremont, CA",US,paper,p.1 affiliations,
dong2026,3,Michael Kossey,1,primary,Coherent Corp.,,"Fremont, CA",US,paper,p.1 affiliations,
dong2026,4,Craig Schulz,1,primary,Coherent Corp.,,"Fremont, CA",US,paper,p.1 affiliations,
dong2026,5,Andrei Kaikkonen,1,primary,Coherent Corp.,,"Fremont, CA",US,paper,p.1 affiliations,
dong2026,6,Roberto Rodes,1,primary,Coherent Corp.,,"Fremont, CA",US,paper,p.1 affiliations,
dong2026,7,Dun Mao,1,primary,Coherent Corp.,,"Fremont, CA",US,paper,p.1 affiliations,
dong2026,8,Jaime Kwan,1,primary,Coherent Corp.,,"Fremont, CA",US,paper,p.1 affiliations,
dong2026,9,Taylor Fryett,1,primary,Coherent Corp.,,"Fremont, CA",US,paper,p.1 affiliations,
dong2026,10,Bo Feng,1,primary,Coherent Corp.,,"Fremont, CA",US,paper,p.1 affiliations,
dong2026,11,Argishti Melikyan,1,primary,Coherent Corp.,,"Fremont, CA",US,paper,p.1 affiliations,
dong2026,12,Chengpin Yu,1,primary,Coherent Corp.,,"Fremont, CA",US,paper,p.1 affiliations,
dong2026,13,Jack Xu,1,primary,Coherent Corp.,,"Fremont, CA",US,paper,p.1 affiliations,
falcone2026,1,Virginia Falcone,1,primary,ETH Zurich,"Department of Physics, Institute for Quantum Electronics, Optical Nanomaterial Group",Zurich,CH,paper,p.1 affiliations,"single affiliation block, no markers"
falcone2026,2,Eleni Prountzou,1,primary,ETH Zurich,"Department of Physics, Institute for Quantum Electronics, Optical Nanomaterial Group",Zurich,CH,paper,p.1 affiliations,"single affiliation block, no markers"
falcone2026,3,Jost Kellner,1,primary,ETH Zurich,"Department of Physics, Institute for Quantum Electronics, Optical Nanomaterial Group",Zurich,CH,paper,p.1 affiliations,"single affiliation block, no markers"
falcone2026,4,Ülle-Linda Talts,1,primary,ETH Zurich,"Department of Physics, Institute for Quantum Electronics, Optical Nanomaterial Group",Zurich,CH,paper,p.1 affiliations,"single affiliation block, no markers"
falcone2026,5,Rachel Grange,1,primary,ETH Zurich,"Department of Physics, Institute for Quantum Electronics, Optical Nanomaterial Group",Zurich,CH,paper,p.1 affiliations,"single affiliation block, no markers"
feng2022,1,Hanke Feng,1,primary,City University of Hong Kong,Department of Electrical Engineering & State Key Laboratory of Terahertz and Millimeter Waves,"Kowloon, Hong Kong",HK,paper,p.1 affiliations,
feng2022,2,Ke Zhang,1,primary,City University of Hong Kong,Department of Electrical Engineering & State Key Laboratory of Terahertz and Millimeter Waves,"Kowloon, Hong Kong",HK,paper,p.1 affiliations,
feng2022,3,Wenzhao Sun,1,primary,City University of Hong Kong,Department of Electrical Engineering & State Key Laboratory of Terahertz and Millimeter Waves,"Kowloon, Hong Kong",HK,paper,p.1 affiliations,
feng2022,4,Yangming Ren,1,primary,Xi'an Institute of Optics and Precision Mechanics,,Xi'an,CN,paper,p.1 affiliations,
feng2022,4,Yangming Ren,2,additional,University of Chinese Academy of Sciences,,Beijing,CN,paper,p.1 affiliations,
feng2022,5,Yiwen Zhang,1,primary,City University of Hong Kong,Department of Electrical Engineering & State Key Laboratory of Terahertz and Millimeter Waves,"Kowloon, Hong Kong",HK,paper,p.1 affiliations,
feng2022,6,Wenfu Zhang,1,primary,Xi'an Institute of Optics and Precision Mechanics,,Xi'an,CN,paper,p.1 affiliations,
feng2022,6,Wenfu Zhang,2,additional,University of Chinese Academy of Sciences,,Beijing,CN,paper,p.1 affiliations,
feng2022,7,Cheng Wang,1,primary,City University of Hong Kong,Department of Electrical Engineering & State Key Laboratory of Terahertz and Millimeter Waves,"Kowloon, Hong Kong",HK,paper,p.1 affiliations,
fukui2025,1,Taichiro Fukui,1,primary,The University of Tokyo,Department of Electrical Engineering and Information Systems,"Bunkyo-ku, Tokyo",JP,paper,p.1 affiliations,
fukui2025,2,Kei Sumita,1,primary,The University of Tokyo,Department of Electrical Engineering and Information Systems,"Bunkyo-ku, Tokyo",JP,paper,p.1 affiliations,
fukui2025,3,Hiroki Miyano,1,primary,The University of Tokyo,Department of Electrical Engineering and Information Systems,"Bunkyo-ku, Tokyo",JP,paper,p.1 affiliations,
fukui2025,4,Go Soma,1,primary,The University of Tokyo,Department of Electrical Engineering and Information Systems,"Bunkyo-ku, Tokyo",JP,paper,p.1 affiliations,
fukui2025,5,Warakorn Yanwachirakul,1,primary,The University of Tokyo,Department of Electrical Engineering and Information Systems,"Bunkyo-ku, Tokyo",JP,paper,p.1 affiliations,
fukui2025,5,Warakorn Yanwachirakul,2,present_address,Chulalongkorn University,"Department of Physics, Faculty of Science",Bangkok,TH,paper,p.1 affiliations,
fukui2025,6,Eisaku Kato,1,primary,The University of Tokyo,Department of Electrical Engineering and Information Systems,"Bunkyo-ku, Tokyo",JP,paper,p.1 affiliations,
fukui2025,7,Ryota Tanomura,1,primary,The University of Tokyo,Department of Electrical Engineering and Information Systems,"Bunkyo-ku, Tokyo",JP,paper,p.1 affiliations,
fukui2025,8,Jiahao Liu,1,primary,The University of Tokyo,Department of Electrical Engineering and Information Systems,"Bunkyo-ku, Tokyo",JP,paper,p.1 affiliations,
fukui2025,9,Toshiki Yamada,1,primary,National Institute of Information and Communications Technology,,"Kobe, Hyogo",JP,paper,p.1 affiliations,
fukui2025,10,Akira Otomo,1,primary,National Institute of Information and Communications Technology,,"Kobe, Hyogo",JP,paper,p.1 affiliations,
fukui2025,11,Kasidit Toprasertpong,1,primary,The University of Tokyo,Department of Electrical Engineering and Information Systems,"Bunkyo-ku, Tokyo",JP,paper,p.1 affiliations,
fukui2025,12,Mitsuru Takenaka,1,primary,The University of Tokyo,Department of Electrical Engineering and Information Systems,"Bunkyo-ku, Tokyo",JP,paper,p.1 affiliations,
fukui2025,13,Shinichi Takagi,1,primary,The University of Tokyo,Department of Electrical Engineering and Information Systems,"Bunkyo-ku, Tokyo",JP,paper,p.1 affiliations,
fukui2025,14,Yoshiaki Nakano,1,primary,The University of Tokyo,Department of Electrical Engineering and Information Systems,"Bunkyo-ku, Tokyo",JP,paper,p.1 affiliations,
fukui2025,15,Takuo Tanemura,1,primary,The University of Tokyo,Department of Electrical Engineering and Information Systems,"Bunkyo-ku, Tokyo",JP,paper,p.1 affiliations,
gao2024,1,Lang Gao,1,primary,Shanghai Institute of Optics and Fine Mechanics,State Key Laboratory of High Field Laser Physics and CAS Center for Excellence in Ultra-intense Laser Science,Shanghai,CN,paper,p.1 affiliations,
gao2024,1,Lang Gao,2,additional,University of Chinese Academy of Sciences,Center of Materials Science and Optoelectronics Engineering,Beijing,CN,paper,p.1 affiliations,
gao2024,2,Youting Liang,1,primary,East China Normal University,"The Extreme Optoelectromechanics Laboratory (XXL), School of Physics and Electronic Science",Shanghai,CN,paper,p.1 affiliations,
gao2024,3,Jinming Chen,1,primary,East China Normal University,"The Extreme Optoelectromechanics Laboratory (XXL), School of Physics and Electronic Science",Shanghai,CN,paper,p.1 affiliations,
gao2024,4,Jianping Yu,1,primary,East China Normal University,"The Extreme Optoelectromechanics Laboratory (XXL), School of Physics and Electronic Science",Shanghai,CN,paper,p.1 affiliations,
gao2024,5,Jia Qi,1,primary,East China Normal University,"The Extreme Optoelectromechanics Laboratory (XXL), School of Physics and Electronic Science",Shanghai,CN,paper,p.1 affiliations,
gao2024,6,Lvbin Song,1,primary,East China Normal University,"The Extreme Optoelectromechanics Laboratory (XXL), School of Physics and Electronic Science",Shanghai,CN,paper,p.1 affiliations,
gao2024,7,Jian Liu,1,primary,East China Normal University,"The Extreme Optoelectromechanics Laboratory (XXL), School of Physics and Electronic Science",Shanghai,CN,paper,p.1 affiliations,
gao2024,8,Zhaoxiang Liu,1,primary,East China Normal University,"The Extreme Optoelectromechanics Laboratory (XXL), School of Physics and Electronic Science",Shanghai,CN,paper,p.1 affiliations,
gao2024,10,Hongxin Qi,1,primary,East China Normal University,"The Extreme Optoelectromechanics Laboratory (XXL), School of Physics and Electronic Science",Shanghai,CN,paper,p.1 affiliations,
gao2024,10,Hongxin Qi,2,additional,East China Normal University,State Key Laboratory of Precision Spectroscopy,Shanghai,CN,paper,p.1 affiliations,
gao2024,11,Ya Cheng,1,primary,Shanghai Institute of Optics and Fine Mechanics,State Key Laboratory of High Field Laser Physics and CAS Center for Excellence in Ultra-intense Laser Science,Shanghai,CN,paper,p.1 affiliations,
gao2024,11,Ya Cheng,2,additional,East China Normal University,"The Extreme Optoelectromechanics Laboratory (XXL), School of Physics and Electronic Science",Shanghai,CN,paper,p.1 affiliations,
gao2024,11,Ya Cheng,3,additional,East China Normal University,State Key Laboratory of Precision Spectroscopy,Shanghai,CN,paper,p.1 affiliations,
gao2024,11,Ya Cheng,4,additional,Shanxi University,Collaborative Innovation Center of Extreme Optics,"Taiyuan, Shanxi",CN,paper,p.1 affiliations,
gao2024,11,Ya Cheng,5,additional,Shandong Normal University,Collaborative Innovation Center of Light Manipulations and Applications,Jinan,CN,paper,p.1 affiliations,
gao2024,11,Ya Cheng,6,additional,Hefei Laboratory,,Hefei,CN,paper,p.1 affiliations,
gao2024,11,Ya Cheng,7,additional,East China Normal University,Joint Research Center of Light Manipulation Science and Photonic Integrated Chip of East China Normal University and Shandong Normal University,Shanghai,CN,paper,p.1 affiliations,
geravand2025,1,Alireza Geravand,1,primary,Université Laval,"Department of Electrical and Computer Engineering, Centre d’optique, photonique et laser (COPL)","Quebec City, Quebec",CA,paper,p.1 affiliations,
geravand2025,2,Zibo Zheng,1,primary,Université Laval,"Department of Electrical and Computer Engineering, Centre d’optique, photonique et laser (COPL)","Quebec City, Quebec",CA,paper,p.1 affiliations,
geravand2025,3,Farshid Shateri,1,primary,Université Laval,"Department of Electrical and Computer Engineering, Centre d’optique, photonique et laser (COPL)","Quebec City, Quebec",CA,paper,p.1 affiliations,
geravand2025,4,Simon Levasseur,1,primary,Université Laval,"Department of Electrical and Computer Engineering, Centre d’optique, photonique et laser (COPL)","Quebec City, Quebec",CA,paper,p.1 affiliations,
geravand2025,5,Leslie A. Rusch,1,primary,Université Laval,"Department of Electrical and Computer Engineering, Centre d’optique, photonique et laser (COPL)","Quebec City, Quebec",CA,paper,p.1 affiliations,
geravand2025,6,Wei Shi,1,primary,Université Laval,"Department of Electrical and Computer Engineering, Centre d’optique, photonique et laser (COPL)","Quebec City, Quebec",CA,paper,p.1 affiliations,
giambra2021,1,Marco A. Giambra,1,primary,National Inter-University Consortium for Telecommunications,Photonic Networks and Technologies Lab,Pisa,IT,paper,p.13 author information,
giambra2021,1,Marco A. Giambra,2,additional,INPHOTEC,,Pisa,IT,paper,p.13 author information,
giambra2021,1,Marco A. Giambra,3,additional,Istituto Italiano di Tecnologia,Center for Nanotechnology Innovation @NEST,Pisa,IT,paper,p.13 author information,
giambra2021,2,Vaidotas Mišeikis,1,primary,Istituto Italiano di Tecnologia,Center for Nanotechnology Innovation @NEST,Pisa,IT,paper,p.13 author information,
giambra2021,2,Vaidotas Mišeikis,2,additional,Istituto Italiano di Tecnologia,Graphene Labs,Genova,IT,paper,p.13 author information,
giambra2021,3,Sergio Pezzini,1,primary,Istituto Italiano di Tecnologia,Center for Nanotechnology Innovation @NEST,Pisa,IT,paper,p.13 author information,
giambra2021,3,Sergio Pezzini,2,additional,Istituto Italiano di Tecnologia,Graphene Labs,Genova,IT,paper,p.13 author information,
giambra2021,3,Sergio Pezzini,3,additional,Scuola Normale Superiore,NEST,Pisa,IT,paper,p.13 author information,one printed unit naming two institutions (SNS and CNR)
giambra2021,3,Sergio Pezzini,4,additional,Istituto Nanoscienze,NEST,Pisa,IT,paper,p.13 author information,one printed unit naming two institutions (SNS and CNR)
giambra2021,4,Simone Marconi,1,primary,Scuola Superiore Sant'Anna,"Tecip Institute, Photonic Networks and Technologies Lab",Pisa,IT,paper,p.13 author information,
giambra2021,5,Alberto Montanaro,1,primary,National Inter-University Consortium for Telecommunications,Photonic Networks and Technologies Lab,Pisa,IT,paper,p.13 author information,
giambra2021,6,Filippo Fabbri,1,primary,Istituto Italiano di Tecnologia,Center for Nanotechnology Innovation @NEST,Pisa,IT,paper,p.13 author information,
giambra2021,6,Filippo Fabbri,2,additional,Istituto Italiano di Tecnologia,Graphene Labs,Genova,IT,paper,p.13 author information,
giambra2021,6,Filippo Fabbri,3,additional,Scuola Normale Superiore,NEST,Pisa,IT,paper,p.13 author information,one printed unit naming two institutions (SNS and CNR)
giambra2021,6,Filippo Fabbri,4,additional,Istituto Nanoscienze,NEST,Pisa,IT,paper,p.13 author information,one printed unit naming two institutions (SNS and CNR)
giambra2021,7,Vito Sorianello,1,primary,National Inter-University Consortium for Telecommunications,Photonic Networks and Technologies Lab,Pisa,IT,paper,p.13 author information,
giambra2021,8,Andrea C. Ferrari,1,primary,University of Cambridge,Cambridge Graphene Centre,Cambridge,GB,paper,p.13 author information,
giambra2021,9,Camilla Coletti,1,primary,Istituto Italiano di Tecnologia,Center for Nanotechnology Innovation @NEST,Pisa,IT,paper,p.13 author information,
giambra2021,9,Camilla Coletti,2,additional,Istituto Italiano di Tecnologia,Graphene Labs,Genova,IT,paper,p.13 author information,
giambra2021,10,Marco Romagnoli,1,primary,National Inter-University Consortium for Telecommunications,Photonic Networks and Technologies Lab,Pisa,IT,paper,p.13 author information,
giambra2021,10,Marco Romagnoli,2,additional,INPHOTEC,,Pisa,IT,paper,p.13 author information,
giambra2021,10,Marco Romagnoli,3,additional,CamGraPhIC srl,,Pisa,IT,paper,p.13 author information,
gui2022,1,Yaliang Gui,1,primary,George Washington University,,"Washington, DC",US,paper,p.1 affiliations,
gui2022,2,Behrouz Movahhed Nouri,1,primary,George Washington University,,"Washington, DC",US,paper,p.1 affiliations,
gui2022,3,Mario Miscuglio,1,primary,George Washington University,,"Washington, DC",US,paper,p.1 affiliations,
gui2022,4,Rubab Amin,1,primary,George Washington University,,"Washington, DC",US,paper,p.1 affiliations,
gui2022,5,Hao Wang,1,primary,George Washington University,,"Washington, DC",US,paper,p.1 affiliations,
gui2022,6,Jacob B. Khurgin,1,primary,Johns Hopkins University,,"Baltimore, MD",US,paper,p.1 affiliations,
gui2022,7,Hamed Dalir,1,primary,George Washington University,,"Washington, DC",US,paper,p.1 affiliations,
gui2022,8,Volker J. Sorger,1,primary,George Washington University,,"Washington, DC",US,paper,p.1 affiliations,
guo2026,1,Changjian Guo,1,primary,South China Normal University,"Guangdong Provincial Key Laboratory of Optical Information Materials and Technology, South China Academy of Advanced Optoelectronics",Guangzhou,CN,paper,p.1 affiliations,
guo2026,1,Changjian Guo,2,additional,South China Normal University,National Center for International Research on Green Optoelectronics,Guangzhou,CN,paper,p.1 affiliations,
guo2026,2,Xingjie Li,1,primary,South China Normal University,"Guangdong Provincial Key Laboratory of Optical Information Materials and Technology, South China Academy of Advanced Optoelectronics",Guangzhou,CN,paper,p.1 affiliations,
guo2026,3,Xiaofeng Wu,1,primary,South China Normal University,"Guangdong Provincial Key Laboratory of Optical Information Materials and Technology, South China Academy of Advanced Optoelectronics",Guangzhou,CN,paper,p.1 affiliations,
guo2026,4,Jiajie Deng,1,primary,Zhejiang University,"State Key Laboratory of Extreme Photonics and Instrumentation, College of Optical Science and Engineering, International Research Center for Advanced Photonics",Hangzhou,CN,paper,p.1 affiliations,
guo2026,5,Jiayu Huang,1,primary,South China Normal University,"Guangdong Provincial Key Laboratory of Optical Information Materials and Technology, South China Academy of Advanced Optoelectronics",Guangzhou,CN,paper,p.1 affiliations,
guo2026,6,Yunjie Wang,1,primary,South China Normal University,"Guangdong Provincial Key Laboratory of Optical Information Materials and Technology, South China Academy of Advanced Optoelectronics",Guangzhou,CN,paper,p.1 affiliations,
guo2026,7,Wenchang Yang,1,primary,South China Normal University,"Guangdong Provincial Key Laboratory of Optical Information Materials and Technology, South China Academy of Advanced Optoelectronics",Guangzhou,CN,paper,p.1 affiliations,
guo2026,8,Weilong Ma,1,primary,South China Normal University,"Guangdong Provincial Key Laboratory of Optical Information Materials and Technology, South China Academy of Advanced Optoelectronics",Guangzhou,CN,paper,p.1 affiliations,
guo2026,9,Ziliang Ruan,1,primary,Zhejiang University,"State Key Laboratory of Extreme Photonics and Instrumentation, College of Optical Science and Engineering, International Research Center for Advanced Photonics",Hangzhou,CN,paper,p.1 affiliations,
guo2026,10,Kaixuan Chen,1,primary,South China Normal University,"Guangdong Provincial Key Laboratory of Optical Information Materials and Technology, South China Academy of Advanced Optoelectronics",Guangzhou,CN,paper,p.1 affiliations,
guo2026,10,Kaixuan Chen,2,additional,South China Normal University,National Center for International Research on Green Optoelectronics,Guangzhou,CN,paper,p.1 affiliations,
guo2026,11,Sailing He,1,primary,Zhejiang University,"State Key Laboratory of Extreme Photonics and Instrumentation, College of Optical Science and Engineering, International Research Center for Advanced Photonics",Hangzhou,CN,paper,p.1 affiliations,
guo2026,12,Liu Liu,1,primary,Zhejiang University,"State Key Laboratory of Extreme Photonics and Instrumentation, College of Optical Science and Engineering, International Research Center for Advanced Photonics",Hangzhou,CN,paper,p.1 affiliations,
guo2026,12,Liu Liu,2,additional,Zhejiang University,"Jiaxing Key Laboratory of Photonic Sensing & Intelligent Imaging, Intelligent Optics & Photonics Research Center, Jiaxing Research Institute",Jiaxing,CN,paper,p.1 affiliations,
gupta2023,1,Y Durvasa Gupta,1,primary,Fraunhofer Heinrich Hertz Institute,,Berlin,DE,paper,p.1 footnote,
gupta2023,2,Guillaume Binet,1,primary,Fraunhofer Heinrich Hertz Institute,,Berlin,DE,paper,p.1 footnote,
gupta2023,3,Wouter Diels,1,primary,Fraunhofer Heinrich Hertz Institute,,Berlin,DE,paper,p.1 footnote,
gupta2023,4,Oliver Abdeen,1,primary,Fraunhofer Heinrich Hertz Institute,,Berlin,DE,paper,p.1 footnote,
gupta2023,5,Tom Gaertner,1,primary,Fraunhofer Heinrich Hertz Institute,,Berlin,DE,paper,p.1 footnote,
gupta2023,6,Moritz Baier,1,primary,Fraunhofer Heinrich Hertz Institute,,Berlin,DE,paper,p.1 footnote,printed as was with HHI
gupta2023,6,Moritz Baier,2,present_address,KEEQuant,,Fürth,DE,paper,p.1 footnote,was with HHI; now with KEEQuant
gupta2023,7,Martin Schell,1,primary,Fraunhofer Heinrich Hertz Institute,,Berlin,DE,paper,p.1 footnote,
gupta2023,7,Martin Schell,2,additional,Technische Universität Berlin,,Berlin,DE,paper,p.1 footnote,
han2023,1,Changhao Han,1,primary,Peking University,"State Key Laboratory of Advanced Optical Communication Systems and Networks, School of Electronics",Beijing,CN,paper,p.1 affiliations,
han2023,2,Zhao Zheng,1,primary,Peking University,"State Key Laboratory of Advanced Optical Communication Systems and Networks, School of Electronics",Beijing,CN,paper,p.1 affiliations,
han2023,3,Haowen Shu,1,primary,Peking University,"State Key Laboratory of Advanced Optical Communication Systems and Networks, School of Electronics",Beijing,CN,paper,p.1 affiliations,
han2023,3,Haowen Shu,2,additional,Peng Cheng Laboratory,,Shenzhen,CN,paper,p.1 affiliations,
han2023,4,Ming Jin,1,primary,Peking University,"State Key Laboratory of Advanced Optical Communication Systems and Networks, School of Electronics",Beijing,CN,paper,p.1 affiliations,
han2023,5,Jun Qin,1,primary,Beijing Information Science & Technology University,"Key Laboratory of Information and Communication Systems, Ministry of Information Industry",Beijing,CN,paper,p.1 affiliations,
han2023,6,Ruixuan Chen,1,primary,Peking University,"State Key Laboratory of Advanced Optical Communication Systems and Networks, School of Electronics",Beijing,CN,paper,p.1 affiliations,
han2023,7,Yuansheng Tao,1,primary,Peking University,"State Key Laboratory of Advanced Optical Communication Systems and Networks, School of Electronics",Beijing,CN,paper,p.1 affiliations,
han2023,8,Bitao Shen,1,primary,Peking University,"State Key Laboratory of Advanced Optical Communication Systems and Networks, School of Electronics",Beijing,CN,paper,p.1 affiliations,
han2023,9,Bowen Bai,1,primary,Peking University,"State Key Laboratory of Advanced Optical Communication Systems and Networks, School of Electronics",Beijing,CN,paper,p.1 affiliations,
han2023,10,Fenghe Yang,1,primary,Zhangjiang Laboratory,,Shanghai,CN,paper,p.1 affiliations,
han2023,11,Yimeng Wang,1,primary,Peking University,"State Key Laboratory of Advanced Optical Communication Systems and Networks, School of Electronics",Beijing,CN,paper,p.1 affiliations,
han2023,12,Haoyu Wang,1,primary,Peking University,"State Key Laboratory of Advanced Optical Communication Systems and Networks, School of Electronics",Beijing,CN,paper,p.1 affiliations,
han2023,13,Feifan Wang,1,primary,Peking University,"State Key Laboratory of Advanced Optical Communication Systems and Networks, School of Electronics",Beijing,CN,paper,p.1 affiliations,
han2023,14,Zixuan Zhang,1,primary,Peking University,"State Key Laboratory of Advanced Optical Communication Systems and Networks, School of Electronics",Beijing,CN,paper,p.1 affiliations,
han2023,15,Shaohua Yu,1,primary,Peking University,"State Key Laboratory of Advanced Optical Communication Systems and Networks, School of Electronics",Beijing,CN,paper,p.1 affiliations,
han2023,15,Shaohua Yu,2,additional,Peng Cheng Laboratory,,Shenzhen,CN,paper,p.1 affiliations,
han2023,16,Chao Peng,1,primary,Peking University,"State Key Laboratory of Advanced Optical Communication Systems and Networks, School of Electronics",Beijing,CN,paper,p.1 affiliations,
han2023,16,Chao Peng,2,additional,Peng Cheng Laboratory,,Shenzhen,CN,paper,p.1 affiliations,
han2023,16,Chao Peng,3,additional,Peking University,Frontiers Science Center for Nano-optoelectronics,Beijing,CN,paper,p.1 affiliations,
han2023,17,Xingjun Wang,1,primary,Peking University,"State Key Laboratory of Advanced Optical Communication Systems and Networks, School of Electronics",Beijing,CN,paper,p.1 affiliations,
han2023,17,Xingjun Wang,2,additional,Peng Cheng Laboratory,,Shenzhen,CN,paper,p.1 affiliations,
han2023,17,Xingjun Wang,3,additional,Peking University,Frontiers Science Center for Nano-optoelectronics,Beijing,CN,paper,p.1 affiliations,
han2023,17,Xingjun Wang,4,additional,Peking University Yangtze Delta Institute of Optoelectronics,,Nantong,CN,paper,p.1 affiliations,
he2019,1,Mingbo He,1,primary,Sun Yat-sen University,State Key Laboratory of Optoelectronic Materials and Technologies and School of Physics and Engineering,Guangzhou,CN,paper,p.1 affiliations,
he2019,2,Mengyue Xu,1,primary,Sun Yat-sen University,State Key Laboratory of Optoelectronic Materials and Technologies and School of Physics and Engineering,Guangzhou,CN,paper,p.1 affiliations,
he2019,3,Yuxuan Ren,1,primary,South China Normal University,"Centre for Optical and Electromagnetic Research, Guangdong Provincial Key Laboratory of Optical Information Materials and Technology, South China Academy of Advanced Optoelectronics",Guangzhou,CN,paper,p.1 affiliations,
he2019,4,Jian Jian,1,primary,Sun Yat-sen University,State Key Laboratory of Optoelectronic Materials and Technologies and School of Physics and Engineering,Guangzhou,CN,paper,p.1 affiliations,
he2019,5,Ziliang Ruan,1,primary,South China Normal University,"Centre for Optical and Electromagnetic Research, Guangdong Provincial Key Laboratory of Optical Information Materials and Technology, South China Academy of Advanced Optoelectronics",Guangzhou,CN,paper,p.1 affiliations,
he2019,6,Yongsheng Xu,1,primary,South China Normal University,"Centre for Optical and Electromagnetic Research, Guangdong Provincial Key Laboratory of Optical Information Materials and Technology, South China Academy of Advanced Optoelectronics",Guangzhou,CN,paper,p.1 affiliations,
he2019,7,Shengqian Gao,1,primary,Sun Yat-sen University,State Key Laboratory of Optoelectronic Materials and Technologies and School of Physics and Engineering,Guangzhou,CN,paper,p.1 affiliations,
he2019,8,Shihao Sun,1,primary,Sun Yat-sen University,State Key Laboratory of Optoelectronic Materials and Technologies and School of Physics and Engineering,Guangzhou,CN,paper,p.1 affiliations,
he2019,9,Xueqin Wen,1,primary,South China Normal University,"Centre for Optical and Electromagnetic Research, Guangdong Provincial Key Laboratory of Optical Information Materials and Technology, South China Academy of Advanced Optoelectronics",Guangzhou,CN,paper,p.1 affiliations,
he2019,10,Lidan Zhou,1,primary,Sun Yat-sen University,State Key Laboratory of Optoelectronic Materials and Technologies and School of Physics and Engineering,Guangzhou,CN,paper,p.1 affiliations,
he2019,11,Lin Liu,1,primary,Sun Yat-sen University,State Key Laboratory of Optoelectronic Materials and Technologies and School of Physics and Engineering,Guangzhou,CN,paper,p.1 affiliations,
he2019,12,Changjian Guo,1,primary,South China Normal University,"Centre for Optical and Electromagnetic Research, Guangdong Provincial Key Laboratory of Optical Information Materials and Technology, South China Academy of Advanced Optoelectronics",Guangzhou,CN,paper,p.1 affiliations,
he2019,13,Hui Chen,1,primary,Sun Yat-sen University,State Key Laboratory of Optoelectronic Materials and Technologies and School of Physics and Engineering,Guangzhou,CN,paper,p.1 affiliations,
he2019,14,Siyuan Yu,1,primary,Sun Yat-sen University,State Key Laboratory of Optoelectronic Materials and Technologies and School of Physics and Engineering,Guangzhou,CN,paper,p.1 affiliations,
he2019,15,Liu Liu,1,primary,South China Normal University,"Centre for Optical and Electromagnetic Research, Guangdong Provincial Key Laboratory of Optical Information Materials and Technology, South China Academy of Advanced Optoelectronics",Guangzhou,CN,paper,p.1 affiliations,
he2019,16,Xinlun Cai,1,primary,Sun Yat-sen University,State Key Laboratory of Optoelectronic Materials and Technologies and School of Physics and Engineering,Guangzhou,CN,paper,p.1 affiliations,
heidari2022,1,Elham Heidari,1,primary,The University of Texas at Austin,"Microelectronics Research Center, Electrical and Computer Engineering Department","Austin, TX",US,paper,p.1 affiliations,
heidari2022,2,Hamed Dalir,1,primary,George Washington University,Department of Electrical and Computer Engineering,"Washington, DC",US,paper,p.1 affiliations,
heidari2022,3,Farzad Mokhtari Koushyar,1,primary,The University of Texas at Austin,"Microelectronics Research Center, Electrical and Computer Engineering Department","Austin, TX",US,paper,p.1 affiliations,
heidari2022,4,Behrouz Movahhed Nouri,1,primary,George Washington University,Department of Electrical and Computer Engineering,"Washington, DC",US,paper,p.1 affiliations,
heidari2022,5,Chandraman Patil,1,primary,George Washington University,Department of Electrical and Computer Engineering,"Washington, DC",US,paper,p.1 affiliations,
heidari2022,6,Mario Miscuglio,1,primary,George Washington University,Department of Electrical and Computer Engineering,"Washington, DC",US,paper,p.1 affiliations,
heidari2022,7,Deji Akinwande,1,primary,The University of Texas at Austin,"Microelectronics Research Center, Electrical and Computer Engineering Department","Austin, TX",US,paper,p.1 affiliations,
heidari2022,8,Volker J. Sorger,1,primary,George Washington University,Department of Electrical and Computer Engineering,"Washington, DC",US,paper,p.1 affiliations,
holzgrafe2020,1,Jeffrey Holzgrafe,1,primary,Harvard University,John A. Paulson School of Engineering and Applied Sciences,"Cambridge, MA",US,paper,p.1 affiliations,
holzgrafe2020,2,Neil Sinclair,1,primary,Harvard University,John A. Paulson School of Engineering and Applied Sciences,"Cambridge, MA",US,paper,p.1 affiliations,
holzgrafe2020,2,Neil Sinclair,2,additional,California Institute of Technology,"Division of Physics, Mathematics and Astronomy; Alliance for Quantum Technologies","Pasadena, CA",US,paper,p.1 affiliations,
holzgrafe2020,3,Di Zhu,1,primary,Harvard University,John A. Paulson School of Engineering and Applied Sciences,"Cambridge, MA",US,paper,p.1 affiliations,
holzgrafe2020,3,Di Zhu,2,additional,Massachusetts Institute of Technology,Research Laboratory of Electronics,"Cambridge, MA",US,paper,p.1 affiliations,
holzgrafe2020,4,Amirhassan Shams-Ansari,1,primary,Harvard University,John A. Paulson School of Engineering and Applied Sciences,"Cambridge, MA",US,paper,p.1 affiliations,
holzgrafe2020,5,Marco Colangelo,1,primary,Massachusetts Institute of Technology,Research Laboratory of Electronics,"Cambridge, MA",US,paper,p.1 affiliations,
holzgrafe2020,6,Yaowen Hu,1,primary,Harvard University,John A. Paulson School of Engineering and Applied Sciences,"Cambridge, MA",US,paper,p.1 affiliations,
holzgrafe2020,6,Yaowen Hu,2,additional,Harvard University,Department of Physics,"Cambridge, MA",US,paper,p.1 affiliations,
holzgrafe2020,7,Mian Zhang,1,primary,Harvard University,John A. Paulson School of Engineering and Applied Sciences,"Cambridge, MA",US,paper,p.1 affiliations,
holzgrafe2020,7,Mian Zhang,2,additional,HyperLight,,"Cambridge, MA",US,paper,p.1 affiliations,printed as HyperLight Corporation
holzgrafe2020,8,Karl K. Berggren,1,primary,Massachusetts Institute of Technology,Research Laboratory of Electronics,"Cambridge, MA",US,paper,p.1 affiliations,
holzgrafe2020,9,Marko Lončar,1,primary,Harvard University,John A. Paulson School of Engineering and Applied Sciences,"Cambridge, MA",US,paper,p.1 affiliations,
hou2024,1,Songyan Hou,1,primary,Xidian University,Guangzhou Institute of Technology,Guangzhou,CN,crossref,crossref.json affiliation,arXiv text prints no affiliations; from crossref
hou2024,1,Songyan Hou,2,additional,Xidian University,State Key Laboratory of Wide Bandgap Semiconductor Devices and Integrated Technology; School of Microelectronics,Xi'an,CN,crossref,crossref.json affiliation,
hou2024,2,Hao Hu,1,primary,Nanjing University of Aeronautics and Astronautics,Key Laboratory of Radar Imaging and Microwave Photonics (Ministry of Education); College of Electronic and Information Engineering,Nanjing,CN,crossref,crossref.json affiliation,
hou2024,3,Weichuan Xing,1,primary,Xidian University,Guangzhou Institute of Technology,Guangzhou,CN,crossref,crossref.json affiliation,
hou2024,3,Weichuan Xing,2,additional,Xidian University,State Key Laboratory of Wide Bandgap Semiconductor Devices and Integrated Technology; School of Microelectronics,Xi'an,CN,crossref,crossref.json affiliation,
hou2024,4,Zhihong Liu,1,primary,Xidian University,Guangzhou Institute of Technology,Guangzhou,CN,crossref,crossref.json affiliation,
hou2024,4,Zhihong Liu,2,additional,Xidian University,State Key Laboratory of Wide Bandgap Semiconductor Devices and Integrated Technology; School of Microelectronics,Xi'an,CN,crossref,crossref.json affiliation,
hou2024,5,Jincheng Zhang,1,primary,Xidian University,Guangzhou Institute of Technology,Guangzhou,CN,crossref,crossref.json affiliation,
hou2024,5,Jincheng Zhang,2,additional,Xidian University,State Key Laboratory of Wide Bandgap Semiconductor Devices and Integrated Technology; School of Microelectronics,Xi'an,CN,crossref,crossref.json affiliation,
hou2024,6,Yue Hao,1,primary,Xidian University,Guangzhou Institute of Technology,Guangzhou,CN,crossref,crossref.json affiliation,
hou2024,6,Yue Hao,2,additional,Xidian University,State Key Laboratory of Wide Bandgap Semiconductor Devices and Integrated Technology; School of Microelectronics,Xi'an,CN,crossref,crossref.json affiliation,
hsu2024,1,Wei-Che Hsu,1,primary,Oregon State University,School of Electrical Engineering and Computer Science,"Corvallis, OR",US,paper,p.1 affiliations,
hsu2024,1,Wei-Che Hsu,2,additional,Baylor University,Department of Electrical and Computer Engineering,"Waco, TX",US,paper,p.1 affiliations,
hsu2024,2,Nabila Nujhat,1,primary,Oregon State University,School of Electrical Engineering and Computer Science,"Corvallis, OR",US,paper,p.1 affiliations,
hsu2024,3,Benjamin Kupp,1,primary,Oregon State University,School of Electrical Engineering and Computer Science,"Corvallis, OR",US,paper,p.1 affiliations,
hsu2024,4,John F. Conley Jr.,1,primary,Oregon State University,School of Electrical Engineering and Computer Science,"Corvallis, OR",US,paper,p.1 affiliations,
hsu2024,5,Haisheng Rong,1,primary,Intel Corporation,,"Santa Clara, CA",US,paper,p.1 affiliations,
hsu2024,6,Ranjeet Kumar,1,primary,Intel Corporation,,"Santa Clara, CA",US,paper,p.1 affiliations,
hsu2024,7,Alan X. Wang,1,primary,Oregon State University,School of Electrical Engineering and Computer Science,"Corvallis, OR",US,paper,p.1 affiliations,
hsu2024,7,Alan X. Wang,2,additional,Baylor University,Department of Electrical and Computer Engineering,"Waco, TX",US,paper,p.1 affiliations,
hu2023,1,Fangchen Hu,1,primary,Fudan University,Key Laboratory for Information Science of Electromagnetic Waves (MoE),Shanghai,CN,paper,p.1 affiliations,"marker 5 is equal contribution, not affiliation"
hu2023,2,Yuguang Zhang,1,primary,National Information Optoelectronics Innovation Center,,Wuhan,CN,paper,p.1 affiliations,"marker 5 is equal contribution, not affiliation"
hu2023,3,Hongguang Zhang,1,primary,National Information Optoelectronics Innovation Center,,Wuhan,CN,paper,p.1 affiliations,"marker 5 is equal contribution, not affiliation"
hu2023,4,Zhongya Li,1,primary,Fudan University,Key Laboratory for Information Science of Electromagnetic Waves (MoE),Shanghai,CN,paper,p.1 affiliations,
hu2023,5,Sizhe Xing,1,primary,Fudan University,Key Laboratory for Information Science of Electromagnetic Waves (MoE),Shanghai,CN,paper,p.1 affiliations,
hu2023,6,Jianyang Shi,1,primary,Fudan University,Key Laboratory for Information Science of Electromagnetic Waves (MoE),Shanghai,CN,paper,p.1 affiliations,
hu2023,7,Junwen Zhang,1,primary,Fudan University,Key Laboratory for Information Science of Electromagnetic Waves (MoE),Shanghai,CN,paper,p.1 affiliations,
hu2023,8,Xi Xiao,1,primary,China Information and Communication Technologies Group Corporation,State Key Laboratory of Optical Communication Technologies and Networks,"Wuhan, Hubei",CN,paper,p.1 affiliations,
hu2023,8,Xi Xiao,2,additional,National Information Optoelectronics Innovation Center,,Wuhan,CN,paper,p.1 affiliations,
hu2023,8,Xi Xiao,3,additional,Peng Cheng Laboratory,,"Shenzhen, Guangdong",CN,paper,p.1 affiliations,
hu2023,9,Nan Chi,1,primary,Fudan University,Key Laboratory for Information Science of Electromagnetic Waves (MoE),Shanghai,CN,paper,p.1 affiliations,
hu2023,10,Zhixue He,1,primary,China Information and Communication Technologies Group Corporation,State Key Laboratory of Optical Communication Technologies and Networks,"Wuhan, Hubei",CN,paper,p.1 affiliations,
hu2023,10,Zhixue He,2,additional,Peng Cheng Laboratory,,"Shenzhen, Guangdong",CN,paper,p.1 affiliations,
hu2023,11,Shaohua Yu,1,primary,China Information and Communication Technologies Group Corporation,State Key Laboratory of Optical Communication Technologies and Networks,"Wuhan, Hubei",CN,paper,p.1 affiliations,
hu2023,11,Shaohua Yu,2,additional,National Information Optoelectronics Innovation Center,,Wuhan,CN,paper,p.1 affiliations,
hu2023,11,Shaohua Yu,3,additional,Peng Cheng Laboratory,,"Shenzhen, Guangdong",CN,paper,p.1 affiliations,
hu2026,1,Fangchen Hu,1,primary,Zhangjiang Laboratory,,Shanghai,CN,paper,p.1 affiliations,"marker 3 is equal contribution, not affiliation"
hu2026,2,Fengxin Yu,1,primary,Zhangjiang Laboratory,,Shanghai,CN,paper,p.1 affiliations,"marker 3 is equal contribution, not affiliation"
hu2026,3,Xingyu Liu,1,primary,Fudan University,Future Information Innovative College,Shanghai,CN,paper,p.1 affiliations,
hu2026,4,Aoxue Wang,1,primary,Fudan University,Future Information Innovative College,Shanghai,CN,paper,p.1 affiliations,
hu2026,5,Xiao Hu,1,primary,Zhangjiang Laboratory,,Shanghai,CN,paper,p.1 affiliations,
hu2026,6,Haiwen Cai,1,primary,Zhangjiang Laboratory,,Shanghai,CN,paper,p.1 affiliations,
hu2026,7,Wei Chu,1,primary,Zhangjiang Laboratory,,Shanghai,CN,paper,p.1 affiliations,
hu2026a,1,Qiyue Hu,1,primary,East China Normal University,State Key Laboratory of Precision Spectroscopy,Shanghai,CN,paper,p.1 affiliations,
hu2026a,1,Qiyue Hu,2,additional,East China Normal University,"Extreme Optoelectromechanics Laboratory (XXL), School of Physics",Shanghai,CN,paper,p.1 affiliations,
hu2026a,2,Junxia Zhou,1,primary,East China Normal University,"Extreme Optoelectromechanics Laboratory (XXL), School of Physics",Shanghai,CN,paper,p.1 affiliations,
hu2026a,3,Zhe Wang,1,primary,East China Normal University,"Extreme Optoelectromechanics Laboratory (XXL), School of Physics",Shanghai,CN,paper,p.1 affiliations,
hu2026a,4,Botao Fu,1,primary,East China Normal University,"Extreme Optoelectromechanics Laboratory (XXL), School of Physics",Shanghai,CN,paper,p.1 affiliations,
hu2026a,5,Jinming Chen,1,primary,East China Normal University,"Extreme Optoelectromechanics Laboratory (XXL), School of Physics",Shanghai,CN,paper,p.1 affiliations,
hu2026a,6,Yunpeng Song,1,primary,East China Normal University,"Extreme Optoelectromechanics Laboratory (XXL), School of Physics",Shanghai,CN,paper,p.1 affiliations,
hu2026a,7,Mengqi Li,1,primary,East China Normal University,"Extreme Optoelectromechanics Laboratory (XXL), School of Physics",Shanghai,CN,paper,p.1 affiliations,
hu2026a,8,Dewei Zhang,1,primary,East China Normal University,State Key Laboratory of Precision Spectroscopy,Shanghai,CN,paper,p.1 affiliations,
hu2026a,8,Dewei Zhang,2,additional,East China Normal University,"Extreme Optoelectromechanics Laboratory (XXL), School of Physics",Shanghai,CN,paper,p.1 affiliations,
hu2026a,9,Yuheng Chen,1,primary,East China Normal University,State Key Laboratory of Precision Spectroscopy,Shanghai,CN,paper,p.1 affiliations,
hu2026a,9,Yuheng Chen,2,additional,East China Normal University,"Extreme Optoelectromechanics Laboratory (XXL), School of Physics",Shanghai,CN,paper,p.1 affiliations,
hu2026a,10,Jinxin Huang,1,primary,East China Normal University,State Key Laboratory of Precision Spectroscopy,Shanghai,CN,paper,p.1 affiliations,
hu2026a,10,Jinxin Huang,2,additional,East China Normal University,"Extreme Optoelectromechanics Laboratory (XXL), School of Physics",Shanghai,CN,paper,p.1 affiliations,
hu2026a,11,Min Wang,1,primary,East China Normal University,"Extreme Optoelectromechanics Laboratory (XXL), School of Physics",Shanghai,CN,paper,p.1 affiliations,
hu2026a,12,Jia Qi,1,primary,East China Normal University,"Extreme Optoelectromechanics Laboratory (XXL), School of Physics",Shanghai,CN,paper,p.1 affiliations,
hu2026a,13,Ya Cheng,1,primary,East China Normal University,State Key Laboratory of Precision Spectroscopy,Shanghai,CN,paper,p.1 affiliations,
hu2026a,13,Ya Cheng,2,additional,East China Normal University,"Extreme Optoelectromechanics Laboratory (XXL), School of Physics",Shanghai,CN,paper,p.1 affiliations,
hu2026a,13,Ya Cheng,3,additional,Hefei Laboratory,,Hefei,CN,paper,p.1 affiliations,
hu2026a,13,Ya Cheng,4,additional,Shanghai Research Center for Quantum Sciences,,Shanghai,CN,paper,p.1 affiliations,
hu2026a,13,Ya Cheng,5,additional,Shanxi University,Collaborative Innovation Center of Extreme Optics,Taiyuan,CN,paper,p.1 affiliations,
huang2026a,1,Zhihong Huang,1,primary,Hewlett Packard Enterprise,Hewlett Packard Labs,"Milpitas, CA",US,paper,p.1 affiliations,
huang2026a,2,Yuan Yuan,1,primary,Hewlett Packard Enterprise,Hewlett Packard Labs,"Milpitas, CA",US,paper,p.1 affiliations,
huang2026a,3,Yiwei Peng,1,primary,Hewlett Packard Enterprise,Hewlett Packard Labs,"Milpitas, CA",US,paper,p.1 affiliations,
huang2026a,4,Marco Fiorentino,1,primary,Hewlett Packard Enterprise,Hewlett Packard Labs,"Milpitas, CA",US,paper,p.1 affiliations,
huang2026a,5,Raymond G. Beausoleil,1,primary,Hewlett Packard Enterprise,Hewlett Packard Labs,"Milpitas, CA",US,paper,p.1 affiliations,
huang2026a,6,Samuel Palermo,1,primary,Texas A&M University,Department of Electrical and Computer Engineering,"College Station, TX",US,paper,p.1 affiliations,
johnson2025,1,Lewis E. Johnson,1,primary,NLM Photonics,,"Seattle, WA",US,paper,p.1 affiliations,
johnson2025,2,Ari Novack,1,primary,Enosemi,,"Seattle, WA",US,paper,p.1 affiliations,printed: (acquired by AMD)
johnson2025,3,Scott R. Hammond,1,primary,NLM Photonics,,"Seattle, WA",US,paper,p.1 affiliations,
johnson2025,4,Meisam Bahadori,1,primary,Enosemi,,"Seattle, WA",US,paper,p.1 affiliations,printed: (acquired by AMD)
johnson2025,5,Kevin M. O'Malley,1,primary,NLM Photonics,,"Seattle, WA",US,paper,p.1 affiliations,
johnson2025,6,Delwin L. Elder,1,primary,NLM Photonics,,"Seattle, WA",US,paper,p.1 affiliations,
johnson2025,7,Matthew Streshinsky,1,primary,Enosemi,,"Seattle, WA",US,paper,p.1 affiliations,printed: (acquired by AMD)
johnson2025,8,Brad Booth,1,primary,NLM Photonics,,"Seattle, WA",US,paper,p.1 affiliations,
kari2025,1,Sadra Rahimi Kari,1,primary,University of Pittsburgh,Department of Electrical and Computer Engineering,"Pittsburgh, PA",US,paper,p.1 affiliations,
kari2025,2,Paolo Pintus,1,primary,"University of California, Santa Barbara",Department of Electrical and Computer Engineering,"Santa Barbara, CA",US,paper,p.1 affiliations,
kari2025,2,Paolo Pintus,2,additional,University of Cagliari,Department of Physics,Cagliari,IT,paper,p.1 affiliations,
kari2025,3,John E. Bowers,1,primary,"University of California, Santa Barbara",Department of Electrical and Computer Engineering,"Santa Barbara, CA",US,paper,p.1 affiliations,
kari2025,4,Matt Robbins,1,primary,"Cetus Photonics, Inc.",,,US,paper,p.1 affiliations,"no city printed; country not printed, taken from organizations.csv"
kari2025,5,Nathan Youngblood,1,primary,University of Pittsburgh,Department of Electrical and Computer Engineering,"Pittsburgh, PA",US,paper,p.1 affiliations,
kawahara2025,1,Keisuke Kawahara,1,primary,Yokohama National University,Department of Electrical and Computer Engineering,Yokohama,JP,paper,p.1 affiliations,
kawahara2025,2,Tai Tsuchizawa,1,primary,National Institute of Advanced Industrial Science and Technology,,Tsukuba,JP,paper,p.1 affiliations,
kawahara2025,3,Noritsugu Yamamoto,1,primary,National Institute of Advanced Industrial Science and Technology,,Tsukuba,JP,paper,p.1 affiliations,
kawahara2025,4,Yuriko Maegami,1,primary,National Institute of Advanced Industrial Science and Technology,,Tsukuba,JP,paper,p.1 affiliations,
kawahara2025,5,Koji Yamada,1,primary,National Institute of Advanced Industrial Science and Technology,,Tsukuba,JP,paper,p.1 affiliations,
kawahara2025,6,Shinsuke Hara,1,primary,National Institute of Information and Communications Technology,,Koganei,JP,paper,p.1 affiliations,
kawahara2025,7,Toshihiko Baba,1,primary,Yokohama National University,Department of Electrical and Computer Engineering,Yokohama,JP,paper,p.1 affiliations,
kharel2021,1,Prashanta Kharel,1,primary,HyperLight,,"Cambridge, MA",US,paper,p.1 affiliations,
kharel2021,2,Christian Reimer,1,primary,HyperLight,,"Cambridge, MA",US,paper,p.1 affiliations,
kharel2021,3,Kevin Luke,1,primary,HyperLight,,"Cambridge, MA",US,paper,p.1 affiliations,
kharel2021,4,Lingyan He,1,primary,HyperLight,,"Cambridge, MA",US,paper,p.1 affiliations,
kharel2021,5,Mian Zhang,1,primary,HyperLight,,"Cambridge, MA",US,paper,p.1 affiliations,
kieninger2020,1,Clemens Kieninger,1,primary,Karlsruhe Institute of Technology,Institute of Photonics and Quantum Electronics (IPQ),Karlsruhe,DE,paper,p.1 affiliations,
kieninger2020,2,Christoph Füllner,1,primary,Karlsruhe Institute of Technology,Institute of Photonics and Quantum Electronics (IPQ),Karlsruhe,DE,paper,p.1 affiliations,
kieninger2020,3,Heiner Zwickel,1,primary,Karlsruhe Institute of Technology,Institute of Photonics and Quantum Electronics (IPQ),Karlsruhe,DE,paper,p.1 affiliations,
kieninger2020,4,Yasar Kutuvantavida,1,primary,Karlsruhe Institute of Technology,Institute of Photonics and Quantum Electronics (IPQ),Karlsruhe,DE,paper,p.1 affiliations,
kieninger2020,5,Juned N. Kemal,1,primary,Karlsruhe Institute of Technology,Institute of Photonics and Quantum Electronics (IPQ),Karlsruhe,DE,paper,p.1 affiliations,
kieninger2020,6,Carsten Eschenbaum,1,primary,Karlsruhe Institute of Technology,Institute of Photonics and Quantum Electronics (IPQ),Karlsruhe,DE,paper,p.1 affiliations,
kieninger2020,7,Delwin L. Elder,1,primary,University of Washington,Department of Chemistry,"Seattle, WA",US,paper,p.1 affiliations,
kieninger2020,8,Larry R. Dalton,1,primary,University of Washington,Department of Chemistry,"Seattle, WA",US,paper,p.1 affiliations,
kieninger2020,9,Wolfgang Freude,1,primary,Karlsruhe Institute of Technology,Institute of Photonics and Quantum Electronics (IPQ),Karlsruhe,DE,paper,p.1 affiliations,
kieninger2020,10,Sebastian Randel,1,primary,Karlsruhe Institute of Technology,Institute of Photonics and Quantum Electronics (IPQ),Karlsruhe,DE,paper,p.1 affiliations,
kieninger2020,11,Christian Koos,1,primary,Karlsruhe Institute of Technology,Institute of Photonics and Quantum Electronics (IPQ),Karlsruhe,DE,paper,p.1 affiliations,
kieninger2020,11,Christian Koos,2,additional,Karlsruhe Institute of Technology,Institute of Microstructure Technology (IMT),Eggenstein-Leopoldshafen,DE,paper,p.1 affiliations,
kim2025,1,Gwan In Kim,1,primary,University of Illinois Urbana-Champaign,Department of Electrical & Computer Engineering,"Urbana, IL",US,paper,p.1 affiliations,
kim2025,2,Jieun Yim,1,primary,University of Illinois Urbana-Champaign,Department of Mechanical Science and Engineering,"Urbana, IL",US,paper,p.1 affiliations,
kim2025,3,Gaurav Bahl,1,primary,University of Illinois Urbana-Champaign,Department of Mechanical Science and Engineering,"Urbana, IL",US,paper,p.1 affiliations,
kohli2025,1,Manuel Kohli,1,primary,ETH Zurich,Institute of Electromagnetic Fields,Zurich,CH,paper,p.1 affiliations; p.last author information,
kohli2025,2,Daniel Chelladurai,1,primary,ETH Zurich,Institute of Electromagnetic Fields,Zurich,CH,paper,p.1 affiliations; p.last author information,
kohli2025,3,Laurenz Kulmer,1,primary,ETH Zurich,Institute of Electromagnetic Fields,Zurich,CH,paper,p.1 affiliations; p.last author information,
kohli2025,4,Tobias Blatter,1,primary,ETH Zurich,Institute of Electromagnetic Fields,Zurich,CH,paper,p.1 affiliations; p.last author information,
kohli2025,5,Yannik Horst,1,primary,ETH Zurich,Institute of Electromagnetic Fields,Zurich,CH,paper,p.1 affiliations; p.last author information,
kohli2025,6,Killian Keller,1,primary,ETH Zurich,Institute of Electromagnetic Fields,Zurich,CH,paper,p.1 affiliations; p.last author information,
kohli2025,7,Michael Doderer,1,primary,ETH Zurich,Institute of Electromagnetic Fields,Zurich,CH,paper,p.1 affiliations; p.last author information,
kohli2025,8,Joel Winiger,1,primary,ETH Zurich,Institute of Electromagnetic Fields,Zurich,CH,paper,p.1 affiliations; p.last author information,
kohli2025,9,David Moor,1,primary,ETH Zurich,Institute of Electromagnetic Fields,Zurich,CH,paper,p.1 affiliations; p.last author information,
kohli2025,10,Andreas Messner,1,primary,ETH Zurich,Institute of Electromagnetic Fields,Zurich,CH,paper,p.1 affiliations; p.last author information,
kohli2025,11,Tatiana Buriakova,1,primary,LIGENTEC,,Ecublens,CH,paper,p.1 affiliations; p.last author information,
kohli2025,12,Clarissa Convertino,1,primary,Lumiphase,,Stäfa,CH,paper,p.1 affiliations; p.last author information,Stäfa from end-of-paper author information
kohli2025,13,Felix Eltes,1,primary,Lumiphase,,Stäfa,CH,paper,p.1 affiliations; p.last author information,Stäfa from end-of-paper author information
kohli2025,14,Yuriy Fedoryshyn,1,primary,ETH Zurich,Institute of Electromagnetic Fields,Zurich,CH,paper,p.1 affiliations; p.last author information,
kohli2025,15,Ueli Koch,1,primary,ETH Zurich,Institute of Electromagnetic Fields,Zurich,CH,paper,p.1 affiliations; p.last author information,
kohli2025,16,Juerg Leuthold,1,primary,ETH Zurich,Institute of Electromagnetic Fields,Zurich,CH,paper,p.1 affiliations; p.last author information,
larocque2024,1,Hugo Larocque,1,primary,Massachusetts Institute of Technology,Research Laboratory of Electronics,"Cambridge, MA",US,paper,p.1 affiliations,
larocque2024,2,Dashiell L. P. Vitullo,1,primary,DEVCOM Army Research Laboratory,,"Adelphi, MD",US,paper,p.1 affiliations,
larocque2024,3,Alexander Sludds,1,primary,Massachusetts Institute of Technology,Research Laboratory of Electronics,"Cambridge, MA",US,paper,p.1 affiliations,
larocque2024,4,Hamed Sattari,1,primary,CSEM,,Neuchâtel,CH,paper,p.1 affiliations,
larocque2024,5,Ian Christen,1,primary,Massachusetts Institute of Technology,Research Laboratory of Electronics,"Cambridge, MA",US,paper,p.1 affiliations,
larocque2024,6,Gregory Choong,1,primary,CSEM,,Neuchâtel,CH,paper,p.1 affiliations,
larocque2024,7,Iván Prieto,1,primary,CSEM,,Neuchâtel,CH,paper,p.1 affiliations,
larocque2024,8,Jacopo Leo,1,primary,CSEM,,Neuchâtel,CH,paper,p.1 affiliations,
larocque2024,9,Homa Zarebidaki,1,primary,CSEM,,Neuchâtel,CH,paper,p.1 affiliations,
larocque2024,10,Sanjaya Lohani,1,primary,University of Illinois Chicago,Department of Electrical and Computer Engineering,"Chicago, IL",US,paper,p.1 affiliations,
larocque2024,11,Brian T. Kirby,1,primary,DEVCOM Army Research Laboratory,,"Adelphi, MD",US,paper,p.1 affiliations,
larocque2024,11,Brian T. Kirby,2,additional,Tulane University,,"New Orleans, LA",US,paper,p.1 affiliations,
larocque2024,12,Öney Soykal,1,primary,DEVCOM Army Research Laboratory,,"Adelphi, MD",US,paper,p.1 affiliations,
larocque2024,13,Moe Soltani,1,primary,RTX BBN Technologies,,"Cambridge, MA",US,paper,p.1 affiliations,
larocque2024,14,Amir H. Ghadimi,1,primary,CSEM,,Neuchâtel,CH,paper,p.1 affiliations,
larocque2024,15,Dirk R. Englund,1,primary,Massachusetts Institute of Technology,Research Laboratory of Electronics,"Cambridge, MA",US,paper,p.1 affiliations,
larocque2024,16,Mikkel Heuck,1,primary,Technical University of Denmark,Department of Electrical and Photonics Engineering,Lyngby,DK,paper,p.1 affiliations,
lee2020,1,Brian S. Lee,1,primary,Columbia University,Department of Electrical Engineering,"New York, NY",US,paper,p.1 affiliations,
lee2020,2,Bumho Kim,1,primary,Columbia University,Department of Mechanical Engineering,"New York, NY",US,paper,p.1 affiliations,
lee2020,3,Alexandre P. Freitas,1,primary,State University of Campinas,School of Electrical and Computer Engineering,"Campinas, SP",BR,paper,p.1 affiliations,
lee2020,4,Aseema Mohanty,1,primary,Columbia University,Department of Electrical Engineering,"New York, NY",US,paper,p.1 affiliations,
lee2020,5,Yibo Zhu,1,primary,Columbia University,Department of Mechanical Engineering,"New York, NY",US,paper,p.1 affiliations,
lee2020,6,Gaurang R. Bhatt,1,primary,Columbia University,Department of Electrical Engineering,"New York, NY",US,paper,p.1 affiliations,
lee2020,7,James Hone,1,primary,Columbia University,Department of Mechanical Engineering,"New York, NY",US,paper,p.1 affiliations,
lee2020,8,Michal Lipson,1,primary,Columbia University,Department of Electrical Engineering,"New York, NY",US,paper,p.1 affiliations,
lee2020a,1,Brian S. Lee,1,primary,Columbia University,Department of Electrical Engineering,"New York, NY",US,paper,p.1 affiliations,
lee2020a,2,Alexandre P. Freitas,1,primary,State University of Campinas,School of Electrical and Computer Engineering,"Campinas, SP",BR,paper,p.1 affiliations,
lee2020a,3,Andres Gil-Molina,1,primary,Columbia University,Department of Electrical Engineering,"New York, NY",US,paper,p.1 affiliations,
lee2020a,4,Euijae Shim,1,primary,Columbia University,Department of Electrical Engineering,"New York, NY",US,paper,p.1 affiliations,
lee2020a,5,Yibo Zhu,1,primary,Columbia University,Department of Mechanical Engineering,"New York, NY",US,paper,p.1 affiliations,
lee2020a,6,James Hone,1,primary,Columbia University,Department of Mechanical Engineering,"New York, NY",US,paper,p.1 affiliations,
lee2020a,7,Michal Lipson,1,primary,Columbia University,Department of Electrical Engineering,"New York, NY",US,paper,p.1 affiliations,
lee2026,1,Chun-Ho Lee,1,primary,"University of California, Berkeley",Department of Electrical Engineering and Computer Sciences,"Berkeley, CA",US,paper,p.1 affiliations,
lee2026,1,Chun-Ho Lee,2,additional,University of Southern California,Ming Hsieh Department of Electrical and Computer Engineering,"Los Angeles, CA",US,paper,p.1 affiliations,
lee2026,2,Xinyi Ren,1,primary,"University of California, Berkeley",Department of Electrical Engineering and Computer Sciences,"Berkeley, CA",US,paper,p.1 affiliations,
lee2026,2,Xinyi Ren,2,additional,University of Southern California,Ming Hsieh Department of Electrical and Computer Engineering,"Los Angeles, CA",US,paper,p.1 affiliations,
lee2026,3,Xinzhou Su,1,primary,University of Southern California,Ming Hsieh Department of Electrical and Computer Engineering,"Los Angeles, CA",US,paper,p.1 affiliations,
lee2026,4,Wonho Lee,1,primary,Intel Corporation,"PHY research lab, Intel lab","Hillsboro, OR",US,paper,p.1 affiliations,
lee2026,5,Zile Jiang,1,primary,University of Southern California,Ming Hsieh Department of Electrical and Computer Engineering,"Los Angeles, CA",US,paper,p.1 affiliations,
lee2026,6,Yue Yu,1,primary,"University of California, Berkeley",Department of Electrical Engineering and Computer Sciences,"Berkeley, CA",US,paper,p.1 affiliations,
lee2026,6,Yue Yu,2,additional,University of Southern California,Ming Hsieh Department of Electrical and Computer Engineering,"Los Angeles, CA",US,paper,p.1 affiliations,
lee2026,6,Yue Yu,3,additional,Lawrence Berkeley National Laboratory,Materials Sciences Division,"Berkeley, CA",US,paper,p.1 affiliations,
lee2026,7,Huibin Zhou,1,primary,University of Southern California,Ming Hsieh Department of Electrical and Computer Engineering,"Los Angeles, CA",US,paper,p.1 affiliations,
lee2026,8,Yue Zuo,1,primary,University of Southern California,Ming Hsieh Department of Electrical and Computer Engineering,"Los Angeles, CA",US,paper,p.1 affiliations,
lee2026,9,Shaoyuan Ou,1,primary,University of Southern California,Ming Hsieh Department of Electrical and Computer Engineering,"Los Angeles, CA",US,paper,p.1 affiliations,
lee2026,10,Reshma Kopparapu,1,primary,"University of California, Berkeley",Department of Electrical Engineering and Computer Sciences,"Berkeley, CA",US,paper,p.1 affiliations,
lee2026,10,Reshma Kopparapu,2,additional,University of Southern California,Ming Hsieh Department of Electrical and Computer Engineering,"Los Angeles, CA",US,paper,p.1 affiliations,
lee2026,11,Adam T. Heiniger,1,primary,TOPTICA Photonics Inc.,,"Pittsford, NY",US,paper,p.1 affiliations,
lee2026,12,Moshe Tur,1,primary,Tel Aviv University,School of Electrical Engineering,Ramat Aviv,IL,paper,p.1 affiliations,
lee2026,13,Alan E. Willner,1,primary,University of Southern California,Ming Hsieh Department of Electrical and Computer Engineering,"Los Angeles, CA",US,paper,p.1 affiliations,
lee2026,14,Zaijun Chen,1,primary,"University of California, Berkeley",Department of Electrical Engineering and Computer Sciences,"Berkeley, CA",US,paper,p.1 affiliations,
lee2026,14,Zaijun Chen,2,additional,University of Southern California,Ming Hsieh Department of Electrical and Computer Engineering,"Los Angeles, CA",US,paper,p.1 affiliations,
lee2026,15,Mengjie Yu,1,primary,"University of California, Berkeley",Department of Electrical Engineering and Computer Sciences,"Berkeley, CA",US,paper,p.1 affiliations,
lee2026,15,Mengjie Yu,2,additional,University of Southern California,Ming Hsieh Department of Electrical and Computer Engineering,"Los Angeles, CA",US,paper,p.1 affiliations,
lee2026,15,Mengjie Yu,3,additional,Lawrence Berkeley National Laboratory,Materials Sciences Division,"Berkeley, CA",US,paper,p.1 affiliations,
li2020,1,Mingxiao Li,1,primary,University of Rochester,Department of Electrical and Computer Engineering,"Rochester, NY",US,paper,p.1 affiliations,
li2020,2,Jingwei Ling,1,primary,University of Rochester,Department of Electrical and Computer Engineering,"Rochester, NY",US,paper,p.1 affiliations,
li2020,3,Yang He,1,primary,University of Rochester,Department of Electrical and Computer Engineering,"Rochester, NY",US,paper,p.1 affiliations,
li2020,4,Usman A. Javid,1,primary,University of Rochester,Institute of Optics,"Rochester, NY",US,paper,p.1 affiliations,
li2020,5,Shixin Xue,1,primary,University of Rochester,Institute of Optics,"Rochester, NY",US,paper,p.1 affiliations,
li2020,6,Qiang Lin,1,primary,University of Rochester,Department of Electrical and Computer Engineering,"Rochester, NY",US,paper,p.1 affiliations,
li2020,6,Qiang Lin,2,additional,University of Rochester,Institute of Optics,"Rochester, NY",US,paper,p.1 affiliations,
li2022b,1,Chijun Li,1,primary,South China Normal University,Guangdong Provincial Key Laboratory of Optical Information Materials and Technology; South China Academy of Advanced Optoelectronics,Guangzhou,CN,paper,p.1 affiliations,
li2022b,2,Bin Chen,1,primary,Zhejiang University,State Key Laboratory for Modern Optical Instrumentation; Centre for Optical and Electromagnetic Research; Zhejiang Provincial Key Laboratory for Sensing Technologies,Hangzhou,CN,paper,p.1 affiliations,
li2022b,3,Ziliang Ruan,1,primary,Zhejiang University,State Key Laboratory for Modern Optical Instrumentation; Centre for Optical and Electromagnetic Research; Zhejiang Provincial Key Laboratory for Sensing Technologies,Hangzhou,CN,paper,p.1 affiliations,
li2022b,7,Pengxin Chen,1,primary,South China Normal University,Guangdong Provincial Key Laboratory of Optical Information Materials and Technology; South China Academy of Advanced Optoelectronics,Guangzhou,CN,paper,p.1 affiliations,
li2022b,8,Kaixuan Chen,1,primary,South China Normal University,Guangdong Provincial Key Laboratory of Optical Information Materials and Technology; South China Academy of Advanced Optoelectronics,Guangzhou,CN,paper,p.1 affiliations,
li2022b,9,Changjian Guo,1,primary,South China Normal University,Guangdong Provincial Key Laboratory of Optical Information Materials and Technology; South China Academy of Advanced Optoelectronics,Guangzhou,CN,paper,p.1 affiliations,
li2022b,10,Liu Liu,1,primary,Zhejiang University,State Key Laboratory for Modern Optical Instrumentation; Centre for Optical and Electromagnetic Research; Zhejiang Provincial Key Laboratory for Sensing Technologies,Hangzhou,CN,paper,p.1 affiliations,
li2025a,1,Chenlei Li,1,primary,Zhejiang University,State Key Laboratory for Extreme Photonics and Instrumentation; College of Optical Science and Engineering; International Research Center for Advanced Photonics,Hangzhou,CN,paper,p.1 affiliations,
li2025a,2,Jianghao He,1,primary,Zhejiang University,State Key Laboratory for Extreme Photonics and Instrumentation; College of Optical Science and Engineering; International Research Center for Advanced Photonics,Hangzhou,CN,paper,p.1 affiliations,
li2025a,3,Ming Zhang,1,primary,Zhejiang University,State Key Laboratory for Extreme Photonics and Instrumentation; College of Optical Science and Engineering; International Research Center for Advanced Photonics,Hangzhou,CN,paper,p.1 affiliations,
li2025a,4,Yeyu Tong,1,primary,The Hong Kong University of Science and Technology (Guangzhou),Microelectronics Thrust,Guangzhou,CN,paper,p.1 affiliations,
li2025a,5,Weixi Liu,1,primary,Zhejiang University,State Key Laboratory for Extreme Photonics and Instrumentation; College of Optical Science and Engineering; International Research Center for Advanced Photonics,Hangzhou,CN,paper,p.1 affiliations,
li2025a,6,Siyuan Wang,1,primary,Zhejiang University,State Key Laboratory for Extreme Photonics and Instrumentation; College of Optical Science and Engineering; International Research Center for Advanced Photonics,Hangzhou,CN,paper,p.1 affiliations,
li2025a,7,Lijia Song,1,primary,Zhejiang University,State Key Laboratory for Extreme Photonics and Instrumentation; College of Optical Science and Engineering; International Research Center for Advanced Photonics,Hangzhou,CN,paper,p.1 affiliations,
li2025a,8,Hongxuan Liu,1,primary,Zhejiang University,State Key Laboratory for Extreme Photonics and Instrumentation; College of Optical Science and Engineering; International Research Center for Advanced Photonics,Hangzhou,CN,paper,p.1 affiliations,
li2025a,9,Hengzhen Cao,1,primary,Zhejiang University,State Key Laboratory for Extreme Photonics and Instrumentation; College of Optical Science and Engineering; International Research Center for Advanced Photonics,Hangzhou,CN,paper,p.1 affiliations,
li2025a,10,Liu Liu,1,primary,Zhejiang University,State Key Laboratory for Extreme Photonics and Instrumentation; College of Optical Science and Engineering; International Research Center for Advanced Photonics,Hangzhou,CN,paper,p.1 affiliations,
li2025a,10,Liu Liu,2,additional,Zhejiang University,Jiaxing Key Laboratory of Photonic Sensing & Intelligent Imaging; Intelligent Optics & Photonics Research Center; Jiaxing Research Institute,Jiaxing,CN,paper,p.1 affiliations,"Jiaxing Research Institute is a ZJU unit, not its own org row"
li2025a,11,Yaocheng Shi,1,primary,Zhejiang University,State Key Laboratory for Extreme Photonics and Instrumentation; College of Optical Science and Engineering; International Research Center for Advanced Photonics,Hangzhou,CN,paper,p.1 affiliations,
li2025a,11,Yaocheng Shi,2,additional,Zhejiang University,Jiaxing Key Laboratory of Photonic Sensing & Intelligent Imaging; Intelligent Optics & Photonics Research Center; Jiaxing Research Institute,Jiaxing,CN,paper,p.1 affiliations,"Jiaxing Research Institute is a ZJU unit, not its own org row"
li2025a,12,Daoxin Dai,1,primary,Zhejiang University,State Key Laboratory for Extreme Photonics and Instrumentation; College of Optical Science and Engineering; International Research Center for Advanced Photonics,Hangzhou,CN,paper,p.1 affiliations,
li2025a,12,Daoxin Dai,2,additional,Zhejiang University,Jiaxing Key Laboratory of Photonic Sensing & Intelligent Imaging; Intelligent Optics & Photonics Research Center; Jiaxing Research Institute,Jiaxing,CN,paper,p.1 affiliations,"Jiaxing Research Institute is a ZJU unit, not its own org row"
li2025b,1,Haoyang Li,1,primary,University of Bristol,Quantum Engineering Technology Labs; Department of Electrical and Electronic Engineering,Bristol,GB,paper,p.1 affiliations,
li2025b,2,Robert Thomas,1,primary,University of Bristol,Quantum Engineering Technology Labs; Department of Electrical and Electronic Engineering,Bristol,GB,paper,p.1 affiliations,
li2025b,3,Pisu Jiang,1,primary,University of Bristol,Quantum Engineering Technology Labs; Department of Electrical and Electronic Engineering,Bristol,GB,paper,p.1 affiliations,
li2025b,4,Krishna C. Balram,1,primary,University of Bristol,Quantum Engineering Technology Labs; Department of Electrical and Electronic Engineering,Bristol,GB,paper,p.1 affiliations,
li2026,1,Zihan Li,1,primary,EPFL,Institute of Physics,Lausanne,CH,paper,p.1 affiliations,
li2026,1,Zihan Li,2,additional,EPFL,Institute of Electrical and Micro Engineering (IEM),Lausanne,CH,paper,p.1 affiliations,
li2026,2,Alexander Kotz,1,primary,Karlsruhe Institute of Technology,Institute of Photonics and Quantum Electronics (IPQ),Karlsruhe,DE,paper,p.1 affiliations,
li2026,3,Adrian Schwarzenberger,1,primary,Karlsruhe Institute of Technology,Institute of Photonics and Quantum Electronics (IPQ),Karlsruhe,DE,paper,p.1 affiliations,
li2026,4,Christian Koos,1,primary,Karlsruhe Institute of Technology,Institute of Photonics and Quantum Electronics (IPQ),Karlsruhe,DE,paper,p.1 affiliations,
li2026,5,Tobias J. Kippenberg,1,primary,EPFL,Institute of Physics,Lausanne,CH,paper,p.1 affiliations,
li2026,5,Tobias J. Kippenberg,2,additional,EPFL,Institute of Electrical and Micro Engineering (IEM),Lausanne,CH,paper,p.1 affiliations,
li2026aa,1,Qiyuan Li,1,primary,Huazhong University of Science and Technology,Wuhan National Laboratory for Optoelectronics; School of Optical and Electronic Information,Wuhan,CN,paper,p.1 affiliations,"marker 7 is equal contribution, not affiliation"
li2026aa,2,Qiyuan Yi,1,primary,Huazhong University of Science and Technology,Wuhan National Laboratory for Optoelectronics; School of Optical and Electronic Information,Wuhan,CN,paper,p.1 affiliations,
li2026aa,3,Aolong Sun,1,primary,Fudan University,Key Laboratory for Information Science of Electromagnetic Waves (MOE); Department of Communication Science and Engineering,Shanghai,CN,paper,p.1 affiliations,
li2026aa,4,Chenglin Shang,1,primary,Huazhong University of Science and Technology,Wuhan National Laboratory for Optoelectronics; School of Optical and Electronic Information,Wuhan,CN,paper,p.1 affiliations,
li2026aa,5,Yiqi Dai,1,primary,Huazhong University of Science and Technology,Wuhan National Laboratory for Optoelectronics; School of Optical and Electronic Information,Wuhan,CN,paper,p.1 affiliations,
li2026aa,6,Sizhe Xing,1,primary,Fudan University,Key Laboratory for Information Science of Electromagnetic Waves (MOE); Department of Communication Science and Engineering,Shanghai,CN,paper,p.1 affiliations,
li2026aa,7,Jinlai Cui,1,primary,"Institute of Semiconductors, Chinese Academy of Sciences",State Key Laboratory of Optoelectronic Materials and Devices,Beijing,CN,paper,p.1 affiliations,
li2026aa,8,Yupeng Zhu,1,primary,"Institute of Semiconductors, Chinese Academy of Sciences",State Key Laboratory of Optoelectronic Materials and Devices,Beijing,CN,paper,p.1 affiliations,
li2026aa,9,Jiayi Li,1,primary,"Institute of Semiconductors, Chinese Academy of Sciences",State Key Laboratory of Optoelectronic Materials and Devices,Beijing,CN,paper,p.1 affiliations,
li2026aa,10,Jun Zheng,1,primary,"Institute of Semiconductors, Chinese Academy of Sciences",State Key Laboratory of Optoelectronic Materials and Devices,Beijing,CN,paper,p.1 affiliations,
li2026aa,11,Junwen Zhang,1,primary,Fudan University,Key Laboratory for Information Science of Electromagnetic Waves (MOE); Department of Communication Science and Engineering,Shanghai,CN,paper,p.1 affiliations,
li2026aa,12,Nan Chi,1,primary,Fudan University,Key Laboratory for Information Science of Electromagnetic Waves (MOE); Department of Communication Science and Engineering,Shanghai,CN,paper,p.1 affiliations,
li2026aa,13,An Pan,1,primary,Huazhong University of Science and Technology,Wuhan National Laboratory for Optoelectronics; School of Optical and Electronic Information,Wuhan,CN,paper,p.1 affiliations,
li2026aa,13,An Pan,2,additional,Wuhan ANPI Optoelectronics Company Ltd,,Wuhan,CN,paper,p.1 affiliations,
li2026aa,14,Cheng Zeng,1,primary,Huazhong University of Science and Technology,Wuhan National Laboratory for Optoelectronics; School of Optical and Electronic Information,Wuhan,CN,paper,p.1 affiliations,
li2026aa,15,Jinsong Xia,1,primary,Huazhong University of Science and Technology,Wuhan National Laboratory for Optoelectronics; School of Optical and Electronic Information,Wuhan,CN,paper,p.1 affiliations,
li2026aa,16,Shuang Zheng,1,primary,Huazhong University of Science and Technology,Wuhan National Laboratory for Optoelectronics; School of Optical and Electronic Information,Wuhan,CN,paper,p.1 affiliations,
li2026aa,16,Shuang Zheng,2,additional,Optics Valley Laboratory,,Wuhan,CN,paper,p.1 affiliations,
li2026aa,17,Li Shen,1,primary,Huazhong University of Science and Technology,Wuhan National Laboratory for Optoelectronics; School of Optical and Electronic Information,Wuhan,CN,paper,p.1 affiliations,
li2026aa,17,Li Shen,2,additional,Optics Valley Laboratory,,Wuhan,CN,paper,p.1 affiliations,
li2026aa,17,Li Shen,3,additional,Hubei Optical Fundamental Research Center,,Wuhan,CN,paper,p.1 affiliations,
li2026aa,18,Minming Zhang,1,primary,Huazhong University of Science and Technology,Wuhan National Laboratory for Optoelectronics; School of Optical and Electronic Information,Wuhan,CN,paper,p.1 affiliations,
li2026aa,18,Minming Zhang,2,additional,Optics Valley Laboratory,,Wuhan,CN,paper,p.1 affiliations,
li2026ba,1,Zihan Li,1,primary,EPFL,Institute of Physics,Lausanne,CH,paper,p.1 affiliations,
li2026ba,1,Zihan Li,2,additional,EPFL,Institute of Electrical and Micro Engineering (IEM),Lausanne,CH,paper,p.1 affiliations,
li2026ba,2,Alexander Kotz,1,primary,Karlsruhe Institute of Technology,Institute of Photonics and Quantum Electronics (IPQ),Karlsruhe,DE,paper,p.1 affiliations,
li2026ba,3,Adrian Schwarzenberger,1,primary,Karlsruhe Institute of Technology,Institute of Photonics and Quantum Electronics (IPQ),Karlsruhe,DE,paper,p.1 affiliations,
li2026ba,4,Christian Koos,1,primary,Karlsruhe Institute of Technology,Institute of Photonics and Quantum Electronics (IPQ),Karlsruhe,DE,paper,p.1 affiliations,
li2026ba,5,Tobias J. Kippenberg,1,primary,EPFL,Institute of Physics,Lausanne,CH,paper,p.1 affiliations,
li2026ba,5,Tobias J. Kippenberg,2,additional,EPFL,Institute of Electrical and Micro Engineering (IEM),Lausanne,CH,paper,p.1 affiliations,
lin2025,1,Mengxin Lin,1,primary,EPFL,Institute of Physics,Lausanne,CH,paper,p.2 affiliations,
lin2025,1,Mengxin Lin,2,additional,EPFL,Institute of Electrical and Micro Engineering (IEM),Lausanne,CH,paper,p.2 affiliations,
lin2025,2,Zihan Li,1,primary,EPFL,Institute of Physics,Lausanne,CH,paper,p.2 affiliations,
lin2025,2,Zihan Li,2,additional,EPFL,Institute of Electrical and Micro Engineering (IEM),Lausanne,CH,paper,p.2 affiliations,
lin2025,3,Alexander Kotz,1,primary,Karlsruhe Institute of Technology,Institute of Photonics and Quantum Electronics (IPQ),Karlsruhe,DE,paper,p.2 affiliations,
lin2025,4,Hugo Larocque,1,primary,EPFL,Institute of Physics,Lausanne,CH,paper,p.2 affiliations,
lin2025,4,Hugo Larocque,2,additional,EPFL,Institute of Electrical and Micro Engineering (IEM),Lausanne,CH,paper,p.2 affiliations,
lin2025,5,Nikolai Kuznetsov,1,primary,EPFL,Institute of Physics,Lausanne,CH,paper,p.2 affiliations,
lin2025,5,Nikolai Kuznetsov,2,additional,EPFL,Institute of Electrical and Micro Engineering (IEM),Lausanne,CH,paper,p.2 affiliations,
lin2025,6,Jiale Sun,1,primary,EPFL,Institute of Physics,Lausanne,CH,paper,p.2 affiliations,
lin2025,6,Jiale Sun,2,additional,EPFL,Institute of Electrical and Micro Engineering (IEM),Lausanne,CH,paper,p.2 affiliations,
lin2025,7,Yichi Zhang,1,primary,EPFL,Institute of Physics,Lausanne,CH,paper,p.2 affiliations,
lin2025,7,Yichi Zhang,2,additional,EPFL,Institute of Electrical and Micro Engineering (IEM),Lausanne,CH,paper,p.2 affiliations,
lin2025,8,Shuhang Zheng,1,primary,EPFL,Institute of Physics,Lausanne,CH,paper,p.2 affiliations,
lin2025,8,Shuhang Zheng,2,additional,EPFL,Institute of Electrical and Micro Engineering (IEM),Lausanne,CH,paper,p.2 affiliations,
lin2025,9,Johann Riemensberger,1,primary,EPFL,Institute of Physics,Lausanne,CH,paper,p.2 affiliations,
lin2025,9,Johann Riemensberger,2,additional,EPFL,Institute of Electrical and Micro Engineering (IEM),Lausanne,CH,paper,p.2 affiliations,
lin2025,10,Christian Koos,1,primary,Karlsruhe Institute of Technology,Institute of Photonics and Quantum Electronics (IPQ),Karlsruhe,DE,paper,p.2 affiliations,
lin2025,11,Tobias J. Kippenberg,1,primary,EPFL,Institute of Physics,Lausanne,CH,paper,p.2 affiliations,
lin2025,11,Tobias J. Kippenberg,2,additional,EPFL,Institute of Electrical and Micro Engineering (IEM),Lausanne,CH,paper,p.2 affiliations,
lin2025a,1,Hong-Lin Lin,1,primary,National University of Singapore,Department of Electrical and Computer Engineering,Singapore,SG,paper,p.1 affiliations,
lin2025a,2,Pragati Aashna,1,primary,National University of Singapore,Department of Electrical and Computer Engineering,Singapore,SG,paper,p.1 affiliations,
lin2025a,3,Yu Cao,1,primary,National University of Singapore,Department of Electrical and Computer Engineering,Singapore,SG,paper,p.1 affiliations,
lin2025a,4,Aaron Danner,1,primary,National University of Singapore,Department of Electrical and Computer Engineering,Singapore,SG,paper,p.1 affiliations,
lin2026a,1,Chupao Lin,1,primary,Ghent University,"Photonics Research Group, Department of Information Technology (INTEC)",Ghent,BE,paper,p.1 affiliations,joint string 'Ghent University - imec' mapped to Ghent University only; no separate imec row
lin2026a,2,Patrick Nenezic,1,primary,Ghent University,"Photonics Research Group, Department of Information Technology (INTEC)",Ghent,BE,paper,p.1 affiliations,joint string 'Ghent University - imec' mapped to Ghent University only; no separate imec row
lin2026a,3,Arno Moerman,1,primary,Ghent University,"Department of Information Technology (INTEC), IDLab",Ghent,BE,paper,p.1 affiliations,joint string 'Ghent University-imec' mapped to Ghent University only; no separate imec row
lin2026a,4,Konstantinos Akritidis,1,primary,Ghent University,"Photonics Research Group, Department of Information Technology (INTEC)",Ghent,BE,paper,p.1 affiliations,joint string 'Ghent University - imec' mapped to Ghent University only; no separate imec row
lin2026a,5,Tom Vanackere,1,primary,Ghent University,"Photonics Research Group, Department of Information Technology (INTEC)",Ghent,BE,paper,p.1 affiliations,joint string 'Ghent University - imec' mapped to Ghent University only; no separate imec row
lin2026a,6,Simone Atzeni,1,primary,Ghent University,"Photonics Research Group, Department of Information Technology (INTEC)",Ghent,BE,paper,p.1 affiliations,joint string 'Ghent University - imec' mapped to Ghent University only; no separate imec row
lin2026a,7,Margot Niels,1,primary,Ghent University,"Photonics Research Group, Department of Information Technology (INTEC)",Ghent,BE,paper,p.1 affiliations,joint string 'Ghent University - imec' mapped to Ghent University only; no separate imec row
lin2026a,8,He Li,1,primary,Ghent University,"Photonics Research Group, Department of Information Technology (INTEC)",Ghent,BE,paper,p.1 affiliations,joint string 'Ghent University - imec' mapped to Ghent University only; no separate imec row
lin2026a,9,Valeria Bonito Oliva,1,primary,Ghent University,"Photonics Research Group, Department of Information Technology (INTEC)",Ghent,BE,paper,p.1 affiliations,joint string 'Ghent University - imec' mapped to Ghent University only; no separate imec row
lin2026a,10,Maximilien Billet,1,primary,Ghent University,"Photonics Research Group, Department of Information Technology (INTEC)",Ghent,BE,paper,p.1 affiliations,joint string 'Ghent University - imec' mapped to Ghent University only; no separate imec row
lin2026a,11,Bart Kuyken,1,primary,Ghent University,"Photonics Research Group, Department of Information Technology (INTEC)",Ghent,BE,paper,p.1 affiliations,joint string 'Ghent University - imec' mapped to Ghent University only; no separate imec row
liu2021,1,Xuecheng Liu,1,primary,Tsinghua University,"Beijing National Research Center for Information Science and Technology (BNRist), Department of Electronic Engineering",Beijing,CN,paper,p.1 affiliations,
liu2021,2,Bing Xiong,1,primary,Tsinghua University,"Beijing National Research Center for Information Science and Technology (BNRist), Department of Electronic Engineering",Beijing,CN,paper,p.1 affiliations,
liu2021,3,Changzheng Sun,1,primary,Tsinghua University,"Beijing National Research Center for Information Science and Technology (BNRist), Department of Electronic Engineering",Beijing,CN,paper,p.1 affiliations,
liu2021,4,Jian Wang,1,primary,Tsinghua University,"Beijing National Research Center for Information Science and Technology (BNRist), Department of Electronic Engineering",Beijing,CN,paper,p.1 affiliations,
liu2021,5,Zhibiao Hao,1,primary,Tsinghua University,"Beijing National Research Center for Information Science and Technology (BNRist), Department of Electronic Engineering",Beijing,CN,paper,p.1 affiliations,
liu2021,6,Lai Wang,1,primary,Tsinghua University,"Beijing National Research Center for Information Science and Technology (BNRist), Department of Electronic Engineering",Beijing,CN,paper,p.1 affiliations,
liu2021,7,Yanjun Han,1,primary,Tsinghua University,"Beijing National Research Center for Information Science and Technology (BNRist), Department of Electronic Engineering",Beijing,CN,paper,p.1 affiliations,
liu2021,8,Hongtao Li,1,primary,Tsinghua University,"Beijing National Research Center for Information Science and Technology (BNRist), Department of Electronic Engineering",Beijing,CN,paper,p.1 affiliations,
liu2021,9,Jiadong Yu,1,primary,Tsinghua University,"Beijing National Research Center for Information Science and Technology (BNRist), Department of Electronic Engineering",Beijing,CN,paper,p.1 affiliations,
liu2021,10,Yi Luo,1,primary,Tsinghua University,"Beijing National Research Center for Information Science and Technology (BNRist), Department of Electronic Engineering",Beijing,CN,paper,p.1 affiliations,
liu2023,1,Hongxuan Liu,1,primary,Zhejiang University,"State Key Laboratory for Modern Optical Instrumentation, Center for Optical & Electromagnetic Research, College of Optical Science and Engineering, International Research Center for Advanced Photonics",Hangzhou,CN,paper,p.1 byline markers 1-2; p.8 author details 3-4,
liu2023,2,Bingcheng Pan,1,primary,Zhejiang University,"State Key Laboratory for Modern Optical Instrumentation, Center for Optical & Electromagnetic Research, College of Optical Science and Engineering, International Research Center for Advanced Photonics",Hangzhou,CN,paper,p.1 byline markers 1-2; p.8 author details 3-4,
liu2023,3,Yishu Huang,1,primary,Zhejiang University,"State Key Laboratory for Modern Optical Instrumentation, Center for Optical & Electromagnetic Research, College of Optical Science and Engineering, International Research Center for Advanced Photonics",Hangzhou,CN,paper,p.1 byline markers 1-2; p.8 author details 3-4,
liu2023,4,Jianghao He,1,primary,Zhejiang University,"State Key Laboratory for Modern Optical Instrumentation, Center for Optical & Electromagnetic Research, College of Optical Science and Engineering, International Research Center for Advanced Photonics",Hangzhou,CN,paper,p.1 byline markers 1-2; p.8 author details 3-4,
liu2023,5,Ming Zhang,1,primary,Zhejiang University,"State Key Laboratory for Modern Optical Instrumentation, Center for Optical & Electromagnetic Research, College of Optical Science and Engineering, International Research Center for Advanced Photonics",Hangzhou,CN,paper,p.1 byline markers 1-2; p.8 author details 3-4,
liu2023,5,Ming Zhang,2,additional,Zhejiang University,Ningbo Research Institute,Ningbo,CN,paper,p.1 byline markers 1-2; p.8 author details 3-4,
liu2023,6,Zejie Yu,1,primary,Zhejiang University,"State Key Laboratory for Modern Optical Instrumentation, Center for Optical & Electromagnetic Research, College of Optical Science and Engineering, International Research Center for Advanced Photonics",Hangzhou,CN,paper,p.1 byline markers 1-2; p.8 author details 3-4,
liu2023,6,Zejie Yu,2,additional,Jiaxing Key Laboratory of Photonic Sensing & Intelligent Imaging,,Jiaxing,CN,paper,p.1 byline markers 1-2; p.8 author details 3-4,
liu2023,6,Zejie Yu,3,additional,Zhejiang University,"Intelligent Optics & Photonics Research Center, Jiaxing Research Institute",Jiaxing,CN,paper,p.1 byline markers 1-2; p.8 author details 3-4,
liu2023,7,Liu Liu,1,primary,Zhejiang University,"State Key Laboratory for Modern Optical Instrumentation, Center for Optical & Electromagnetic Research, College of Optical Science and Engineering, International Research Center for Advanced Photonics",Hangzhou,CN,paper,p.1 byline markers 1-2; p.8 author details 3-4,
liu2023,7,Liu Liu,2,additional,Jiaxing Key Laboratory of Photonic Sensing & Intelligent Imaging,,Jiaxing,CN,paper,p.1 byline markers 1-2; p.8 author details 3-4,
liu2023,7,Liu Liu,3,additional,Zhejiang University,"Intelligent Optics & Photonics Research Center, Jiaxing Research Institute",Jiaxing,CN,paper,p.1 byline markers 1-2; p.8 author details 3-4,
liu2023,8,Yaocheng Shi,1,primary,Zhejiang University,"State Key Laboratory for Modern Optical Instrumentation, Center for Optical & Electromagnetic Research, College of Optical Science and Engineering, International Research Center for Advanced Photonics",Hangzhou,CN,paper,p.1 byline markers 1-2; p.8 author details 3-4,
liu2023,8,Yaocheng Shi,2,additional,Zhejiang University,Ningbo Research Institute,Ningbo,CN,paper,p.1 byline markers 1-2; p.8 author details 3-4,
liu2023,8,Yaocheng Shi,3,additional,Jiaxing Key Laboratory of Photonic Sensing & Intelligent Imaging,,Jiaxing,CN,paper,p.1 byline markers 1-2; p.8 author details 3-4,
liu2023,8,Yaocheng Shi,4,additional,Zhejiang University,"Intelligent Optics & Photonics Research Center, Jiaxing Research Institute",Jiaxing,CN,paper,p.1 byline markers 1-2; p.8 author details 3-4,
liu2023,9,Daoxin Dai,1,primary,Zhejiang University,"State Key Laboratory for Modern Optical Instrumentation, Center for Optical & Electromagnetic Research, College of Optical Science and Engineering, International Research Center for Advanced Photonics",Hangzhou,CN,paper,p.1 byline markers 1-2; p.8 author details 3-4,
liu2023,9,Daoxin Dai,2,additional,Zhejiang University,Ningbo Research Institute,Ningbo,CN,paper,p.1 byline markers 1-2; p.8 author details 3-4,
liu2023,9,Daoxin Dai,3,additional,Jiaxing Key Laboratory of Photonic Sensing & Intelligent Imaging,,Jiaxing,CN,paper,p.1 byline markers 1-2; p.8 author details 3-4,
liu2023,9,Daoxin Dai,4,additional,Zhejiang University,"Intelligent Optics & Photonics Research Center, Jiaxing Research Institute",Jiaxing,CN,paper,p.1 byline markers 1-2; p.8 author details 3-4,
liu2025,1,Hao Liu,1,primary,Tsinghua University,Department of Electronic Engineering,Beijing,CN,paper,p.1 affiliations,
liu2025,2,Yutong He,1,primary,Tsinghua University,Department of Electronic Engineering,Beijing,CN,paper,p.1 affiliations,
liu2025,3,Bing Xiong,1,primary,Tsinghua University,Department of Electronic Engineering,Beijing,CN,paper,p.1 affiliations,
liu2025,4,Changzheng Sun,1,primary,Tsinghua University,Department of Electronic Engineering,Beijing,CN,paper,p.1 affiliations,
liu2025,5,Zhibiao Hao,1,primary,Tsinghua University,Department of Electronic Engineering,Beijing,CN,paper,p.1 affiliations,
liu2025,6,Lai Wang,1,primary,Tsinghua University,Department of Electronic Engineering,Beijing,CN,paper,p.1 affiliations,
liu2025,7,Jian Wang,1,primary,Tsinghua University,Department of Electronic Engineering,Beijing,CN,paper,p.1 affiliations,
liu2025,8,Yanjun Han,1,primary,Tsinghua University,Department of Electronic Engineering,Beijing,CN,paper,p.1 affiliations,
liu2025,9,Hongtao Li,1,primary,Tsinghua University,Department of Electronic Engineering,Beijing,CN,paper,p.1 affiliations,
liu2025,10,Lin Gan,1,primary,Tsinghua University,Department of Electronic Engineering,Beijing,CN,paper,p.1 affiliations,
liu2025,11,Yi Luo,1,primary,Tsinghua University,Department of Electronic Engineering,Beijing,CN,paper,p.1 affiliations,
liu2025b,1,Yang Liu,1,primary,National Information Optoelectronics Innovation Center,,Wuhan,CN,paper,p.1 affiliations,
liu2025b,2,Zihan Zhou,1,primary,National Information Optoelectronics Innovation Center,,Wuhan,CN,paper,p.1 affiliations,
liu2025b,3,Peiqi Zhou,1,primary,National Information Optoelectronics Innovation Center,,Wuhan,CN,paper,p.1 affiliations,
liu2025b,4,Changqing Wang,1,primary,National Information Optoelectronics Innovation Center,,Wuhan,CN,paper,p.1 affiliations,
liu2025b,5,Qiansheng Wang,1,primary,National Information Optoelectronics Innovation Center,,Wuhan,CN,paper,p.1 affiliations,
liu2025b,6,Ye Liu,1,primary,National Information Optoelectronics Innovation Center,,Wuhan,CN,paper,p.1 affiliations,
liu2025b,7,Dong Wang,1,primary,National Information Optoelectronics Innovation Center,,Wuhan,CN,paper,p.1 affiliations,
liu2025b,8,Daigao Chen,1,primary,National Information Optoelectronics Innovation Center,,Wuhan,CN,paper,p.1 affiliations,
liu2025b,9,Lei Wang,1,primary,Peng Cheng Laboratory,,Shenzhen,CN,paper,p.1 affiliations,
liu2025b,10,Xi Xiao,1,primary,National Information Optoelectronics Innovation Center,,Wuhan,CN,paper,p.1 affiliations,
liu2025b,10,Xi Xiao,2,additional,Peng Cheng Laboratory,,Shenzhen,CN,paper,p.1 affiliations,
liu2025c,1,Jikun Liu,1,primary,Nankai University,"Key Laboratory of Weak-Light Nonlinear Photonics, Ministry of Education, School of Physics and TEDA Applied Physics Institute",Tianjin,CN,paper,p.1 affiliations,
liu2025c,2,Weiye Liu,1,primary,Nankai University,"Key Laboratory of Weak-Light Nonlinear Photonics, Ministry of Education, School of Physics and TEDA Applied Physics Institute",Tianjin,CN,paper,p.1 affiliations,
liu2025c,3,Wei Wu,1,primary,Nankai University,"Key Laboratory of Weak-Light Nonlinear Photonics, Ministry of Education, School of Physics and TEDA Applied Physics Institute",Tianjin,CN,paper,p.1 affiliations,
liu2025c,4,Ziang Guo,1,primary,Nankai University,"Key Laboratory of Weak-Light Nonlinear Photonics, Ministry of Education, School of Physics and TEDA Applied Physics Institute",Tianjin,CN,paper,p.1 affiliations,
liu2025c,5,Changrui Zhu,1,primary,Nankai University,"Key Laboratory of Weak-Light Nonlinear Photonics, Ministry of Education, School of Physics and TEDA Applied Physics Institute",Tianjin,CN,paper,p.1 affiliations,
liu2025c,6,Lun Qu,1,primary,Nankai University,"Key Laboratory of Weak-Light Nonlinear Photonics, Ministry of Education, School of Physics and TEDA Applied Physics Institute",Tianjin,CN,paper,p.1 affiliations,
liu2025c,7,Pengfei Zhu,1,primary,Nankai University,"Key Laboratory of Weak-Light Nonlinear Photonics, Ministry of Education, School of Physics and TEDA Applied Physics Institute",Tianjin,CN,paper,p.1 affiliations,
liu2025c,8,Yiting Zhang,1,primary,Nankai University,"Key Laboratory of Weak-Light Nonlinear Photonics, Ministry of Education, School of Physics and TEDA Applied Physics Institute",Tianjin,CN,paper,p.1 affiliations,
liu2025c,9,Zhihao Chen,1,primary,Nankai University,"Key Laboratory of Weak-Light Nonlinear Photonics, Ministry of Education, School of Physics and TEDA Applied Physics Institute",Tianjin,CN,paper,p.1 affiliations,
liu2025c,10,Qinglian Li,1,primary,Nankai University,"Key Laboratory of Weak-Light Nonlinear Photonics, Ministry of Education, School of Physics and TEDA Applied Physics Institute",Tianjin,CN,paper,p.1 affiliations,
liu2025c,11,Dahuai Zheng,1,primary,Nankai University,"Key Laboratory of Weak-Light Nonlinear Photonics, Ministry of Education, School of Physics and TEDA Applied Physics Institute",Tianjin,CN,paper,p.1 affiliations,
liu2025c,12,Hongde Liu,1,primary,Nankai University,"Key Laboratory of Weak-Light Nonlinear Photonics, Ministry of Education, School of Physics and TEDA Applied Physics Institute",Tianjin,CN,paper,p.1 affiliations,
liu2025c,13,Shaowei Wang,1,primary,East China Normal University,State Key Laboratory of Precision Spectroscopy,Shanghai,CN,paper,p.1 affiliations,
liu2025c,14,Wei Cai,1,primary,Nankai University,"Key Laboratory of Weak-Light Nonlinear Photonics, Ministry of Education, School of Physics and TEDA Applied Physics Institute",Tianjin,CN,paper,p.1 affiliations,
liu2025c,15,Mengxin Ren,1,primary,Nankai University,"Key Laboratory of Weak-Light Nonlinear Photonics, Ministry of Education, School of Physics and TEDA Applied Physics Institute",Tianjin,CN,paper,p.1 affiliations,
liu2025c,15,Mengxin Ren,2,additional,Nankai University,Academy for Advanced Interdisciplinary Studies,Tianjin,CN,paper,p.1 affiliations,
liu2025c,15,Mengxin Ren,3,additional,Shanxi University,Collaborative Innovation Center of Extreme Optics,"Taiyuan, Shanxi",CN,paper,p.1 affiliations,
liu2025c,16,Jingjun Xu,1,primary,Nankai University,"Key Laboratory of Weak-Light Nonlinear Photonics, Ministry of Education, School of Physics and TEDA Applied Physics Institute",Tianjin,CN,paper,p.1 affiliations,
liu2026b,1,Qian Liu,1,primary,Xi'an Institute of Optics and Precision Mechanics,State Key Laboratory of Ultrafast Optical Science and Technology,Xi'an,CN,paper,p.1 affiliations,
liu2026b,1,Qian Liu,2,additional,University of Chinese Academy of Sciences,School of Future Technology,Beijing,CN,paper,p.1 affiliations,
liu2026b,2,Chao Cheng,1,primary,Xi'an Institute of Optics and Precision Mechanics,State Key Laboratory of Ultrafast Optical Science and Technology,Xi'an,CN,paper,p.1 affiliations,
liu2026b,2,Chao Cheng,2,additional,University of Chinese Academy of Sciences,School of Future Technology,Beijing,CN,paper,p.1 affiliations,
liu2026b,3,Yangming Ren,1,primary,Xi'an Institute of Optics and Precision Mechanics,State Key Laboratory of Ultrafast Optical Science and Technology,Xi'an,CN,paper,p.1 affiliations,
liu2026b,4,Xinyu Li,1,primary,Xi'an Institute of Optics and Precision Mechanics,State Key Laboratory of Ultrafast Optical Science and Technology,Xi'an,CN,paper,p.1 affiliations,
liu2026b,5,Wenfu Zhang,1,primary,Xi'an Institute of Optics and Precision Mechanics,State Key Laboratory of Ultrafast Optical Science and Technology,Xi'an,CN,paper,p.1 affiliations,
liu2026b,5,Wenfu Zhang,2,additional,University of Chinese Academy of Sciences,School of Future Technology,Beijing,CN,paper,p.1 affiliations,
liu2026b,6,Binhao Wang,1,primary,Xi'an Institute of Optics and Precision Mechanics,State Key Laboratory of Ultrafast Optical Science and Technology,Xi'an,CN,paper,p.1 affiliations,
liu2026b,6,Binhao Wang,2,additional,University of Chinese Academy of Sciences,School of Future Technology,Beijing,CN,paper,p.1 affiliations,
lotkov2024,1,Evgeniy S. Lotkov,1,primary,Bauman Moscow State Technical University,FMN Laboratory,Moscow,RU,paper,p.1 affiliations,
lotkov2024,1,Evgeniy S. Lotkov,2,additional,Dukhov Automatics Research Institute,,Moscow,RU,paper,p.1 affiliations,
lotkov2024,2,Alexander S. Baburin,1,primary,Bauman Moscow State Technical University,FMN Laboratory,Moscow,RU,paper,p.1 affiliations,
lotkov2024,2,Alexander S. Baburin,2,additional,Dukhov Automatics Research Institute,,Moscow,RU,paper,p.1 affiliations,
lotkov2024,3,Ali S. Amiraslanov,1,primary,Bauman Moscow State Technical University,FMN Laboratory,Moscow,RU,paper,p.1 affiliations,
lotkov2024,4,Evgeniy Chubchev,1,primary,Dukhov Automatics Research Institute,,Moscow,RU,paper,p.1 affiliations,
lotkov2024,5,Alexander Dorofeenko,1,primary,Dukhov Automatics Research Institute,,Moscow,RU,paper,p.1 affiliations,
lotkov2024,5,Alexander Dorofeenko,2,additional,Institute for Theoretical and Applied Electromagnetics of the Russian Academy of Sciences,,Moscow,RU,paper,p.1 affiliations,
lotkov2024,6,Evgeniy Andrianov,1,primary,Dukhov Automatics Research Institute,,Moscow,RU,paper,p.1 affiliations,
lotkov2024,6,Evgeniy Andrianov,2,additional,Institute for Theoretical and Applied Electromagnetics of the Russian Academy of Sciences,,Moscow,RU,paper,p.1 affiliations,
lotkov2024,7,Ilya A. Ryzhikov,1,primary,Dukhov Automatics Research Institute,,Moscow,RU,paper,p.1 affiliations,
lotkov2024,7,Ilya A. Ryzhikov,2,additional,Institute for Theoretical and Applied Electromagnetics of the Russian Academy of Sciences,,Moscow,RU,paper,p.1 affiliations,
lotkov2024,8,Evgeny S. Sergeev,1,primary,Bauman Moscow State Technical University,FMN Laboratory,Moscow,RU,paper,p.1 affiliations,
lotkov2024,8,Evgeny S. Sergeev,2,additional,Dukhov Automatics Research Institute,,Moscow,RU,paper,p.1 affiliations,
lotkov2024,9,Kirill Buzaverov,1,primary,Bauman Moscow State Technical University,FMN Laboratory,Moscow,RU,paper,p.1 affiliations,
lotkov2024,9,Kirill Buzaverov,2,additional,Dukhov Automatics Research Institute,,Moscow,RU,paper,p.1 affiliations,
lotkov2024,10,Sergei S. Avdeev,1,primary,Bauman Moscow State Technical University,FMN Laboratory,Moscow,RU,paper,p.1 affiliations,
lotkov2024,10,Sergei S. Avdeev,2,additional,Dukhov Automatics Research Institute,,Moscow,RU,paper,p.1 affiliations,
lotkov2024,11,Alex Kramarenko,1,primary,Bauman Moscow State Technical University,FMN Laboratory,Moscow,RU,paper,p.1 affiliations,
lotkov2024,11,Alex Kramarenko,2,additional,Dukhov Automatics Research Institute,,Moscow,RU,paper,p.1 affiliations,
lotkov2024,12,Sergei Bukatin,1,primary,Bauman Moscow State Technical University,FMN Laboratory,Moscow,RU,paper,p.1 affiliations,
lotkov2024,12,Sergei Bukatin,2,additional,Dukhov Automatics Research Institute,,Moscow,RU,paper,p.1 affiliations,
lotkov2024,13,Victor I. Polozov,1,primary,Dukhov Automatics Research Institute,,Moscow,RU,paper,p.1 affiliations,
lotkov2024,13,Victor I. Polozov,2,additional,Institute for Theoretical and Applied Electromagnetics of the Russian Academy of Sciences,,Moscow,RU,paper,p.1 affiliations,
lotkov2024,14,Olga S. Sorokina,1,primary,Bauman Moscow State Technical University,FMN Laboratory,Moscow,RU,paper,p.1 affiliations,
lotkov2024,14,Olga S. Sorokina,2,additional,Dukhov Automatics Research Institute,,Moscow,RU,paper,p.1 affiliations,
lotkov2024,15,Yuri V. Panfilov,1,primary,Bauman Moscow State Technical University,FMN Laboratory,Moscow,RU,paper,p.1 affiliations,
lotkov2024,16,Daria P. Kulikova,1,primary,Dukhov Automatics Research Institute,,Moscow,RU,paper,p.1 affiliations,
lotkov2024,16,Daria P. Kulikova,2,additional,Lomonosov Moscow State University,Faculty of Physics,Moscow,RU,paper,p.1 affiliations,
lotkov2024,17,Alexander V. Baryshev,1,primary,Dukhov Automatics Research Institute,,Moscow,RU,paper,p.1 affiliations,
lotkov2024,18,Ilya A. Rodionov,1,primary,Bauman Moscow State Technical University,FMN Laboratory,Moscow,RU,paper,p.1 affiliations,
lotkov2024,18,Ilya A. Rodionov,2,additional,Dukhov Automatics Research Institute,,Moscow,RU,paper,p.1 affiliations,
lu2020,1,Guo-Wei Lu,1,primary,Kyushu University,Institute for Materials Chemistry and Engineering,"Kasuga, Fukuoka",JP,paper,p.1 affiliations,
lu2020,1,Guo-Wei Lu,2,additional,The University of Aizu,,Fukushima,JP,paper,p.1 affiliations,prefecture only printed; no city
lu2020,1,Guo-Wei Lu,3,additional,Tokai University,,Kanagawa,JP,paper,p.1 affiliations,prefecture only printed; no city
lu2020,2,Jianxun Hong,1,primary,Kyushu University,Institute for Materials Chemistry and Engineering,"Kasuga, Fukuoka",JP,paper,p.1 affiliations,
lu2020,3,Feng Qiu,1,primary,Kyushu University,Institute for Materials Chemistry and Engineering,"Kasuga, Fukuoka",JP,paper,p.1 affiliations,
lu2020,4,Andrew M. Spring,1,primary,Kyushu University,Department of Molecular and Material Science,"Kasuga, Fukuoka",JP,paper,p.1 affiliations,
lu2020,5,Tsubasa Kashino,1,primary,Nissan Chemical Corporation,,Funabashi,JP,paper,p.1 affiliations,
lu2020,6,Juro Oshima,1,primary,Nissan Chemical Corporation,,Funabashi,JP,paper,p.1 affiliations,
lu2020,7,Masa-aki Ozawa,1,primary,Nissan Chemical Corporation,,Funabashi,JP,paper,p.1 affiliations,
lu2020,8,Hideyuki Nawata,1,primary,Nissan Chemical Corporation,,Funabashi,JP,paper,p.1 affiliations,
lu2020,9,Shiyoshi Yokoyama,1,primary,Kyushu University,Institute for Materials Chemistry and Engineering,"Kasuga, Fukuoka",JP,paper,p.1 affiliations,
lu2020,9,Shiyoshi Yokoyama,2,additional,Kyushu University,Department of Molecular and Material Science,"Kasuga, Fukuoka",JP,paper,p.1 affiliations,
luan2026,1,Chao Luan,1,primary,Technical University of Denmark,"DTU Electro, Department of Photonics Engineering",Kgs. Lyngby,DK,paper,p.1 affiliations,
luan2026,1,Chao Luan,2,present_address,Massachusetts Institute of Technology,Research Laboratory of Electronics,"Cambridge, MA",US,paper,p.1 affiliations,
luan2026,2,Deming Kong,1,primary,Technical University of Denmark,"DTU Electro, Department of Photonics Engineering",Kgs. Lyngby,DK,paper,p.1 affiliations,
luan2026,3,Yong Liu,1,primary,Technical University of Denmark,"DTU Electro, Department of Photonics Engineering",Kgs. Lyngby,DK,paper,p.1 affiliations,
luan2026,4,Yunhong Ding,1,primary,Technical University of Denmark,"DTU Electro, Department of Photonics Engineering",Kgs. Lyngby,DK,paper,p.1 affiliations,
luan2026,5,Hao Hu,1,primary,Technical University of Denmark,"DTU Electro, Department of Photonics Engineering",Kgs. Lyngby,DK,paper,p.1 affiliations,
luan2026a,1,Chao Luan,1,primary,Technical University of Denmark,"DTU Electro, Department of Photonics Engineering",Kgs. Lyngby,DK,paper,p.1 affiliations,
luan2026a,1,Chao Luan,2,present_address,Massachusetts Institute of Technology,Research Laboratory of Electronics,"Cambridge, MA",US,paper,p.1 affiliations,
luan2026a,2,Deming Kong,1,primary,Technical University of Denmark,"DTU Electro, Department of Photonics Engineering",Kgs. Lyngby,DK,paper,p.1 affiliations,
luan2026a,3,Yunhong Ding,1,primary,Technical University of Denmark,"DTU Electro, Department of Photonics Engineering",Kgs. Lyngby,DK,paper,p.1 affiliations,
luan2026a,4,Hao Hu,1,primary,Technical University of Denmark,"DTU Electro, Department of Photonics Engineering",Kgs. Lyngby,DK,paper,p.1 affiliations,
mao2024,1,Jiawei Mao,1,primary,Kyushu University,Institute for Materials Chemistry and Engineering,"Kasuga, Fukuoka",JP,paper,p.1 affiliations,
mao2024,2,Futa Uemura,1,primary,Kyushu University,Department of Molecular and Material Science,"Kasuga, Fukuoka",JP,paper,p.1 affiliations,
mao2024,3,Sahar Alasvand Yazdani,1,primary,Kyushu University,Institute for Materials Chemistry and Engineering,"Kasuga, Fukuoka",JP,paper,p.1 affiliations,
mao2024,4,Yuexin Yin,1,primary,Kyushu University,Institute for Materials Chemistry and Engineering,"Kasuga, Fukuoka",JP,paper,p.1 affiliations,
mao2024,5,Hiromu Sato,1,primary,Kyushu University,Institute for Materials Chemistry and Engineering,"Kasuga, Fukuoka",JP,paper,p.1 affiliations,
mao2024,6,Guo-Wei Lu,1,primary,Kyushu University,Institute for Materials Chemistry and Engineering,"Kasuga, Fukuoka",JP,paper,p.1 affiliations,
mao2024,6,Guo-Wei Lu,2,additional,Kyushu University,Department of Molecular and Material Science,"Kasuga, Fukuoka",JP,paper,p.1 affiliations,
mao2024,7,Shiyoshi Yokoyama,1,primary,Kyushu University,Institute for Materials Chemistry and Engineering,"Kasuga, Fukuoka",JP,paper,p.1 affiliations,
mao2024,7,Shiyoshi Yokoyama,2,additional,Kyushu University,Department of Molecular and Material Science,"Kasuga, Fukuoka",JP,paper,p.1 affiliations,
meng2023,1,Xiangyu Meng,1,primary,Huazhong University of Science and Technology,"Wuhan National Laboratory for Optoelectronics, School of Optical and Electronic Information",Wuhan,CN,paper,p.1 affiliations,
meng2023,2,Can Yuan,1,primary,Huazhong University of Science and Technology,"Wuhan National Laboratory for Optoelectronics, School of Optical and Electronic Information",Wuhan,CN,paper,p.1 affiliations,
meng2023,3,Xingran Cheng,1,primary,Huazhong University of Science and Technology,"Wuhan National Laboratory for Optoelectronics, School of Optical and Electronic Information",Wuhan,CN,paper,p.1 affiliations,
meng2023,4,Shuai Yuan,1,primary,Huazhong University of Science and Technology,"Wuhan National Laboratory for Optoelectronics, School of Optical and Electronic Information",Wuhan,CN,paper,p.1 affiliations,
meng2023,5,Chenglin Shang,1,primary,Huazhong University of Science and Technology,"Wuhan National Laboratory for Optoelectronics, School of Optical and Electronic Information",Wuhan,CN,paper,p.1 affiliations,
meng2023,6,An Pan,1,primary,Huazhong University of Science and Technology,"Wuhan National Laboratory for Optoelectronics, School of Optical and Electronic Information",Wuhan,CN,paper,p.1 affiliations,
meng2023,7,Zhicheng Qu,1,primary,Huazhong University of Science and Technology,"Wuhan National Laboratory for Optoelectronics, School of Optical and Electronic Information",Wuhan,CN,paper,p.1 affiliations,
meng2023,8,Xuanhao Wang,1,primary,Huazhong University of Science and Technology,"Wuhan National Laboratory for Optoelectronics, School of Optical and Electronic Information",Wuhan,CN,paper,p.1 affiliations,
meng2023,9,Peijie Zhang,1,primary,"Huawei Technologies Co., Ltd.",B & P Laboratory,Shenzhen,CN,paper,p.1 affiliations,
meng2023,10,Chengcheng Gui,1,primary,"Huawei Technologies Co., Ltd.",B & P Laboratory,Shenzhen,CN,paper,p.1 affiliations,
meng2023,11,Chao Chen,1,primary,Huazhong University of Science and Technology,"Wuhan National Laboratory for Optoelectronics, School of Optical and Electronic Information",Wuhan,CN,paper,p.1 affiliations,
meng2023,12,Cheng Zeng,1,primary,Huazhong University of Science and Technology,"Wuhan National Laboratory for Optoelectronics, School of Optical and Electronic Information",Wuhan,CN,paper,p.1 affiliations,
meng2023,13,Jinsong Xia,1,primary,Huazhong University of Science and Technology,"Wuhan National Laboratory for Optoelectronics, School of Optical and Electronic Information",Wuhan,CN,paper,p.1 affiliations,
montifiore2026,1,Nick Montifiore,1,primary,"University of California, Santa Barbara",Department of Electrical and Computer Engineering,"Santa Barbara, CA",US,paper,p.1 affiliations,
montifiore2026,2,Andrei Isichenko,1,primary,"University of California, Santa Barbara",Department of Electrical and Computer Engineering,"Santa Barbara, CA",US,paper,p.1 affiliations,
montifiore2026,3,Nitesh Chauhan,1,primary,"University of California, Santa Barbara",Department of Electrical and Computer Engineering,"Santa Barbara, CA",US,paper,p.1 affiliations,
montifiore2026,3,Nitesh Chauhan,2,present_address,National Institute of Standards and Technology,Time and Frequency Division,"Boulder, CO",US,paper,p.1 affiliations,
montifiore2026,3,Nitesh Chauhan,3,present_address,University of Colorado Boulder,Department of Physics,"Boulder, CO",US,paper,p.1 affiliations,
montifiore2026,4,Jiawei Wang,1,primary,"University of California, Santa Barbara",Department of Electrical and Computer Engineering,"Santa Barbara, CA",US,paper,p.1 affiliations,
montifiore2026,4,Jiawei Wang,2,present_address,Lightmatter,,"Boston, MA",US,paper,p.1 affiliations,
montifiore2026,5,Andrew S. Hunter,1,primary,"University of California, Santa Barbara",Department of Electrical and Computer Engineering,"Santa Barbara, CA",US,paper,p.1 affiliations,
montifiore2026,6,Mark W. Harrington,1,primary,"University of California, Santa Barbara",Department of Electrical and Computer Engineering,"Santa Barbara, CA",US,paper,p.1 affiliations,
montifiore2026,7,Rahul Chawlani,1,primary,"University of California, Santa Barbara",Department of Electrical and Computer Engineering,"Santa Barbara, CA",US,paper,p.1 affiliations,
montifiore2026,8,Ryan Q. Rudy,1,primary,DEVCOM Army Research Laboratory,,"Adelphi, MD",US,paper,p.1 affiliations,
montifiore2026,9,Iain Kierzewski,1,primary,DEVCOM Army Research Laboratory,,"Adelphi, MD",US,paper,p.1 affiliations,
montifiore2026,10,Michael Pushkarsky,1,primary,DRS Daylight Solutions,,"San Diego, CA",US,paper,p.1 affiliations,
montifiore2026,11,Daniel J. Blumenthal,1,primary,"University of California, Santa Barbara",Department of Electrical and Computer Engineering,"Santa Barbara, CA",US,paper,p.1 affiliations,
multani2025,1,Kevin K. S. Multani,1,primary,Stanford University,Department of Physics,Stanford,US,paper,p.1 affiliations,
multani2025,1,Kevin K. S. Multani,2,additional,SLAC National Accelerator Laboratory,,Menlo Park,US,paper,p.1 affiliations,
multani2025,1,Kevin K. S. Multani,3,additional,Stanford University,E. L. Ginzton Laboratory,Stanford,US,paper,p.1 affiliations,
multani2025,2,Jason F. Herrmann,1,primary,Stanford University,Department of Applied Physics,Stanford,US,paper,p.1 affiliations,
multani2025,2,Jason F. Herrmann,2,additional,Stanford University,E. L. Ginzton Laboratory,Stanford,US,paper,p.1 affiliations,
multani2025,3,Emilio A. Nanni,1,primary,SLAC National Accelerator Laboratory,,Menlo Park,US,paper,p.1 affiliations,
multani2025,4,Amir H. Safavi-Naeini,1,primary,Stanford University,Department of Applied Physics,Stanford,US,paper,p.1 affiliations,
multani2025,4,Amir H. Safavi-Naeini,2,additional,Stanford University,E. L. Ginzton Laboratory,Stanford,US,paper,p.1 affiliations,
navarro2026,1,Leonard Barboza Navarro,1,primary,State University of Campinas,Gleb Wataghin Institute of Physics,Campinas,BR,paper,p.1 affiliations,
navarro2026,2,Maria Carolina Volpato,1,primary,State University of Campinas,Gleb Wataghin Institute of Physics,Campinas,BR,paper,p.1 affiliations,
navarro2026,3,Alisson Ronieri Cadore,1,primary,Brazilian Nanotechnology National Laboratory,,"Campinas, São Paulo",BR,paper,p.1 affiliations,"printed as LNNano, CNPEM"
navarro2026,3,Alisson Ronieri Cadore,2,additional,Federal University of Mato Grosso,"Programa de Pós-Graduação em Física, Instituto de Física","Cuiabá, Mato Grosso",BR,paper,p.1 affiliations,
navarro2026,4,Pierre-Louis de Assis,1,primary,State University of Campinas,Gleb Wataghin Institute of Physics,Campinas,BR,paper,p.1 affiliations,
nelan2022,1,Sean P. Nelan,1,primary,University of Delaware,School of Electrical and Computer Engineering,"Newark, DE",US,paper,p.1 affiliations,
nelan2022,1,Sean P. Nelan,2,additional,Phase Sensitive Innovations,,"Newark, DE",US,paper,p.1 affiliations,
nelan2022,2,Andrew Mercante,1,primary,Phase Sensitive Innovations,,"Newark, DE",US,paper,p.1 affiliations,
nelan2022,3,Shouyuan Shi,1,primary,University of Delaware,School of Electrical and Computer Engineering,"Newark, DE",US,paper,p.1 affiliations,
nelan2022,3,Shouyuan Shi,2,additional,Phase Sensitive Innovations,,"Newark, DE",US,paper,p.1 affiliations,
nelan2022,4,Peng Yao,1,primary,Phase Sensitive Innovations,,"Newark, DE",US,paper,p.1 affiliations,
nelan2022,5,Eliezer Shahid,1,primary,Phase Sensitive Innovations,,"Newark, DE",US,paper,p.1 affiliations,
nelan2022,6,Benjamin A. Shopp,1,primary,Phase Sensitive Innovations,,"Newark, DE",US,paper,p.1 affiliations,
nelan2022,7,Cooper D. Hurley,1,primary,University of Delaware,School of Electrical and Computer Engineering,"Newark, DE",US,paper,p.1 affiliations,
nelan2022,8,Mathew Zablocki,1,primary,Phase Sensitive Innovations,,"Newark, DE",US,paper,p.1 affiliations,
nelan2022,9,Dennis W. Prather,1,primary,University of Delaware,School of Electrical and Computer Engineering,"Newark, DE",US,paper,p.1 affiliations,
nelan2022,9,Dennis W. Prather,2,additional,Phase Sensitive Innovations,,"Newark, DE",US,paper,p.1 affiliations,
nelan2022a,1,Sean P. Nelan,1,primary,University of Delaware,School of Electrical and Computer Engineering,"Newark, DE",US,paper,p.1 affiliations,
nelan2022a,1,Sean P. Nelan,2,additional,Phase Sensitive Innovations,,"Newark, DE",US,paper,p.1 affiliations,
nelan2022a,2,Andrew Mercante,1,primary,Phase Sensitive Innovations,,"Newark, DE",US,paper,p.1 affiliations,
nelan2022a,3,Shouyuan Shi,1,primary,University of Delaware,School of Electrical and Computer Engineering,"Newark, DE",US,paper,p.1 affiliations,
nelan2022a,3,Shouyuan Shi,2,additional,Phase Sensitive Innovations,,"Newark, DE",US,paper,p.1 affiliations,
nelan2022a,4,Peng Yao,1,primary,Phase Sensitive Innovations,,"Newark, DE",US,paper,p.1 affiliations,
nelan2022a,5,Eliezer Shahid,1,primary,Phase Sensitive Innovations,,"Newark, DE",US,paper,p.1 affiliations,
nelan2022a,6,Benjamin Shopp,1,primary,Phase Sensitive Innovations,,"Newark, DE",US,paper,p.1 affiliations,
nelan2022a,7,Dennis W. Prather,1,primary,University of Delaware,School of Electrical and Computer Engineering,"Newark, DE",US,paper,p.1 affiliations,
nelan2022a,7,Dennis W. Prather,2,additional,Phase Sensitive Innovations,,"Newark, DE",US,paper,p.1 affiliations,
nenezic2026,1,Patrick Nenezic,1,primary,Ghent University,"Department of Information Technology, Photonics Research Group",Ghent,BE,paper,p.1 affiliations,joint string 'Ghent University-imec' (en dash) mapped to Ghent University only; imec printed separately as affiliation 2 and has its own row
nenezic2026,1,Patrick Nenezic,2,additional,imec,,Leuven,BE,paper,p.1 affiliations,
nenezic2026,2,Ewoud Vissers,1,primary,Ghent University,"Department of Information Technology, Photonics Research Group",Ghent,BE,paper,p.1 affiliations,joint string 'Ghent University-imec' (en dash) mapped to Ghent University only; imec printed separately as affiliation 2 and has its own row
nenezic2026,2,Ewoud Vissers,2,additional,imec,,Leuven,BE,paper,p.1 affiliations,
nenezic2026,3,Arno Moerman,1,primary,Ghent University,"Department of Information Technology, Photonics Research Group",Ghent,BE,paper,p.1 affiliations,joint string 'Ghent University-imec' (en dash) mapped to Ghent University only; imec printed separately as affiliation 2 and has its own row
nenezic2026,3,Arno Moerman,2,additional,imec,,Leuven,BE,paper,p.1 affiliations,
nenezic2026,3,Arno Moerman,3,additional,Ghent University,"Department of Information Technology, IDLab",Ghent,BE,paper,p.1 affiliations,joint string 'Ghent University-imec' (en dash) mapped to Ghent University only; imec printed separately as affiliation 2 and has its own row
nenezic2026,4,Laurens Bogaert,1,primary,Ghent University,"Department of Information Technology, Photonics Research Group",Ghent,BE,paper,p.1 affiliations,joint string 'Ghent University-imec' (en dash) mapped to Ghent University only; imec printed separately as affiliation 2 and has its own row
nenezic2026,4,Laurens Bogaert,2,additional,imec,,Leuven,BE,paper,p.1 affiliations,
nenezic2026,5,Simone Atzeni,1,primary,Ghent University,"Department of Information Technology, Photonics Research Group",Ghent,BE,paper,p.1 affiliations,joint string 'Ghent University-imec' (en dash) mapped to Ghent University only; imec printed separately as affiliation 2 and has its own row
nenezic2026,5,Simone Atzeni,2,additional,imec,,Leuven,BE,paper,p.1 affiliations,
nenezic2026,6,Xiujun Zheng,1,primary,Ghent University,"Department of Information Technology, Photonics Research Group",Ghent,BE,paper,p.1 affiliations,joint string 'Ghent University-imec' (en dash) mapped to Ghent University only; imec printed separately as affiliation 2 and has its own row
nenezic2026,6,Xiujun Zheng,2,additional,imec,,Leuven,BE,paper,p.1 affiliations,
nenezic2026,7,Tom Vanackere,1,primary,Ghent University,"Department of Information Technology, Photonics Research Group",Ghent,BE,paper,p.1 affiliations,joint string 'Ghent University-imec' (en dash) mapped to Ghent University only; imec printed separately as affiliation 2 and has its own row
nenezic2026,7,Tom Vanackere,2,additional,imec,,Leuven,BE,paper,p.1 affiliations,
nenezic2026,8,Margot Niels,1,primary,Ghent University,"Department of Information Technology, Photonics Research Group",Ghent,BE,paper,p.1 affiliations,joint string 'Ghent University-imec' (en dash) mapped to Ghent University only; imec printed separately as affiliation 2 and has its own row
nenezic2026,8,Margot Niels,2,additional,imec,,Leuven,BE,paper,p.1 affiliations,
nenezic2026,9,Athina Papadopoulou,1,primary,Ghent University,"Department of Information Technology, Photonics Research Group",Ghent,BE,paper,p.1 affiliations,joint string 'Ghent University-imec' (en dash) mapped to Ghent University only; imec printed separately as affiliation 2 and has its own row
nenezic2026,9,Athina Papadopoulou,2,additional,imec,,Leuven,BE,paper,p.1 affiliations,
nenezic2026,10,Sarah Uvin,1,primary,Ghent University,"Department of Information Technology, Photonics Research Group",Ghent,BE,paper,p.1 affiliations,joint string 'Ghent University-imec' (en dash) mapped to Ghent University only; imec printed separately as affiliation 2 and has its own row
nenezic2026,10,Sarah Uvin,2,additional,imec,,Leuven,BE,paper,p.1 affiliations,
nenezic2026,11,Peter De Heyn,1,primary,imec,,Leuven,BE,paper,p.1 affiliations,
nenezic2026,12,Sandeep Saseendran,1,primary,imec,,Leuven,BE,paper,p.1 affiliations,
nenezic2026,13,Maximilien Billet,1,primary,Ghent University,"Department of Information Technology, Photonics Research Group",Ghent,BE,paper,p.1 affiliations,joint string 'Ghent University-imec' (en dash) mapped to Ghent University only; imec printed separately as affiliation 2 and has its own row
nenezic2026,13,Maximilien Billet,2,additional,imec,,Leuven,BE,paper,p.1 affiliations,
nenezic2026,14,Bart Kuyken,1,primary,Ghent University,"Department of Information Technology, Photonics Research Group",Ghent,BE,paper,p.1 affiliations,joint string 'Ghent University-imec' (en dash) mapped to Ghent University only; imec printed separately as affiliation 2 and has its own row
nenezic2026,14,Bart Kuyken,2,additional,imec,,Leuven,BE,paper,p.1 affiliations,
niels2025a,1,Margot Niels,1,primary,Ghent University,"Photonics Research Group, INTEC",Ghent,BE,paper,p.1 affiliations,joint string 'Ghent University - imec' mapped to Ghent University only; no separate imec row
niels2025a,2,Tom Vanackere,1,primary,Ghent University,"Photonics Research Group, INTEC",Ghent,BE,paper,p.1 affiliations,joint string 'Ghent University - imec' mapped to Ghent University only; no separate imec row
niels2025a,3,Tom Vandekerckhove,1,primary,Ghent University,"Photonics Research Group, INTEC",Ghent,BE,paper,p.1 affiliations,joint string 'Ghent University - imec' mapped to Ghent University only; no separate imec row
niels2025a,3,Tom Vandekerckhove,2,additional,Université Libre de Bruxelles,OPERA-Photonique CP 194/5,Brussels,BE,paper,p.1 affiliations,
niels2025a,4,Stijn Poelman,1,primary,Ghent University,"Photonics Research Group, INTEC",Ghent,BE,paper,p.1 affiliations,joint string 'Ghent University - imec' mapped to Ghent University only; no separate imec row
niels2025a,5,Tom Reep,1,primary,Ghent University,"Photonics Research Group, INTEC",Ghent,BE,paper,p.1 affiliations,joint string 'Ghent University - imec' mapped to Ghent University only; no separate imec row
niels2025a,6,Günther Roelkens,1,primary,Ghent University,"Photonics Research Group, INTEC",Ghent,BE,paper,p.1 affiliations,joint string 'Ghent University - imec' mapped to Ghent University only; no separate imec row
niels2025a,7,Maximilien Billet,1,primary,Ghent University,"Photonics Research Group, INTEC",Ghent,BE,paper,p.1 affiliations,joint string 'Ghent University - imec' mapped to Ghent University only; no separate imec row
niels2025a,8,Bart Kuyken,1,primary,Ghent University,"Photonics Research Group, INTEC",Ghent,BE,paper,p.1 affiliations,joint string 'Ghent University - imec' mapped to Ghent University only; no separate imec row
niels2026,1,Margot Niels,1,primary,Ghent University,"Department of Information Technology (INTEC), Photonics Research Group",Ghent,BE,paper,p.1 affiliations,joint string 'Ghent University-imec' (en dash) mapped to Ghent University only; imec printed separately as affiliation 2 and has its own row
niels2026,1,Margot Niels,2,additional,imec,,Leuven,BE,paper,p.1 affiliations,
niels2026,2,Tom Vanackere,1,primary,Ghent University,"Department of Information Technology (INTEC), Photonics Research Group",Ghent,BE,paper,p.1 affiliations,joint string 'Ghent University-imec' (en dash) mapped to Ghent University only; imec printed separately as affiliation 2 and has its own row
niels2026,2,Tom Vanackere,2,additional,imec,,Leuven,BE,paper,p.1 affiliations,
niels2026,3,Ewoud Vissers,1,primary,Ghent University,"Department of Information Technology (INTEC), Photonics Research Group",Ghent,BE,paper,p.1 affiliations,joint string 'Ghent University-imec' (en dash) mapped to Ghent University only; imec printed separately as affiliation 2 and has its own row
niels2026,3,Ewoud Vissers,2,additional,imec,,Leuven,BE,paper,p.1 affiliations,
niels2026,4,Tingting Zhai,1,primary,Ghent University,"Department of Information Technology (INTEC), Photonics Research Group",Ghent,BE,paper,p.1 affiliations,joint string 'Ghent University-imec' (en dash) mapped to Ghent University only; imec printed separately as affiliation 2 and has its own row
niels2026,4,Tingting Zhai,2,additional,imec,,Leuven,BE,paper,p.1 affiliations,
niels2026,5,Patrick Nenezic,1,primary,Ghent University,"Department of Information Technology (INTEC), Photonics Research Group",Ghent,BE,paper,p.1 affiliations,joint string 'Ghent University-imec' (en dash) mapped to Ghent University only; imec printed separately as affiliation 2 and has its own row
niels2026,5,Patrick Nenezic,2,additional,imec,,Leuven,BE,paper,p.1 affiliations,
niels2026,6,Jakob Declercq,1,primary,imec,,Leuven,BE,paper,p.1 affiliations,
niels2026,6,Jakob Declercq,2,additional,Ghent University,"Department of Information Technology (INTEC), IDLab",Ghent,BE,paper,p.1 affiliations,joint string 'Ghent University-imec' (en dash) mapped to Ghent University only; imec printed separately as affiliation 2 and has its own row
niels2026,7,Cédric Bruynsteen,1,primary,imec,,Leuven,BE,paper,p.1 affiliations,
niels2026,7,Cédric Bruynsteen,2,additional,Ghent University,"Department of Information Technology (INTEC), IDLab",Ghent,BE,paper,p.1 affiliations,joint string 'Ghent University-imec' (en dash) mapped to Ghent University only; imec printed separately as affiliation 2 and has its own row
niels2026,8,Shengpu Niu,1,primary,imec,,Leuven,BE,paper,p.1 affiliations,
niels2026,8,Shengpu Niu,2,additional,Ghent University,"Department of Information Technology (INTEC), IDLab",Ghent,BE,paper,p.1 affiliations,joint string 'Ghent University-imec' (en dash) mapped to Ghent University only; imec printed separately as affiliation 2 and has its own row
niels2026,9,Arno Moerman,1,primary,imec,,Leuven,BE,paper,p.1 affiliations,
niels2026,9,Arno Moerman,2,additional,Ghent University,"Department of Information Technology (INTEC), IDLab",Ghent,BE,paper,p.1 affiliations,joint string 'Ghent University-imec' (en dash) mapped to Ghent University only; imec printed separately as affiliation 2 and has its own row
niels2026,10,Olivier Caytan,1,primary,imec,,Leuven,BE,paper,p.1 affiliations,
niels2026,10,Olivier Caytan,2,additional,Ghent University,"Department of Information Technology (INTEC), IDLab",Ghent,BE,paper,p.1 affiliations,joint string 'Ghent University-imec' (en dash) mapped to Ghent University only; imec printed separately as affiliation 2 and has its own row
niels2026,11,Nishant Singh,1,primary,imec,,Leuven,BE,paper,p.1 affiliations,
niels2026,11,Nishant Singh,2,additional,Ghent University,"Department of Information Technology (INTEC), IDLab",Ghent,BE,paper,p.1 affiliations,joint string 'Ghent University-imec' (en dash) mapped to Ghent University only; imec printed separately as affiliation 2 and has its own row
niels2026,12,Sam Lemey,1,primary,imec,,Leuven,BE,paper,p.1 affiliations,
niels2026,12,Sam Lemey,2,additional,Ghent University,"Department of Information Technology (INTEC), IDLab",Ghent,BE,paper,p.1 affiliations,joint string 'Ghent University-imec' (en dash) mapped to Ghent University only; imec printed separately as affiliation 2 and has its own row
niels2026,13,Xin Yin,1,primary,imec,,Leuven,BE,paper,p.1 affiliations,
niels2026,13,Xin Yin,2,additional,Ghent University,"Department of Information Technology (INTEC), IDLab",Ghent,BE,paper,p.1 affiliations,joint string 'Ghent University-imec' (en dash) mapped to Ghent University only; imec printed separately as affiliation 2 and has its own row
niels2026,14,Sofie Janssen,1,primary,imec,,Leuven,BE,paper,p.1 affiliations,
niels2026,15,Peter Verheyen,1,primary,imec,,Leuven,BE,paper,p.1 affiliations,
niels2026,16,Neha Singh,1,primary,imec,,Leuven,BE,paper,p.1 affiliations,
niels2026,17,Dieter Bode,1,primary,imec,,Leuven,BE,paper,p.1 affiliations,
niels2026,18,Martin Davi,1,primary,imec,,Leuven,BE,paper,p.1 affiliations,
niels2026,19,Filippo Ferraro,1,primary,imec,,Leuven,BE,paper,p.1 affiliations,
niels2026,20,Philippe Absil,1,primary,imec,,Leuven,BE,paper,p.1 affiliations,
niels2026,21,Sadhishkumar Balakrishnan,1,primary,imec,,Leuven,BE,paper,p.1 affiliations,
niels2026,22,Joris Van Campenhout,1,primary,imec,,Leuven,BE,paper,p.1 affiliations,
niels2026,23,Günther Roelkens,1,primary,Ghent University,"Department of Information Technology (INTEC), Photonics Research Group",Ghent,BE,paper,p.1 affiliations,joint string 'Ghent University-imec' (en dash) mapped to Ghent University only; imec printed separately as affiliation 2 and has its own row
niels2026,23,Günther Roelkens,2,additional,imec,,Leuven,BE,paper,p.1 affiliations,
niels2026,24,Bart Kuyken,1,primary,Ghent University,"Department of Information Technology (INTEC), Photonics Research Group",Ghent,BE,paper,p.1 affiliations,joint string 'Ghent University-imec' (en dash) mapped to Ghent University only; imec printed separately as affiliation 2 and has its own row
niels2026,24,Bart Kuyken,2,additional,imec,,Leuven,BE,paper,p.1 affiliations,
niels2026,25,Maximilien Billet,1,primary,Ghent University,"Department of Information Technology (INTEC), Photonics Research Group",Ghent,BE,paper,p.1 affiliations,joint string 'Ghent University-imec' (en dash) mapped to Ghent University only; imec printed separately as affiliation 2 and has its own row
niels2026,25,Maximilien Billet,2,additional,imec,,Leuven,BE,paper,p.1 affiliations,
ogiso2016,1,Y. Ogiso,1,primary,"NTT, Inc.",NTT Device Innovation Center,"Atsugi, Kanagawa",JP,paper,p.2 author affiliations (end of letter),
ogiso2016,2,J. Ozaki,1,primary,"NTT, Inc.",NTT Device Innovation Center,"Atsugi, Kanagawa",JP,paper,p.2 author affiliations (end of letter),
ogiso2016,3,N. Kashio,1,primary,"NTT, Inc.",NTT Device Innovation Center,"Atsugi, Kanagawa",JP,paper,p.2 author affiliations (end of letter),
ogiso2016,4,N. Kikuchi,1,primary,"NTT, Inc.",NTT Device Innovation Center,"Atsugi, Kanagawa",JP,paper,p.2 author affiliations (end of letter),
ogiso2016,5,H. Tanobe,1,primary,"NTT, Inc.",NTT Device Innovation Center,"Atsugi, Kanagawa",JP,paper,p.2 author affiliations (end of letter),
ogiso2016,6,Y. Ohiso,1,primary,"NTT, Inc.",NTT Device Technology Laboratories,"Atsugi, Kanagawa",JP,paper,p.2 author affiliations (end of letter),
ogiso2016,7,M. Kohtoku,1,primary,"NTT, Inc.",NTT Device Innovation Center,"Atsugi, Kanagawa",JP,paper,p.2 author affiliations (end of letter),
ogiso2024,1,Yoshihiro Ogiso,1,primary,NTT Innovative Devices Corporation,,"Atsugi, Kanagawa",JP,paper,p.1 affiliations,
ogiso2024,2,Josuke Ozaki,1,primary,NTT Innovative Devices Corporation,,"Atsugi, Kanagawa",JP,paper,p.1 affiliations,
ogiso2024,3,Kenta Sugiura,1,primary,NTT Innovative Devices Corporation,,"Atsugi, Kanagawa",JP,paper,p.1 affiliations,
ogiso2024,4,Yusuke Saito,1,primary,NTT Innovative Devices Corporation,,"Atsugi, Kanagawa",JP,paper,p.1 affiliations,
ogiso2024,5,Mitsuteru Ishikawa,1,primary,NTT Innovative Devices Corporation,,"Atsugi, Kanagawa",JP,paper,p.1 affiliations,
porto2026,1,S. Porto,1,primary,Nokia Corporation,,"Sunnyvale, CA",US,paper,p.1 affiliations,
porto2026,2,F. Sang,1,primary,Nokia Corporation,,"Sunnyvale, CA",US,paper,p.1 affiliations,
porto2026,3,J. Lavrencik,1,primary,Nokia Corporation,,"Sunnyvale, CA",US,paper,p.1 affiliations,
porto2026,4,P. Abolghasem,1,primary,Nokia Corporation,,"Sunnyvale, CA",US,paper,p.1 affiliations,
porto2026,5,A. Rundquist,1,primary,Nokia Corporation,,"Sunnyvale, CA",US,paper,p.1 affiliations,
porto2026,6,J. Macario,1,primary,Nokia Corporation,,"Sunnyvale, CA",US,paper,p.1 affiliations,
porto2026,7,A. Meighan,1,primary,Nokia Corporation,,"Sunnyvale, CA",US,paper,p.1 affiliations,
porto2026,8,C. Ozdemir,1,primary,Nokia Corporation,,"Sunnyvale, CA",US,paper,p.1 affiliations,
porto2026,9,Y.-P. Wang,1,primary,Nokia Corporation,,"Sunnyvale, CA",US,paper,p.1 affiliations,
porto2026,10,W. Fu,1,primary,Nokia Corporation,,"Sunnyvale, CA",US,paper,p.1 affiliations,
porto2026,11,S. Sakpal,1,primary,Nokia Corporation,,"Sunnyvale, CA",US,paper,p.1 affiliations,
porto2026,12,P. Gavrilovic,1,primary,Nokia Corporation,,"Sunnyvale, CA",US,paper,p.1 affiliations,
porto2026,13,T. Frost,1,primary,Nokia Corporation,,"Sunnyvale, CA",US,paper,p.1 affiliations,
porto2026,14,J. Zhang,1,primary,Nokia Corporation,,"Sunnyvale, CA",US,paper,p.1 affiliations,
porto2026,15,P. Turla,1,primary,Nokia Corporation,,"Sunnyvale, CA",US,paper,p.1 affiliations,
porto2026,16,J. Anthony,1,primary,Nokia Corporation,,"Sunnyvale, CA",US,paper,p.1 affiliations,
porto2026,17,K. Hoshino,1,primary,Nokia Corporation,,"Sunnyvale, CA",US,paper,p.1 affiliations,
porto2026,18,C. DiGiovanni,1,primary,Nokia Corporation,,"Sunnyvale, CA",US,paper,p.1 affiliations,
porto2026,19,A. Diba,1,primary,Nokia Corporation,,"Sunnyvale, CA",US,paper,p.1 affiliations,
porto2026,20,S. Barik,1,primary,Nokia Corporation,,"Sunnyvale, CA",US,paper,p.1 affiliations,
porto2026,21,M. Kuntz,1,primary,Nokia Corporation,,"Sunnyvale, CA",US,paper,p.1 affiliations,
porto2026,22,V. Lal,1,primary,Nokia Corporation,,"Sunnyvale, CA",US,paper,p.1 affiliations,
porto2026,23,P. Evans,1,primary,Nokia Corporation,,"Sunnyvale, CA",US,paper,p.1 affiliations,
porto2026,24,M. Ziari,1,primary,Nokia Corporation,,"Sunnyvale, CA",US,paper,p.1 affiliations,
powell2024,1,Keith Powell,1,primary,Harvard University,John A. Paulson School of Engineering and Applied Science,"Cambridge, MA",US,paper,p.1 affiliations,
powell2024,2,Dylan Renaud,1,primary,Harvard University,John A. Paulson School of Engineering and Applied Science,"Cambridge, MA",US,paper,p.1 affiliations,
powell2024,3,Xudong Li,1,primary,Harvard University,John A. Paulson School of Engineering and Applied Science,"Cambridge, MA",US,paper,p.1 affiliations,
powell2024,4,Daniel Assumpcao,1,primary,Harvard University,John A. Paulson School of Engineering and Applied Science,"Cambridge, MA",US,paper,p.1 affiliations,
powell2024,5,C. J. Xin,1,primary,Harvard University,John A. Paulson School of Engineering and Applied Science,"Cambridge, MA",US,paper,p.1 affiliations,
powell2024,6,Neil Sinclair,1,primary,Harvard University,John A. Paulson School of Engineering and Applied Science,"Cambridge, MA",US,paper,p.1 affiliations,
powell2024,7,Marko Lončar,1,primary,Harvard University,John A. Paulson School of Engineering and Applied Science,"Cambridge, MA",US,paper,p.1 affiliations,
powell2024a,1,Keith Powell,1,primary,Harvard University,John A. Paulson School of Engineering and Applied Sciences,"Cambridge, MA",US,paper,p.1 affiliations,
powell2024a,2,Xudong Li,1,primary,Harvard University,John A. Paulson School of Engineering and Applied Sciences,"Cambridge, MA",US,paper,p.1 affiliations,
powell2024a,3,Daniel Assumpcao,1,primary,Harvard University,John A. Paulson School of Engineering and Applied Sciences,"Cambridge, MA",US,paper,p.1 affiliations,
powell2024a,4,Letícia Magalhães,1,primary,Harvard University,John A. Paulson School of Engineering and Applied Sciences,"Cambridge, MA",US,paper,p.1 affiliations,
powell2024a,5,Neil Sinclair,1,primary,Harvard University,John A. Paulson School of Engineering and Applied Sciences,"Cambridge, MA",US,paper,p.1 affiliations,
powell2024a,6,Marko Lončar,1,primary,Harvard University,John A. Paulson School of Engineering and Applied Sciences,"Cambridge, MA",US,paper,p.1 affiliations,
prountzou2026,1,Eleni Prountzou,1,primary,ETH Zurich,"Department of Physics, Institute for Quantum Electronics, Optical Nanomaterial Group",Zurich,CH,paper,p.1 affiliations,
prountzou2026,2,Helena C. Weigand,1,primary,ETH Zurich,"Department of Physics, Institute for Quantum Electronics, Optical Nanomaterial Group",Zurich,CH,paper,p.1 affiliations,
prountzou2026,3,Virginia Falcone,1,primary,ETH Zurich,"Department of Physics, Institute for Quantum Electronics, Optical Nanomaterial Group",Zurich,CH,paper,p.1 affiliations,
prountzou2026,4,Ülle-Linda Talts,1,primary,ETH Zurich,"Department of Physics, Institute for Quantum Electronics, Optical Nanomaterial Group",Zurich,CH,paper,p.1 affiliations,
prountzou2026,5,Morgan Trassin,1,primary,ETH Zurich,"Department of Materials, Multifunctional Ferroic Materials",,CH,crossref,crossref.json author 5,not in cached arXiv v1 author list
prountzou2026,6,Rachel Grange,1,primary,ETH Zurich,"Department of Physics, Institute for Quantum Electronics, Optical Nanomaterial Group",Zurich,CH,paper,p.1 affiliations,
qi2024,1,Yifan Qi,1,primary,Tsinghua University,"State Key Laboratory of Precision Measurement Technology and Instruments, Department of Precision Instrument",Beijing,CN,paper,p.1 affiliations,
qi2024,2,Gongcheng Yue,1,primary,Tsinghua University,"State Key Laboratory of Precision Measurement Technology and Instruments, Department of Precision Instrument",Beijing,CN,paper,p.1 affiliations,
qi2024,3,Ting Hao,1,primary,"Advanced Fiber Resources (Zhuhai), Ltd.",,Zhuhai,CN,paper,p.1 affiliations,
qi2024,4,Yang Li,1,primary,Tsinghua University,"State Key Laboratory of Precision Measurement Technology and Instruments, Department of Precision Instrument",Beijing,CN,paper,p.1 affiliations,
rahman2025,1,Arif Rahman,1,primary,University of California San Diego,Department of Electrical and Computer Engineering,"La Jolla, CA",US,paper,p.1 affiliations,
rahman2025,2,Forrest Valdez,1,primary,LIGENTEC,,Ecublens VD,CH,paper,p.1 affiliations,
rahman2025,3,Viphretuo Mere,1,primary,LIGENTEC,,Ecublens VD,CH,paper,p.1 affiliations,
rahman2025,4,Camiel Op de Beeck,1,primary,LIGENTEC,,Ecublens VD,CH,paper,p.1 affiliations,
rahman2025,5,Pieter Wuytens,1,primary,LIGENTEC,,Ecublens VD,CH,paper,p.1 affiliations,
rahman2025,6,Shayan Mookherjea,1,primary,University of California San Diego,Department of Electrical and Computer Engineering,"La Jolla, CA",US,paper,p.1 affiliations,
renaud2023,1,Dylan Renaud,1,primary,Harvard University,John A. Paulson School of Engineering and Applied Sciences,"Cambridge, MA",US,paper,p.1 affiliations,
renaud2023,2,Daniel Rimoli Assumpcao,1,primary,Harvard University,John A. Paulson School of Engineering and Applied Sciences,"Cambridge, MA",US,paper,p.1 affiliations,
renaud2023,3,Graham Joe,1,primary,Harvard University,John A. Paulson School of Engineering and Applied Sciences,"Cambridge, MA",US,paper,p.1 affiliations,
renaud2023,4,Amirhassan Shams-Ansari,1,primary,Harvard University,John A. Paulson School of Engineering and Applied Sciences,"Cambridge, MA",US,paper,p.1 affiliations,
renaud2023,5,Di Zhu,1,primary,Harvard University,John A. Paulson School of Engineering and Applied Sciences,"Cambridge, MA",US,paper,p.1 affiliations,
renaud2023,5,Di Zhu,2,additional,"Agency for Science, Technology and Research",Institute of Materials Research and Engineering,Singapore,SG,paper,p.1 affiliations,
renaud2023,6,Yaowen Hu,1,primary,Harvard University,John A. Paulson School of Engineering and Applied Sciences,"Cambridge, MA",US,paper,p.1 affiliations,
renaud2023,6,Yaowen Hu,2,additional,Harvard University,Department of Physics,"Cambridge, MA",US,paper,p.1 affiliations,
renaud2023,7,Neil Sinclair,1,primary,Harvard University,John A. Paulson School of Engineering and Applied Sciences,"Cambridge, MA",US,paper,p.1 affiliations,
renaud2023,7,Neil Sinclair,2,additional,California Institute of Technology,"Division of Physics, Mathematics and Astronomy, and Alliance for Quantum Technologies","Pasadena, CA",US,paper,p.1 affiliations,source prints 'Pasadena 91125 MA'
renaud2023,8,Marko Loncar,1,primary,Harvard University,John A. Paulson School of Engineering and Applied Sciences,"Cambridge, MA",US,paper,p.1 affiliations,
sabatti2024,1,Alessandra Sabatti,1,primary,ETH Zurich,"Optical Nanomaterial Group, Institute for Quantum Electronics, Department of Physics",Zurich,CH,paper,p.1 affiliations,
sabatti2024,2,Jost Kellner,1,primary,ETH Zurich,"Optical Nanomaterial Group, Institute for Quantum Electronics, Department of Physics",Zurich,CH,paper,p.1 affiliations,
sabatti2024,3,Fabian Kaufmann,1,primary,ETH Zurich,"Optical Nanomaterial Group, Institute for Quantum Electronics, Department of Physics",Zurich,CH,paper,p.1 affiliations,
sabatti2024,4,Robert J. Chapman,1,primary,ETH Zurich,"Optical Nanomaterial Group, Institute for Quantum Electronics, Department of Physics",Zurich,CH,paper,p.1 affiliations,
sabatti2024,5,Giovanni Finco,1,primary,ETH Zurich,"Optical Nanomaterial Group, Institute for Quantum Electronics, Department of Physics",Zurich,CH,paper,p.1 affiliations,
sabatti2024,6,Tristan Kuttner,1,primary,ETH Zurich,"Optical Nanomaterial Group, Institute for Quantum Electronics, Department of Physics",Zurich,CH,paper,p.1 affiliations,
sabatti2024,7,Andreas Maeder,1,primary,ETH Zurich,"Optical Nanomaterial Group, Institute for Quantum Electronics, Department of Physics",Zurich,CH,paper,p.1 affiliations,
sabatti2024,8,Rachel Grange,1,primary,ETH Zurich,"Optical Nanomaterial Group, Institute for Quantum Electronics, Department of Physics",Zurich,CH,paper,p.1 affiliations,
sayem2026,1,Ayed Al Sayem,1,primary,Nokia Bell Labs,,,US,paper,p.1 affiliations,"No city printed (NJ, USA only)"
sayem2026,2,Ting-Chen Hu,1,primary,Nokia Bell Labs,,,US,paper,p.1 affiliations,"No city printed (NJ, USA only)"
sayem2026,3,Mark Cappuzzo,1,primary,Nokia Bell Labs,,,US,paper,p.1 affiliations,"No city printed (NJ, USA only)"
sayem2026,4,Alaric Tate,1,primary,Nokia Bell Labs,,,US,paper,p.1 affiliations,"No city printed (NJ, USA only)"
sayem2026,5,Rose Kopf,1,primary,Nokia Bell Labs,,,US,paper,p.1 affiliations,"No city printed (NJ, USA only)"
sayem2026,6,Mark Earnshaw,1,primary,Nokia Bell Labs,,,US,paper,p.1 affiliations,"No city printed (NJ, USA only)"
sayem2026a,1,Ayed Al Sayem,1,primary,Nokia Bell Labs,,"Murray Hill, NJ",US,paper,p.1 affiliations,
sayem2026a,2,Shiekh Zia Uddin,1,primary,Nokia Bell Labs,,"Murray Hill, NJ",US,paper,p.1 affiliations,
sayem2026a,3,Ting-Chen Hu,1,primary,Nokia Bell Labs,,"Murray Hill, NJ",US,paper,p.1 affiliations,
sayem2026a,4,Alaric Tate,1,primary,Nokia Bell Labs,,"Murray Hill, NJ",US,paper,p.1 affiliations,
sayem2026a,5,Mark Cappuzzo,1,primary,Nokia Bell Labs,,"Murray Hill, NJ",US,paper,p.1 affiliations,
sayem2026a,6,Rose Kopf,1,primary,Nokia Bell Labs,,"Murray Hill, NJ",US,paper,p.1 affiliations,
sayem2026a,7,Mark Earnshaw,1,primary,Nokia Bell Labs,,"Murray Hill, NJ",US,paper,p.1 affiliations,
sayem2026b,1,Ayed Al Sayem,1,primary,Nokia Bell Labs,,"Murray Hill, NJ",US,paper,p.1 affiliations,
sayem2026b,2,Shiekh Zia Uddin,1,primary,Nokia Bell Labs,,"Murray Hill, NJ",US,paper,p.1 affiliations,
sayem2026b,3,Ting-Chen Hu,1,primary,Nokia Bell Labs,,"Murray Hill, NJ",US,paper,p.1 affiliations,
sayem2026b,4,Alaric Tate,1,primary,Nokia Bell Labs,,"Murray Hill, NJ",US,paper,p.1 affiliations,
sayem2026b,5,Mark Cappuzzo,1,primary,Nokia Bell Labs,,"Murray Hill, NJ",US,paper,p.1 affiliations,
sayem2026b,6,Rose Kopf,1,primary,Nokia Bell Labs,,"Murray Hill, NJ",US,paper,p.1 affiliations,
sayem2026b,7,Mark Earnshaw,1,primary,Nokia Bell Labs,,"Murray Hill, NJ",US,paper,p.1 affiliations,
sayem2026c,1,Ayed Al Sayem,1,primary,Nokia Bell Labs,,,US,paper,p.1 affiliations,"No city printed (NJ, USA only)"
sayem2026c,2,Shiekh Zia Uddin,1,primary,Nokia Bell Labs,,,US,paper,p.1 affiliations,"No city printed (NJ, USA only)"
sayem2026c,3,Ting-Chen Hu,1,primary,Nokia Bell Labs,,,US,paper,p.1 affiliations,"No city printed (NJ, USA only)"
sayem2026c,4,Alaric Tate,1,primary,Nokia Bell Labs,,,US,paper,p.1 affiliations,"No city printed (NJ, USA only)"
sayem2026c,5,Mark Cappuzzo,1,primary,Nokia Bell Labs,,,US,paper,p.1 affiliations,"No city printed (NJ, USA only)"
sayem2026c,6,Rose Kopf,1,primary,Nokia Bell Labs,,,US,paper,p.1 affiliations,"No city printed (NJ, USA only)"
sayem2026c,7,Mark Earnshaw,1,primary,Nokia Bell Labs,,,US,paper,p.1 affiliations,"No city printed (NJ, USA only)"
schwarzenberger2026,1,Adrian Schwarzenberger,1,primary,Karlsruhe Institute of Technology,Institute of Photonics and Quantum Electronics (IPQ),Karlsruhe,DE,paper,p.1 author footnotes,
schwarzenberger2026,1,Adrian Schwarzenberger,2,additional,SilOriX,,Karlsruhe,DE,paper,p.1 author footnotes,
schwarzenberger2026,2,Alexander Kotz,1,primary,Karlsruhe Institute of Technology,Institute of Photonics and Quantum Electronics (IPQ),Karlsruhe,DE,paper,p.1 author footnotes,
schwarzenberger2026,3,Dengyang Fang,1,primary,Karlsruhe Institute of Technology,Institute of Photonics and Quantum Electronics (IPQ),Karlsruhe,DE,paper,p.1 author footnotes,
schwarzenberger2026,4,Hend Kholeif,1,primary,Karlsruhe Institute of Technology,Institute of Photonics and Quantum Electronics (IPQ),Karlsruhe,DE,paper,p.1 author footnotes,
schwarzenberger2026,4,Hend Kholeif,2,additional,Karlsruhe Institute of Technology,Institute of Microstructure Technology (IMT),Eggenstein-Leopoldshafen,DE,paper,p.1 author footnotes,
schwarzenberger2026,5,Carsten Eschenbaum,1,primary,SilOriX,,Karlsruhe,DE,paper,p.1 author footnotes,
schwarzenberger2026,6,Lukas Grünewald,1,primary,Karlsruhe Institute of Technology,Laboratory of Electron Microscopy (LEM),Karlsruhe,DE,paper,p.1 author footnotes,"Was with LEM, KIT; now at Freiburg (present address)"
schwarzenberger2026,6,Lukas Grünewald,2,present_address,University of Freiburg,Institute for Anatomy and Cell Biology,Freiburg,DE,paper,p.1 author footnotes,"Was with LEM, KIT; now at Freiburg (present address)"
schwarzenberger2026,7,Christoph Wilhelm,1,primary,Karlsruhe Institute of Technology,Institute of Photonics and Quantum Electronics (IPQ),Karlsruhe,DE,paper,p.1 author footnotes,
schwarzenberger2026,7,Christoph Wilhelm,2,additional,SilOriX,,Karlsruhe,DE,paper,p.1 author footnotes,
schwarzenberger2026,8,Stefan Singer,1,primary,Karlsruhe Institute of Technology,Institute of Photonics and Quantum Electronics (IPQ),Karlsruhe,DE,paper,p.1 author footnotes,
schwarzenberger2026,8,Stefan Singer,2,additional,SilOriX,,Karlsruhe,DE,paper,p.1 author footnotes,
schwarzenberger2026,9,Mohamed Kelany,1,primary,Karlsruhe Institute of Technology,Institute of Photonics and Quantum Electronics (IPQ),Karlsruhe,DE,paper,p.1 author footnotes,
schwarzenberger2026,10,Cheng Feng,1,primary,SilOriX,,Karlsruhe,DE,paper,p.1 author footnotes,
schwarzenberger2026,11,Malte Martens,1,primary,SilOriX,,Karlsruhe,DE,paper,p.1 author footnotes,
schwarzenberger2026,12,Adrian Mertens,1,primary,SilOriX,,Karlsruhe,DE,paper,p.1 author footnotes,
schwarzenberger2026,13,Sidra Sarwar,1,primary,Karlsruhe Institute of Technology,Institute of Microstructure Technology (IMT),Karlsruhe,DE,paper,p.1 author footnotes,
schwarzenberger2026,13,Sidra Sarwar,2,additional,Karlsruhe Institute of Technology,Institute of Organic Chemistry (IOC),Karlsruhe,DE,paper,p.1 author footnotes,
schwarzenberger2026,14,Patrick Kern,1,primary,Karlsruhe Institute of Technology,Institute of Organic Chemistry (IOC),Karlsruhe,DE,paper,p.1 author footnotes,
schwarzenberger2026,14,Patrick Kern,2,additional,Karlsruhe Institute of Technology,Institute of Biological and Chemical Systems - Functional Molecular Systems (IBCS-FMS),Eggenstein-Leopoldshafen,DE,paper,p.1 author footnotes,
schwarzenberger2026,15,Masis Sirim,1,primary,Karlsruhe Institute of Technology,Institute of Organic Chemistry (IOC),Karlsruhe,DE,paper,p.1 author footnotes,
schwarzenberger2026,15,Masis Sirim,2,additional,Karlsruhe Institute of Technology,Institute of Biological and Chemical Systems - Functional Molecular Systems (IBCS-FMS),Eggenstein-Leopoldshafen,DE,paper,p.1 author footnotes,
schwarzenberger2026,16,Peter Erk,1,primary,Karlsruhe Institute of Technology,Institute of Photonics and Quantum Electronics (IPQ),Karlsruhe,DE,paper,p.1 author footnotes,
schwarzenberger2026,16,Peter Erk,2,additional,SilOriX,,Karlsruhe,DE,paper,p.1 author footnotes,
schwarzenberger2026,17,Artem Kuzmin,1,primary,Karlsruhe Institute of Technology,Institute of Photonics and Quantum Electronics (IPQ),Karlsruhe,DE,paper,p.1 author footnotes,
schwarzenberger2026,17,Artem Kuzmin,2,additional,Karlsruhe Institute of Technology,Institute of Microstructure Technology (IMT),Eggenstein-Leopoldshafen,DE,paper,p.1 author footnotes,
schwarzenberger2026,18,Yolita M. Eggeler,1,primary,Karlsruhe Institute of Technology,Laboratory of Electron Microscopy (LEM),Karlsruhe,DE,paper,p.1 author footnotes,
schwarzenberger2026,19,Stefan Bräse,1,primary,Karlsruhe Institute of Technology,Institute of Organic Chemistry (IOC),Karlsruhe,DE,paper,p.1 author footnotes,
schwarzenberger2026,19,Stefan Bräse,2,additional,Karlsruhe Institute of Technology,Institute of Biological and Chemical Systems - Functional Molecular Systems (IBCS-FMS),Eggenstein-Leopoldshafen,DE,paper,p.1 author footnotes,
schwarzenberger2026,20,Sebastian Randel,1,primary,Karlsruhe Institute of Technology,Institute of Photonics and Quantum Electronics (IPQ),Karlsruhe,DE,paper,p.1 author footnotes,
schwarzenberger2026,21,Wolfgang Freude,1,primary,Karlsruhe Institute of Technology,Institute of Photonics and Quantum Electronics (IPQ),Karlsruhe,DE,paper,p.1 author footnotes,
schwarzenberger2026,22,Christian Koos,1,primary,Karlsruhe Institute of Technology,Institute of Photonics and Quantum Electronics (IPQ),Karlsruhe,DE,paper,p.1 author footnotes,
schwarzenberger2026,22,Christian Koos,2,additional,Karlsruhe Institute of Technology,Institute of Microstructure Technology (IMT),Karlsruhe,DE,paper,p.1 author footnotes,
schwarzenberger2026,22,Christian Koos,3,additional,SilOriX,,Karlsruhe,DE,paper,p.1 author footnotes,
shamsansari2021,1,Amirhassan Shams-Ansari,1,primary,Harvard University,John A. Paulson School of Engineering and Applied Sciences,"Cambridge, MA",US,paper,p.1 affiliations,
shamsansari2021,2,Dylan Renaud,1,primary,Harvard University,John A. Paulson School of Engineering and Applied Sciences,"Cambridge, MA",US,paper,p.1 affiliations,
shamsansari2021,3,Rebecca Cheng,1,primary,Harvard University,John A. Paulson School of Engineering and Applied Sciences,"Cambridge, MA",US,paper,p.1 affiliations,
shamsansari2021,4,Linbo Shao,1,primary,Harvard University,John A. Paulson School of Engineering and Applied Sciences,"Cambridge, MA",US,paper,p.1 affiliations,
shamsansari2021,5,Lingyan He,1,primary,HyperLight,,"Cambridge, MA",US,paper,p.1 affiliations,
shamsansari2021,6,Di Zhu,1,primary,Harvard University,John A. Paulson School of Engineering and Applied Sciences,"Cambridge, MA",US,paper,p.1 affiliations,
shamsansari2021,7,Mengjie Yu,1,primary,Harvard University,John A. Paulson School of Engineering and Applied Sciences,"Cambridge, MA",US,paper,p.1 affiliations,
shamsansari2021,8,Hannah R. Grant,1,primary,Freedom Photonics,,"Goleta, CA",US,paper,p.1 affiliations,
shamsansari2021,9,Leif Johansson,1,primary,Freedom Photonics,,"Goleta, CA",US,paper,p.1 affiliations,
shamsansari2021,10,Mian Zhang,1,primary,HyperLight,,"Cambridge, MA",US,paper,p.1 affiliations,
shamsansari2021,11,Marko Lončar,1,primary,Harvard University,John A. Paulson School of Engineering and Applied Sciences,"Cambridge, MA",US,paper,p.1 affiliations,
shen2021,1,Weihong Shen,1,primary,Shanghai Jiao Tong University,State Key Laboratory of Advanced Optical Communication Systems and Networks,Shanghai,CN,paper,p.1 affiliations,
shen2021,2,Gangqiang Zhou,1,primary,Shanghai Jiao Tong University,State Key Laboratory of Advanced Optical Communication Systems and Networks,Shanghai,CN,paper,p.1 affiliations,
shen2021,3,Jiangbing Du,1,primary,Shanghai Jiao Tong University,State Key Laboratory of Advanced Optical Communication Systems and Networks,Shanghai,CN,paper,p.1 affiliations,
shen2021,4,Linjie Zhou,1,primary,Shanghai Jiao Tong University,State Key Laboratory of Advanced Optical Communication Systems and Networks,Shanghai,CN,paper,p.1 affiliations,
shen2021,5,Ke Xu,1,primary,"Harbin Institute of Technology, Shenzhen",Department of Electronic and Information Engineering,Shenzhen,CN,paper,p.1 affiliations,
shen2021,6,Zuyuan He,1,primary,Shanghai Jiao Tong University,State Key Laboratory of Advanced Optical Communication Systems and Networks,Shanghai,CN,paper,p.1 affiliations,
shen2024,1,Mohan Shen,1,primary,Yale University,Department of Electrical Engineering,"New Haven, CT",US,paper,p.1 affiliations,
shen2024,2,Jiacheng Xie,1,primary,Yale University,Department of Electrical Engineering,"New Haven, CT",US,paper,p.1 affiliations,
shen2024,3,Yuntao Xu,1,primary,Yale University,Department of Electrical Engineering,"New Haven, CT",US,paper,p.1 affiliations,
shen2024,4,Sihao Wang,1,primary,Yale University,Department of Electrical Engineering,"New Haven, CT",US,paper,p.1 affiliations,
shen2024,5,Risheng Cheng,1,primary,Yale University,Department of Electrical Engineering,"New Haven, CT",US,paper,p.1 affiliations,
shen2024,6,Wei Fu,1,primary,Yale University,Department of Electrical Engineering,"New Haven, CT",US,paper,p.1 affiliations,
shen2024,7,Yiyu Zhou,1,primary,Yale University,Department of Electrical Engineering,"New Haven, CT",US,paper,p.1 affiliations,
shen2024,8,Hong X. Tang,1,primary,Yale University,Department of Electrical Engineering,"New Haven, CT",US,paper,p.1 affiliations,
sia2022,1,Jia Xu Brian Sia,1,primary,Nanyang Technological University,School of Electrical and Electronic Engineering,Singapore,SG,paper,p.1 author footnotes,
sia2022,2,Xiang Li,1,primary,Nanyang Technological University,Temasek Laboratories,Singapore,SG,paper,p.1 author footnotes,
sia2022,3,X. Guo,1,primary,Nanyang Technological University,School of Electrical and Electronic Engineering,Singapore,SG,paper,p.1 author footnotes,
sia2022,4,Jiawei Wang,1,primary,Nanyang Technological University,School of Electrical and Electronic Engineering,Singapore,SG,paper,p.1 author footnotes,
sia2022,5,Wanjun Wang,1,primary,Nanyang Technological University,School of Electrical and Electronic Engineering,Singapore,SG,paper,p.1 author footnotes,
sia2022,6,Zhongliang Qiao,1,primary,Hainan Normal University,Key Laboratory of Laser Technology and Optoelectronic Functional Materials of Hainan Province; School of Physics and Electronic Engineering,Haikou,CN,paper,p.1 author footnotes,
sia2022,7,Callum G. Littlejohns,1,primary,University of Southampton,Optoelectronics Research Centre,Southampton,GB,paper,p.1 author footnotes,
sia2022,8,Chongyang Liu,1,primary,Nanyang Technological University,Temasek Laboratories,Singapore,SG,paper,p.1 author footnotes,
sia2022,9,Kian Siong Ang,1,primary,CompoundTek Pte Ltd,,Singapore,SG,paper,p.1 author footnotes,
sia2022,10,Graham T. Reed,1,primary,University of Southampton,Optoelectronics Research Centre,Southampton,GB,paper,p.1 author footnotes,
sia2022,11,Hong Wang,1,primary,Nanyang Technological University,School of Electrical and Electronic Engineering,Singapore,SG,paper,p.1 author footnotes,
soma2025,1,Go Soma,1,primary,The University of Tokyo,School of Engineering,Tokyo,JP,paper,p.1 affiliations,
soma2025,2,Koto Ariu,1,primary,The University of Tokyo,School of Engineering,Tokyo,JP,paper,p.1 affiliations,
soma2025,3,Seidai Karakida,1,primary,The University of Tokyo,School of Engineering,Tokyo,JP,paper,p.1 affiliations,
soma2025,4,Yusuke Tsubai,1,primary,The University of Tokyo,School of Engineering,Tokyo,JP,paper,p.1 affiliations,
soma2025,5,Takuo Tanemura,1,primary,The University of Tokyo,School of Engineering,Tokyo,JP,paper,p.1 affiliations,
steckler2025,1,Daniel Steckler,1,primary,IHP - Leibniz Institute for High Performance Microelectronics,,Frankfurt (Oder),DE,paper,p.1 affiliation footnote,
steckler2025,2,Stefan Lischke,1,primary,IHP - Leibniz Institute for High Performance Microelectronics,,Frankfurt (Oder),DE,paper,p.1 affiliation footnote,
steckler2025,3,Yuji Yamamoto,1,primary,IHP - Leibniz Institute for High Performance Microelectronics,,Frankfurt (Oder),DE,paper,p.1 affiliation footnote,
steckler2025,4,Wei-Chen Wen,1,primary,IHP - Leibniz Institute for High Performance Microelectronics,,Frankfurt (Oder),DE,paper,p.1 affiliation footnote,
steckler2025,5,Anna Peczek,1,primary,IHP - Leibniz Institute for High Performance Microelectronics,,Frankfurt (Oder),DE,paper,p.1 affiliation footnote,
steckler2025,6,Johannes Beyer,1,primary,IHP - Leibniz Institute for High Performance Microelectronics,,Frankfurt (Oder),DE,paper,p.1 affiliation footnote,
steckler2025,7,Aleksandra Kroh,1,primary,IHP - Leibniz Institute for High Performance Microelectronics,,Frankfurt (Oder),DE,paper,p.1 affiliation footnote,
steckler2025,8,Oksana Fursenko,1,primary,IHP - Leibniz Institute for High Performance Microelectronics,,Frankfurt (Oder),DE,paper,p.1 affiliation footnote,
steckler2025,9,Florian Bärwolf,1,primary,IHP - Leibniz Institute for High Performance Microelectronics,,Frankfurt (Oder),DE,paper,p.1 affiliation footnote,
steckler2025,10,Steffen Marschmeyer,1,primary,IHP - Leibniz Institute for High Performance Microelectronics,,Frankfurt (Oder),DE,paper,p.1 affiliation footnote,
steckler2025,11,Philipp Kulse,1,primary,IHP - Leibniz Institute for High Performance Microelectronics,,Frankfurt (Oder),DE,paper,p.1 affiliation footnote,
steckler2025,12,Dirk Wolansky,1,primary,IHP - Leibniz Institute for High Performance Microelectronics,,Frankfurt (Oder),DE,paper,p.1 affiliation footnote,
steckler2025,13,Lars Zimmermann,1,primary,IHP - Leibniz Institute for High Performance Microelectronics,,Frankfurt (Oder),DE,paper,p.1 affiliation footnote,
steckler2025,13,Lars Zimmermann,2,additional,Technische Universität Berlin,FG Silizium-Photonik,Berlin,DE,paper,p.1 affiliation footnote,
suceava2025,1,Albert Suceava,1,primary,The Pennsylvania State University,Department of Materials Science and Engineering,"University Park, PA",US,paper,p.1 author footnotes,
suceava2025,2,Sankalpa Hazra,1,primary,The Pennsylvania State University,Department of Materials Science and Engineering,"University Park, PA",US,paper,p.1 author footnotes,
suceava2025,3,Aiden Ross,1,primary,The Pennsylvania State University,Department of Materials Science and Engineering,"University Park, PA",US,paper,p.1 author footnotes,
suceava2025,4,Ian Reed Philippi,1,primary,The Pennsylvania State University,Department of Physics,"University Park, PA",US,paper,p.1 author footnotes,
suceava2025,5,Dylan Sotir,1,primary,PARADIM,,"Ithaca, NY",US,paper,p.1 author footnotes,
suceava2025,5,Dylan Sotir,2,additional,Cornell University,Department of Materials Science and Engineering,"Ithaca, NY",US,paper,p.1 author footnotes,
suceava2025,6,Brynn Brower,1,primary,The Pennsylvania State University,Department of Physics,"University Park, PA",US,paper,p.1 author footnotes,
suceava2025,7,Lei Ding,1,primary,The Pennsylvania State University,Department of Engineering Science and Mechanics,"University Park, PA",US,paper,p.1 author footnotes,
suceava2025,8,Yingxin Zhu,1,primary,The Pennsylvania State University,Department of Engineering Science and Mechanics,"University Park, PA",US,paper,p.1 author footnotes,
suceava2025,9,Zhiyu Zhang,1,primary,The Pennsylvania State University,Department of Engineering Science and Mechanics,"University Park, PA",US,paper,p.1 author footnotes,
suceava2025,10,Himirkanti Sarkar,1,primary,The Pennsylvania State University,Department of Materials Science and Engineering,"University Park, PA",US,paper,p.1 author footnotes,
suceava2025,11,Saugata Sarker,1,primary,The Pennsylvania State University,Department of Materials Science and Engineering,"University Park, PA",US,crossref,p.1 author footnotes; crossref.json author 11,printed as S. Sarker; name bound via crossref
suceava2025,12,Yang Yang,1,primary,The Pennsylvania State University,Department of Engineering Science and Mechanics,"University Park, PA",US,paper,p.1 author footnotes,
suceava2025,12,Yang Yang,2,additional,The Pennsylvania State University,Department of Nuclear Engineering,"University Park, PA",US,paper,p.2 affiliations (continued),
suceava2025,12,Yang Yang,3,additional,The Pennsylvania State University,Materials Research Institute,"University Park, PA",US,paper,p.2 affiliations (continued),
suceava2025,13,Suchismita Sarker,1,primary,Cornell High Energy Synchrotron Source,,"Ithaca, NY",US,crossref,p.1 author footnotes; crossref.json author 13,printed as S. Sarker; name bound via crossref
suceava2025,14,Vladimir A. Stoica,1,primary,The Pennsylvania State University,Department of Materials Science and Engineering,"University Park, PA",US,paper,p.1 author footnotes,
suceava2025,15,Darrell G. Schlom,1,primary,Cornell University,Department of Materials Science and Engineering,"Ithaca, NY",US,paper,p.1 author footnotes,
suceava2025,15,Darrell G. Schlom,2,additional,Kavli Institute at Cornell for Nanoscale Science,,"Ithaca, NY",US,paper,p.2 affiliations (continued),
suceava2025,15,Darrell G. Schlom,3,additional,Leibniz-Institut für Kristallzüchtung,,Berlin,DE,paper,p.2 affiliations (continued),
suceava2025,16,Long-Qing Chen,1,primary,The Pennsylvania State University,Department of Materials Science and Engineering,"University Park, PA",US,paper,p.1 author footnotes,
suceava2025,17,Venkatraman Gopalan,1,primary,The Pennsylvania State University,Department of Materials Science and Engineering,"University Park, PA",US,paper,p.1 author footnotes,
suceava2025,17,Venkatraman Gopalan,2,additional,The Pennsylvania State University,Department of Physics,"University Park, PA",US,paper,p.1 author footnotes,
sun2026a,1,Zhongpeng Sun,1,primary,Harvard University,Harvard John A. Paulson School of Engineering and Applied Sciences,"Cambridge, MA",US,paper,p.1 affiliations,
sun2026a,1,Zhongpeng Sun,2,additional,Harvard University,Department of Chemistry and Chemical Biology,"Cambridge, MA",US,paper,p.1 affiliations,
sun2026a,2,Kerolos M. A. Yousef,1,primary,Harvard University,Harvard John A. Paulson School of Engineering and Applied Sciences,"Cambridge, MA",US,paper,p.1 affiliations,
sun2026a,3,Michael Domm,1,primary,Harvard University,Harvard John A. Paulson School of Engineering and Applied Sciences,"Cambridge, MA",US,paper,p.1 affiliations,
sun2026a,4,Agham Posadas,1,primary,"La Luce Cristallina, Inc.",,"Austin, TX",US,paper,p.1 affiliations,
sun2026a,5,Xudong Li,1,primary,Harvard University,Harvard John A. Paulson School of Engineering and Applied Sciences,"Cambridge, MA",US,paper,p.1 affiliations,
sun2026a,6,Marcus Ossiander,1,primary,Harvard University,Harvard John A. Paulson School of Engineering and Applied Sciences,"Cambridge, MA",US,paper,p.1 affiliations,
sun2026a,6,Marcus Ossiander,2,additional,Graz University of Technology,Institute of Experimental Physics,Graz,AT,paper,p.1 affiliations,
sun2026a,7,Maryna L. Meretska,1,primary,Harvard University,Harvard John A. Paulson School of Engineering and Applied Sciences,"Cambridge, MA",US,paper,p.1 affiliations,
sun2026a,7,Maryna L. Meretska,2,additional,Karlsruhe Institute of Technology,Institute of Nanotechnology,Karlsruhe,DE,paper,p.1 affiliations,
sun2026a,8,Yiwei Ju,1,primary,"University of California, Irvine",Department of Materials Science and Engineering,"Irvine, CA",US,paper,p.1 affiliations,
sun2026a,9,Isabel Barth,1,primary,Harvard University,Harvard John A. Paulson School of Engineering and Applied Sciences,"Cambridge, MA",US,paper,p.1 affiliations,
sun2026a,10,Jason Tischler,1,primary,The University of Texas at Austin,Department of Physics,"Austin, TX",US,paper,p.1 affiliations,
sun2026a,11,Theodore P. Letsou,1,primary,Harvard University,Harvard John A. Paulson School of Engineering and Applied Sciences,"Cambridge, MA",US,paper,p.1 affiliations,
sun2026a,12,Moaz Waqar,1,primary,"University of California, Irvine",Department of Materials Science and Engineering,"Irvine, CA",US,paper,p.1 affiliations,
sun2026a,13,Amirhassan Shams-Ansari,1,primary,Monarch Quantum,,"San Diego, CA",US,paper,p.1 affiliations,
sun2026a,14,Xiaoqing Pan,1,primary,"University of California, Irvine",Department of Materials Science and Engineering,"Irvine, CA",US,paper,p.1 affiliations,
sun2026a,14,Xiaoqing Pan,2,additional,"University of California, Irvine",Department of Physics and Astronomy,"Irvine, CA",US,paper,p.1 affiliations,
sun2026a,14,Xiaoqing Pan,3,additional,Irvine Materials Research Institute,,"Irvine, CA",US,paper,p.1 affiliations,
sun2026a,15,Alexander A. Demkov,1,primary,The University of Texas at Austin,Department of Physics,"Austin, TX",US,paper,p.1 affiliations,
sun2026a,16,Federico Capasso,1,primary,Harvard University,Harvard John A. Paulson School of Engineering and Applied Sciences,"Cambridge, MA",US,paper,p.1 affiliations,
taghavi2022a,1,Iman Taghavi,1,primary,Georgia Institute of Technology,Electrical and Computer Engineering Department,"Atlanta, GA",US,paper,p.1 affiliations,arXiv v2 p.1 markers transposed; crossref and p.14 agree
taghavi2022a,1,Iman Taghavi,2,additional,University of British Columbia,Department of Electrical and Computer Engineering,"Vancouver, BC",CA,paper,p.1 affiliations,arXiv v2 p.1 markers transposed; crossref and p.14 agree
taghavi2022a,2,Razi Dehghannasiri,1,primary,Georgia Institute of Technology,Electrical and Computer Engineering Department,"Atlanta, GA",US,crossref,p.1 affiliations; crossref.json,arXiv v2 p.1 markers transposed; crossref and p.14 agree
taghavi2022a,3,Tianren Fan,1,primary,Georgia Institute of Technology,Electrical and Computer Engineering Department,"Atlanta, GA",US,crossref,p.1 affiliations; crossref.json,arXiv v2 p.1 markers transposed; crossref and p.14 agree
taghavi2022a,4,Alexander Tofini,1,primary,University of British Columbia,Department of Electrical and Computer Engineering,"Vancouver, BC",CA,crossref,p.1 affiliations; crossref.json,arXiv v2 p.1 markers transposed; crossref and p.14 agree
taghavi2022a,5,Hesam Moradinejad,1,primary,Georgia Institute of Technology,Electrical and Computer Engineering Department,"Atlanta, GA",US,crossref,p.1 affiliations; crossref.json,arXiv v2 p.1 markers transposed; crossref and p.14 agree
taghavi2022a,6,Ali. A. Efterkhar,1,primary,Georgia Institute of Technology,Electrical and Computer Engineering Department,"Atlanta, GA",US,crossref,p.1 affiliations; crossref.json,arXiv v2 p.1 markers transposed; crossref and p.14 agree
taghavi2022a,7,Sudip Shekhar,1,primary,University of British Columbia,Department of Electrical and Computer Engineering,"Vancouver, BC",CA,crossref,p.1 affiliations; crossref.json,arXiv v2 p.1 markers transposed; crossref and p.14 agree
taghavi2022a,8,Lukas Chrostowski,1,primary,University of British Columbia,Department of Electrical and Computer Engineering,"Vancouver, BC",CA,crossref,p.1 affiliations; crossref.json,arXiv v2 p.1 markers transposed; crossref and p.14 agree
taghavi2022a,9,Nicolas A. F. Jaeger,1,primary,University of British Columbia,Department of Electrical and Computer Engineering,"Vancouver, BC",CA,crossref,p.1 affiliations; crossref.json,arXiv v2 p.1 markers transposed; crossref and p.14 agree
taghavi2022a,10,Ali Adibi,1,primary,Georgia Institute of Technology,Electrical and Computer Engineering Department,"Atlanta, GA",US,crossref,p.1 affiliations; crossref.json,arXiv v2 p.1 markers transposed; crossref and p.14 agree
taghavi2024,1,Iman Taghavi,1,primary,University of British Columbia,Department of Electrical and Computer Engineering,"Vancouver, BC",CA,paper,p.1 affiliations,
taghavi2024,1,Iman Taghavi,2,additional,Dream Photonics,,"Vancouver, BC",CA,paper,p.1 affiliations,
taghavi2024,2,Omid Esmaeeli,1,primary,University of British Columbia,Department of Electrical and Computer Engineering,"Vancouver, BC",CA,paper,p.1 affiliations,
taghavi2024,3,Sheri Jahan Chowdhury,1,primary,University of British Columbia,Department of Electrical and Computer Engineering,"Vancouver, BC",CA,paper,p.1 affiliations,
taghavi2024,4,Kashif Masud Awan,1,primary,University of British Columbia,Quantum Matter Institute,"Vancouver, BC",CA,paper,p.1 affiliations,
taghavi2024,5,Mustafa Hammood,1,primary,University of British Columbia,Department of Electrical and Computer Engineering,"Vancouver, BC",CA,paper,p.1 affiliations,
taghavi2024,5,Mustafa Hammood,2,additional,Dream Photonics,,"Vancouver, BC",CA,paper,p.1 affiliations,
taghavi2024,6,Matthew Mitchell,1,primary,University of British Columbia,Department of Electrical and Computer Engineering,"Vancouver, BC",CA,paper,p.1 affiliations,
taghavi2024,6,Matthew Mitchell,2,additional,University of British Columbia,Quantum Matter Institute,"Vancouver, BC",CA,paper,p.1 affiliations,
taghavi2024,7,Donald Witt,1,primary,University of British Columbia,Department of Electrical and Computer Engineering,"Vancouver, BC",CA,paper,p.1 affiliations,
taghavi2024,7,Donald Witt,2,additional,University of British Columbia,Quantum Matter Institute,"Vancouver, BC",CA,paper,p.1 affiliations,
taghavi2024,8,Cory Pecinovsky,1,primary,"Polaris Electro-Optics, Inc.",,"Broomfield, CO",US,paper,p.1 affiliations,
taghavi2024,9,Jason Sickler,1,primary,"Polaris Electro-Optics, Inc.",,"Broomfield, CO",US,paper,p.1 affiliations,
taghavi2024,10,Jeff F. Young,1,primary,University of British Columbia,Department of Electrical and Computer Engineering,"Vancouver, BC",CA,paper,p.1 affiliations,
taghavi2024,10,Jeff F. Young,2,additional,University of British Columbia,Quantum Matter Institute,"Vancouver, BC",CA,paper,p.1 affiliations,
taghavi2024,10,Jeff F. Young,3,additional,University of British Columbia,Department of Physics and Astronomy,"Vancouver, BC",CA,paper,p.1 affiliations,
taghavi2024,11,Nicolas A. F. Jaeger,1,primary,University of British Columbia,Department of Electrical and Computer Engineering,"Vancouver, BC",CA,paper,p.1 affiliations,
taghavi2024,12,Sudip Shekhar,1,primary,University of British Columbia,Department of Electrical and Computer Engineering,"Vancouver, BC",CA,paper,p.1 affiliations,
taghavi2024,12,Sudip Shekhar,2,additional,Dream Photonics,,"Vancouver, BC",CA,paper,p.1 affiliations,
taghavi2024,12,Sudip Shekhar,3,additional,Dream Photonics,,"Woodinville, WA",US,paper,p.1 affiliations,
taghavi2024,13,Lukas Chrostowski,1,primary,University of British Columbia,Department of Electrical and Computer Engineering,"Vancouver, BC",CA,paper,p.1 affiliations,
taghavi2024,13,Lukas Chrostowski,2,additional,Dream Photonics,,"Vancouver, BC",CA,paper,p.1 affiliations,
taghavi2024,13,Lukas Chrostowski,3,additional,University of British Columbia,Quantum Matter Institute,"Vancouver, BC",CA,paper,p.1 affiliations,
taghavi2026,1,Iman Taghavi,1,primary,University of British Columbia,Department of Electrical and Computer Engineering,"Vancouver, BC",CA,paper,p.1 affiliations,
taghavi2026,1,Iman Taghavi,2,additional,Dream Photonics,,"Vancouver, BC",CA,paper,p.1 affiliations,
taghavi2026,2,Alexander Tofini,1,primary,University of British Columbia,Department of Electrical and Computer Engineering,"Vancouver, BC",CA,paper,p.1 affiliations,
taghavi2026,3,Edward K. Leung,1,primary,University of British Columbia,Department of Electrical and Computer Engineering,"Vancouver, BC",CA,paper,p.1 affiliations,
taghavi2026,4,Cory Pecinovsky,1,primary,"Polaris Electro-Optics, Inc.",,"Broomfield, CO",US,paper,p.1 affiliations,
taghavi2026,5,Nicolas A. F. Jaeger,1,primary,University of British Columbia,Department of Electrical and Computer Engineering,"Vancouver, BC",CA,paper,p.1 affiliations,
taghavi2026,6,Lukas Chrostowski,1,primary,University of British Columbia,Department of Electrical and Computer Engineering,"Vancouver, BC",CA,paper,p.1 affiliations,
taghavi2026,6,Lukas Chrostowski,2,additional,Dream Photonics,,"Vancouver, BC",CA,paper,p.1 affiliations,
taghavi2026,6,Lukas Chrostowski,3,additional,University of British Columbia,Quantum Matter Institute,"Vancouver, BC",CA,paper,p.1 affiliations,
taghavi2026,7,Sudip Shekhar,1,primary,University of British Columbia,Department of Electrical and Computer Engineering,"Vancouver, BC",CA,paper,p.1 affiliations,
taghavi2026,7,Sudip Shekhar,2,additional,Dream Photonics,,"Vancouver, BC",CA,paper,p.1 affiliations,
tan2024,1,Ying Tan,1,primary,Ghent University,"Photonics Research Group, Department of Information Technology (INTEC)",Ghent,BE,paper,p.1 affiliations,
tan2024,1,Ying Tan,2,additional,imec,,Heverlee,BE,paper,p.1 affiliations,
tan2024,2,Shengpu Niu,1,primary,imec,,Heverlee,BE,paper,p.1 affiliations,
tan2024,2,Shengpu Niu,2,additional,Ghent University,"IDLab, Department of Information Technology (INTEC)",Ghent,BE,paper,p.1 affiliations,
tan2024,3,Maximilien Billet,1,primary,Ghent University,"Photonics Research Group, Department of Information Technology (INTEC)",Ghent,BE,paper,p.1 affiliations,
tan2024,3,Maximilien Billet,2,additional,imec,,Heverlee,BE,paper,p.1 affiliations,
tan2024,3,Maximilien Billet,3,additional,Université Libre de Bruxelles,OPERA-Photonique,Bruxelles,BE,paper,p.1 affiliations,
tan2024,4,Nishant Singh,1,primary,imec,,Heverlee,BE,paper,p.1 affiliations,
tan2024,4,Nishant Singh,2,additional,Ghent University,"IDLab, Department of Information Technology (INTEC)",Ghent,BE,paper,p.1 affiliations,
tan2024,5,Margot Niels,1,primary,Ghent University,"Photonics Research Group, Department of Information Technology (INTEC)",Ghent,BE,paper,p.1 affiliations,
tan2024,5,Margot Niels,2,additional,imec,,Heverlee,BE,paper,p.1 affiliations,
tan2024,6,Tom Vanackere,1,primary,Ghent University,"Photonics Research Group, Department of Information Technology (INTEC)",Ghent,BE,paper,p.1 affiliations,
tan2024,6,Tom Vanackere,2,additional,imec,,Heverlee,BE,paper,p.1 affiliations,
tan2024,6,Tom Vanackere,3,additional,Université Libre de Bruxelles,OPERA-Photonique,Bruxelles,BE,paper,p.1 affiliations,
tan2024,7,Joris Van Kerrebrouck,1,primary,imec,,Heverlee,BE,paper,p.1 affiliations,
tan2024,7,Joris Van Kerrebrouck,2,additional,Ghent University,"IDLab, Department of Information Technology (INTEC)",Ghent,BE,paper,p.1 affiliations,
tan2024,8,Gunther Roelkens,1,primary,Ghent University,"Photonics Research Group, Department of Information Technology (INTEC)",Ghent,BE,paper,p.1 affiliations,
tan2024,8,Gunther Roelkens,2,additional,imec,,Heverlee,BE,paper,p.1 affiliations,
tan2024,9,Bart Kuyken,1,primary,Ghent University,"Photonics Research Group, Department of Information Technology (INTEC)",Ghent,BE,paper,p.1 affiliations,
tan2024,9,Bart Kuyken,2,additional,imec,,Heverlee,BE,paper,p.1 affiliations,
tan2024,10,Dries Van Thourhout,1,primary,Ghent University,"Photonics Research Group, Department of Information Technology (INTEC)",Ghent,BE,paper,p.1 affiliations,
tan2024,10,Dries Van Thourhout,2,additional,imec,,Heverlee,BE,paper,p.1 affiliations,
tanaka2026,1,Hajime Tanaka,1,primary,Photonics Electronics Technology Research Association,,"Bunkyo-ku, Tokyo",JP,paper,p.1 affiliations,
tanaka2026,1,Hajime Tanaka,2,additional,"Sumitomo Electric Industries, Ltd.",,"Yokohama, Kanagawa",JP,paper,p.1 affiliations,
tanaka2026,1,Hajime Tanaka,3,additional,Institute of Science Tokyo,Department of Electrical and Electronic Engineering,"Meguro-ku, Tokyo",JP,paper,p.1 affiliations,
tanaka2026,2,Naotaka Kasuya,1,primary,Photonics Electronics Technology Research Association,,"Bunkyo-ku, Tokyo",JP,paper,p.1 affiliations,
tanaka2026,2,Naotaka Kasuya,2,additional,"Sumitomo Electric Industries, Ltd.",,"Yokohama, Kanagawa",JP,paper,p.1 affiliations,
tanaka2026,2,Naotaka Kasuya,3,additional,Institute of Science Tokyo,Department of Electrical and Electronic Engineering,"Meguro-ku, Tokyo",JP,paper,p.1 affiliations,
tanaka2026,3,Taichi Misawa,1,primary,"Sumitomo Electric Industries, Ltd.",,"Yokohama, Kanagawa",JP,paper,p.1 affiliations,
tanaka2026,4,Yohei Sobu,1,primary,Photonics Electronics Technology Research Association,,"Bunkyo-ku, Tokyo",JP,paper,p.1 affiliations,
tanaka2026,4,Yohei Sobu,2,additional,1Finity,,"Kawasaki, Kanagawa",JP,paper,p.1 affiliations,
tanaka2026,5,Shuntaro Maeda,1,primary,The University of Tokyo,School of Engineering,"Bunkyo-ku, Tokyo",JP,paper,p.1 affiliations,
tanaka2026,6,Kento Komatsu,1,primary,Photonics Electronics Technology Research Association,,"Bunkyo-ku, Tokyo",JP,paper,p.1 affiliations,
tanaka2026,6,Kento Komatsu,2,additional,"Sumitomo Electric Industries, Ltd.",,"Yokohama, Kanagawa",JP,paper,p.1 affiliations,
tanaka2026,6,Kento Komatsu,3,additional,Institute of Science Tokyo,Department of Electrical and Electronic Engineering,"Meguro-ku, Tokyo",JP,paper,p.1 affiliations,
tanaka2026,7,Naoko Inoue,1,primary,Photonics Electronics Technology Research Association,,"Bunkyo-ku, Tokyo",JP,paper,p.1 affiliations,
tanaka2026,7,Naoko Inoue,2,additional,"Sumitomo Electric Industries, Ltd.",,"Yokohama, Kanagawa",JP,paper,p.1 affiliations,
tanaka2026,7,Naoko Inoue,3,additional,Institute of Science Tokyo,Department of Electrical and Electronic Engineering,"Meguro-ku, Tokyo",JP,paper,p.1 affiliations,
tanaka2026,8,Takehiko Kikuchi,1,primary,Photonics Electronics Technology Research Association,,"Bunkyo-ku, Tokyo",JP,paper,p.1 affiliations,
tanaka2026,8,Takehiko Kikuchi,2,additional,"Sumitomo Electric Industries, Ltd.",,"Yokohama, Kanagawa",JP,paper,p.1 affiliations,
tanaka2026,8,Takehiko Kikuchi,3,additional,Institute of Science Tokyo,Department of Electrical and Electronic Engineering,"Meguro-ku, Tokyo",JP,paper,p.1 affiliations,
tanaka2026,9,Takuya Mitarai,1,primary,Photonics Electronics Technology Research Association,,"Bunkyo-ku, Tokyo",JP,paper,p.1 affiliations,
tanaka2026,9,Takuya Mitarai,2,additional,"Sumitomo Electric Industries, Ltd.",,"Yokohama, Kanagawa",JP,paper,p.1 affiliations,
tanaka2026,9,Takuya Mitarai,3,additional,Institute of Science Tokyo,Department of Electrical and Electronic Engineering,"Meguro-ku, Tokyo",JP,paper,p.1 affiliations,
tanaka2026,10,Shun Kimura,1,primary,Photonics Electronics Technology Research Association,,"Bunkyo-ku, Tokyo",JP,paper,p.1 affiliations,
tanaka2026,10,Shun Kimura,2,additional,"Sumitomo Electric Industries, Ltd.",,"Yokohama, Kanagawa",JP,paper,p.1 affiliations,
tanaka2026,11,Naoki Fujiwara,1,primary,Photonics Electronics Technology Research Association,,"Bunkyo-ku, Tokyo",JP,paper,p.1 affiliations,
tanaka2026,11,Naoki Fujiwara,2,additional,"Sumitomo Electric Industries, Ltd.",,"Yokohama, Kanagawa",JP,paper,p.1 affiliations,
tanaka2026,11,Naoki Fujiwara,3,additional,Institute of Science Tokyo,Department of Electrical and Electronic Engineering,"Meguro-ku, Tokyo",JP,paper,p.1 affiliations,
tanaka2026,12,Nobuhiko Nishiyama,1,primary,Photonics Electronics Technology Research Association,,"Bunkyo-ku, Tokyo",JP,paper,p.1 affiliations,
tanaka2026,12,Nobuhiko Nishiyama,2,additional,Institute of Science Tokyo,Department of Electrical and Electronic Engineering,"Meguro-ku, Tokyo",JP,paper,p.1 affiliations,
tanaka2026,13,Takuo Tanemura,1,primary,The University of Tokyo,School of Engineering,"Bunkyo-ku, Tokyo",JP,paper,p.1 affiliations,
tanaka2026,14,Shinsuke Tanaka,1,primary,Photonics Electronics Technology Research Association,,"Bunkyo-ku, Tokyo",JP,paper,p.1 affiliations,
tanaka2026,14,Shinsuke Tanaka,2,additional,1Finity,,"Kawasaki, Kanagawa",JP,paper,p.1 affiliations,
tanaka2026,15,Hideki Yagi,1,primary,Photonics Electronics Technology Research Association,,"Bunkyo-ku, Tokyo",JP,paper,p.1 affiliations,
tanaka2026,15,Hideki Yagi,2,additional,"Sumitomo Electric Industries, Ltd.",,"Yokohama, Kanagawa",JP,paper,p.1 affiliations,
tanaka2026,15,Hideki Yagi,3,additional,Institute of Science Tokyo,Department of Electrical and Electronic Engineering,"Meguro-ku, Tokyo",JP,paper,p.1 affiliations,
thiele2022,1,Frederik Thiele,1,primary,Paderborn University,"Mesoscopic Quantum Optics, Department Physics",Paderborn,DE,paper,p.1 affiliations,
thiele2022,2,Felix vom Bruch,1,primary,Paderborn University,"Integrated Quantum Optics, Department Physics",Paderborn,DE,paper,p.1 affiliations,
thiele2022,3,Julian Brockmeier,1,primary,Paderborn University,"Mesoscopic Quantum Optics, Department Physics",Paderborn,DE,paper,p.1 affiliations,
thiele2022,4,Maximilian Protte,1,primary,Paderborn University,"Mesoscopic Quantum Optics, Department Physics",Paderborn,DE,paper,p.1 affiliations,
thiele2022,5,Thomas Hummel,1,primary,Paderborn University,"Mesoscopic Quantum Optics, Department Physics",Paderborn,DE,paper,p.1 affiliations,
thiele2022,6,Raimund Ricken,1,primary,Paderborn University,"Integrated Quantum Optics, Department Physics",Paderborn,DE,paper,p.1 affiliations,
thiele2022,7,Viktor Quiring,1,primary,Paderborn University,"Integrated Quantum Optics, Department Physics",Paderborn,DE,paper,p.1 affiliations,
thiele2022,8,Sebastian Lengeling,1,primary,Paderborn University,"Integrated Quantum Optics, Department Physics",Paderborn,DE,paper,p.1 affiliations,
thiele2022,9,Harald Herrmann,1,primary,Paderborn University,"Integrated Quantum Optics, Department Physics",Paderborn,DE,paper,p.1 affiliations,
thiele2022,10,Christof Eigner,1,primary,Paderborn University,"Integrated Quantum Optics, Department Physics",Paderborn,DE,paper,p.1 affiliations,
thiele2022,11,Christine Silberhorn,1,primary,Paderborn University,"Integrated Quantum Optics, Department Physics",Paderborn,DE,paper,p.1 affiliations,
thiele2022,12,Tim J Bartley,1,primary,Paderborn University,"Mesoscopic Quantum Optics, Department Physics",Paderborn,DE,paper,p.1 affiliations,
tiberi2025,1,M. Tiberi,1,primary,University of Cambridge,Cambridge Graphene Centre,Cambridge,GB,paper,p.1 affiliations,
tiberi2025,2,A. Montanaro,1,primary,National Inter-University Consortium for Telecommunications,Photonic Networks and Technologies Lab,Pisa,IT,paper,p.1 affiliations,
tiberi2025,3,C. Wen,1,primary,University of Cambridge,Cambridge Graphene Centre,Cambridge,GB,paper,p.1 affiliations,
tiberi2025,4,J. Zhang,1,primary,University of Cambridge,Cambridge Graphene Centre,Cambridge,GB,paper,p.1 affiliations,
tiberi2025,5,O. Balci,1,primary,University of Cambridge,Cambridge Graphene Centre,Cambridge,GB,paper,p.1 affiliations,
tiberi2025,6,S. M. Shinde,1,primary,University of Cambridge,Cambridge Graphene Centre,Cambridge,GB,paper,p.1 affiliations,
tiberi2025,7,S. Sharma,1,primary,University of Cambridge,Cambridge Graphene Centre,Cambridge,GB,paper,p.1 affiliations,
tiberi2025,8,A. Meersha,1,primary,University of Cambridge,Cambridge Graphene Centre,Cambridge,GB,paper,p.1 affiliations,
tiberi2025,9,H. Shekhar,1,primary,University of Cambridge,Cambridge Graphene Centre,Cambridge,GB,paper,p.1 affiliations,
tiberi2025,10,J. E. Muench,1,primary,University of Cambridge,Cambridge Graphene Centre,Cambridge,GB,paper,p.1 affiliations,
tiberi2025,11,B. R. Conran,1,primary,AIXTRON Ltd,,"Swavesey, Cambridge",GB,paper,p.1 affiliations,
tiberi2025,12,K. B. K. Teo,1,primary,AIXTRON Ltd,,"Swavesey, Cambridge",GB,paper,p.1 affiliations,
tiberi2025,13,M. Ebert,1,primary,University of Southampton,Optoelectronics Research Centre,Southampton,GB,paper,p.1 affiliations,
tiberi2025,14,X. Yan,1,primary,University of Southampton,Optoelectronics Research Centre,Southampton,GB,paper,p.1 affiliations,
tiberi2025,15,Y. Tran,1,primary,University of Southampton,Optoelectronics Research Centre,Southampton,GB,paper,p.1 affiliations,
tiberi2025,16,M. Banakar,1,primary,University of Southampton,Optoelectronics Research Centre,Southampton,GB,paper,p.1 affiliations,
tiberi2025,17,C. Littlejohns,1,primary,University of Southampton,Optoelectronics Research Centre,Southampton,GB,paper,p.1 affiliations,
tiberi2025,18,G. T. Reed,1,primary,University of Southampton,Optoelectronics Research Centre,Southampton,GB,paper,p.1 affiliations,
tiberi2025,19,M. Romagnoli,1,primary,National Inter-University Consortium for Telecommunications,Photonic Networks and Technologies Lab,Pisa,IT,paper,p.1 affiliations,
tiberi2025,19,M. Romagnoli,2,additional,CamGraPhIC srl,,Pisa,IT,paper,p.1 affiliations,
tiberi2025,20,A. Ruocco,1,primary,University of Cambridge,Cambridge Graphene Centre,Cambridge,GB,paper,p.1 affiliations,
tiberi2025,21,V. Sorianello,1,primary,National Inter-University Consortium for Telecommunications,Photonic Networks and Technologies Lab,Pisa,IT,paper,p.1 affiliations,
tiberi2025,22,A. C. Ferrari,1,primary,University of Cambridge,Cambridge Graphene Centre,Cambridge,GB,paper,p.1 affiliations,
tran2026,1,Son Tran,1,primary,Fraunhofer Heinrich Hertz Institute,,Berlin,DE,paper,p.1 affiliations,
tran2026,2,Sebastian Lauck,1,primary,Fraunhofer Heinrich Hertz Institute,,Berlin,DE,paper,p.1 affiliations,
tran2026,3,Gerrit Fiol,1,primary,Fraunhofer Heinrich Hertz Institute,,Berlin,DE,paper,p.1 affiliations,
tran2026,4,Jonathan Andree,1,primary,Fraunhofer Heinrich Hertz Institute,,Berlin,DE,paper,p.1 affiliations,
tran2026,5,Felix Ganzer,1,primary,Fraunhofer Heinrich Hertz Institute,,Berlin,DE,paper,p.1 affiliations,
tran2026,6,Robert Emmerich,1,primary,Fraunhofer Heinrich Hertz Institute,,Berlin,DE,paper,p.1 affiliations,
tran2026,7,Colja Schubert,1,primary,Fraunhofer Heinrich Hertz Institute,,Berlin,DE,paper,p.1 affiliations,
tran2026,8,Patrick Runge,1,primary,Fraunhofer Heinrich Hertz Institute,,Berlin,DE,paper,p.1 affiliations,
tran2026,9,Martin Schell,1,primary,Fraunhofer Heinrich Hertz Institute,,Berlin,DE,paper,p.1 affiliations,
tran2026,9,Martin Schell,2,additional,Technische Universität Berlin,,Berlin,DE,paper,p.1 affiliations,
tran2026,10,Ronald Freund,1,primary,Fraunhofer Heinrich Hertz Institute,,Berlin,DE,paper,p.1 affiliations,
tran2026,10,Ronald Freund,2,additional,Technische Universität Berlin,,Berlin,DE,paper,p.1 affiliations,
tran2026,11,Shawn Parker,1,primary,MACOM,,"Santa Clara, CA",US,paper,p.1 affiliations,
tran2026,12,Trong Phan,1,primary,MACOM,,"Santa Clara, CA",US,paper,p.1 affiliations,
tran2026,13,Billy Allen,1,primary,MACOM,,"Santa Clara, CA",US,paper,p.1 affiliations,
ulrich2025,1,Anja Ulrich,1,primary,imec,,Leuven,BE,paper,p.1 affiliations,
ulrich2025,1,Anja Ulrich,2,additional,Ghent University,"Photonics Research Group, Department of Information Technology (INTEC)",Ghent,BE,paper,p.1 affiliations,
ulrich2025,2,Kamal Brahim,1,primary,imec,,Leuven,BE,paper,p.1 affiliations,
ulrich2025,2,Kamal Brahim,2,additional,KU Leuven,Department of Electrical Engineering (ESAT),Leuven,BE,paper,p.1 affiliations,
ulrich2025,3,Andries Boelen,1,primary,imec,,Leuven,BE,paper,p.1 affiliations,
ulrich2025,3,Andries Boelen,2,additional,KU Leuven,Department of Materials Engineering (MTM),Leuven,BE,paper,p.1 affiliations,
ulrich2025,4,Michiel Debaets,1,primary,imec,,Leuven,BE,paper,p.1 affiliations,
ulrich2025,4,Michiel Debaets,2,additional,Ghent University,"Photonics Research Group, Department of Information Technology (INTEC)",Ghent,BE,paper,p.1 affiliations,
ulrich2025,5,Ahmed Khalil,1,primary,imec,,Leuven,BE,crossref,crossref.json author 5,not in cached arXiv v1 author list
ulrich2025,5,Ahmed Khalil,2,additional,KU Leuven,Department of Physics and Astronomy,Leuven,BE,crossref,crossref.json author 5,not in cached arXiv v1 author list
ulrich2025,6,Conglin Sun,1,primary,imec,,Leuven,BE,paper,p.1 affiliations,
ulrich2025,6,Conglin Sun,2,additional,KU Leuven,Department of Physics and Astronomy,Leuven,BE,paper,p.1 affiliations,
ulrich2025,7,Yishu Huang,1,primary,imec,,Leuven,BE,paper,p.1 affiliations,
ulrich2025,7,Yishu Huang,2,additional,Ghent University,"Photonics Research Group, Department of Information Technology (INTEC)",Ghent,BE,paper,p.1 affiliations,
ulrich2025,8,Sandeep Seema Saseendran,1,primary,imec,,Leuven,BE,paper,p.1 affiliations,
ulrich2025,9,Marina Baryshnikova,1,primary,imec,,Leuven,BE,paper,p.1 affiliations,
ulrich2025,10,Paola Favia,1,primary,imec,,Leuven,BE,paper,p.1 affiliations,
ulrich2025,11,Thomas Nuytten,1,primary,imec,,Leuven,BE,paper,p.1 affiliations,
ulrich2025,12,Stefanie Sergeant,1,primary,imec,,Leuven,BE,paper,p.1 affiliations,
ulrich2025,13,Kasper Van Gasse,1,primary,imec,,Leuven,BE,paper,p.1 affiliations,
ulrich2025,13,Kasper Van Gasse,2,additional,Ghent University,"Photonics Research Group, Department of Information Technology (INTEC)",Ghent,BE,paper,p.1 affiliations,
ulrich2025,14,Bart Kuyken,1,primary,imec,,Leuven,BE,paper,p.1 affiliations,
ulrich2025,14,Bart Kuyken,2,additional,Ghent University,"Photonics Research Group, Department of Information Technology (INTEC)",Ghent,BE,paper,p.1 affiliations,
ulrich2025,15,Kristiaan De Greve,1,primary,imec,,Leuven,BE,paper,p.1 affiliations,
ulrich2025,15,Kristiaan De Greve,2,additional,KU Leuven,Department of Electrical Engineering (ESAT),Leuven,BE,paper,p.1 affiliations,
ulrich2025,16,Clement Merckling,1,primary,imec,,Leuven,BE,paper,p.1 affiliations,
ulrich2025,16,Clement Merckling,2,additional,KU Leuven,Department of Materials Engineering (MTM),Leuven,BE,paper,p.1 affiliations,
ulrich2025,17,Christian Haffner,1,primary,imec,,Leuven,BE,paper,p.1 affiliations,
ummethala2021,1,Sandeep Ummethala,1,primary,Karlsruhe Institute of Technology,Institute of Photonics and Quantum Electronics (IPQ),Karlsruhe,DE,paper,p.1 affiliations,
ummethala2021,1,Sandeep Ummethala,2,additional,Karlsruhe Institute of Technology,Institute of Microstructure Technology (IMT),Eggenstein-Leopoldshafen,DE,paper,p.1 affiliations,
ummethala2021,2,Juned N. Kemal,1,primary,Karlsruhe Institute of Technology,Institute of Photonics and Quantum Electronics (IPQ),Karlsruhe,DE,paper,p.1 affiliations,
ummethala2021,3,Ahmed S. Alam,1,primary,Karlsruhe Institute of Technology,Institute of Photonics and Quantum Electronics (IPQ),Karlsruhe,DE,paper,p.1 affiliations,
ummethala2021,4,Matthias Lauermann,1,primary,Karlsruhe Institute of Technology,Institute of Photonics and Quantum Electronics (IPQ),Karlsruhe,DE,paper,p.1 affiliations,
ummethala2021,6,Yasar Kutuvantavida,1,primary,Karlsruhe Institute of Technology,Institute of Photonics and Quantum Electronics (IPQ),Karlsruhe,DE,paper,p.1 affiliations,
ummethala2021,7,Sree H. Nandam,1,primary,Karlsruhe Institute of Technology,Institute of Nanotechnology (INT),Eggenstein-Leopoldshafen,DE,paper,p.1 affiliations,
ummethala2021,8,Lothar Hahn,1,primary,Karlsruhe Institute of Technology,Institute of Microstructure Technology (IMT),Eggenstein-Leopoldshafen,DE,paper,p.1 affiliations,
ummethala2021,9,Delwin L. Elder,1,primary,University of Washington,Department of Chemistry,"Seattle, WA",US,paper,p.1 affiliations,
ummethala2021,10,Larry R. Dalton,1,primary,University of Washington,Department of Chemistry,"Seattle, WA",US,paper,p.1 affiliations,
ummethala2021,11,Thomas Zwick,1,primary,Karlsruhe Institute of Technology,Institute of Radio Frequency Engineering and Electronics (IHE),Karlsruhe,DE,paper,p.1 affiliations,
ummethala2021,12,Sebastian Randel,1,primary,Karlsruhe Institute of Technology,Institute of Photonics and Quantum Electronics (IPQ),Karlsruhe,DE,paper,p.1 affiliations,
ummethala2021,13,Wolfgang Freude,1,primary,Karlsruhe Institute of Technology,Institute of Photonics and Quantum Electronics (IPQ),Karlsruhe,DE,paper,p.1 affiliations,
ummethala2021,14,Christian Koos,1,primary,Karlsruhe Institute of Technology,Institute of Photonics and Quantum Electronics (IPQ),Karlsruhe,DE,paper,p.1 affiliations,
ummethala2021,14,Christian Koos,2,additional,Karlsruhe Institute of Technology,Institute of Microstructure Technology (IMT),Eggenstein-Leopoldshafen,DE,paper,p.1 affiliations,
valdez2022,1,Forrest Valdez,1,primary,University of California San Diego,Department of Electrical and Computer Engineering,"La Jolla, CA",US,paper,p.1 affiliations,
valdez2022,2,Viphretuo Mere,1,primary,University of California San Diego,Department of Electrical and Computer Engineering,"La Jolla, CA",US,paper,p.1 affiliations,
valdez2022,3,Xiaoxi Wang,1,primary,University of California San Diego,Department of Electrical and Computer Engineering,"La Jolla, CA",US,paper,p.1 affiliations,
valdez2022,4,Nicholas Boynton,1,primary,Sandia National Laboratories,Applied Microphotonic Systems,"Albuquerque, NM",US,paper,p.1 affiliations,
valdez2022,5,Thomas A. Friedmann,1,primary,Sandia National Laboratories,Applied Microphotonic Systems,"Albuquerque, NM",US,paper,p.1 affiliations,
valdez2022,6,Shawn Arterburn,1,primary,Sandia National Laboratories,Applied Microphotonic Systems,"Albuquerque, NM",US,paper,p.1 affiliations,
valdez2022,7,Christina Dallo,1,primary,Sandia National Laboratories,Applied Microphotonic Systems,"Albuquerque, NM",US,paper,p.1 affiliations,
valdez2022,8,Andrew T. Pomerene,1,primary,Sandia National Laboratories,Applied Microphotonic Systems,"Albuquerque, NM",US,paper,p.1 affiliations,
valdez2022,9,Andrew L. Starbuck,1,primary,Sandia National Laboratories,Applied Microphotonic Systems,"Albuquerque, NM",US,paper,p.1 affiliations,
valdez2022,10,Douglas C. Trotter,1,primary,Sandia National Laboratories,Applied Microphotonic Systems,"Albuquerque, NM",US,paper,p.1 affiliations,
valdez2022,11,Anthony L. Lentine,1,primary,Sandia National Laboratories,Applied Microphotonic Systems,"Albuquerque, NM",US,paper,p.1 affiliations,
valdez2022,12,Shayan Mookherjea,1,primary,University of California San Diego,Department of Electrical and Computer Engineering,"La Jolla, CA",US,paper,p.1 affiliations,
valdez2023,1,Forrest Valdez,1,primary,University of California San Diego,Department of Electrical and Computer Engineering,"La Jolla, CA",US,paper,p.1 affiliations,
valdez2023,2,Viphretuo Mere,1,primary,University of California San Diego,Department of Electrical and Computer Engineering,"La Jolla, CA",US,paper,p.1 affiliations,
valdez2023,3,Xiaoxi Wang,1,primary,University of California San Diego,Department of Electrical and Computer Engineering,"La Jolla, CA",US,paper,p.1 affiliations,
valdez2023,4,Shayan Mookherjea,1,primary,University of California San Diego,Department of Electrical and Computer Engineering,"La Jolla, CA",US,paper,p.1 affiliations,
valdez2023a,1,Forrest Valdez,1,primary,University of California San Diego,Department of Electrical and Computer Engineering,"La Jolla, CA",US,paper,p.1 affiliations,
valdez2023a,2,Viphretuo Mere,1,primary,University of California San Diego,Department of Electrical and Computer Engineering,"La Jolla, CA",US,paper,p.1 affiliations,
valdez2023a,3,Shayan Mookherjea,1,primary,University of California San Diego,Department of Electrical and Computer Engineering,"La Jolla, CA",US,paper,p.1 affiliations,
vanackere2023,1,T. Vanackere,1,primary,Ghent University,"Department of Information Technology (INTEC), Photonics Research Group",Ghent,BE,paper,p.2 affiliations,printed as Ghent University-imec
vanackere2023,1,T. Vanackere,2,additional,Université Libre de Bruxelles,OPERA-Photonique,Brussels,BE,paper,p.2 affiliations,
vanackere2023,2,T. Vandekerckhove,1,primary,Ghent University,"Department of Information Technology (INTEC), Photonics Research Group",Ghent,BE,paper,p.2 affiliations,printed as Ghent University-imec
vanackere2023,2,T. Vandekerckhove,2,additional,Université Libre de Bruxelles,OPERA-Photonique,Brussels,BE,paper,p.2 affiliations,
vanackere2023,3,L. Bogaert,1,primary,Ghent University,"Department of Information Technology (INTEC), Photonics Research Group",Ghent,BE,paper,p.2 affiliations,printed as Ghent University-imec
vanackere2023,4,M. Billet,1,primary,Ghent University,"Department of Information Technology (INTEC), Photonics Research Group",Ghent,BE,paper,p.2 affiliations,printed as Ghent University-imec
vanackere2023,4,M. Billet,2,additional,Université Libre de Bruxelles,OPERA-Photonique,Brussels,BE,paper,p.2 affiliations,
vanackere2023,5,S. Poelman,1,primary,Ghent University,"Department of Information Technology (INTEC), Photonics Research Group",Ghent,BE,paper,p.2 affiliations,printed as Ghent University-imec
vanackere2023,6,S. Cuyvers,1,primary,Ghent University,"Department of Information Technology (INTEC), Photonics Research Group",Ghent,BE,paper,p.2 affiliations,printed as Ghent University-imec
vanackere2023,7,J. Van Kerrebrouck,1,primary,Ghent University,"Department of Information Technology (INTEC), IDLab",Ghent,BE,paper,p.2 affiliations,printed as Ghent University-imec
vanackere2023,8,A. Moerman,1,primary,Ghent University,"Department of Information Technology (INTEC), IDLab",Ghent,BE,paper,p.2 affiliations,printed as Ghent University-imec
vanackere2023,9,O. Caytan,1,primary,Ghent University,"Department of Information Technology (INTEC), IDLab",Ghent,BE,paper,p.2 affiliations,printed as Ghent University-imec
vanackere2023,10,N. Singh,1,primary,Ghent University,"Department of Information Technology (INTEC), IDLab",Ghent,BE,paper,p.2 affiliations,printed as Ghent University-imec
vanackere2023,11,S. Lemey,1,primary,Ghent University,"Department of Information Technology (INTEC), IDLab",Ghent,BE,paper,p.2 affiliations,printed as Ghent University-imec
vanackere2023,12,G. Torfs,1,primary,Ghent University,"Department of Information Technology (INTEC), IDLab",Ghent,BE,paper,p.2 affiliations,printed as Ghent University-imec
vanackere2023,13,P. Ossieur,1,primary,Ghent University,"Department of Information Technology (INTEC), IDLab",Ghent,BE,paper,p.2 affiliations,printed as Ghent University-imec
vanackere2023,14,G. Roelkens,1,primary,Ghent University,"Department of Information Technology (INTEC), Photonics Research Group",Ghent,BE,paper,p.2 affiliations,printed as Ghent University-imec
vanackere2023,15,S. Clemmen,1,primary,Ghent University,"Department of Information Technology (INTEC), Photonics Research Group",Ghent,BE,paper,p.2 affiliations,printed as Ghent University-imec
vanackere2023,15,S. Clemmen,2,additional,Université Libre de Bruxelles,OPERA-Photonique,Brussels,BE,paper,p.2 affiliations,
vanackere2023,15,S. Clemmen,3,additional,Université Libre de Bruxelles,Laboratoire d'Information Quantique,Brussels,BE,paper,p.2 affiliations,
vanackere2023,16,B. Kuyken,1,primary,Ghent University,"Department of Information Technology (INTEC), Photonics Research Group",Ghent,BE,paper,p.2 affiliations,printed as Ghent University-imec
wang2018,1,Cheng Wang,1,primary,Harvard University,John A. Paulson School of Engineering and Applied Sciences,"Cambridge, MA",US,paper,p.1 affiliations,
wang2018,2,Mian Zhang,1,primary,Harvard University,John A. Paulson School of Engineering and Applied Sciences,"Cambridge, MA",US,paper,p.1 affiliations,
wang2018,3,Brian Stern,1,primary,Cornell University,School of Electrical and Computer Engineering,"Ithaca, NY",US,paper,p.1 affiliations,
wang2018,3,Brian Stern,2,additional,Columbia University,Department of Electrical Engineering,"New York, NY",US,paper,p.1 affiliations,
wang2018,4,Michal Lipson,1,primary,Columbia University,Department of Electrical Engineering,"New York, NY",US,paper,p.1 affiliations,
wang2018,5,Marko Lončar,1,primary,Harvard University,John A. Paulson School of Engineering and Applied Sciences,"Cambridge, MA",US,paper,p.1 affiliations,
wang2022a,1,Xuanhao Wang,1,primary,Huazhong University of Science and Technology,"Wuhan National Laboratory for Optoelectronics, School of Optical and Electronic Information",Wuhan,CN,paper,p.1 affiliations,
wang2022a,2,Chenglin Shang,1,primary,Huazhong University of Science and Technology,"Wuhan National Laboratory for Optoelectronics, School of Optical and Electronic Information",Wuhan,CN,paper,p.1 affiliations,
wang2022a,3,An Pan,1,primary,Huazhong University of Science and Technology,"Wuhan National Laboratory for Optoelectronics, School of Optical and Electronic Information",Wuhan,CN,paper,p.1 affiliations,
wang2022a,4,Xingran Cheng,1,primary,Huazhong University of Science and Technology,"Wuhan National Laboratory for Optoelectronics, School of Optical and Electronic Information",Wuhan,CN,paper,p.1 affiliations,
wang2022a,5,Tao Gui,1,primary,"Huawei Technologies Co., Ltd.",Optical R&D Dept.,Dongguan,CN,paper,p.1 affiliations,
wang2022a,6,Shuai Yuan,1,primary,"Huawei Technologies Co., Ltd.",Optical R&D Dept.,Dongguan,CN,paper,p.1 affiliations,
wang2022a,7,Chengcheng Gui,1,primary,"Huawei Technologies Co., Ltd.",B&P Lab.,Shenzhen,CN,paper,p.1 affiliations,
wang2022a,8,Keshuang Zheng,1,primary,"Huawei Technologies Co., Ltd.",Optical R&D Dept.,Dongguan,CN,paper,p.1 affiliations,
wang2022a,9,Peijie Zhang,1,primary,"Huawei Technologies Co., Ltd.",B&P Lab.,Shenzhen,CN,paper,p.1 affiliations,
wang2022a,10,Xiaolu Song,1,primary,"Huawei Technologies Co., Ltd.",B&P Lab.,Shenzhen,CN,paper,p.1 affiliations,
wang2022a,11,Yanbo Li,1,primary,"Huawei Technologies Co., Ltd.",Optical R&D Dept.,Dongguan,CN,paper,p.1 affiliations,
wang2022a,12,Liangchuan Li,1,primary,"Huawei Technologies Co., Ltd.",Optical R&D Dept.,Dongguan,CN,paper,p.1 affiliations,
wang2022a,13,Cheng Zeng,1,primary,Huazhong University of Science and Technology,"Wuhan National Laboratory for Optoelectronics, School of Optical and Electronic Information",Wuhan,CN,paper,p.1 affiliations,
wang2022a,14,Jinsong Xia,1,primary,Huazhong University of Science and Technology,"Wuhan National Laboratory for Optoelectronics, School of Optical and Electronic Information",Wuhan,CN,paper,p.1 affiliations,
wang2024a,1,Chengli Wang,1,primary,EPFL,Institute of Physics,Lausanne,CH,paper,p.1 affiliations,
wang2024a,1,Chengli Wang,2,additional,EPFL,Center of Quantum Science and Engineering,Lausanne,CH,paper,p.1 affiliations,
wang2024a,2,Dengyang Fang,1,primary,Karlsruhe Institute of Technology,Institute of Photonics and Quantum Electronics (IPQ),Karlsruhe,DE,paper,p.1 affiliations,
wang2024a,3,Junyin Zhang,1,primary,EPFL,Institute of Physics,Lausanne,CH,paper,p.1 affiliations,
wang2024a,3,Junyin Zhang,2,additional,EPFL,Center of Quantum Science and Engineering,Lausanne,CH,paper,p.1 affiliations,
wang2024a,4,Alexander Kotz,1,primary,Karlsruhe Institute of Technology,Institute of Photonics and Quantum Electronics (IPQ),Karlsruhe,DE,paper,p.1 affiliations,
wang2024a,5,Grigory Lihachev,1,primary,EPFL,Institute of Physics,Lausanne,CH,paper,p.1 affiliations,
wang2024a,5,Grigory Lihachev,2,additional,EPFL,Center of Quantum Science and Engineering,Lausanne,CH,paper,p.1 affiliations,
wang2024a,6,Mikhail Churaev,1,primary,EPFL,Institute of Physics,Lausanne,CH,paper,p.1 affiliations,
wang2024a,6,Mikhail Churaev,2,additional,EPFL,Center of Quantum Science and Engineering,Lausanne,CH,paper,p.1 affiliations,
wang2024a,7,Zihan Li,1,primary,EPFL,Institute of Physics,Lausanne,CH,paper,p.1 affiliations,
wang2024a,7,Zihan Li,2,additional,EPFL,Center of Quantum Science and Engineering,Lausanne,CH,paper,p.1 affiliations,
wang2024a,8,Adrian Schwarzenberger,1,primary,Karlsruhe Institute of Technology,Institute of Photonics and Quantum Electronics (IPQ),Karlsruhe,DE,paper,p.1 affiliations,
wang2024a,9,Xin Ou,1,primary,Shanghai Institute of Microsystem and Information Technology,National Key Laboratory of Materials for Integrated Circuits,Shanghai,CN,paper,p.1 affiliations,
wang2024a,10,Christian Koos,1,primary,Karlsruhe Institute of Technology,Institute of Photonics and Quantum Electronics (IPQ),Karlsruhe,DE,paper,p.1 affiliations,
wang2024a,11,Tobias J. Kippenberg,1,primary,EPFL,Institute of Physics,Lausanne,CH,paper,p.1 affiliations,
wang2024a,11,Tobias J. Kippenberg,2,additional,EPFL,Center of Quantum Science and Engineering,Lausanne,CH,paper,p.1 affiliations,
wang2024b,1,Chengli Wang,1,primary,Shanghai Institute of Microsystem and Information Technology,National Key Laboratory of Materials for Integrated Circuits,Shanghai,CN,paper,p.1 affiliations,
wang2024b,1,Chengli Wang,2,additional,EPFL,Institute of Physics,Lausanne,CH,paper,p.1 affiliations,
wang2024b,1,Chengli Wang,3,additional,EPFL,Center of Quantum Science and Engineering,Lausanne,CH,paper,p.1 affiliations,
wang2024b,2,Zihan Li,1,primary,EPFL,Institute of Physics,Lausanne,CH,paper,p.1 affiliations,
wang2024b,2,Zihan Li,2,additional,EPFL,Center of Quantum Science and Engineering,Lausanne,CH,paper,p.1 affiliations,
wang2024b,3,Johann Riemensberger,1,primary,EPFL,Institute of Physics,Lausanne,CH,paper,p.1 affiliations,
wang2024b,3,Johann Riemensberger,2,additional,EPFL,Center of Quantum Science and Engineering,Lausanne,CH,paper,p.1 affiliations,
wang2024b,4,Grigory Lihachev,1,primary,EPFL,Institute of Physics,Lausanne,CH,paper,p.1 affiliations,
wang2024b,4,Grigory Lihachev,2,additional,EPFL,Center of Quantum Science and Engineering,Lausanne,CH,paper,p.1 affiliations,
wang2024b,5,Mikhail Churaev,1,primary,EPFL,Institute of Physics,Lausanne,CH,paper,p.1 affiliations,
wang2024b,5,Mikhail Churaev,2,additional,EPFL,Center of Quantum Science and Engineering,Lausanne,CH,paper,p.1 affiliations,
wang2024b,6,Wil Kao,1,primary,EPFL,Institute of Physics,Lausanne,CH,paper,p.1 affiliations,
wang2024b,6,Wil Kao,2,additional,EPFL,Center of Quantum Science and Engineering,Lausanne,CH,paper,p.1 affiliations,
wang2024b,7,Xinru Ji,1,primary,EPFL,Institute of Physics,Lausanne,CH,paper,p.1 affiliations,
wang2024b,7,Xinru Ji,2,additional,EPFL,Center of Quantum Science and Engineering,Lausanne,CH,paper,p.1 affiliations,
wang2024b,8,Junyin Zhang,1,primary,EPFL,Institute of Physics,Lausanne,CH,paper,p.1 affiliations,
wang2024b,8,Junyin Zhang,2,additional,EPFL,Center of Quantum Science and Engineering,Lausanne,CH,paper,p.1 affiliations,
wang2024b,9,Terence Blesin,1,primary,EPFL,Institute of Physics,Lausanne,CH,paper,p.1 affiliations,
wang2024b,9,Terence Blesin,2,additional,EPFL,Center of Quantum Science and Engineering,Lausanne,CH,paper,p.1 affiliations,
wang2024b,10,Alisa Davydova,1,primary,EPFL,Institute of Physics,Lausanne,CH,paper,p.1 affiliations,
wang2024b,10,Alisa Davydova,2,additional,EPFL,Center of Quantum Science and Engineering,Lausanne,CH,paper,p.1 affiliations,
wang2024b,11,Yang Chen,1,primary,Shanghai Institute of Microsystem and Information Technology,National Key Laboratory of Materials for Integrated Circuits,Shanghai,CN,paper,p.1 affiliations,
wang2024b,12,Kai Huang,1,primary,Shanghai Institute of Microsystem and Information Technology,National Key Laboratory of Materials for Integrated Circuits,Shanghai,CN,paper,p.1 affiliations,
wang2024b,13,Xi Wang,1,primary,Shanghai Institute of Microsystem and Information Technology,National Key Laboratory of Materials for Integrated Circuits,Shanghai,CN,paper,p.1 affiliations,
wang2024b,14,Xin Ou,1,primary,Shanghai Institute of Microsystem and Information Technology,National Key Laboratory of Materials for Integrated Circuits,Shanghai,CN,paper,p.1 affiliations,
wang2024b,15,Tobias J. Kippenberg,1,primary,EPFL,Institute of Physics,Lausanne,CH,paper,p.1 affiliations,
wang2024b,15,Tobias J. Kippenberg,2,additional,EPFL,Center of Quantum Science and Engineering,Lausanne,CH,paper,p.1 affiliations,
wang2025,1,Haohua Wang,1,primary,South China Normal University,"Guangdong Provincial Key Laboratory of Optical Information Materials and Technology, South China Academy of Advanced Optoelectronics",Guangzhou,CN,paper,p.6 author information,
wang2025,2,Ao Cui,1,primary,South China Normal University,"Guangdong Provincial Key Laboratory of Optical Information Materials and Technology, South China Academy of Advanced Optoelectronics",Guangzhou,CN,paper,p.6 author information,
wang2025,3,Bin Chen,1,primary,Zhejiang University,"State Key Laboratory of Extreme Photonics and Instrumentation, College of Optical Science and Engineering, International Research Center for Advanced Photonics",Hangzhou,CN,paper,p.6 author information,
wang2025,4,Ziliang Ruan,1,primary,Zhejiang University,"State Key Laboratory of Extreme Photonics and Instrumentation, College of Optical Science and Engineering, International Research Center for Advanced Photonics",Hangzhou,CN,paper,p.6 author information,
wang2025,5,Changjian Guo,1,primary,South China Normal University,"Guangdong Provincial Key Laboratory of Optical Information Materials and Technology, South China Academy of Advanced Optoelectronics",Guangzhou,CN,paper,p.6 author information,
wang2025,5,Changjian Guo,2,additional,South China Normal University,National Center for International Research on Green Optoelectronics,Guangzhou,CN,paper,p.6 author information,
wang2025,6,Kaixuan Chen,1,primary,South China Normal University,"Guangdong Provincial Key Laboratory of Optical Information Materials and Technology, South China Academy of Advanced Optoelectronics",Guangzhou,CN,paper,p.6 author information,
wang2025,6,Kaixuan Chen,2,additional,South China Normal University,National Center for International Research on Green Optoelectronics,Guangzhou,CN,paper,p.6 author information,
wang2025,7,Liu Liu,1,primary,Zhejiang University,"State Key Laboratory of Extreme Photonics and Instrumentation, College of Optical Science and Engineering, International Research Center for Advanced Photonics",Hangzhou,CN,paper,p.6 author information,
wang2026a,1,Haibo Wang,1,primary,Advanced Micro Foundry,,Singapore,SG,paper,p.1 affiliations,
wang2026a,2,Qianni Zhang,1,primary,Advanced Micro Foundry,,Singapore,SG,paper,p.1 affiliations,
wang2026a,3,Yanming Zhang,1,primary,Advanced Micro Foundry,,Singapore,SG,paper,p.1 affiliations,
wang2026a,4,Pengfei Guo,1,primary,Advanced Micro Foundry,,Singapore,SG,paper,p.1 affiliations,
wang2026a,5,Jindian Wei,1,primary,Advanced Micro Foundry,,Singapore,SG,paper,p.1 affiliations,
wang2026a,6,Wenxu Gu,1,primary,Advanced Micro Foundry,,Singapore,SG,paper,p.1 affiliations,
wang2026a,7,Ting Yu Teo,1,primary,Advanced Micro Foundry,,Singapore,SG,paper,p.1 affiliations,
wang2026a,8,Haiyang Zheng,1,primary,Advanced Micro Foundry,,Singapore,SG,paper,p.1 affiliations,
wang2026a,9,Chao Li,1,primary,Advanced Micro Foundry,,Singapore,SG,paper,p.1 affiliations,
wang2026a,10,Patrick Guo-Qiang Lo,1,primary,Advanced Micro Foundry,,Singapore,SG,paper,p.1 affiliations,
wang2026b,1,Zhenzheng Wang,1,primary,City University of Hong Kong,Department of Electrical Engineering,"Kowloon, Hong Kong",HK,paper,p.1 affiliations,
wang2026b,1,Zhenzheng Wang,2,additional,City University of Hong Kong,State Key Laboratory of Terahertz and Millimeter Waves,"Kowloon, Hong Kong",HK,paper,p.1 affiliations,
wang2026b,2,Xiangzhi Xie,1,primary,City University of Hong Kong,Department of Electrical Engineering,"Kowloon, Hong Kong",HK,paper,p.1 affiliations,
wang2026b,2,Xiangzhi Xie,2,additional,City University of Hong Kong,State Key Laboratory of Terahertz and Millimeter Waves,"Kowloon, Hong Kong",HK,paper,p.1 affiliations,
wang2026b,3,Yikun Chen,1,primary,City University of Hong Kong,Department of Electrical Engineering,"Kowloon, Hong Kong",HK,paper,p.1 affiliations,
wang2026b,3,Yikun Chen,2,additional,City University of Hong Kong,State Key Laboratory of Terahertz and Millimeter Waves,"Kowloon, Hong Kong",HK,paper,p.1 affiliations,
wang2026b,4,Yifan Wu,1,primary,City University of Hong Kong,Department of Electrical Engineering,"Kowloon, Hong Kong",HK,paper,p.1 affiliations,
wang2026b,4,Yifan Wu,2,additional,City University of Hong Kong,State Key Laboratory of Terahertz and Millimeter Waves,"Kowloon, Hong Kong",HK,paper,p.1 affiliations,
wang2026b,5,Zeyu Luo,1,primary,City University of Hong Kong,Department of Electrical Engineering,"Kowloon, Hong Kong",HK,paper,p.1 affiliations,
wang2026b,5,Zeyu Luo,2,additional,City University of Hong Kong,State Key Laboratory of Terahertz and Millimeter Waves,"Kowloon, Hong Kong",HK,paper,p.1 affiliations,
wang2026b,6,Hanke Feng,1,primary,City University of Hong Kong,Department of Electrical Engineering,"Kowloon, Hong Kong",HK,paper,p.1 affiliations,
wang2026b,6,Hanke Feng,2,additional,City University of Hong Kong,State Key Laboratory of Terahertz and Millimeter Waves,"Kowloon, Hong Kong",HK,paper,p.1 affiliations,
wang2026b,7,Yulong Chen,1,primary,City University of Hong Kong,Department of Electrical Engineering,"Kowloon, Hong Kong",HK,paper,p.1 affiliations,
wang2026b,8,Zengyi Xu,1,primary,Fudan University,"Key Laboratory for the Information Science of Electromagnetic Waves (MoE), College of Future Information Technology",Shanghai,CN,paper,p.1 affiliations,
wang2026b,9,Zixi Wang,1,primary,City University of Hong Kong,Department of Electrical Engineering,"Kowloon, Hong Kong",HK,paper,p.1 affiliations,
wang2026b,9,Zixi Wang,2,additional,City University of Hong Kong,State Key Laboratory of Terahertz and Millimeter Waves,"Kowloon, Hong Kong",HK,paper,p.1 affiliations,
wang2026b,10,Yuansong Zeng,1,primary,City University of Hong Kong,Department of Electrical Engineering,"Kowloon, Hong Kong",HK,paper,p.1 affiliations,
wang2026b,10,Yuansong Zeng,2,additional,City University of Hong Kong,State Key Laboratory of Terahertz and Millimeter Waves,"Kowloon, Hong Kong",HK,paper,p.1 affiliations,
wang2026b,11,Mandie Huang,1,primary,City University of Hong Kong,Department of Electrical Engineering,"Kowloon, Hong Kong",HK,paper,p.1 affiliations,
wang2026b,12,Ke Zhang,1,primary,Rhinopix Technology Limited,,Hong Kong,HK,paper,p.1 affiliations,
wang2026b,13,Yingxia Liu,1,primary,City University of Hong Kong,Department of Systems Engineering,"Kowloon, Hong Kong",HK,paper,p.1 affiliations,
wang2026b,14,Cheng Wang,1,primary,City University of Hong Kong,Department of Electrical Engineering,"Kowloon, Hong Kong",HK,paper,p.1 affiliations,
wang2026b,14,Cheng Wang,2,additional,City University of Hong Kong,State Key Laboratory of Terahertz and Millimeter Waves,"Kowloon, Hong Kong",HK,paper,p.1 affiliations,
weigel2018,1,Peter O. Weigel,1,primary,University of California San Diego,Electrical & Computer Engineering,"La Jolla, CA",US,paper,p.1 affiliations,
weigel2018,2,Jie Zhao,1,primary,University of California San Diego,Electrical & Computer Engineering,"La Jolla, CA",US,paper,p.1 affiliations,
weigel2018,3,Kelvin Fang,1,primary,University of California San Diego,Electrical & Computer Engineering,"La Jolla, CA",US,paper,p.1 affiliations,
weigel2018,4,Hasan Al-Rubaye,1,primary,University of California San Diego,Electrical & Computer Engineering,"La Jolla, CA",US,paper,p.1 affiliations,
weigel2018,5,Douglas Trotter,1,primary,Sandia National Laboratories,Applied Microphotonic Systems,"Albuquerque, NM",US,paper,p.1 affiliations,
weigel2018,6,Dana Hood,1,primary,Sandia National Laboratories,Applied Microphotonic Systems,"Albuquerque, NM",US,paper,p.1 affiliations,
weigel2018,7,John Mudrick,1,primary,Sandia National Laboratories,Applied Microphotonic Systems,"Albuquerque, NM",US,paper,p.1 affiliations,
weigel2018,8,Christina Dallo,1,primary,Sandia National Laboratories,Applied Microphotonic Systems,"Albuquerque, NM",US,paper,p.1 affiliations,
weigel2018,9,Andrew T. Pomerene,1,primary,Sandia National Laboratories,Applied Microphotonic Systems,"Albuquerque, NM",US,paper,p.1 affiliations,
weigel2018,10,Andrew L. Starbuck,1,primary,Sandia National Laboratories,Applied Microphotonic Systems,"Albuquerque, NM",US,paper,p.1 affiliations,
weigel2018,11,Christopher T. DeRose,1,primary,Sandia National Laboratories,Applied Microphotonic Systems,"Albuquerque, NM",US,paper,p.1 affiliations,
weigel2018,12,Anthony L. Lentine,1,primary,Sandia National Laboratories,Applied Microphotonic Systems,"Albuquerque, NM",US,paper,p.1 affiliations,
weigel2018,13,Gabriel Rebeiz,1,primary,University of California San Diego,Electrical & Computer Engineering,"La Jolla, CA",US,paper,p.1 affiliations,
weigel2018,14,Shayan Mookherjea,1,primary,University of California San Diego,Electrical & Computer Engineering,"La Jolla, CA",US,paper,p.1 affiliations,
witmer2020,1,Jeremy D Witmer,1,primary,Stanford University,Ginzton Laboratory,"Stanford, CA",US,paper,p.1 affiliations,
witmer2020,2,Timothy P McKenna,1,primary,Stanford University,Ginzton Laboratory,"Stanford, CA",US,paper,p.1 affiliations,
witmer2020,3,Patricio Arrangoiz-Arriola,1,primary,Stanford University,Ginzton Laboratory,"Stanford, CA",US,paper,p.1 affiliations,
witmer2020,4,Raphaël Van Laer,1,primary,Stanford University,Ginzton Laboratory,"Stanford, CA",US,paper,p.1 affiliations,
witmer2020,5,E. Alex Wollack,1,primary,Stanford University,Ginzton Laboratory,"Stanford, CA",US,paper,p.1 affiliations,
witmer2020,6,Francis Lin,1,primary,University of Washington,Department of Materials Science and Engineering,"Seattle, WA",US,paper,p.1 affiliations,
witmer2020,7,Alex K-Y Jen,1,primary,University of Washington,Department of Materials Science and Engineering,"Seattle, WA",US,paper,p.1 affiliations,
witmer2020,8,Jingdong Luo,1,primary,City University of Hong Kong,Department of Chemistry,Hong Kong,HK,paper,p.1 affiliations,
witmer2020,9,Amir H Safavi-Naeini,1,primary,Stanford University,Ginzton Laboratory,"Stanford, CA",US,paper,p.1 affiliations,
wolf2018a,1,Stefan Wolf,1,primary,Karlsruhe Institute of Technology,Institute of Photonics and Quantum Electronics (IPQ),Karlsruhe,DE,paper,p.1 affiliations,
wolf2018a,2,Heiner Zwickel,1,primary,Karlsruhe Institute of Technology,Institute of Photonics and Quantum Electronics (IPQ),Karlsruhe,DE,paper,p.1 affiliations,
wolf2018a,3,Wladislaw Hartmann,1,primary,Karlsruhe Institute of Technology,Institute of Photonics and Quantum Electronics (IPQ),Karlsruhe,DE,paper,p.1 affiliations,
wolf2018a,3,Wladislaw Hartmann,2,additional,Karlsruhe Institute of Technology,Institute of Microstructure Technology (IMT),Karlsruhe,DE,paper,p.1 affiliations,
wolf2018a,3,Wladislaw Hartmann,3,present_address,University of Münster,Physikalisches Institut,Muenster,DE,paper,p.1 affiliations,
wolf2018a,4,Matthias Lauermann,1,primary,Karlsruhe Institute of Technology,Institute of Photonics and Quantum Electronics (IPQ),Karlsruhe,DE,paper,p.1 affiliations,
wolf2018a,4,Matthias Lauermann,2,present_address,Infinera Corporation,,"Sunnyvale, CA",US,paper,p.1 affiliations,
wolf2018a,5,Yasar Kutuvantavida,1,primary,Karlsruhe Institute of Technology,Institute of Photonics and Quantum Electronics (IPQ),Karlsruhe,DE,paper,p.1 affiliations,
wolf2018a,5,Yasar Kutuvantavida,2,additional,Karlsruhe Institute of Technology,Institute of Microstructure Technology (IMT),Karlsruhe,DE,paper,p.1 affiliations,
wolf2018a,6,Clemens Kieninger,1,primary,Karlsruhe Institute of Technology,Institute of Photonics and Quantum Electronics (IPQ),Karlsruhe,DE,paper,p.1 affiliations,
wolf2018a,6,Clemens Kieninger,2,additional,Karlsruhe Institute of Technology,Institute of Microstructure Technology (IMT),Karlsruhe,DE,paper,p.1 affiliations,
wolf2018a,7,Lars Altenhain,1,primary,Micram Microelectronic GmbH,,Bochum,DE,paper,p.1 affiliations,
wolf2018a,8,Rolf Schmid,1,primary,Micram Microelectronic GmbH,,Bochum,DE,paper,p.1 affiliations,
wolf2018a,9,Jingdong Luo,1,primary,University of Washington,Department of Material Science and Engineering,"Seattle, WA",US,paper,p.1 affiliations,
wolf2018a,10,Alex K.-Y. Jen,1,primary,University of Washington,Department of Material Science and Engineering,"Seattle, WA",US,paper,p.1 affiliations,
wolf2018a,11,Sebastian Randel,1,primary,Karlsruhe Institute of Technology,Institute of Photonics and Quantum Electronics (IPQ),Karlsruhe,DE,paper,p.1 affiliations,
wolf2018a,12,Wolfgang Freude,1,primary,Karlsruhe Institute of Technology,Institute of Photonics and Quantum Electronics (IPQ),Karlsruhe,DE,paper,p.1 affiliations,
wolf2018a,13,Christian Koos,1,primary,Karlsruhe Institute of Technology,Institute of Photonics and Quantum Electronics (IPQ),Karlsruhe,DE,paper,p.1 affiliations,
wolf2018a,13,Christian Koos,2,additional,Karlsruhe Institute of Technology,Institute of Microstructure Technology (IMT),Karlsruhe,DE,paper,p.1 affiliations,
wu2023,1,Chenghan Wu,1,primary,Ghent University,"Department of Information Technology, Photonics Research Group",Gent,BE,paper,p.1 affiliations,printed as Ghent University-imec
wu2023,1,Chenghan Wu,2,additional,imec,,Leuven,BE,paper,p.1 affiliations,
wu2023,2,Steven Brems,1,primary,imec,,Leuven,BE,paper,p.1 affiliations,
wu2023,3,Didit Yudistira,1,primary,imec,,Leuven,BE,paper,p.1 affiliations,
wu2023,4,Daire Cott,1,primary,imec,,Leuven,BE,paper,p.1 affiliations,
wu2023,5,Alexey Milenin,1,primary,imec,,Leuven,BE,paper,p.1 affiliations,
wu2023,6,Kevin Vandersmissen,1,primary,imec,,Leuven,BE,paper,p.1 affiliations,
wu2023,7,Arantxa Maestre,1,primary,Graphenea Semiconductor SLU,,San Sebastian,ES,paper,p.1 affiliations,
wu2023,8,Alba Centeno,1,primary,Graphenea Semiconductor SLU,,San Sebastian,ES,paper,p.1 affiliations,
wu2023,9,Amaia Zurutuza,1,primary,Graphenea Semiconductor SLU,,San Sebastian,ES,paper,p.1 affiliations,
wu2023,10,Joris Van Campenhout,1,primary,imec,,Leuven,BE,paper,p.1 affiliations,
wu2023,11,Cedric Huyghebaert,1,primary,imec,,Leuven,BE,paper,p.1 affiliations,
wu2023,12,Dries Van Thourhout,1,primary,Ghent University,"Department of Information Technology, Photonics Research Group",Gent,BE,paper,p.1 affiliations,printed as Ghent University-imec
wu2023,12,Dries Van Thourhout,2,additional,imec,,Leuven,BE,paper,p.1 affiliations,
wu2023,13,Marianna Pantouvaki,1,primary,imec,,Leuven,BE,paper,p.1 affiliations,
wu2025,1,Lingfeng Wu,1,primary,South China Normal University,"Guangdong Provincial Key Laboratory of Optical Information Materials and Technology, South China Academy of Advanced Optoelectronics",Guangzhou,CN,paper,p.1 affiliations,
wu2025,2,Zhonghao Zhou,1,primary,"Chongqing United Microelectronics Center Co., Ltd",,Chongqing,CN,paper,p.1 affiliations,
wu2025,3,Weilong Ma,1,primary,South China Normal University,"Guangdong Provincial Key Laboratory of Optical Information Materials and Technology, South China Academy of Advanced Optoelectronics",Guangzhou,CN,paper,p.1 affiliations,
wu2025,4,Haohua Wang,1,primary,South China Normal University,"Guangdong Provincial Key Laboratory of Optical Information Materials and Technology, South China Academy of Advanced Optoelectronics",Guangzhou,CN,paper,p.1 affiliations,
wu2025,5,Ziliang Ruan,1,primary,Zhejiang University,"State Key Laboratory of Extreme Photonics and Instrumentation, College of Optical Science and Engineering, International Research Center for Advanced Photonics",Hangzhou,CN,paper,p.1 affiliations,
wu2025,11,Changjian Guo,1,primary,South China Normal University,"Guangdong Provincial Key Laboratory of Optical Information Materials and Technology, South China Academy of Advanced Optoelectronics",Guangzhou,CN,paper,p.1 affiliations,
wu2025,11,Changjian Guo,2,additional,South China Normal University,National Center for International Research on Green Optoelectronics,Guangzhou,CN,paper,p.1 affiliations,
wu2025,6,Shiqing Gao,1,primary,South China Normal University,"Guangdong Provincial Key Laboratory of Optical Information Materials and Technology, South China Academy of Advanced Optoelectronics",Guangzhou,CN,paper,p.1 affiliations,
wu2025,7,Zhishan Huang,1,primary,South China Normal University,"Guangdong Provincial Key Laboratory of Optical Information Materials and Technology, South China Academy of Advanced Optoelectronics",Guangzhou,CN,paper,p.1 affiliations,
wu2025,8,Lu Qi,1,primary,South China Normal University,"Guangdong Provincial Key Laboratory of Optical Information Materials and Technology, South China Academy of Advanced Optoelectronics",Guangzhou,CN,paper,p.1 affiliations,
wu2025,8,Lu Qi,2,additional,Sun Yat-sen University,"State Key Laboratory of Optoelectronic Materials and Technologies, School of Electronics and Information Technology",Guangzhou,CN,paper,p.1 affiliations,
wu2025,9,Jie Liu,1,primary,Sun Yat-sen University,"State Key Laboratory of Optoelectronic Materials and Technologies, School of Electronics and Information Technology",Guangzhou,CN,paper,p.1 affiliations,
wu2025,10,Jing Feng,1,primary,"Chongqing United Microelectronics Center Co., Ltd",,Chongqing,CN,paper,p.1 affiliations,
wu2025,12,Dapeng Liu,1,primary,"Chongqing United Microelectronics Center Co., Ltd",,Chongqing,CN,paper,p.1 affiliations,
wu2025,13,Kaixuan Chen,1,primary,South China Normal University,"Guangdong Provincial Key Laboratory of Optical Information Materials and Technology, South China Academy of Advanced Optoelectronics",Guangzhou,CN,paper,p.1 affiliations,
wu2025,13,Kaixuan Chen,2,additional,South China Normal University,National Center for International Research on Green Optoelectronics,Guangzhou,CN,paper,p.1 affiliations,
wu2025,14,Liu Liu,1,primary,Zhejiang University,"State Key Laboratory of Extreme Photonics and Instrumentation, College of Optical Science and Engineering, International Research Center for Advanced Photonics",Hangzhou,CN,paper,p.1 affiliations,
xu2020,1,Mengyue Xu,1,primary,Sun Yat-sen University,State Key Laboratory of Optoelectronic Materials and Technologies and School of Electronics and Information Technology,Guangzhou,CN,paper,p.1 affiliations,
xu2020,2,Mingbo He,1,primary,Sun Yat-sen University,State Key Laboratory of Optoelectronic Materials and Technologies and School of Electronics and Information Technology,Guangzhou,CN,paper,p.1 affiliations,
xu2020,3,Hongguang Zhang,1,primary,National Information Optoelectronics Innovation Center,,Wuhan,CN,paper,p.1 affiliations,printed as part of CICT
xu2020,3,Hongguang Zhang,2,additional,China Information and Communication Technologies Group Corporation,State Key Laboratory of Optical Communication Technologies and Networks,Wuhan,CN,paper,p.1 affiliations,
xu2020,4,Jian Jian,1,primary,Sun Yat-sen University,State Key Laboratory of Optoelectronic Materials and Technologies and School of Electronics and Information Technology,Guangzhou,CN,paper,p.1 affiliations,
xu2020,5,Ying Pan,1,primary,Sun Yat-sen University,State Key Laboratory of Optoelectronic Materials and Technologies and School of Electronics and Information Technology,Guangzhou,CN,paper,p.1 affiliations,
xu2020,6,Xiaoyue Liu,1,primary,Sun Yat-sen University,State Key Laboratory of Optoelectronic Materials and Technologies and School of Electronics and Information Technology,Guangzhou,CN,paper,p.1 affiliations,
xu2020,7,Lifeng Chen,1,primary,Sun Yat-sen University,State Key Laboratory of Optoelectronic Materials and Technologies and School of Electronics and Information Technology,Guangzhou,CN,paper,p.1 affiliations,
xu2020,8,Xiangyu Meng,1,primary,Sun Yat-sen University,State Key Laboratory of Optoelectronic Materials and Technologies and School of Electronics and Information Technology,Guangzhou,CN,paper,p.1 affiliations,
xu2020,9,Hui Chen,1,primary,Sun Yat-sen University,State Key Laboratory of Optoelectronic Materials and Technologies and School of Electronics and Information Technology,Guangzhou,CN,paper,p.1 affiliations,
xu2020,10,Zhaohui Li,1,primary,Sun Yat-sen University,State Key Laboratory of Optoelectronic Materials and Technologies and School of Electronics and Information Technology,Guangzhou,CN,paper,p.1 affiliations,
xu2020,11,Xi Xiao,1,primary,National Information Optoelectronics Innovation Center,,Wuhan,CN,paper,p.1 affiliations,printed as part of CICT
xu2020,11,Xi Xiao,2,additional,China Information and Communication Technologies Group Corporation,State Key Laboratory of Optical Communication Technologies and Networks,Wuhan,CN,paper,p.1 affiliations,
xu2020,12,Shaohua Yu,1,primary,National Information Optoelectronics Innovation Center,,Wuhan,CN,paper,p.1 affiliations,printed as part of CICT
xu2020,12,Shaohua Yu,2,additional,China Information and Communication Technologies Group Corporation,State Key Laboratory of Optical Communication Technologies and Networks,Wuhan,CN,paper,p.1 affiliations,
xu2020,13,Siyuan Yu,1,primary,Sun Yat-sen University,State Key Laboratory of Optoelectronic Materials and Technologies and School of Electronics and Information Technology,Guangzhou,CN,paper,p.1 affiliations,
xu2020,14,Xinlun Cai,1,primary,Sun Yat-sen University,State Key Laboratory of Optoelectronic Materials and Technologies and School of Electronics and Information Technology,Guangzhou,CN,paper,p.1 affiliations,
xu2022,1,Mengyue Xu,1,primary,Sun Yat-sen University,,,CN,crossref,crossref,Crossref affiliation name only; no city; country inferred from institution
xu2022,2,Yuntao Zhu,1,primary,Sun Yat-sen University,,,CN,crossref,crossref,Crossref affiliation name only; no city; country inferred from institution
xu2022,5,Mingbo He,1,primary,Sun Yat-sen University,,,CN,crossref,crossref,Crossref affiliation name only; no city; country inferred from institution
xu2022,7,Jingyi Wang,1,primary,Sun Yat-sen University,,,CN,crossref,crossref,Crossref affiliation name only; no city; country inferred from institution
xu2022,8,Ziliang Ruan,1,primary,Zhejiang University,,,CN,crossref,crossref,Crossref affiliation name only; no city; country inferred from institution
xu2022,11,Liu Liu,1,primary,Zhejiang University,,,CN,crossref,crossref,Crossref affiliation name only; no city; country inferred from institution
xu2022,12,Siyuan Yu,1,primary,Sun Yat-sen University,,,CN,crossref,crossref,Crossref affiliation name only; no city; country inferred from institution
xu2022,14,Xinlun Cai,1,primary,Sun Yat-sen University,,,CN,crossref,crossref,Crossref affiliation name only; no city; country inferred from institution
yu2024,1,Yalong Yu,1,primary,Zhejiang University,College of Information Science and Electronic Engineering,Hangzhou,CN,paper,p.1 affiliations,
yu2024,2,Bo Xiong,1,primary,Zhejiang University,College of Information Science and Electronic Engineering,Hangzhou,CN,paper,p.1 affiliations,
yu2024,3,Siqi Wu,1,primary,Zhejiang University,School of Physics,Hangzhou,CN,paper,p.1 affiliations,
yu2024,4,Yekai Ren,1,primary,Zhejiang University,College of Information Science and Electronic Engineering,Hangzhou,CN,paper,p.1 affiliations,
yu2024,5,Nuo Chen,1,primary,Zhejiang University,College of Information Science and Electronic Engineering,Hangzhou,CN,paper,p.1 affiliations,
yu2024,6,Qingjiao Mi,1,primary,Zhejiang University,College of Information Science and Electronic Engineering,Hangzhou,CN,paper,p.1 affiliations,
yu2024,7,Kangping Lou,1,primary,Zhejiang University,College of Information Science and Electronic Engineering,Hangzhou,CN,paper,p.1 affiliations,
yu2024,8,Rui Wang,1,primary,Zhejiang University,College of Information Science and Electronic Engineering,Hangzhou,CN,paper,p.1 affiliations,
yu2024,9,Tao Chu,1,primary,Zhejiang University,College of Information Science and Electronic Engineering,Hangzhou,CN,paper,p.1 affiliations,
yue2023,1,Hengsong Yue,1,primary,Zhejiang University,College of Information Science and Electronic Engineering,Hangzhou,CN,paper,p.1 affiliations,
yue2023,2,Nuo Chen,1,primary,Zhejiang University,College of Information Science and Electronic Engineering,Hangzhou,CN,paper,p.1 affiliations,
yue2023,4,Tao Chu,1,primary,Zhejiang University,College of Information Science and Electronic Engineering,Hangzhou,CN,paper,p.1 affiliations,
yue2025,1,Hengsong Yue,1,primary,Zhejiang University,College of Information Science and Electronic Engineering,Hangzhou,CN,paper,p.1 affiliations,
yue2025,2,Jianbin Fu,1,primary,Nanjing University of Aeronautics and Astronautics,National Key Laboratory of Microwave Photonics,Nanjing,CN,paper,p.1 affiliations,
yue2025,3,Hengwei Zhang,1,primary,Zhejiang University,College of Information Science and Electronic Engineering,Hangzhou,CN,paper,p.1 affiliations,
yue2025,4,Bo Xiong,1,primary,Zhejiang University,College of Information Science and Electronic Engineering,Hangzhou,CN,paper,p.1 affiliations,
yue2025,5,Shilong Pan,1,primary,Nanjing University of Aeronautics and Astronautics,National Key Laboratory of Microwave Photonics,Nanjing,CN,paper,p.1 affiliations,
yue2025,6,Tao Chu,1,primary,Zhejiang University,College of Information Science and Electronic Engineering,Hangzhou,CN,paper,p.1 affiliations,
zhang2022,1,Yiwen Zhang,1,primary,City University of Hong Kong,Department of Electrical Engineering,"Kowloon, Hong Kong",HK,paper,p.1 affiliations,
zhang2022,2,Linbo Shao,1,primary,Harvard University,John A. Paulson School of Engineering and Applied Sciences,"Cambridge, MA",US,paper,p.1 affiliations,
zhang2022,2,Linbo Shao,2,additional,Virginia Tech,Bradley Department of Electrical and Computer Engineering,"Blacksburg, VA",US,paper,p.1 affiliations,
zhang2022,3,Jingwei Yang,1,primary,City University of Hong Kong,Department of Electrical Engineering,"Kowloon, Hong Kong",HK,paper,p.1 affiliations,
zhang2022,4,Zhaoxi Chen,1,primary,City University of Hong Kong,Department of Electrical Engineering,"Kowloon, Hong Kong",HK,paper,p.1 affiliations,
zhang2022,5,Ke Zhang,1,primary,City University of Hong Kong,Department of Electrical Engineering,"Kowloon, Hong Kong",HK,paper,p.1 affiliations,
zhang2022,6,Kam-Man Shum,1,primary,City University of Hong Kong,State Key Laboratory of Terahertz and Millimeter Waves,"Kowloon, Hong Kong",HK,paper,p.1 affiliations,
zhang2022,7,Di Zhu,1,primary,Harvard University,John A. Paulson School of Engineering and Applied Sciences,"Cambridge, MA",US,paper,p.1 affiliations,
zhang2022,7,Di Zhu,2,additional,"Agency for Science, Technology and Research",Institute of Materials Research and Engineering,Singapore,SG,paper,p.1 affiliations,
zhang2022,8,Chi Hou Chan,1,primary,City University of Hong Kong,Department of Electrical Engineering,"Kowloon, Hong Kong",HK,paper,p.1 affiliations,
zhang2022,8,Chi Hou Chan,2,additional,City University of Hong Kong,State Key Laboratory of Terahertz and Millimeter Waves,"Kowloon, Hong Kong",HK,paper,p.1 affiliations,
zhang2022,9,Marko Lončar,1,primary,Harvard University,John A. Paulson School of Engineering and Applied Sciences,"Cambridge, MA",US,paper,p.1 affiliations,
zhang2022,10,Cheng Wang,1,primary,City University of Hong Kong,Department of Electrical Engineering,"Kowloon, Hong Kong",HK,paper,p.1 affiliations,
zhang2022,10,Cheng Wang,2,additional,City University of Hong Kong,State Key Laboratory of Terahertz and Millimeter Waves,"Kowloon, Hong Kong",HK,paper,p.1 affiliations,
zhang2023,1,Yong Zhang,1,primary,Shanghai Jiao Tong University,"State Key Laboratory of Advanced Optical Communication Systems and Networks, Department of Electronic Engineering",Shanghai,CN,paper,p.9 author details,
zhang2023,2,Jian Shen,1,primary,Shanghai Jiao Tong University,"State Key Laboratory of Advanced Optical Communication Systems and Networks, Department of Electronic Engineering",Shanghai,CN,paper,p.9 author details,
zhang2023,3,Jingchi Li,1,primary,Shanghai Jiao Tong University,"State Key Laboratory of Advanced Optical Communication Systems and Networks, Department of Electronic Engineering",Shanghai,CN,paper,p.9 author details,
zhang2023,4,Hongwei Wang,1,primary,Shanghai Jiao Tong University,"State Key Laboratory of Advanced Optical Communication Systems and Networks, Department of Electronic Engineering",Shanghai,CN,paper,p.9 author details,
zhang2023,5,Chenglong Feng,1,primary,Shanghai Jiao Tong University,"State Key Laboratory of Advanced Optical Communication Systems and Networks, Department of Electronic Engineering",Shanghai,CN,paper,p.9 author details,
zhang2023,6,Lei Zhang,1,primary,Shanghai Jiao Tong University,"State Key Laboratory of Advanced Optical Communication Systems and Networks, Department of Electronic Engineering",Shanghai,CN,paper,p.9 author details,
zhang2023,7,Lu Sun,1,primary,Shanghai Jiao Tong University,"State Key Laboratory of Advanced Optical Communication Systems and Networks, Department of Electronic Engineering",Shanghai,CN,paper,p.9 author details,
zhang2023,8,Jian Xu,1,primary,Center for Advanced Electronic Materials and Devices,,Shanghai,CN,paper,p.9 author details,
zhang2023,9,Ming Liu,1,primary,Center for Advanced Electronic Materials and Devices,,Shanghai,CN,paper,p.9 author details,
zhang2023,10,Ying Wang,1,primary,Center for Advanced Electronic Materials and Devices,,Shanghai,CN,paper,p.9 author details,
zhang2023,11,Yonghui Tian,1,primary,Lanzhou University,"Institute of Microelectronics and Key Laboratory for Magnetism and Magnetic Materials of MOE, School of Physical Science and Technology","Lanzhou, Gansu",CN,paper,p.9 author details,
zhang2023,12,Jianwen Dong,1,primary,Sun Yat-sen University,State Key Laboratory of Optoelectronic Materials and Technologies & School of Physics,Guangzhou,CN,paper,p.9 author details,
zhang2023,13,Yikai Su,1,primary,Shanghai Jiao Tong University,"State Key Laboratory of Advanced Optical Communication Systems and Networks, Department of Electronic Engineering",Shanghai,CN,paper,p.9 author details,
zheng2026,1,Xiujun Zheng,1,primary,Ghent University,"Department of Information Technology (INTEC), Photonics Research Group",Ghent,BE,paper,p.1 affiliations,printed as Ghent University-imec
zheng2026,1,Xiujun Zheng,2,additional,imec,,Leuven,BE,paper,p.1 affiliations,
zheng2026,2,Suzanne Bisschop,1,primary,Ghent University,"Department of Information Technology (INTEC), Photonics Research Group",Ghent,BE,paper,p.1 affiliations,printed as Ghent University-imec
zheng2026,2,Suzanne Bisschop,2,additional,imec,,Leuven,BE,paper,p.1 affiliations,
zheng2026,3,Arno Moerman,1,primary,Ghent University,"Department of Information Technology (INTEC), Photonics Research Group",Ghent,BE,paper,p.1 affiliations,printed as Ghent University-imec
zheng2026,3,Arno Moerman,2,additional,imec,,Leuven,BE,paper,p.1 affiliations,
zheng2026,4,Margot Niels,1,primary,Ghent University,"Department of Information Technology (INTEC), Photonics Research Group",Ghent,BE,paper,p.1 affiliations,printed as Ghent University-imec
zheng2026,4,Margot Niels,2,additional,imec,,Leuven,BE,paper,p.1 affiliations,
zheng2026,5,Ewoud Vissers,1,primary,Ghent University,"Department of Information Technology (INTEC), Photonics Research Group",Ghent,BE,paper,p.1 affiliations,printed as Ghent University-imec
zheng2026,5,Ewoud Vissers,2,additional,imec,,Leuven,BE,paper,p.1 affiliations,
zheng2026,6,Athina Papadopoulou,1,primary,Ghent University,"Department of Information Technology (INTEC), Photonics Research Group",Ghent,BE,paper,p.1 affiliations,printed as Ghent University-imec
zheng2026,6,Athina Papadopoulou,2,additional,imec,,Leuven,BE,paper,p.1 affiliations,
zheng2026,7,Philip Ekkels,1,primary,Ghent University,"Department of Information Technology (INTEC), Photonics Research Group",Ghent,BE,paper,p.1 affiliations,printed as Ghent University-imec
zheng2026,7,Philip Ekkels,2,additional,imec,,Leuven,BE,paper,p.1 affiliations,
zheng2026,8,Patrick Nenezic,1,primary,Ghent University,"Department of Information Technology (INTEC), Photonics Research Group",Ghent,BE,paper,p.1 affiliations,printed as Ghent University-imec
zheng2026,8,Patrick Nenezic,2,additional,imec,,Leuven,BE,paper,p.1 affiliations,
zheng2026,9,Simone Atzeni,1,primary,Ghent University,"Department of Information Technology (INTEC), Photonics Research Group",Ghent,BE,paper,p.1 affiliations,printed as Ghent University-imec
zheng2026,9,Simone Atzeni,2,additional,imec,,Leuven,BE,paper,p.1 affiliations,
zheng2026,10,Elif Ozceri,1,primary,Ghent University,"Department of Information Technology (INTEC), Photonics Research Group",Ghent,BE,paper,p.1 affiliations,printed as Ghent University-imec
zheng2026,10,Elif Ozceri,2,additional,imec,,Leuven,BE,paper,p.1 affiliations,
zheng2026,11,Tiernan McCaughery,1,primary,Ghent University,"Department of Information Technology (INTEC), Photonics Research Group",Ghent,BE,paper,p.1 affiliations,printed as Ghent University-imec
zheng2026,11,Tiernan McCaughery,2,additional,imec,,Leuven,BE,paper,p.1 affiliations,
zheng2026,12,Ali Uzun,1,primary,Ghent University,"Department of Information Technology (INTEC), Photonics Research Group",Ghent,BE,paper,p.1 affiliations,printed as Ghent University-imec
zheng2026,12,Ali Uzun,2,additional,imec,,Leuven,BE,paper,p.1 affiliations,
zheng2026,13,Ye Chen,1,primary,Ghent University,"Department of Information Technology (INTEC), Photonics Research Group",Ghent,BE,paper,p.1 affiliations,printed as Ghent University-imec
zheng2026,13,Ye Chen,2,additional,imec,,Leuven,BE,paper,p.1 affiliations,
zheng2026,14,Laurens Bogaert,1,primary,Ghent University,"Department of Information Technology (INTEC), Photonics Research Group",Ghent,BE,paper,p.1 affiliations,printed as Ghent University-imec
zheng2026,14,Laurens Bogaert,2,additional,imec,,Leuven,BE,paper,p.1 affiliations,
zheng2026,15,Nishant Singh,1,primary,Ghent University,"Department of Information Technology (INTEC), IDLab",Ghent,BE,paper,p.1 affiliations,printed as Ghent University-imec
zheng2026,15,Nishant Singh,2,additional,imec,,Leuven,BE,paper,p.1 affiliations,
zheng2026,16,Sandeep Seema Saseendran,1,primary,imec,,Leuven,BE,paper,p.1 affiliations,
zheng2026,17,Sofie Janssen,1,primary,imec,,Leuven,BE,paper,p.1 affiliations,
zheng2026,18,Natarajan Rajasekaran,1,primary,imec,,Leuven,BE,paper,p.1 affiliations,
zheng2026,19,Sadhishkumar Balakrishnan,1,primary,imec,,Leuven,BE,paper,p.1 affiliations,
zheng2026,20,Philippe Absil,1,primary,imec,,Leuven,BE,paper,p.1 affiliations,
zheng2026,21,Günther Roelkens,1,primary,Ghent University,"Department of Information Technology (INTEC), Photonics Research Group",Ghent,BE,paper,p.1 affiliations,printed as Ghent University-imec
zheng2026,21,Günther Roelkens,2,additional,imec,,Leuven,BE,paper,p.1 affiliations,
zheng2026,22,Bart Kuyken,1,primary,Ghent University,"Department of Information Technology (INTEC), Photonics Research Group",Ghent,BE,paper,p.1 affiliations,printed as Ghent University-imec
zheng2026,22,Bart Kuyken,2,additional,imec,,Leuven,BE,paper,p.1 affiliations,
zheng2026,23,Sarah Uvin,1,primary,Ghent University,"Department of Information Technology (INTEC), Photonics Research Group",Ghent,BE,paper,p.1 affiliations,printed as Ghent University-imec
zheng2026,23,Sarah Uvin,2,additional,imec,,Leuven,BE,paper,p.1 affiliations,
zheng2026,24,Maximilien Billet,1,primary,Ghent University,"Department of Information Technology (INTEC), Photonics Research Group",Ghent,BE,paper,p.1 affiliations,printed as Ghent University-imec
zheng2026,24,Maximilien Billet,2,additional,imec,,Leuven,BE,paper,p.1 affiliations,
zhong2026,1,Hua Zhong,1,primary,Shanghai Jiao Tong University,"State Key Laboratory of Photonics and Communications, School of Information Science and Electronic Engineering",Shanghai,CN,paper,p.1 affiliations,
zhong2026,2,Jingchi Li,1,primary,Shanghai Jiao Tong University,"State Key Laboratory of Photonics and Communications, School of Information Science and Electronic Engineering",Shanghai,CN,paper,p.1 affiliations,
zhong2026,3,Yu He,1,primary,Shanghai Jiao Tong University,"State Key Laboratory of Photonics and Communications, School of Information Science and Electronic Engineering",Shanghai,CN,paper,p.1 affiliations,
zhong2026,4,Hongwei Wang,1,primary,Nanyang Technological University,School of Electrical & Electronic Engineering,Singapore,SG,paper,p.1 affiliations,
zhong2026,5,Yuqi Chen,1,primary,Shanghai Jiao Tong University,"State Key Laboratory of Photonics and Communications, School of Information Science and Electronic Engineering",Shanghai,CN,paper,p.1 affiliations,
zhong2026,6,Yong Zhang,1,primary,Shanghai Jiao Tong University,"State Key Laboratory of Photonics and Communications, School of Information Science and Electronic Engineering",Shanghai,CN,paper,p.1 affiliations,
zhong2026,7,Xingfeng Li,1,primary,Shanghai Jiao Tong University,"State Key Laboratory of Photonics and Communications, School of Information Science and Electronic Engineering",Shanghai,CN,paper,p.1 affiliations,
zhong2026,8,Yuhan Du,1,primary,Shanghai Jiao Tong University,"State Key Laboratory of Photonics and Communications, School of Information Science and Electronic Engineering",Shanghai,CN,paper,p.1 affiliations,
zhong2026,9,Yikai Su,1,primary,Shanghai Jiao Tong University,"State Key Laboratory of Photonics and Communications, School of Information Science and Electronic Engineering",Shanghai,CN,paper,p.1 affiliations,
zwickel2020,1,Heiner Zwickel,1,primary,Karlsruhe Institute of Technology,Institute of Photonics and Quantum Electronics (IPQ),,DE,paper,p.1 affiliations,no city printed
zwickel2020,2,Stefan Singer,1,primary,Karlsruhe Institute of Technology,Institute of Photonics and Quantum Electronics (IPQ),,DE,paper,p.1 affiliations,no city printed
zwickel2020,3,Clemens Kieninger,1,primary,Karlsruhe Institute of Technology,Institute of Photonics and Quantum Electronics (IPQ),,DE,paper,p.1 affiliations,no city printed
zwickel2020,3,Clemens Kieninger,2,additional,Karlsruhe Institute of Technology,Institute of Microstructure Technology (IMT),,DE,paper,p.1 affiliations,no city printed
zwickel2020,4,Yasar Kutuvantavida,1,primary,Karlsruhe Institute of Technology,Institute of Photonics and Quantum Electronics (IPQ),,DE,paper,p.1 affiliations,no city printed
zwickel2020,4,Yasar Kutuvantavida,2,additional,Karlsruhe Institute of Technology,Institute of Microstructure Technology (IMT),,DE,paper,p.1 affiliations,no city printed
zwickel2020,5,Narek Muradyan,1,primary,Karlsruhe Institute of Technology,Institute of Photonics and Quantum Electronics (IPQ),,DE,paper,p.1 affiliations,no city printed
zwickel2020,6,Thorsten Wahlbrink,1,primary,AMO GmbH,,Aachen,DE,paper,p.1 affiliations,
zwickel2020,7,Shiyoshi Yokoyama,1,primary,Kyushu University,Institute for Materials Chemistry and Engineering,,JP,paper,p.1 affiliations,no city printed
zwickel2020,8,Sebastian Randel,1,primary,Karlsruhe Institute of Technology,Institute of Photonics and Quantum Electronics (IPQ),,DE,paper,p.1 affiliations,no city printed
zwickel2020,9,Wolfgang Freude,1,primary,Karlsruhe Institute of Technology,Institute of Photonics and Quantum Electronics (IPQ),,DE,paper,p.1 affiliations,no city printed
zwickel2020,10,Christian Koos,1,primary,Karlsruhe Institute of Technology,Institute of Photonics and Quantum Electronics (IPQ),,DE,paper,p.1 affiliations,no city printed
zwickel2020,10,Christian Koos,2,additional,Karlsruhe Institute of Technology,Institute of Microstructure Technology (IMT),,DE,paper,p.1 affiliations,no city printed
