paper_id,title,first_author,authors,year,published_on,venue,doi,arxiv_id,url,source_type,access_guess,license,discovered_via,platform_guess,device_class_guess,priority,sim_candidate,local_source_path,notes
arabjuneghani2022,Thin‐Film Lithium Niobate Optical Modulators with an Extrapolated Bandwidth of 170 GHz,Arab Juneghani,Farzaneh Arab Juneghani;Milad Gholipour Vazimali;Jie Zhao;Xi Chen;Son Thai Le;Haoshuo Chen;Ehsan Ordouie;Nicolas K Fontaine;Sasan Fathpour,2022,2022-10-26,Advanced Photonics Research,10.1002/adpr.202200216,,https://doi.org/10.1002/adpr.202200216,journal,open_access,CC-BY-4.0,landmark,lithium_niobate,mzm,1,yes,,"Asymmetric waveguide plus buffer: 170 GHz extrapolated bandwidth, VpiL 3.3 V cm. Surfaced via web search: 170 GHz extrapolated bandwidth."
boynton2020,A heterogeneously integrated silicon photonic/lithium niobate travelling wave electro-optic modulator,Boynton,Nicholas Boynton;Hong Cai;Michael Gehl;Shawn Arterburn;Christina Dallo;Andrew Pomerene;Andrew Starbuck;Dana Hood;Douglas C. Trotter;Thomas Friedmann;Christopher T. DeRose;Anthony Lentine,2020,2020-01-14,Optics Express,10.1364/oe.28.001868,,https://doi.org/10.1364/oe.28.001868,journal,open_access,Optica-OA-License,landmark,lithium_niobate,mzm,1,yes,,"Heterogeneous Si-photonic/TFLN modulator made in CMOS facilities: 30.6 GHz, 6.7 V cm. Surfaced via Crossref title search: heterogeneous Si/LN."
cai2025,Heterogeneously integrated lithium tantalate-on-silicon nitride modulators for high-speed communications,Jiachen Cai,Jiachen Cai;Alexander Kotz;Hugo Larocque;Chengli Wang;Xinru Ji;Junyin Zhang;Daniel Drayss;Jiale Sun;Shuhang Zheng;Xin Ou;Christian Koos;Tobias J. Kippenberg,2026,2025-08-08,Nature Communications 17(1),10.1038/s41467-026-69769-3,2508.06265,https://doi.org/10.1038/s41467-026-69769-3,journal,arxiv,journal=CC-BY-4.0; arxiv=CC-BY-4.0,blog:OFS-61,lithium_tantalate,mzm,1,yes,,arXiv preprint and journal/proceedings version merged into one row (doi and arxiv_id both given)
chen2022,High performance thin-film lithium niobate modulator on a silicon substrate using periodic capacitively loaded traveling-wave electrode,Gengxin Chen,Gengxin Chen;Kaixuan Chen;Ranfeng Gan;Ziliang Ruan;Zong Wang;Pucheng Huang;Chao Lu;Alan Pak Tao Lau;Daoxin Dai;Changjian Guo;Liu Liu,2022,2022-02-01,APL Photonics 7(2),10.1063/5.0077232,,https://doi.org/10.1063/5.0077232,journal,open_access,CC-BY-4.0,landmark;local_corpus,lithium_niobate,mzm,1,yes,@local_corpus,lead described as T-rail electrode; API title is periodic capacitively loaded traveling-wave electrode | also in candidates_landmark
chen2026,Thin-film lithium tantalate electro-optic modulator with balanced bandwidth-voltage and low DC drift,Chen,Haiwei Chen;Zhilin Ye;Kaiyan Pan;Heyi Cai;Nan Jiang;Gang Zhao;Shining Zhu;Xiaopeng Hu,2026,2026-04-30,Optics Express,10.1364/oe.595937,,https://doi.org/10.1364/oe.595937,journal,open_access,Optica-OA-License,landmark,lithium_tantalate,mzm,1,yes,,"TFLT MZM: >67 GHz, VpiL 2.4 V cm, low DC drift. Surfaced via web search: balanced bandwidth-voltage low DC drift TFLT."
deng2026,Self-buffered epitaxy of barium titanate on oxide insulators enables high-performance electro-optic modulators,Chenguang Deng,Chenguang Deng;Yutong He;Wenfeng Yang;Han Yu;Zijian Hong;Hao Liu;Haojie Han;Wei Li;Yunpeng Ma;Zhongshan Zhang;Yongjun Wu;Jing Ma;Bing Xiong;Changzheng Sun;Rong Yu;Jing-Feng Li;Ji Zhou;Yi Luo;Qian Li,2026,2026-01-02,Light: Science & Applications 15(1),10.1038/s41377-025-02081-9,,https://doi.org/10.1038/s41377-025-02081-9,journal,open_access,CC-BY-4.0,landmark;local_corpus,barium_titanate,mzm,1,yes,@local_corpus,also in candidates_landmark
derose2012,High speed travelling wave carrier depletion silicon Mach-Zehnder modulator,Christopher T. DeRose,Christopher T. DeRose;Douglas C. Trotter;William A. Zortman;Michael R. Watts,2012,,2012 Optical Interconnects Conference,10.1109/oic.2012.6224486,,https://doi.org/10.1109/oic.2012.6224486,conference,unknown,,local_corpus,silicon_plasma_dispersion,mzm,1,no,@local_corpus,"identity matched on exact title; local PDF shows DeRose, Trotter, Zortman, Watts"
didier2026,Thin film lithium niobate on sapphire for integrated mid-infrared modulator,Didier,Pierre Didier;Prakhar Jain;Mathieu Bertrand;Jost Kellner;Oliver Pitz;Zhecheng Dai;Tristan Kuttner;Mattias Beck;Baile Chen;Jérôme Faist;Rachel Grange,2026,2026-02-21,Nature Communications,10.1038/s41467-026-69880-5,,https://doi.org/10.1038/s41467-026-69880-5,journal,open_access,CC-BY-4.0,landmark,lithium_niobate,mzm,1,yes,,"LN-on-sapphire MZM at 3.95-4.5 um: >20 GHz, VpiL 22 V cm. Surfaced via web search: TFLN on sapphire mid-IR."
dong2026,400G/lane PAM4 Modulation Using Silicon Mach-Zehnder Modulators,Po Dong,Po Dong;Venkatesh Doddapaneni;Michael Kossey;Craig Schulz;Andrei Kaikkonen;Roberto Rodes;Dun Mao;Jaime Kwan;Taylor Fryett;Bo Feng;Argishti Melikyan;Chengpin Yu;Jack Xu,2026,2026-03-19,"Optical Fiber Communication Conference (OFC) 2026, paper Th4A.4",10.1364/ofc.2026.th4a.4,,https://doi.org/10.1364/ofc.2026.th4a.4,conference,unknown,,ofc2026;local_corpus,silicon_plasma_dispersion,mzm,1,no,@local_corpus,OFC 2026 code Th4A.4 | published_on is the OFC 2026 presentation date from the conference schedule
eltes2019,A BaTiO3-Based Electro-Optic Pockels Modulator Monolithically Integrated on an Advanced Silicon Photonics Platform,Felix Eltes,Felix Eltes;Christian Mai;Daniele Caimi;Marcel Kroh;Youri Popoff;Georg Winzer;Despoina Petousi;Stefan Lischke;J. Elliott Ortmann;Lukas Czornomaz;Lars Zimmermann;Jean Fompeyrine;Stefan Abel,2019,2019-03-01,"Journal of Lightwave Technology 37(5), 1456-1462",10.1109/jlt.2019.2893500,1911.02317,https://doi.org/10.1109/jlt.2019.2893500,journal,paywalled,https://ieeexplore.ieee.org/Xplorehelp/downloads/license-information/OAPA.html,landmark;local_corpus,barium_titanate,mzm,1,unknown,,also in candidates_landmark
gupta2023,"Implementation, Modelling and Verification of High-Speed Mach-Zehnder Phase Modulators in an Open Access InP Foundry Platform",Gupta,Y Durvasa Gupta;Guillaume Binet;Wouter Diels;Oliver Abdeen;Tom Gaertner;Moritz Baier;Martin Schell,2023,2023-06-01,Journal of Lightwave Technology,10.1109/jlt.2023.3244129,,https://doi.org/10.1109/jlt.2023.3244129,journal,paywalled,,landmark,inp_mqw,phase_shifter,1,no,,"Open-access InP foundry MZM: Vpi 1.4 V, 32 GHz, 5 mm TWE, 80 Gbps. Surfaced via web search: open-access InP foundry MZ phase modulators. Unverified: Fraunhofer HHI generic platform."
he2019,High-performance hybrid silicon and lithium niobate Mach–Zehnder modulators for 100 Gbit s−1 and beyond,He,Mingbo He;Mengyue Xu;Yuxuan Ren;Jian Jian;Ziliang Ruan;Yongsheng Xu;Shengqian Gao;Shihao Sun;Xueqin Wen;Lidan Zhou;Lin Liu;Changjian Guo;Hui Chen;Siyuan Yu;Liu Liu;Xinlun Cai,2019,2018-07-07,Nature Photonics,10.1038/s41566-019-0378-6,1807.10362,https://doi.org/10.1038/s41566-019-0378-6,journal,arxiv,arXiv-nonexclusive,landmark,lithium_niobate,mzm,1,yes,,"Hybrid Si-LN MZM: 2.5 dB IL, VpiL 2.2 V cm, >=70 GHz, 112 Gbit/s. Surfaced via web search: hybrid Si-LN MZM."
kharel2021,Breaking voltage–bandwidth limits in integrated lithium niobate modulators using micro-structured electrodes,Prashanta Kharel,Prashanta Kharel;Christian Reimer;Kevin Luke;Lingyan He;Mian Zhang,2021,2020-11-26,"Optica 8(3), 357",10.1364/optica.416155,2011.13422,https://doi.org/10.1364/optica.416155,journal,arxiv,journal=Optica-OA-License-v2; arxiv=CC-BY-NC-ND-4.0,landmark;local_corpus,lithium_niobate,mzm,1,yes,@local_corpus,arXiv preprint and journal/proceedings version merged into one row (doi and arxiv_id both given) | also in candidates_landmark
lee2026,Suspended thin-film lithium niobate modulator for broadband mid-infrared light modulation and frequency comb generation,Chun-Ho Lee,Chun-Ho Lee;Xinyi Ren;Xinzhou Su;Wonho Lee;Zile Jiang;Yue Yu;Huibin Zhou;Yue Zuo;Shaoyuan Ou;Reshma Kopparapu;Adam T. Heiniger;Moshe Tur;Alan E. Willner;Zaijun Chen;Mengjie Yu,2026,2026-01-24,Nature Communications,10.1038/s41467-026-77674-y,2601.17385,https://doi.org/10.1038/s41467-026-77674-y,journal,arxiv,journal=CC-BY-4.0; arxiv=arXiv-nonexclusive,drive_doc;tmp_eo_md;local_corpus,lithium_niobate,mzm,1,yes,@local_corpus,arXiv preprint and journal/proceedings version merged into one row (doi and arxiv_id both given)
li2025a,Ultra‐Low‐Loss Slow‐Light Thin‐Film Lithium Niobate Optical Modulator,Li,Chenlei Li;Jianghao He;Ming Zhang;Yeyu Tong;Weixi Liu;Siyuan Wang;Lijia Song;Hongxuan Liu;Hengzhen Cao;Liu Liu;Yaocheng Shi;Daoxin Dai,2025,2024-11-26,Laser & Photonics Reviews,10.1002/lpor.202401998,2411.17480,https://doi.org/10.1002/lpor.202401998,journal,arxiv,CC-CC0-1.0,landmark,lithium_niobate,mzm,1,yes,,"Slow-light TFLN MZM: alpha*Vpi*L 7.4 V dB, flat response to 67 GHz. Surfaced via web search: slow-light TFLN modulator."
li2026,Broadband suspended lithium tantalate Mach-Zehnder modulator achieving a 460 Gbit/s net data rate,Zihan Li,Zihan Li;Alexander Kotz;Adrian Schwarzenberger;Christian Koos;Tobias J. Kippenberg,2026,2026-07-19,arXiv,,2607.17436,https://arxiv.org/abs/2607.17436,arxiv_preprint,arxiv,CC-BY-4.0,blog:OFS-109,lithium_tantalate,mzm,1,unknown,,arXiv only; no journal version found by exact-title Crossref search
li2026a,Lithium-Tantalate-on-Fused Silica Mach-Zehnder Modulators,Zihan Li,Zihan Li;Alexander Kotz;Adrian Schwarzenberger;Christian Koos;Tobias Kippenberg,2026,2026-03-18,"Optical Fiber Communication Conference (OFC) 2026, paper W1A.5",10.1364/ofc.2026.w1a.5,,https://doi.org/10.1364/ofc.2026.w1a.5,conference,unknown,,ofc2026;local_corpus,lithium_tantalate,mzm,1,unknown,@local_corpus,OFC 2026 code W1A.5 | published_on is the OFC 2026 presentation date from the conference schedule
li2026aa,Ultra-broadband near- to mid-infrared electro-optic modulator on thin-film lithium niobate,Li,Qiyuan Li;Qiyuan Yi;Aolong Sun;Chenglin Shang;Yiqi Dai;Sizhe Xing;Jinlai Cui;Yupeng Zhu;Jiayi Li;Jun Zheng;Junwen Zhang;Nan Chi;An Pan;Cheng Zeng;Jinsong Xia;Shuang Zheng;Li Shen;Minming Zhang,2026,2026-01-08,Nature Communications,10.1038/s41467-025-67902-2,,https://doi.org/10.1038/s41467-025-67902-2,journal,open_access,CC-BY-NC-ND-4.0,landmark,lithium_niobate,mzm,1,yes,,TFLN modulator covering O-U bands and 2 um; >67 GHz EO bandwidth. Surfaced via web search: ultra-broadband near- to mid-IR TFLN. Unverified: VpiL values (1.92-3.94 V cm) seen only in web search snippet of publisher page. paper_id may collide with a seed A/B id (different paper); merge step must disambiguate. | id renamed from li2026a
li2026ba,Low voltage and high-bandwidth thin-film lithium tantalate modulator on a silicon dioxide substrate,Li,Zihan Li;Alexander Kotz;Adrian Schwarzenberger;Christian Koos;Tobias J. Kippenberg,2026,2026-04-16,arXiv,,2604.14836,https://arxiv.org/abs/2604.14836,arxiv_preprint,arxiv,CC-BY-4.0,landmark,lithium_tantalate,mzm,1,yes,,"TFLT modulator on SiO2 substrate: 1.53 V Vpi, 64 GHz, 440.6 Gbps PAM8. Surfaced via web search: TFLT on SiO2 substrate. Unverified: arXiv only; first author per DataCite. paper_id may collide with a seed A/B id (different paper); merge step must disambiguate. | id renamed from li2026b"
lin2025,Copper damascene process-based high-performance thin-film lithium tantalate modulators,Mengxin Lin,Mengxin Lin;Zihan Li;Alexander Kotz;Hugo Larocque;Nikolai Kuznetsov;Jiale Sun;Yichi Zhang;Shuhang Zheng;Johann Riemensberger;Christian Koos;Tobias J. Kippenberg,2026,2025-05-07,Nature Communications 17(1),10.1038/s41467-026-69588-6,2505.04755,https://doi.org/10.1038/s41467-026-69588-6,journal,arxiv,journal=CC-BY-NC-ND-4.0; arxiv=CC-BY-4.0,blog:OFS-47;local_corpus,lithium_tantalate,mzm,1,yes,@local_corpus,arXiv preprint and journal/proceedings version merged into one row (doi and arxiv_id both given) | local PDF is the accepted unedited Nature Communications version; arXiv and journal versions merged
liu2021,"Low half-wave-voltage, ultra-high bandwidth thin-film LiNbO3 modulator based on hybrid waveguide and periodic capacitively loaded electrodes",Xuecheng Liu,Xuecheng Liu;Bing Xiong;Changzheng Sun;Jian Wang;Zhibiao Hao;Lai Wang;Yanjun Han;Hongtao Li;Jiadong Yu;Yi Luo,2021,2021-02-04,arXiv,,2103.03684,https://arxiv.org/abs/2103.03684,arxiv_preprint,arxiv,arXiv-nonexclusive,local_corpus,lithium_niobate,mzm,1,yes,@local_corpus,arXiv only; no journal version found by exact-title Crossref search
liu2025,Ultrahigh‐Efficiency Dual‐Band Thin‐Film Lithium Niobate Modulator Incorporating Low‐k Underfill for 390 Gbit s−1 PAM8 Transmission (Laser Photonics Rev. 19(14)/2025),Liu,Hao Liu;Yutong He;Bing Xiong;Changzheng Sun;Zhibiao Hao;Lai Wang;Jian Wang;Yanjun Han;Hongtao Li;Lin Gan;Yi Luo,2025,2024-11-22,Laser & Photonics Reviews,10.1002/lpor.202570057,2411.15037,https://doi.org/10.1002/lpor.202570057,journal,arxiv,arXiv-nonexclusive,landmark,lithium_niobate,mzm,1,yes,,"Low-k underfill TFLN modulator: 1.9 V Vpi, 220 GHz extrapolated bandwidth, 390 Gbit/s. Surfaced via web search: 220 GHz extrapolated dual-band. Unverified: Crossref DOI is a Laser Photonics Rev. record dated 2025-07; arXiv title differs slightly. paper_id may collide with a seed A/B id (different paper); merge step must disambiguate."
liu2025b,Volume manufacturing of thin-film lithium niobate modulators with bandwidth <i>&gt;</i> 110 GHz based on 4-inch wafer with a quartz handle,Yang Liu,Yang Liu;Zihan Zhou;Peiqi Zhou;Changqing Wang;Qiansheng Wang;Ye Liu;Dong Wang;Daigao Chen;Lei Wang;Xi Xiao,2025,,"Light: Advanced Manufacturing 6(3), 1",10.37188/lam.2025.047,,https://doi.org/10.37188/lam.2025.047,journal,unknown,,local_corpus,lithium_niobate,mzm,1,yes,@local_corpus,
liu2026b,High-Bandwidth Serpentine Segmented Silicon Photonic Mach-Zehnder Modulator for 192 Gbaud Transmission,Qian Liu,Qian Liu;Chao Cheng;Yangming Ren;Xinyu Li;Wenfu Zhang;Binhao Wang,2026,2026-03-18,"Optical Fiber Communication Conference (OFC) 2026, paper W2A.14",10.1364/ofc.2026.w2a.14,,https://doi.org/10.1364/ofc.2026.w2a.14,conference,unknown,,ofc2026;local_corpus,silicon_plasma_dispersion,mzm,1,no,@local_corpus,OFC 2026 code W2A.14 | published_on is the OFC 2026 presentation date from the conference schedule
liu2026c,A 280 Gbps PAM6 Silicon Photonic Tabbed-Electrode Mach-Zehnder Modulator with Co-Optimized Modulation Efficiency and Electro-Optic Bandwidth,Qian Liu,Qian Liu;Jintao Xue;Chao Cheng;Yangming Ren;Xinyu Li;Wenfu Zhang;Binhao Wang,2026,2026-03-19,"Optical Fiber Communication Conference (OFC) 2026, paper Th2A.11",10.1364/ofc.2026.th2a.11,,https://doi.org/10.1364/ofc.2026.th2a.11,conference,unknown,,ofc2026;local_corpus,silicon_plasma_dispersion,mzm,1,no,@local_corpus,OFC 2026 code Th2A.11 | published_on is the OFC 2026 presentation date from the conference schedule
mao2022,Heterogeneous silicon-on-lithium niobate electro-optic modulator for 100-Gbaud modulation,Mao,Jiawei Mao;Hiromu Sato;Guo-Wei Lu;Shiyoshi Yokoyama,2022,2022-12-01,APL Photonics,10.1063/5.0109251,,https://doi.org/10.1063/5.0109251,journal,open_access,CC-BY-4.0,landmark,lithium_niobate,mzm,1,yes,,"Silicon-loaded LN MZM: VpiL 1.9 V cm, 60 GHz, 200 Gbit/s. Surfaced via Crossref topic search: Si-on-LN 100 Gbaud."
meng2023,High Performance Thin-film Lithium Niobate Modulator Applied ITO Composite Electrode with Modulation Efficiency of 1V*cm,Meng,Xiangyu Meng;Can Yuan;Xingran Cheng;Shuai Yuan;Chenglin Shang;An Pan;Zhicheng Qu;Xuanhao Wang;Peijie Zhang;Chengcheng Gui;Chao Chen;Cheng Zeng;Jinsong Xia,2023,2023-11-09,arXiv,,2311.05119,https://arxiv.org/abs/2311.05119,arxiv_preprint,arxiv,arXiv-nonexclusive,landmark,lithium_niobate,mzm,1,yes,,"TFLN composite ITO electrode: VpiL 1.02 V cm (O-band), 108 GHz roll-off point. Surfaced via web search: ITO composite electrode TFLN. Unverified: arXiv only; DataCite abstract wording used."
murai2025,1.1-cm-long thin-film lithium niobate Mach-Zehnder modulator with low driving voltage integrated by micro-transfer printing,Toshiya Murai,Toshiya Murai;Rai Kou;Guangwei Cong;Masahiko Imai;Kazumasa Takabayashi;Koji Yamada,2025,2025-08-29,"Optics Express 33(18), 38258",10.1364/oe.568498,,https://doi.org/10.1364/oe.568498,journal,open_access,Optica-OA-License-v2,drive_doc;tmp_eo_md,lithium_niobate,mzm,1,yes,,Crossref license is Optica OA license; local caches record an access challenge and no PDF
niels2026,A high-speed heterogeneous lithium tantalate silicon photonics platform,Margot Niels,Margot Niels;Tom Vanackere;Ewoud Vissers;Tingting Zhai;Patrick Nenezic;Jakob Declercq;Cédric Bruynsteen;Shengpu Niu;Arno Moerman;Olivier Caytan;Nishant Singh;Sam Lemey;Xin Yin;Sofie Janssen;Peter Verheyen;Neha Singh;Dieter Bode;Martin Davi;Filippo Ferraro;Philippe Absil;Sadhishkumar Balakrishnan;Joris Van Campenhout;Günther Roelkens;Bart Kuyken;Maximilien Billet,2026,2025-03-13,"Nature Photonics 20(2), 225-231",10.1038/s41566-025-01832-9,2503.10557,https://doi.org/10.1038/s41566-025-01832-9,journal,arxiv,journal=https://www.springernature.com/gp/researchers/text-and-data-mining; arxiv=CC-BY-4.0,landmark;local_corpus,lithium_tantalate,mzm,1,unknown,,arXiv preprint and journal/proceedings version merged into one row (doi and arxiv_id both given) | related conference summary is the niels2025 row | also in candidates_landmark
ogiso2016,100 Gb/s and 2 V V π InP Mach‐Zehnder modulator with an n‐i‐p‐n heterostructure,Y. Ogiso,Y. Ogiso;J. Ozaki;N. Kashio;N. Kikuchi;H. Tanobe;Y. Ohiso;M. Kohtoku,2016,2016-10,"Electronics Letters 52(22), 1866-1867",10.1049/el.2016.2987,,https://doi.org/10.1049/el.2016.2987,journal,paywalled,http://onlinelibrary.wiley.com/termsAndConditions#vor,landmark;local_corpus,inp_mqw,mzm,1,no,@local_corpus,also in candidates_landmark
ogiso2017,Over 67 GHz Bandwidth and 1.5 V Vπ InP-Based Optical IQ Modulator With n-i-p-n Heterostructure,Yoshihiro Ogiso,Yoshihiro Ogiso;Josuke Ozaki;Yuta Ueda;Norihide Kashio;Nobuhiro Kikuchi;Eiichi Yamada;Hiromasa Tanobe;Shigeru Kanazawa;Hiroshi Yamazaki;Yoshitaka Ohiso;Takuro Fujii;Masaki Kohtoku,2017,2017-04-15,"Journal of Lightwave Technology 35(8), 1450-1455",10.1109/jlt.2016.2639542,,https://doi.org/10.1109/jlt.2016.2639542,journal,paywalled,https://ieeexplore.ieee.org/Xplorehelp/downloads/license-information/IEEE.html,landmark;local_corpus,inp_mqw,iq_mzm,1,no,,also in candidates_landmark
ogiso2020,80-GHz Bandwidth and 1.5-V Vπ InP-Based IQ Modulator,Yoshihiro Ogiso,Yoshihiro Ogiso;Yasuaki Hashizume;Hiromasa Tanobe;Nobuhiro Nunoya;Minoru Ida;Yutaka Miyamoto;Mitsuteru Ishikawa;Josuke Ozaki;Yuta Ueda;Hitoshi Wakita;Munehiko Nagatani;Hiroshi Yamazaki;Masanori Nakamura;Takayuki Kobayashi;Shigeru Kanazawa,2020,2020-01-15,"Journal of Lightwave Technology 38(2), 249-255",10.1109/jlt.2019.2924671,,https://doi.org/10.1109/jlt.2019.2924671,journal,paywalled,https://ieeexplore.ieee.org/Xplorehelp/downloads/license-information/IEEE.html,local_corpus,inp_mqw,iq_mzm,1,no,,
ogiso2024,High Speed InP Modulator for Beyond 200 Gbaud,Yoshihiro Ogiso,Yoshihiro Ogiso;Josuke Ozaki;Kenta Sugiura;Yusuke Saito;Mitsuteru Ishikawa,2024,,Optical Fiber Communication Conference (OFC) 2024,10.1364/ofc.2024.tu2d.7,,https://doi.org/10.1364/ofc.2024.tu2d.7,conference,unknown,,local_corpus,inp_mqw,iq_mzm,1,no,@local_corpus,
pan2021,Demonstration of high-speed thin-film lithium-niobate-on-insulator optical modulators at the 2-µm wavelength,Pan,Bingcheng Pan;Jinyao Hu;Yishu Huang;Lijia Song;Jingyi Wang;Pengxin Chen;Zejie Yu;Liu Liu;Daoxin Dai,2021,2021-05-24,Optics Express,10.1364/oe.416908,,https://doi.org/10.1364/oe.416908,journal,open_access,Optica-OA-License,landmark,lithium_niobate,mzm,1,yes,,"First TFLN MZM at 2 um: VpiL 3.67 V cm, >22 GHz. Surfaced via web search: 2 um TFLN modulator."
porto2026,"1.6 Tb/s Monolithic InP Transmitter PIC with DFB, MZM, and SOA Arrays",S. Porto,S. Porto;F. Sang;J. Lavrencik;P. Abolghasem;A. Rundquist;J. Macario;A. Meighan;C. Ozdemir;Y.-P. Wang;W. Fu;S. Sakpal;P. Gavrilovic;T. Frost;J. Zhang;P. Turla;J. Anthony;K. Hoshino;C. DiGiovanni;A. Diba;S. Barik;M. Kuntz;V. Lal;P. Evans;M. Ziari,2026,2026-03-19,"Optical Fiber Communication Conference (OFC) 2026, paper Th1C.4",10.1364/ofc.2026.th1c.4,,https://doi.org/10.1364/ofc.2026.th1c.4,conference,unknown,,ofc2026;local_corpus,inp_mqw,mzm,1,no,@local_corpus,OFC 2026 code Th1C.4 | published_on is the OFC 2026 presentation date from the conference schedule
powell2024,A sub-volt near-IR lithium tantalate electro-optic modulator,Powell,Keith Powell;Dylan Renaud;Xudong Li;Daniel Assumpcao;C. J. Xin;Neil Sinclair;Marko Lončar,2024,2024,CLEO 2024,10.1364/cleo_si.2024.sm2d.2,2505.00906,https://doi.org/10.1364/cleo_si.2024.sm2d.2,conference,arxiv,CC-BY-NC-ND-4.0,landmark,lithium_tantalate,mzm,1,yes,,"TFLT MZM at 737 nm: record-low VpiL 0.65 V cm, 20 GHz detector-limited. Surfaced via web search: sub-volt near-IR LT modulator. Unverified: conference paper; arXiv id from web search, DataCite matches."
qiu2026,Barium Titanate Enabling Net 1.6T (4x448 Gbps PAM4) On a Silicon Photonics Platform,Benton Qiu,Benton Qiu;Charles St-Arnault;Jonathan Cauchon;Cyriel Minkenberg;Thomas Kornher;Charles Laperle;Wouter Diels;Stefan Abel;Naim Ben-Hamida;Bruce Beggs;François Pelletier;Lukas Czornomaz;Xiangfeng Chen;Felix Eltes;David V. Plant,2026,2026-03-19,"Optical Fiber Communication Conference (OFC) 2026, paper Th4B.3",10.1364/ofc.2026.th4b.3,,https://doi.org/10.1364/ofc.2026.th4b.3,conference,unknown,,drive_doc;ofc2026;local_corpus,barium_titanate,mzm,1,unknown,@local_corpus,OFC 2026 code Th4B.3 | published_on is the OFC 2026 presentation date from the conference schedule
rahman2025,High-performance Hybrid Lithium Niobate Electro-optic Modulators Integrated with Low-loss Silicon Nitride Waveguides on a Wafer-scale Silicon Photonics Platform,Arif Rahman,Arif Rahman;Forrest Valdez;Viphretuo Mere;Camiel Op de Beeck;Pieter Wuytens;Shayan Mookherjea,2025,2025-04-01,arXiv,,2504.00311,https://arxiv.org/abs/2504.00311,arxiv_preprint,arxiv,CC-BY-NC-ND-4.0,blog:OFS-51,lithium_niobate,mzm,1,yes,,arXiv only; no journal version found by exact-title Crossref search | possible journal version Journal of Lightwave Technology doi 10.1109/jlt.2025.3646212 has a different title; not merged
renaud2023,Sub-1 Volt and high-bandwidth visible to near-infrared electro-optic modulators,Renaud,Dylan Renaud;Daniel Rimoli Assumpcao;Graham Joe;Amirhassan Shams-Ansari;Di Zhu;Yaowen Hu;Neil Sinclair;Marko Loncar,2023,2023-03-27,Nature Communications,10.1038/s41467-023-36870-w,,https://doi.org/10.1038/s41467-023-36870-w,journal,open_access,CC-BY-4.0,landmark,lithium_niobate,mzm,1,yes,,"Visible-NIR TFLN MZM: VpiL 0.55 V cm at 738 nm, >35 GHz. Surfaced via Crossref title search: visible-NIR sub-1 V."
sayem2026c,High bandwidth traveling wave electro-optic modulator at 1μm on thin-film lithium tantalate,Ayed Al Sayem,Ayed Al Sayem;Shiekh Zia Uddin;Ting-Chen Hu;Alaric Tate;Mark Cappuzzo;Rose Kopf;Mark Earnshaw,2026,2026-04-10,arXiv,,2604.09825,https://arxiv.org/abs/2604.09825,arxiv_preprint,arxiv,CC-BY-4.0,landmark;local_corpus,lithium_tantalate,mzm,1,unknown,@local_corpus,arXiv only; no journal version found by exact-title Crossref search | distinct paper from arXiv 2604.27285 (sayem2026a) | also in candidates_landmark
su2026,High Efficiency and High Speed Electro-Optical Modulator Based on Hybrid Calcium Titanate and Lithium Niobate,Wenqu Su,Wenqu Su;Guanyu Chen;Tao Zhu;Hua Yu,2026,2026-03-19,"Optical Fiber Communication Conference (OFC) 2026, paper Th1H.4",10.1364/ofc.2026.th1h.4,,https://doi.org/10.1364/ofc.2026.th1h.4,conference,unknown,,ofc2026;local_corpus,lithium_niobate,mzm,1,unknown,@local_corpus,OFC 2026 code Th1H.4 | published_on is the OFC 2026 presentation date from the conference schedule
tanaka2026,IQ Modulators with Two Segments using InP/SOI Chip-on-Wafer Bonding Process for Optical DAC,Hajime Tanaka,Hajime Tanaka;Naotaka Kasuya;Taichi Misawa;Yohei Sobu;Shuntaro Maeda;Kento Komatsu;Naoko Inoue;Takehiko Kikuchi;Takuya Mitarai;Shun Kimura;Naoki Fujiwara;Nobuhiko Nishiyama;Takuo Tanemura;Shinsuke Tanaka;Hideki Yagi,2026,2026-03-16,"Optical Fiber Communication Conference (OFC) 2026, paper M4D.2",10.1364/ofc.2026.m4d.2,,https://doi.org/10.1364/ofc.2026.m4d.2,conference,unknown,,ofc2026;local_corpus,inp_mqw,iq_mzm,1,no,@local_corpus,OFC 2026 code M4D.2 | published_on is the OFC 2026 presentation date from the conference schedule
tran2026,180 GBaud PAM4 Driver-Modulator Engine for IM/DD Transmissions in the O-Band,Son Tran,Son Tran;Sebastian Lauck;Gerrit Fiol;Jonathan Andree;Felix Ganzer;Robert Emmerich;Colja Schubert;Patrick Runge;Martin Schell;Ronald Freund;Shawn Parker;Trong Phan;Billy Allen,2026,2026-03-18,"Optical Fiber Communication Conference (OFC) 2026, paper W3E.6",10.1364/ofc.2026.w3e.6,,https://doi.org/10.1364/ofc.2026.w3e.6,conference,unknown,,ofc2026;local_corpus,inp_mqw,mzm,1,no,@local_corpus,OFC 2026 code W3E.6 | published_on is the OFC 2026 presentation date from the conference schedule
valdez2022,"110 GHz, 110 mW hybrid silicon-lithium niobate Mach-Zehnder modulator",Forrest Valdez,Forrest Valdez;Viphretuo Mere;Xiaoxi Wang;Nicholas Boynton;Thomas A. Friedmann;Shawn Arterburn;Christina Dallo;Andrew T. Pomerene;Andrew L. Starbuck;Douglas C. Trotter;Anthony L. Lentine;Shayan Mookherjea,2022,2022-10-26,Scientific Reports 12(1),10.1038/s41598-022-23403-6,2210.14785,https://doi.org/10.1038/s41598-022-23403-6,journal,arxiv,journal=CC-BY-4.0; arxiv=CC-BY-NC-ND-4.0,landmark;local_corpus,lithium_niobate,mzm,1,yes,,arXiv preprint and journal/proceedings version merged into one row (doi and arxiv_id both given) | corpus README lists a Nat Commun 2022 PDF for this result but that file is a different paper (Mourgias-Alexandris et al. deep learning); correct paper resolved by exact-title Crossref search; no local PDF | also in candidates_landmark
valdez2023,"Integrated O- and C-band silicon-lithium niobate Mach-Zehnder modulators with 100 GHz bandwidth, low voltage, and low loss",Forrest Valdez,Forrest Valdez;Viphretuo Mere;Xiaoxi Wang;Shayan Mookherjea,2023,2022-11-09,"Optics Express 31(4), 5273",10.1364/oe.480519,2211.05208,https://doi.org/10.1364/oe.480519,journal,arxiv,journal=Optica-OA-License-v2; arxiv=CC-BY-NC-ND-4.0,local_corpus,lithium_niobate,mzm,1,yes,@local_corpus,arXiv preprint and journal/proceedings version merged into one row (doi and arxiv_id both given) | local PDF is arXiv v2
valdez2023a,"100 GHz bandwidth, 1 volt integrated electro-optic Mach–Zehnder modulator at near-IR wavelengths",Valdez,Forrest Valdez;Viphretuo Mere;Shayan Mookherjea,2023,2023-05-02,Optica,10.1364/optica.484549,,https://doi.org/10.1364/optica.484549,journal,open_access,Optica-OA-License,landmark,lithium_niobate,mzm,1,yes,,"Hybrid TFLN-SiN MZM at 784 nm: VpiL 0.8 V cm, >100 GHz bandwidth. Surfaced via Crossref topic search: 100 GHz 1 V near-IR. | id renamed from valdez2023"
valdez2026,High-Efficiency Ring-Assisted Mach-Zehnder Modulator on a Lithium Tantalate-on-Silicon Nitride Platform,Forrest Valdez,Forrest Valdez;Boris Zabelich;Viphretuo Mere;Pragati Aashna;Radha Krishnan;Camiel Op de Beeck;Arif Rahman;Shayan Mookherjea;Pieter Wuytens,2026,2026-03-18,"Optical Fiber Communication Conference (OFC) 2026, paper W1A.6",10.1364/ofc.2026.w1a.6,,https://doi.org/10.1364/ofc.2026.w1a.6,conference,unknown,,ofc2026;local_corpus,lithium_tantalate,mzm,1,unknown,@local_corpus,OFC 2026 code W1A.6 | published_on is the OFC 2026 presentation date from the conference schedule
wang2018,Nanophotonic lithium niobate electro-optic modulators,Cheng Wang,Cheng Wang;Mian Zhang;Brian Stern;Michal Lipson;Marko Lončar,2018,2017-01-23,"Optics Express 26(2), 1547",10.1364/oe.26.001547,1701.06470,https://doi.org/10.1364/oe.26.001547,journal,arxiv,journal=Optica-OA-License-v2; arxiv=arXiv-nonexclusive,drive_doc,lithium_niobate,mzm,1,yes,,arXiv preprint and journal/proceedings version merged into one row (doi and arxiv_id both given) | owner note from 2018 without DOI; source document not specified in lead; DOI resolved by exact-title Crossref search
wang2018a,Integrated lithium niobate electro-optic modulators operating at CMOS-compatible voltages,Wang,Cheng Wang;Mian Zhang;Xi Chen;Maxime Bertrand;Amirhassan Shams-Ansari;Sethumadhavan Chandrasekhar;Peter Winzer;Marko Lončar,2018,2018-09-24,Nature,10.1038/s41586-018-0551-y,,https://doi.org/10.1038/s41586-018-0551-y,journal,paywalled,,landmark,lithium_niobate,mzm,1,yes,,"First CMOS-voltage TFLN modulator; up to 210 Gbit/s, on-chip loss under 0.5 dB. Surfaced via TFLN review / search. Unverified: abstract text from web search only; Vpi/bandwidth numbers not retrieved; platform/class from title. paper_id may collide with a seed A/B id (different paper); merge step must disambiguate. | id renamed from wang2018"
wang2024a,Ultrabroadband thin-film lithium tantalate modulator for high-speed communications,Wang,Chengli Wang;Dengyang Fang;Junyin Zhang;Alexander Kotz;Grigory Lihachev;Mikhail Churaev;Zihan Li;Adrian Schwarzenberger;Xin Ou;Christian Koos;Tobias J. Kippenberg,2024,2024-07-23,Optica,10.1364/optica.537730,2407.16324,https://doi.org/10.1364/optica.537730,journal,open_access,CC-BY-4.0,landmark,lithium_tantalate,mzm,1,yes,,"110 GHz thin-film lithium tantalate modulator; PAM8 176 GBd, >400 Gbit/s net. Surfaced via web search: ultrabroadband TFLT modulator. Unverified: VpiL 2.8 V cm only from web-search snippet of arXiv abstract."
wang2024b,Lithium tantalate photonic integrated circuits for volume manufacturing,Wang,Chengli Wang;Zihan Li;Johann Riemensberger;Grigory Lihachev;Mikhail Churaev;Wil Kao;Xinru Ji;Junyin Zhang;Terence Blesin;Alisa Davydova;Yang Chen;Kai Huang;Xi Wang;Xin Ou;Tobias J. Kippenberg,2024,2024-05-08,Nature,10.1038/s41586-024-07369-1,,https://doi.org/10.1038/s41586-024-07369-1,journal,open_access,CC-BY-4.0,landmark,lithium_tantalate,mzm,1,yes,,"Low-loss LiTaO3 PICs with EO modulators, up to 40 GHz bandwidth. Surfaced via Crossref title search: LT PIC volume manufacturing. Unverified: VpiL value truncated in retrieved abstract."
wang2025,Thin-Film Lithium Tantalate Modulator Operating at High Optical Power,Haohua Wang,Haohua Wang;Ao Cui;Bin Chen;Ziliang Ruan;Changjian Guo;Kaixuan Chen;Liu Liu,2025,2025-06-26,"ACS Photonics 12(10), 5345-5351",10.1021/acsphotonics.5c00159,,https://doi.org/10.1021/acsphotonics.5c00159,journal,paywalled,https://doi.org/10.15223/policy-029;https://doi.org/10.15223/policy-037;https://doi.org/10.15223/policy-045,drive_doc;tmp_eo_md;local_corpus,lithium_tantalate,mzm,1,unknown,@local_corpus,local PDF available; ACS paywalled
wang2026a,Toward 400 G/Lane Silicon Differential-Drive Mach-Zehnder Modulator with > 80 GHz Bandwidth for Optical Interconnects,Haibo Wang,Haibo Wang;Qianni Zhang;Yanming Zhang;Pengfei Guo;Jindian Wei;Wenxu Gu;Ting Yu Teo;Haiyang Zheng;Chao Li;Patrick Guo-Qiang Lo,2026,2026-03-18,"Optical Fiber Communication Conference (OFC) 2026, paper W3E.5",10.1364/ofc.2026.w3e.5,,https://doi.org/10.1364/ofc.2026.w3e.5,conference,unknown,,ofc2026;local_corpus,silicon_plasma_dispersion,mzm,1,no,@local_corpus,OFC 2026 code W3E.5 | published_on is the OFC 2026 presentation date from the conference schedule
weigel2018,Bonded thin film lithium niobate modulator on a silicon photonics platform exceeding 100 GHz 3-dB electrical modulation bandwidth,Peter O. Weigel,Peter O. Weigel;Jie Zhao;Kelvin Fang;Hasan Al-Rubaye;Douglas Trotter;Dana Hood;John Mudrick;Christina Dallo;Andrew T. Pomerene;Andrew L. Starbuck;Christopher T. DeRose;Anthony L. Lentine;Gabriel Rebeiz;Shayan Mookherjea,2018,2018-08-29,"Optics Express 26(18), 23728",10.1364/oe.26.023728,1803.10365,https://doi.org/10.1364/oe.26.023728,journal,open_access,Optica-OA-License-v2,landmark;local_corpus,lithium_niobate,mzm,1,yes,@local_corpus,"local PDF is the arXiv-style manuscript titled 'Bonded Thin Film Lithium Niobate Modulator on a Silicon Photonics Platform Exceeding 100 GHz Bandwidth'; published title in Crossref is longer; identity accepted as near-exact (same title prefix and authors Weigel, Zhao, Fang) | also in candidates_landmark"
xu2022,Dual-polarization thin-film lithium niobate in-phase quadrature modulators for terabit-per-second transmission,Xu,Mengyue Xu;Yuntao Zhu;Fabio Pittalà;Jin Tang;Mingbo He;Wing Chau Ng;Jingyi Wang;Ziliang Ruan;Xuefeng Tang;Maxim Kuschnerov;Liu Liu;Siyuan Yu;Bofang Zheng;Xinlun Cai,2022,2022-01-10,Optica,10.1364/optica.449691,,https://doi.org/10.1364/optica.449691,journal,open_access,Optica-OA-License,landmark,lithium_niobate,iq_mzm,1,yes,,"First dual-polarization TFLN IQ modulator: sub-1 V drive, 110 GHz, 1.96 Tb/s net. Surfaced via Crossref title search: DP-IQ TFLN."
xu2026a,Sub-V-driven 110-GHz O-band Electro-optic Modulator on Thin-film Litihum Tantalate,Mengyue Xu,Mengyue Xu;Yang Lan;Jinze Shi;Di Liang,2026,2026-03-18,"Optical Fiber Communication Conference (OFC) 2026, paper W1A.4",10.1364/ofc.2026.w1a.4,,https://doi.org/10.1364/ofc.2026.w1a.4,conference,unknown,,ofc2026;local_corpus,lithium_tantalate,mzm,1,unknown,@local_corpus,OFC 2026 code W1A.4 | published_on is the OFC 2026 presentation date from the conference schedule
xu2026b,C-band 110-GHz-Bandwidth Thin-Film Lithium Tantalate Modulator Enabling 768 (536) Gbit/s Line (Net) Data Rates,Mengyue Xu,Mengyue Xu;Yang Lan;Di Che;Jinze Shi;Di Liang,2026,2026-03-19,"Optical Fiber Communication Conference (OFC) 2026, paper Th4A.2",10.1364/ofc.2026.th4a.2,,https://doi.org/10.1364/ofc.2026.th4a.2,conference,unknown,,ofc2026;local_corpus,lithium_tantalate,mzm,1,unknown,@local_corpus,OFC 2026 code Th4A.2 | published_on is the OFC 2026 presentation date from the conference schedule
xue2026,High-performance thin-film lithium niobate electro-optic modulator on a thick silica buffering layer,Xiaotian Xue,Xiaotian Xue;Yingdong Xu;Wenjun Ding;Rui Ye;Jing Qiu;Guangzhen Li;Jianbiao Dai;Shijie Liu;Hao Li;Luqi Yuan;Bo Wang;Yuanlin Zheng;Xianfeng Chen,2026,2026-04-01,"Optics Express 34(7), 13111",10.1364/oe.588103,,https://doi.org/10.1364/oe.588103,journal,open_access,Optica-OA-License-v2,blog:OFS-107,lithium_niobate,mzm,1,yes,,
yang2022,Monolithic thin film lithium niobate electro-optic modulator with over 110 GHz bandwidth,Yang,Fan Yang;Xiansong Fang;Xinyu Chen;Lixin Zhu;Fan Zhang;Zhangyuan Chen;Yanping Li,2022,2022,Chinese Optics Letters,10.3788/col202220.022502,,https://doi.org/10.3788/col202220.022502,journal,paywalled,,landmark,lithium_niobate,mzm,1,yes,,"Photolithography/wet-etch TFLN MZM: >110 GHz, VpiL 2.37 V cm, 250 Gb/s PAM6. Surfaced via Crossref topic search: >110 GHz monolithic TFLN."
yue2025,Silicon modulator exceeding 110 GHz using tunable time-frequency equalization,Yue,Hengsong Yue;Jianbin Fu;Hengwei Zhang;Bo Xiong;Shilong Pan;Tao Chu,2025,2025-02-06,Optica,10.1364/optica.545011,,https://doi.org/10.1364/optica.545011,journal,open_access,Optica-OA-License,landmark,silicon_plasma_dispersion,mzm,1,no,,Silicon modulator >110 GHz with time-frequency equalization; Vpi 54 V. Surfaced via web search: Si modulator >110 GHz equalization.
zhang2021b,High-speed electro-optic modulator based on silicon nitride loaded lithium niobate on an insulator platform,Zhang,Pu Zhang;Haijin Huang;Yongheng Jiang;Xu Han;Huifu Xiao;Andreas Frigg;Thach G. Nguyen;Andreas Boes;Guanghui Ren;Yikai Su;Yonghui Tian;Arnan Mitchell,2021,2021-11-29,Optics Letters,10.1364/ol.446222,,https://doi.org/10.1364/ol.446222,journal,paywalled,,landmark,lithium_niobate,mzm,1,yes,,"SiN-loaded LNOI MZM without LN etching: VpiL 2.24 V cm, ~30 GHz. Surfaced via web search: SiN-loaded LNOI modulator."
zhang2022,Systematic investigation of millimeter-wave optic modulation performance in thin-film lithium niobate,Zhang,Yiwen Zhang;Linbo Shao;Jingwei Yang;Zhaoxi Chen;Ke Zhang;Kam-Man Shum;Di Zhu;Chi Hou Chan;Marko Lončar;Cheng Wang,2022,2022-09-28,Photonics Research,10.1364/prj.468518,,https://doi.org/10.1364/prj.468518,journal,paywalled,,landmark,lithium_niobate,mzm,1,yes,,"TFLN mmWave-optic modulators: 170 GHz 3-dB bandwidth, RF Vpi 7.3 V at 250 GHz. Surfaced via Crossref title search: mm-wave TFLN. Unverified: bandwidth sentence partly truncated in retrieved abstract."
zhang2025,512 Gbps/λ dual‐polarization thin‐film lithium niobate modulators based on an electro‐optic equalizer,Zhang,Jianmin Zhang;Jian Shen;Shuxiao Wang;Zhuoyun Li;Wencheng Yue;Xin Ou;Yan Cai,2025,2025-11-25,Nanophotonics,10.1515/nanoph-2025-0472,,https://doi.org/10.1515/nanoph-2025-0472,journal,open_access,CC-BY-4.0,landmark,lithium_niobate,iq_mzm,1,yes,,"DP TFLN modulator with EO equalizer: Vpi 4 V, >110 GHz, 512 Gbit/s. Surfaced via web search: 512 Gbps/lambda DP TFLN."
zhang2026b,Thin-Film Lithium Niobate Modulators with 110 GHz Bandwidth and 1.9 V·cm Efficiency on 200-mm Silicon Substrate,Y. Zhang,Y. Zhang;C. Lau;B. Li;S. N. Foo;J. O. Yoo;B. Pan;W. Q. Tan;N. Singh;L. W. Lim;L. Tobing;X. Luo;Y. C. Yeo,2026,2026-03-18,"Optical Fiber Communication Conference (OFC) 2026, paper W1A.3",10.1364/ofc.2026.w1a.3,,https://doi.org/10.1364/ofc.2026.w1a.3,conference,unknown,,ofc2026;local_corpus,lithium_niobate,mzm,1,unknown,@local_corpus,OFC 2026 code W1A.3 | published_on is the OFC 2026 presentation date from the conference schedule
zheng2026,Micro-Transfer Printing of Lithium Niobate on 200 mm Silicon Photonics: A High-Speed Heterogeneous Wafer-Scale Platform,Xiujun Zheng,Xiujun Zheng;Suzanne Bisschop;Arno Moerman;Margot Niels;Ewoud Vissers;Athina Papadopoulou;Philip Ekkels;Patrick Nenezic;Simone Atzeni;Elif Ozceri;Tiernan McCaughery;Ali Uzun;Ye Chen;Laurens Bogaert;Nishant Singh;Sandeep Seema Saseendran;Sofie Janssen;Natarajan Rajasekaran;Sadhishkumar Balakrishnan;Philippe Absil;Gunther Roelkens;Bart Kuyken;Sarah Uvin;Maximilien Billet,2026,2026-05-27,arXiv,,2605.28971,https://arxiv.org/abs/2605.28971,arxiv_preprint,arxiv,CC-BY-NC-SA-4.0,blog:OFS-104,lithium_niobate,mzm,1,unknown,,arXiv only; no journal version found by exact-title Crossref search
abdolhosseini2025,Enhanced Linearity of MOSCAP-Driven Silicon Microring Modulator,Saeed Abdolhosseini,Saeed Abdolhosseini; Wei-Che Hsu; Alan X. Wang,2025,,Journal of Lightwave Technology,10.1109/jlt.2025.3542364,,https://doi.org/10.1109/jlt.2025.3542364,journal,unknown,,web_search;author_group_followup;continuation_2026_10_02,silicon_plasma_dispersion,ring,2,unknown,,"Discovery only; no metric extraction. Abstract-level claim from search metadata (verify in paper): SFDR ""106 dB.Hz^(2/3)""."
abel2018,Large Pockels effect in micro- and nanostructured barium titanate integrated on silicon,Abel,Stefan Abel;Felix Eltes;J. Elliott Ortmann;Andreas Messner;Pau Castera;Tino Wagner;Darius Urbonas;Alvaro Rosa;Ana M. Gutierrez;Domenico Tulli;Ping Ma;Benedikt Baeuerle;Arne Josten;Wolfgang Heni;Daniele Caimi;Lukas Czornomaz;Alexander A. Demkov;Juerg Leuthold;Pablo Sanchis;Jean Fompeyrine,2018,2018-11-12,Nature Materials,10.1038/s41563-018-0208-0,,https://doi.org/10.1038/s41563-018-0208-0,journal,paywalled,,landmark,barium_titanate,other,2,no,,Large Pockels effect in BTO integrated on silicon; micro/nanostructured devices. Surfaced via Crossref title search: BTO on Si Pockels. Unverified: abstract not retrieved; device type from knowledge.
ahmed2020,Subvolt electro-optical modulator on thin-film lithium niobate and silicon nitride hybrid platform,Ahmed,Abu Naim R. Ahmed;Sean Nelan;Shouyuan Shi;Peng Yao;Andrew Mercante;Dennis W. Prather,2020,2020-02-19,Optics Letters,10.1364/ol.381892,,https://doi.org/10.1364/ol.381892,journal,open_access,Optica-OA-License,landmark,lithium_niobate,mzm,2,yes,,"Hybrid SiN-LN MZM: DC Vpi 0.875 V, 2.11 V cm, 2.4 cm long. Surfaced via Crossref title search: LN-SiN hybrid sub-volt. Unverified: no bandwidth in abstract."
ahmed2020a,High-efficiency lithium niobate modulator for K band operation,Abu Naim R. Ahmed,Abu Naim R. Ahmed; Shouyuan Shi; Andrew Mercante; Sean Nelan; ... Dennis W. Prather,2020,,APL Photonics,10.1063/5.0020040,,https://doi.org/10.1063/5.0020040,journal,unknown,,web_search;author_group_followup;continuation_2026_10_02,lithium_niobate,mzm,2,unknown,,Discovery only; no metric extraction. Abstract-level claim from search metadata (verify in paper): DC half-wave voltage of ~1.3 V; static extinction ratio of ~27 dB; on-chip optical loss of ~1.53 dB; 3 dB EO bandwidth of 29 GHz; 3 V half-wave voltage at 40 GHz.
aihara2025,Membrane InGaAlAs Electro-Absorption Modulator Integrated with III-V/Si DFB Laser with 150-Gbaud Modulation on Si Photonics Platform,Aihara,"Aihara, Hiraki, Maeda, Fujii, ... Matsuo",2025,,2025 IEEE Silicon Photonics Conference,10.1109/siphotonics64386.2025.10984878,,https://doi.org/10.1109/siphotonics64386.2025.10984878,journal,unknown,,web_search;author_group_followup;continuation_2026_10_02,inp_mqw,eam,2,unknown,,Discovery only; no metric extraction. Abstract-level claim from search metadata (verify in paper): Title: 150-Gbaud modulation. Known list has OFC 2026 Aihara 4-ch x 400G array.
aihara2026,4-ch × 400-Gbps PAM4 O-band Membrane InGaAlAs EA-DFB Laser Array on a Si Photonics Platform,Takuma Aihara,Takuma Aihara;Tatsurou Hiraki;Yoshiho Maeda;Takuro Fujii;Masashi Ota;Tomonari Sato;Shinji Matsuo,2026,2026-03-19,"Optical Fiber Communication Conference (OFC) 2026, paper Th4A.1",10.1364/ofc.2026.th4a.1,,https://doi.org/10.1364/ofc.2026.th4a.1,conference,unknown,,ofc2026;local_corpus,inp_mqw,eam,2,no,@local_corpus,OFC 2026 code Th4A.1 | published_on is the OFC 2026 presentation date from the conference schedule
aimone2026,Truly-Differential Drive of TFLN TWE-MZM by Linear SiGe Driver in a Codesigned Hybrid Integrated Assembly,Alessandro Aimone,Alessandro Aimone;Philipp Thomas;Callum Deakin;Kwangwoong Kim;Tam Huynh;Xi Chen;Mark Earnshaw;Yves Baeyens;Shahriar Shahramian;Nicolas Fontaine,2026,2026-03-16,"Optical Fiber Communication Conference (OFC) 2026, paper M4D.4",10.1364/ofc.2026.m4d.4,,https://doi.org/10.1364/ofc.2026.m4d.4,conference,unknown,,ofc2026;local_corpus,lithium_niobate,mzm,2,unknown,@local_corpus,OFC 2026 code M4D.4 | published_on is the OFC 2026 presentation date from the conference schedule
akazawa2026,"Ultralow-power, high-speed programmable Si photonic circuits with InGaAsP membrane",Tomohiro Akazawa,Tomohiro Akazawa;Rui Tang;Hanzhi Tang;Makoto Okano;Yangyang Wan;Nobuyuki Matsuda;Kasidit Toprasertpong;Shinichi Takagi;Mitsuru Takenaka,2026,2026-09-21,arXiv,,2609.24611,https://arxiv.org/abs/2609.24611,arxiv_preprint,arxiv,arXiv-nonexclusive,blog:OFS-69,other,phase_shifter,2,no,,"arXiv only; no journal version found by exact-title Crossref search | InGaAsP/Si hybrid MOS carrier-induced phase shifter; no matching platform enum, set other"
alexander2018,Nanophotonic Pockels modulators on a silicon nitride platform,Alexander,Koen Alexander;John P. George;Jochem Verbist;Kristiaan Neyts;Bart Kuyken;Dries Van Thourhout;Jeroen Beeckman,2018,2018-05-07,Nature Communications,10.1038/s41467-018-05846-6,1805.05437,https://doi.org/10.1038/s41467-018-05846-6,journal,open_access,CC-BY-4.0,landmark,pzt,other,2,unknown,,"First PZT-on-SiN EO modulators: >33 GHz, VpiL 3.2 V cm, 40 Gbps. Surfaced via web search: Pockels modulators on SiN. Unverified: platform is PZT (not BTO); device type (MZM vs other) not stated."
amin2020,Sub-wavelength GHz-fast broadband ITO Mach-Zehnder modulator on silicon photonics,Rubab Amin,Rubab Amin; Rishi Maiti; Yaliang Gui; Can Suer; ...; Volker J. Sorger,2020,,Optica 7,10.1364/optica.389437,,https://doi.org/10.1364/optica.389437,journal,open_access,,web_search;author_group_followup;continuation_2026_10_02,eo_polymer,mzm,2,unknown,,"Discovery only; no metric extraction. Abstract-level claim from search metadata (verify in paper): ""Vpi L of 95 um"" (abstract: 'miniscule V_pi L of 95 um')."
anderson2022,Integrated Slow-Light Enhanced Silicon Photonic Modulators for RF Photonic Links,Stephen Anderson,Stephen R. Anderson; Amir Begovic; Zhaoran Huang (author list as retrieved; may be partial),2022,,IEEE Photonics Journal,10.1109/jphot.2022.3185888,,https://doi.org/10.1109/jphot.2022.3185888,journal,open_access,,web_search;author_group_followup;continuation_2026_10_02,silicon_plasma_dispersion,mzm,2,unknown,,"Discovery only; no metric extraction. Abstract-level claim from search metadata (verify in paper): SFDR ""96 dB/Hz^(2/3)"" in slow-light region. author list possibly truncated"
anjali2025,Design of Carrier-Depletion-based Modulators on Commercially Available SOI Substrates of Varying Device-Layer Thickness,Anjali A R,Anjali A R; Syamsundar De; Pranabendu Ganguly,2025,,arXiv preprint,,2510.25530,https://arxiv.org/abs/2510.25530,arxiv_preprint,arxiv,,web_search;author_group_followup;continuation_2026_10_02,silicon_plasma_dispersion,mzm,2,unknown,,Discovery only; no metric extraction. Abstract-level claim from search metadata (verify in paper): thick-film MZMs: few Gbps max; thin-film up to 20 Gbps (design study). simulation study; low priority
asakura2022,384-Gb/s/lane PAM8 Operation Using 76-GHz Bandwidth EA-DFB Laser at 50 C with 1.0-Vpp Swing over 2-km Transmission,Asakura,"Asakura, Nishimura, Yamauchi, Iwamoto, Naoe",2022,,OFC 2022 (paper Th4C.4),10.1364/ofc.2022.th4c.4,,https://doi.org/10.1364/ofc.2022.th4c.4,journal,unknown,,web_search;author_group_followup;continuation_2026_10_02,inp_mqw,other,2,unknown,,"Discovery only; no metric extraction. Abstract-level claim from search metadata (verify in paper): Title: 384 Gb/s/lane PAM8, 76 GHz, 1.0 Vpp."
assumpcao2025,High-speed short-wavelength communications utilizing thin-film lithium niobate,Daniel Assumpcao,Daniel Assumpcao; Dylan Renaud; Amirhassan Shams-Ansari; Marko Loncar,2025,,Optics Letters,10.1364/ol.541803,,https://doi.org/10.1364/ol.541803,journal,unknown,,web_search;author_group_followup;continuation_2026_10_02,lithium_niobate,mzm,2,unknown,,Discovery only; no metric extraction. Abstract-level claim from search metadata (verify in paper): low half-wave voltage (0.7 V) modulator operating at 850 nm; 60 GBd signals using direct electrical driving (400 mVpp).
axline2026,"Stable, bidirectional electro-optic transduction in thin film lithium tantalate",Christopher J. Axline,Christopher J. Axline; Stephan Gamper; Phoebe M. Tengdin; Moritz Businger; ... Luis G. Villanueva,2026,,arXiv preprint,,2606.12726,https://arxiv.org/abs/2606.12726,arxiv_preprint,arxiv,,web_search;author_group_followup;continuation_2026_10_02,lithium_tantalate,other,2,unknown,,Discovery only; no metric extraction. Abstract-level claim from search metadata (verify in paper): 4.9-5.5 GHz microwave photons; single-photon coupling rates g0/2pi ~ 1 kHz; less than one added photon for 100 microsecond pulses.
baehrjones2023,Monolithically integrated 112 Gbps PAM4 optical transmitter and receiver in a 45nm CMOS-silicon photonics process,Thomas Baehr-Jones,Thomas Baehr-Jones; Shahab Ardalan; Matthew P. Chang; Saman Jafarlou; ...; Matthew Streshinsky,2023,,Optica Open (preprint),10.1364/opticaopen.22814837,,https://doi.org/10.1364/opticaopen.22814837,arxiv_preprint,open_access,,web_search;author_group_followup;continuation_2026_10_02,silicon_plasma_dispersion,mzm,2,unknown,,"Discovery only; no metric extraction. Abstract-level claim from search metadata (verify in paper): open 112 Gbps PAM4 eye at ""4.3 pJ/bit"" (excluding laser). DOI as listed by Crossref/OpenAlex; check for later journal version"
baghdadi2025,Monolithically Integrated Microring Transmitter and Receiver for High-Density 3D CPO,Reza Baghdadi,Reza Baghdadi; Carlos I. Dorta-Quinones; Alexander Sludds; Nicholas C. Harris (author list as retrieved; may be partial),2025,,OFC 2025 (Tu3J.6),10.1364/ofc.2025.tu3j.6,,https://doi.org/10.1364/ofc.2025.tu3j.6,conference,unknown,,web_search;author_group_followup;continuation_2026_10_02,silicon_plasma_dispersion,ring,2,unknown,,"Discovery only; no metric extraction. Abstract-level claim from search metadata (verify in paper): 64 Gbps NRZ; ""0.006 mm^2"" die area, ""10x smaller than prior work"". author list from OpenAlex possibly truncated"
ban2021,High electro-optic coefficient lead zirconate titanate films toward low-power and compact modulators,Ban,"Ban, Liu, Yu, Sun, ... Qiu",2021,,Optical Materials Express,10.1364/ome.426986,,https://doi.org/10.1364/ome.426986,journal,open_access,,web_search;author_group_followup;continuation_2026_10_02,pzt,mzm,2,unknown,,"Discovery only; no metric extraction. Abstract-level claim from search metadata (verify in paper): ""measured half-wave voltage Vpi is 3.6 V at the wavelength of 1550 nm, corresponding to an in-device EO coefficient as high as ~133 pm/V. The response ... from 6 to 12 GHz has been measured""."
ban2022,Low Driving Voltage and Low Optical Loss Electro-Optic Modulators Based on Lead Zirconate Titanate Thin Film on Silicon Substrate,Ban,"Ban, Liu, Yu, Wu, Qiu",2022,,Journal of Lightwave Technology,10.1109/jlt.2021.3138887,,https://doi.org/10.1109/jlt.2021.3138887,journal,unknown,,web_search;author_group_followup;continuation_2026_10_02,pzt,mzm,2,unknown,,"Discovery only; no metric extraction. Abstract-level claim from search metadata (verify in paper): Abstract not in Crossref; title-level only (low Vpi, low loss)."
bankwitz2026,Voltage-Programmable Photon Statistics Using a High-Extinction Thin-film Lithium Niobate Modulator,Julian Rasmus Bankwitz,Julian Rasmus Bankwitz; Ravi Pradip; Julius Römer; Frank Brückerhoff-Plückelmann; ... Xinyu Ma,2026,,arXiv preprint,,2604.12644,https://arxiv.org/abs/2604.12644,arxiv_preprint,arxiv,,web_search;author_group_followup;continuation_2026_10_02,lithium_niobate,other,2,unknown,,Discovery only; no metric extraction. Abstract-level claim from search metadata (verify in paper): more than 50 dB extinction; second-order coherence g2(0) tunable from 1.0 to 1.7.
bao2024,A Comprehensive Equivalent Circuit Model of Silicon Microring Modulators for Photonics-Electronics Codesign,Shenlei Bao,Shenlei Bao; Yingjie Ma; Jintao Xue; Jinyi Wu; ...; Binhao Wang,2024,,Journal of Lightwave Technology,10.1109/jlt.2024.3382091,,https://doi.org/10.1109/jlt.2024.3382091,journal,unknown,,web_search;author_group_followup;continuation_2026_10_02,silicon_plasma_dispersion,ring,2,unknown,,Discovery only; no metric extraction. Abstract-level claim from search metadata (verify in paper): simulated eye diagrams validated at 80-106 Gb/s.
bao2026a,Ultra-High Bandwidth Silicon Microring Modulator with T-Coil Inductive Peaking for >400 Gbps Transmission,Shenlei Bao,Shenlei Bao;Yihao Yang;Chao Cheng;Xianglin Bu;Jintao Xue;Wenfu Zhang;Binhao Wang,2026,2026-03-16,"Optical Fiber Communication Conference (OFC) 2026, paper M2A.2",10.1364/ofc.2026.m2a.2,,https://doi.org/10.1364/ofc.2026.m2a.2,conference,unknown,,ofc2026;local_corpus,silicon_plasma_dispersion,ring,2,no,@local_corpus,OFC 2026 code M2A.2 | published_on is the OFC 2026 presentation date from the conference schedule
bao2026b,A 4 Tbps 16-Channel DWDM Transmitter Using Extended-Depletion Silicon Photonic Microdisk Modulator Array,Shenlei Bao,Shenlei Bao;Chao Cheng;Xianglin Bu;Yihao Yang;Houyou Lai;Jintao Xue;Wenfu Zhang;Binhao Wang,2026,2026-03-18,"Optical Fiber Communication Conference (OFC) 2026, paper W2A.12",10.1364/ofc.2026.w2a.12,,https://doi.org/10.1364/ofc.2026.w2a.12,conference,unknown,,ofc2026;local_corpus,silicon_plasma_dispersion,ring,2,no,@local_corpus,OFC 2026 code W2A.12 | published_on is the OFC 2026 presentation date from the conference schedule
behzadfar2026,Ultimate Performance of Thin-Film Lithium Niobate Mach-Zehnder Modulators,Shiva Behzadfar,Shiva Behzadfar; Fatemeh Karami; Pooja Kulkarni; Sasan Fathpour,2026,,arXiv preprint,,2609.16379,https://arxiv.org/abs/2609.16379,arxiv_preprint,arxiv,,web_search;author_group_followup;continuation_2026_10_02,lithium_niobate,mzm,2,unknown,,Discovery only; no metric extraction. Abstract-level claim from search metadata (verify in paper): a co-designed structure can attain a drive voltage of 0.84 V and a modulation bandwidth of almost 220 GHz. Abstract wording ('can attain') suggests projected/simulated performance; check body before entering as measured.
beneachelmus2022,Gigahertz free-space electro-optic modulators based on Mie resonances,Benea-Chelmus,"Benea-Chelmus, Mason, Meretska, Elder, ... Capasso",2022,,Nature Communications,10.1038/s41467-022-30451-z,,https://doi.org/10.1038/s41467-022-30451-z,journal,open_access,,web_search;author_group_followup;continuation_2026_10_02,eo_polymer,other,2,unknown,,"Discovery only; no metric extraction. Abstract-level claim from search metadata (verify in paper): ""Q = 550 at lambda_res=1594 nm""; ""modulation of dT/Tmax=67% ... molecules with r33 = 100 pm/V""; ""modulation up to 5 GHz (fEO,-3dB = 3 GHz)""."
berman2026,Monolithic Barium Titanate Nanophotonics and Electro-optics,Sarah Berman,Sarah Berman;Sina Dereshgi;David Barton,2026,,arXiv,,2607.03690,https://arxiv.org/abs/2607.03690,arxiv_preprint,open_access,,web_search;author_group_followup,barium_titanate,other,2,unknown,,Source-cache discovery only; no metric extraction. Scope: auxiliary_nanophotonic_platform. Route: deng2026/lin2025a -> monolithic BTO -> Barton/Dereshgi. Cache status: cached. Exact cached version/rights: discovery manifest and source.json; no journal license inferred from a preprint.
bhasker2020,Traveling Wave GaAs/AlGaAs Electro-optic Modulators Directly Grown on Silicon,Bhasker,"Bhasker, Norman, Bowers, Dagli",2020,,OSA Advanced Photonics Congress 2020 (paper ITu1A.3),10.1364/iprsn.2020.itu1a.3,,https://doi.org/10.1364/iprsn.2020.itu1a.3,journal,unknown,,web_search;author_group_followup;continuation_2026_10_02,algaas_gaas,mzm,2,unknown,,"Discovery only; no metric extraction. Abstract-level claim from search metadata (verify in paper): ""Traveling wave GaAs/AlGaAs modulators in epilayers directly grown on silicon are reported. Electrode is a loaded microstrip line shielding microwave fields from silicon substrate."" (no numbers). Low priority: no quantitative figure retrievable."
bhasker2026,400G per lane Differential Drive Electroabsorption Modulated Lasers (EML) with 99GHz 6-dB EO BW for next generation 3.2T IM-DD Applications,Prashanth Bhasker,Prashanth Bhasker;Sumeeta Arora;Hui Fu;Chris Fuchs;Ayman Kanan;John E. Johnson,2026,2026-03-17,"Optical Fiber Communication Conference (OFC) 2026, paper Tu3J.6",10.1364/ofc.2026.tu3j.6,,https://doi.org/10.1364/ofc.2026.tu3j.6,conference,unknown,,ofc2026;local_corpus,inp_mqw,eam,2,no,@local_corpus,OFC 2026 code Tu3J.6 | published_on is the OFC 2026 presentation date from the conference schedule
bisang2024,Plasmonic Modulators in Cryogenic Environment Featuring Bandwidths in Excess of 100 GHz and Reduced Plasmonic Losses,Bisang,"Bisang, Horst, Thuerig, Menachery, ... Leuthold",2024,,ACS Photonics,10.1021/acsphotonics.4c00507,,https://doi.org/10.1021/acsphotonics.4c00507,journal,open_access,,web_search;author_group_followup;continuation_2026_10_02,eo_polymer,ring,2,unknown,,"Discovery only; no metric extraction. Abstract-level claim from search metadata (verify in paper): ""operating at 4 K ... >100 GHz bandwidth, drive voltages as low as 96 mV, ... reduction in plasmonic propagation losses by over 40% compared to room temperature. Up to 160 Gbit/s and 256 Gbit/s cryogenic electro-optic signal conversion""."
bu2026,High-bandwidth-density and energy-efficient 16 x 128 Gbps silicon photonic DWDM microring modulator transmitter enabled by a quantum-dot comb laser,Xianglin Bu,Xianglin Bu; Shujie Pan; Shenlei Bao; Junjie Yang; ...; Binhao Wang,2026,,Advanced Photonics Nexus 5,10.1117/1.apn.5.5.056006,,https://doi.org/10.1117/1.apn.5.5.056006,journal,open_access,,web_search;author_group_followup;continuation_2026_10_02,silicon_plasma_dispersion,ring,2,unknown,,"Discovery only; no metric extraction. Abstract-level claim from search metadata (verify in paper): ""16x128 Gbps""; inter-channel crosstalk ""<-20 dB""; energy efficiency ""<1 pJ/bit""."
burla2019,500 GHz plasmonic Mach-Zehnder modulator enabling sub-THz microwave photonics,Burla,Maurizio Burla;Claudia Hoessbacher;Wolfgang Heni;Christian Haffner;Yuriy Fedoryshyn;Dominik Werner;Tatsuhiko Watanabe;Hermann Massler;Delwin L. Elder;Larry R. Dalton;Juerg Leuthold,2019,2019-05-01,APL Photonics,10.1063/1.5086868,,https://doi.org/10.1063/1.5086868,journal,open_access,CC-BY-4.0,landmark,eo_polymer,plasmonic_mzm,2,no,,"Plasmonic MZM with flat response beyond 500 GHz, tens of um long. Surfaced via Crossref title search: 500 GHz plasmonic MZM. Unverified: platform (EO polymer) not stated in abstract."
cai2026,Low Loss Electro-absorption Modulator with Extrapolated Bandwidth of 180 GHz Enabled by Ultra-thin Ge Process,Zixuan Cai,Zixuan Cai;Xu Wang;Fengxin Yu;Jinwen Song;Wei Chu;Haiwen Cai;Xiao Hu,2026,2026-03-17,"Optical Fiber Communication Conference (OFC) 2026, paper Tu3J.2",10.1364/ofc.2026.tu3j.2,,https://doi.org/10.1364/ofc.2026.tu3j.2,conference,unknown,,ofc2026;local_corpus,germanium_silicon_eam,eam,2,no,@local_corpus,OFC 2026 code Tu3J.2 | published_on is the OFC 2026 presentation date from the conference schedule
celik2022,High-bandwidth CMOS-voltage-level electro-optic modulation of 780 nm light in thin-film lithium niobate,Celik,Oguz Tolga Celik;Christopher J. Sarabalis;Felix M. Mayor;Hubert S. Stokowski;Jason F. Herrmann;Timothy P. McKenna;Nathan R. A. Lee;Wentao Jiang;Kevin K. S. Multani;Amir H. Safavi-Naeini,2022,2022-04-07,Optics Express,10.1364/oe.460119,2204.03138,https://doi.org/10.1364/oe.460119,journal,open_access,arXiv-nonexclusive,landmark,lithium_niobate,mzm,2,unknown,,"LN-on-sapphire 780 nm MZI: 4.2 V full-swing, 2.7 GHz bandwidth, CMOS-level. Surfaced via web search: 780 nm CMOS-voltage modulator. Unverified: low bandwidth; lumped-type response."
chan2022,C-band 67 GHz silicon photonic microring modulator for dispersion-uncompensated 100 Gbaud PAM-4,Chan,David W. U Chan;Xiong Wu;Zunyue Zhang;Chao Lu;Alan Pak Tao Lau;Hon Ki Tsang,2022,2022-06-01,Optics Letters,10.1364/ol.460602,,https://doi.org/10.1364/ol.460602,journal,paywalled,,landmark,silicon_plasma_dispersion,ring,2,no,,"Silicon microring modulator: >67 GHz bandwidth, 100 Gbaud PAM-4. Surfaced via Crossref topic search: 67 GHz Si ring."
chan2022a,Ultra-Wide Free-Spectral-Range Silicon Microring Modulator for High Capacity WDM,David W. U. Chan,David W. U. Chan; Xiong Wu; Zunyue Zhang; Chao Lu; ...; Hon Ki Tsang,2022,,"Journal of Lightwave Technology 40, 7848",10.1109/jlt.2022.3208745,,https://doi.org/10.1109/jlt.2022.3208745,journal,unknown,,web_search;author_group_followup;continuation_2026_10_02,silicon_plasma_dispersion,ring,2,unknown,,"Discovery only; no metric extraction. Abstract-level claim from search metadata (verify in paper): 4 THz FSR; "">67 GHz electro-optic bandwidth""; 100 Gbaud PAM-4 IM-DD over four wavelengths (1540-1570 nm), BER below 7% HD-FEC."
chan2024,Sub-volt forward-biased silicon microring modulator at 210 Gb/s,Chan,David W. U. Chan;Hon Ki Tsang,2024,2024-11-11,Optics Letters,10.1364/ol.535202,,https://doi.org/10.1364/ol.535202,journal,paywalled,,landmark,silicon_plasma_dispersion,ring,2,no,,Silicon microring modulator at 0.8 Vpp: 210 Gb/s PAM-4. Surfaced via Crossref topic search: sub-volt Si ring 210 Gb/s.
chatzitheocharis2022,BTO-based O-band Sub-Volt CMOS Compatible Plasmonic Racetrack Modulator on Si3N4,Chatzitheocharis,"Chatzitheocharis, Ketzaki, Patsamanis, Vyrsokinos",2022,,Frontiers in Optics + Laser Science 2022 (paper JW4A.59),10.1364/fio.2022.jw4a.59,,https://doi.org/10.1364/fio.2022.jw4a.59,journal,unknown,,web_search;author_group_followup;continuation_2026_10_02,barium_titanate,other,2,unknown,,"Discovery only; no metric extraction. Abstract-level claim from search metadata (verify in paper): ""numerically demonstrate ... 3 dB insertion loss, 66.43 GHz resonance 3dB-bandwidth and an extinction ratio higher than 28 dB for 0.5Vpp"" (numerical only). Simulation-only."
chaudhury2024,Micro-Ring Modulator Linearity Enhancement for Analog and Digital Optical Links,Sumilak Chaudhury,Sumilak Chaudhury; Karl Johnson; Chengkuan Gao; Bill Lin; Yeshaiahu Fainman; Tzu-Chien Hsueh,2024,,arXiv preprint,,2407.11172,https://arxiv.org/abs/2407.11172,arxiv_preprint,arxiv,,web_search;author_group_followup;continuation_2026_10_02,silicon_plasma_dispersion,ring,2,unknown,,"Discovery only; no metric extraction. Abstract-level claim from search metadata (verify in paper): ""6.1-dB dynamic linearity improvement in spurious-free-dynamic-range""; ""17.9-dB static linearity improvement""."
chelladurai2023,200 Gbit/s Barium Titanate Modulator Using Weakly Guided Plasmonic Modes,Chelladurai,"Chelladurai, Kohli, Bitachon, Kulmer, ... Leuthold",2023,,OFC 2023 (paper Tu3C.3),10.1364/ofc.2023.tu3c.3,,https://doi.org/10.1364/ofc.2023.tu3c.3,journal,unknown,,web_search;author_group_followup;continuation_2026_10_02,barium_titanate,mzm,2,unknown,,"Discovery only; no metric extraction. Abstract-level claim from search metadata (verify in paper): ""line rates up to 200 Gbit/s. The structure enables low insertion loss and high optical power stability without a DC bias during operation"". IEEE duplicate record 10.23919/ofc49934.2023.10116946 exists."
chen2023,Compact slow‐light waveguide and modulator on thin‐film lithium niobate platform,Chen,Gengxin Chen;Haohua Wang;Bin Chen;Ziliang Ruan;Changjian Guo;Kaixuan Chen;Liu Liu,2023,2023-08-23,Nanophotonics,10.1515/nanoph-2023-0306,,https://doi.org/10.1515/nanoph-2023-0306,journal,unknown,,web_search;author_group_followup,lithium_niobate,other,2,unknown,,Source-cache discovery only; no metric extraction. Scope: core_integrated_modulator. Route: chen2022 -> Gengxin Chen/Liu Liu -> slow-light modulators. Cache status: needs_retrieval. Exact cached version/rights: discovery manifest and source.json; no journal license inferred from a preprint.
chen2023a,High-Efficiency Electro-Optic Modulator on Thin-Film Lithium Niobate with High-Permittivity Cladding,Nuo Chen,Nuo Chen; Kangping Lou; Yalong Yu; Xuanjian He; Tao Chu,2023,,Laser & Photonics Reviews,10.1002/lpor.202200927,2304.06946,https://doi.org/10.1002/lpor.202200927,journal,arxiv,,web_search;author_group_followup;continuation_2026_10_02,lithium_niobate,mzm,2,unknown,,Discovery only; no metric extraction. Abstract-level claim from search metadata (verify in paper): half-wave voltage-length product of 1.41 V·cm; excess loss of 0.5 dB; 3 dB EO bandwidth of more than 40 GHz.
chen2023b,High-efficiency thin-film lithium niobate modulator with highly confined optical modes,Nuo Chen,Nuo Chen; Yalong Yu; Kangping Lou; Qingjiao Mi; Tao Chu,2023,,Optics Letters,10.1364/ol.481827,,https://doi.org/10.1364/ol.481827,journal,unknown,,web_search;author_group_followup;continuation_2026_10_02,lithium_niobate,mzm,2,unknown,,Discovery only; no metric extraction. Abstract-level claim from search metadata (verify in paper): half-wave voltage-length product of 1.2 V·cm; excess loss of ~2.4 dB; 3-dB EO bandwidth of over 40 GHz; claimed highest reported modulation efficiency of any MZI modulator (authors' claim).
chen2024,Mono-drive single-sideband modulation via optical delay lines on thin-film lithium niobate,Yikun Chen,Yikun Chen; Hanke Feng; Zhenzheng Wang; Ke Zhang; ... Cheng Wang,2024,,arXiv preprint,,2411.17070,https://arxiv.org/abs/2411.17070,arxiv_preprint,arxiv,,web_search;author_group_followup;continuation_2026_10_02,lithium_niobate,other,2,unknown,,Discovery only; no metric extraction. Abstract-level claim from search metadata (verify in paper): maximum sideband suppression of 22.1 dB at 50 GHz (FC-SSB); 22.5 dB (CS-SSB).
chen2025,Ultra‐Compact and Ultra‐High Speed Topological Photonic Crystal Modulator Based on Thin Film Lithium Niobate,Chen,Guanyu Chen;Yushan Liu;Bangtong Ge;Mingjie Zou;Chunde Li;Yuxin Liang;Yu Yu;Tao Zhu;Hua Yu,2025,2025-08-10,Laser &amp; Photonics Reviews,10.1002/lpor.202500380,,https://doi.org/10.1002/lpor.202500380,journal,unknown,,web_search;author_group_followup,lithium_niobate,other,2,unknown,,Source-cache discovery only; no metric extraction. Scope: core_integrated_modulator. Route: Chen2023 slow-light topic -> Guanyu Chen / Chongqing University. Cache status: needs_retrieval. Exact cached version/rights: discovery manifest and source.json; no journal license inferred from a preprint.
chen2025a,Energy Efficient and High Bandwidth Quantum Dot Comb Laser Based Silicon Microring Transmitter for Optical Interconnects,Jiajian Chen,Jiajian Chen; Bo Yang; Jiale Qin; Jingzhi Huang; ...; Ting Wang,2025,,IEEE J. Sel. Top. Quantum Electron. 31,10.1109/jstqe.2024.3432313,,https://doi.org/10.1109/jstqe.2024.3432313,journal,unknown,,web_search;author_group_followup;continuation_2026_10_02,silicon_plasma_dispersion,ring,2,unknown,,"Discovery only; no metric extraction. Abstract-level claim from search metadata (verify in paper): O-band 8x100 Gb/s; ""1.66 pJ/bit"" total including laser."
chiang2025,Ferroelectric Nematic Liquid Crystal-Based Silicon Photonic Modulator Demonstrated at 102 Gbit/s PAM-4,Li-Yuan Chiang,Li-Yuan Chiang;Gianlorenzo Masini;Rih-You Chen;Chirag Patel;Pavel Savechenkov;Yi-Jen Chiu;Cory Pecinovsky;Jason W. Sickler,2025,2025-07-19,arXiv,,2507.14724,https://arxiv.org/abs/2507.14724,arxiv_preprint,arxiv,CC-BY-4.0,blog:OFS-69,ferroelectric_nematic_lc,mzm,2,no,,arXiv only; no journal version found by exact-title Crossref search
dalton2023,"Perspective: Nanophotonic electro-optics enabling THz bandwidths, exceptional modulation and energy efficiencies, and compact device footprints",Dalton,"Dalton, Leuthold, Robinson, Haffner, ... Ma",2023,,"APL Materials 11, 050901",10.1063/5.0145212,,https://doi.org/10.1063/5.0145212,journal,open_access,,web_search;author_group_followup;continuation_2026_10_02,eo_polymer,other,2,unknown,,"Discovery only; no metric extraction. Abstract-level claim from search metadata (verify in paper): ""voltage-length values near 0.005 V mm""; organic EO activity surpassing ""1000 pm/V at telecom wavelengths"". Perspective piece."
datta2020,Low-loss composite photonic platform based on 2D semiconductor monolayers,Datta,"Datta, Chae, Bhatt, Tadayon, ... Lipson",2020,,Nature Photonics,10.1038/s41566-020-0590-4,1906.00459,https://doi.org/10.1038/s41566-020-0590-4,journal,arxiv,,web_search;author_group_followup;continuation_2026_10_02,other,phase_shifter,2,unknown,,"Discovery only; no metric extraction. Abstract-level claim from search metadata (verify in paper): ""a large change in the real part of refractive index Delta n = 0.53, with only a minimal change in the imaginary part Delta k = 0.004"" (arXiv abstract). arXiv posted 2019-06; journal 2020-02-24."
datta2024,2D material platform for overcoming the amplitude-phase tradeoff in ring resonators,Datta,"Datta, Gil-Molina, Chae, Hone, Lipson",2024,,Optica,10.1364/optica.498484,2209.08332,https://doi.org/10.1364/optica.498484,journal,arxiv,,web_search;author_group_followup;continuation_2026_10_02,other,ring,2,unknown,,"Discovery only; no metric extraction. Abstract-level claim from search metadata (verify in paper): ""phase modulation efficiency (V_{pi/2}.L_{pi/2}) of 0.045 V.cm with an insertion loss (IL_{pi/2}) of 4.7 dB ... electro-optic bandwidth of 14.9 +/- 0.1 GHz"" (arXiv abstract)."
declercq2026,320 Gb/s Unamplified Transmission Using 100 GHz Ge PD and TFLN MZM on a Foundry-Compatible SiPh Platform Co-Packaged With Traveling-Wave Drivers and TIAs,Jakob Declercq,Jakob Declercq;Shengpu Niu;Margot Niels;Amir Shahin;Joris Van Kerrebrouck;Mathias Berciano;Joris Lambrecht;Bart Moeneclaey;Tom Vanackere;Ewoud Vissers;Conor Coughlan;Arno Moerman;Olivier Caytan;Sam Lemey;Maumita Chakrabarti;Hakim Kobbi;Minkyu Kim;Didit Yudistra;Roger Loo;Swetanshu Bipul;Filippo Ferraro;Yoojin Ban;Peter De Heyn;Gunther Roelkens;Guy Torfs;Johan Bauwelinck;Dimitrios Velenis;Peter Ossieur;Philippe Absil;Maximilien Billet;Bart Kuyken;Joris Van Campenhout;Nishant Singh;Cedric Bruynsteen;Xin Yin,2026,,"Journal of Lightwave Technology 44(16), 6975-6981",10.1109/jlt.2026.3711806,,https://doi.org/10.1109/jlt.2026.3711806,journal,paywalled,https://ieeexplore.ieee.org/Xplorehelp/downloads/license-information/IEEE.html,blog:OFS-118,lithium_niobate,mzm,2,unknown,,
deng2026a,A 336Gb/s/lane 2.47pJ/b Integrated Transmitter with Silicon Photonic TW-MZM and BW-Boost High-Linearity Driver,Ruogu Deng,Ruogu Deng;Erse Jia;Yizhou Xu;Han Liu;Jun Li;Jingbo Wang;Bolun Cui;Guike Li;Jian Liu;Zhao Zhang;Haiwen Cai;Wei Chu;Fenghe Yang;Nan Qi;Liyuan Liu,2026,2026-03-16,"Optical Fiber Communication Conference (OFC) 2026, paper M2B.3",10.1364/ofc.2026.m2b.3,,https://doi.org/10.1364/ofc.2026.m2b.3,conference,unknown,,ofc2026;local_corpus,silicon_plasma_dispersion,mzm,2,no,@local_corpus,OFC 2026 code M2B.3 | published_on is the OFC 2026 presentation date from the conference schedule
dong2023,Monolithic Barium Titanate Modulators on Silicon-on-Insulator Substrates,Dong,Zuoming Dong;Amogh Raju;Agham B. Posadas;Marc Reynaud;Alexander A. Demkov;Daniel M. Wasserman,2023,2023-11-28,ACS Photonics,10.1021/acsphotonics.3c01144,,https://doi.org/10.1021/acsphotonics.3c01144,journal,paywalled,,landmark,barium_titanate,mzm,2,yes,,Monolithic sputtered BTO MZMs on SOI with competitive VpiL. Surfaced via web search: monolithic BTO modulators on SOI. Unverified: numeric VpiL not in retrieved abstract.
eltes2020,An integrated optical modulator operating at cryogenic temperatures,Eltes,Felix Eltes;Gerardo E. Villarreal-Garcia;Daniele Caimi;Heinz Siegwart;Antonio A. Gentile;Andy Hart;Pascal Stark;Graham D. Marshall;Mark G. Thompson;Jorge Barreto;Jean Fompeyrine;Stefan Abel,2020,2020-07-06,Nature Materials,10.1038/s41563-020-0725-5,,https://doi.org/10.1038/s41563-020-0725-5,journal,paywalled,,landmark,barium_titanate,other,2,no,,BTO-on-Si EO modulator operating at cryogenic temperatures. Surfaced via Crossref title search: BTO cryogenic modulator. Unverified: abstract not retrieved.
eltes2023,Thin-film BTO-based modulators enabling 200 Gb/s data rates with sub 1 Vpp drive signal,Eltes,Felix Eltes;Weijia Li;Essam Berikaa;Md Samiul Alam;Santiago Bernal;Cyriel Minkenberg;David V. Plant;Stefan Abel,2023,2023,Optical Fiber Communication Conference (OFC) 2023,10.1364/ofc.2023.th4a.2,,https://doi.org/10.1364/ofc.2023.th4a.2,conference,paywalled,,landmark,barium_titanate,mzm,2,unknown,,"BTO-enhanced silicon photonics modulator PICs: 200 Gb/s PAM4, 9 fJ/bit. Surfaced via web search: Lumiphase BTO 200 Gb/s. Unverified: conference abstract; no Vpi/bandwidth."
eppenberger2021,Plasmonic Racetrack Modulator Transmitting 220 Gbit/s OOK and 408 Gbit/s 8PAM,Eppenberger,"Eppenberger, Ian Bitachon, Messner, Heni, Leuthold",2021,,ECOC 2021,10.1109/ecoc52684.2021.9605911,,https://doi.org/10.1109/ecoc52684.2021.9605911,journal,unknown,,web_search;author_group_followup;continuation_2026_10_02,eo_polymer,ring,2,unknown,,"Discovery only; no metric extraction. Abstract-level claim from search metadata (verify in paper): Title: 220 Gbit/s OOK, 408 Gbit/s 8PAM. Precursor of known Nat Photon 2023 racetrack paper."
eppenberger2023,Resonant plasmonic micro-racetrack modulators with high bandwidth and high temperature tolerance,Eppenberger,Marco Eppenberger;Andreas Messner;Bertold Ian Bitachon;Wolfgang Heni;Tobias Blatter;Patrick Habegger;Marcel Destraz;Eva De Leo;Norbert Meier;Nino Del Medico;Claudia Hoessbacher;Benedikt Baeuerle;Juerg Leuthold,2023,2023-03-02,Nature Photonics,10.1038/s41566-023-01161-9,,https://doi.org/10.1038/s41566-023-01161-9,journal,open_access,CC-BY-4.0,landmark,eo_polymer,ring,2,no,,"Plasmonic micro-racetrack: 176 GHz bandwidth, 408 Gbps at 12.3 fJ/bit, 85 C. Surfaced via Crossref title search: plasmonic racetrack."
falcone2026,Solution-derived barium titanate waveguides for integrated electro-optic modulation,Virginia Falcone,Virginia Falcone;Eleni Prountzou;Jost Kellner;Ülle-Linda Talts;Rachel Grange,2026,,arXiv,,2601.14938,https://arxiv.org/abs/2601.14938,arxiv_preprint,open_access,,web_search;author_group_followup,barium_titanate,other,2,unknown,,Source-cache discovery only; no metric extraction. Scope: core_integrated_modulator. Route: kohli2025/deng2026 -> BTO -> Rachel Grange group. Cache status: cached. Exact cached version/rights: discovery manifest and source.json; no journal license inferred from a preprint.
fang2023,Ultrahigh-Speed Optical Interconnects With Thin Film Lithium Niobate Modulator,Xiansong Fang,Xiansong Fang; Fan Yang; Xinyu Chen; Yanping Li; Fan Zhang,2023,,Journal of Lightwave Technology,10.1109/jlt.2022.3201269,,https://doi.org/10.1109/jlt.2022.3201269,journal,unknown,,web_search;author_group_followup;continuation_2026_10_02,lithium_niobate,mzm,2,unknown,,Discovery only; no metric extraction. Abstract-level claim from search metadata (verify in paper): TFLN modulator with a 3-dB bandwidth larger than 110 GHz; 120 Gbaud PS-PAM16 signal with a bit rate up to 408 Gb/s; 2.2 dB receiver sensitivity gain vs PAM8 at 360 Gb/s.
feng2022,Ultra-high-linearity integrated lithium niobate electro-optic modulators,Hanke Feng,Hanke Feng; Ke Zhang; Wenzhao Sun; Yangming Ren; ... Cheng Wang,2022,,Photonics Research,10.1364/prj.464650,2202.12739,https://doi.org/10.1364/prj.464650,journal,arxiv,,web_search;author_group_followup;continuation_2026_10_02,lithium_niobate,mzm,2,unknown,,Discovery only; no metric extraction. Abstract-level claim from search metadata (verify in paper): spurious-free dynamic range (SFDR) of 120.04 dB Hz^(4/5) at 1 GHz. DOI taken from arXiv metadata (arxiv:doi field); not Crossref-checked.
freitas2026,Thin-Film Lithium Niobate MZM Operating at 1-um Wavelength with Low Vpi and High Bandwidth,,,2026,,,,,https://ieeexplore.ieee.org/document/11357954,,unknown,,blog:OFS-84,lithium_niobate,mzm,2,unknown,,"identity_unresolved | lead gave IEEE arnumber 11357954 only; Crossref title searches returned no exact match; title copied from lead; authors, year and DOI unverified"
fujikata2020,High-speed Ge/Si electro-absorption optical modulator in C-band operation wavelengths,Junichi Fujikata,Junichi Fujikata; Masataka Noguchi; Kazuki Kawashita; Riku Katamawari; ...; Yasuhiko Ishikawa,2020,,Optics Express,10.1364/oe.405447,,https://doi.org/10.1364/oe.405447,journal,open_access,,web_search;author_group_followup;continuation_2026_10_02,germanium_silicon_eam,eam,2,unknown,,Discovery only; no metric extraction. Abstract-level claim from search metadata (verify in paper): 56 Gbps NRZ and 56 Gbaud PAM4 in C-band.
fukui2025,17 GHz Lossless InP-Membrane Active Metasurface,Fukui,"Fukui, Sumita, Miyano, Soma, ... Tanemura",2025,,arXiv preprint,,2505.07072,https://arxiv.org/abs/2505.07072,arxiv_preprint,arxiv,,web_search;author_group_followup;continuation_2026_10_02,eo_polymer,other,2,unknown,,"Discovery only; no metric extraction. Abstract-level claim from search metadata (verify in paper): ""record-high modulation bandwidth of 17.5 GHz, while maintaining a high quality (Q) factor of 102 and an ultra-low optical loss of 0.56 dB"". Preprint."
gaier2025,Wireless millimeterwave electro-optics on thin film lithium niobate,A. Gaier,A. Gaier; K. Mamian; S. Rajabali; Y. Lampert; ... I.-C. Benea-Chelmus,2025,,arXiv preprint,,2505.04585,https://arxiv.org/abs/2505.04585,arxiv_preprint,arxiv,,web_search;author_group_followup;continuation_2026_10_02,lithium_niobate,ring,2,unknown,,Discovery only; no metric extraction. Abstract-level claim from search metadata (verify in paper): wideband modulation across the WR9.0 (82-125 GHz) and WR2.8 (240-380 GHz) bands; mode spacing of 123.2 GHz and 307.9 GHz.
gao2024,Compact low-half-wave-voltage thin film lithium niobate electro-optic phase modulator fabricated by photolithography-assisted chemo-mechanical etching (PLACE),Lang Gao,Lang Gao; Youting Liang; Jinming Chen; Jianping Yu; ... Ya Cheng,2024,,Optics Letters,10.1364/ol.538158,2406.08744,https://doi.org/10.1364/ol.538158,journal,arxiv,,web_search;author_group_followup;continuation_2026_10_02,lithium_niobate,phase_shifter,2,unknown,,Discovery only; no metric extraction. Abstract-level claim from search metadata (verify in paper): half-wave voltage of approximately 3 V; low insertion loss of 2.8 dB.
gelerkremer2022,A ferroelectric multilevel non-volatile photonic phase shifter,Geler-Kremer,"Geler-Kremer, Eltes, Stark, Stark, ... Abel",2022,,Nature Photonics,10.1038/s41566-022-01003-0,,https://doi.org/10.1038/s41566-022-01003-0,journal,unknown,,web_search;author_group_followup;continuation_2026_10_02,barium_titanate,phase_shifter,2,unknown,,"Discovery only; no metric extraction. Abstract-level claim from search metadata (verify in paper): Abstract not retrievable (Crossref has none); search-result description only: multilevel non-volatile phase shifter via ferroelectric domains in BaTiO3 on silicon waveguides. Numbers not verified; Nature Photonics 16, 491-497 (2022) per search result."
geravand2023,Ultra-Compact Silicon Modulator for 124 GBaud Coherent Links,Alireza Geravand,Alireza Geravand; Zibo Zheng; Simon Levasseur; Leslie Ann Rusch (author list as retrieved; may be partial),2023,,SiPhotonics 2023,10.1109/siphotonics55903.2023.10141908,,https://doi.org/10.1109/siphotonics55903.2023.10141908,conference,unknown,,web_search;author_group_followup;continuation_2026_10_02,silicon_plasma_dispersion,iq_mzm,2,unknown,,Discovery only; no metric extraction. Abstract-level claim from search metadata (verify in paper): >67 GHz bandwidth in 0.03 mm^2; 124 GBaud coherent transmission. author list from OpenAlex possibly truncated
geravand2025,Ultrafast coherent dynamics of microring modulators,Alireza Geravand,Alireza Geravand;Zibo Zheng;Farshid Shateri;Simon Levasseur;Leslie A. Rusch;Wei Shi,2025,2024-12-23,"Nature Photonics 19(7), 740-750",10.1038/s41566-025-01686-1,2412.17986,https://doi.org/10.1038/s41566-025-01686-1,journal,arxiv,journal=https://www.springernature.com/gp/researchers/text-and-data-mining; arxiv=CC-BY-4.0,blog:OFS-69,silicon_plasma_dispersion,ring,2,no,,arXiv preprint and journal/proceedings version merged into one row (doi and arxiv_id both given)
geravand2025a,Micrometer-Scale Silicon Modulator for O-Band Coherent Interconnects Beyond 100 GBaud,Alireza Geravand,Alireza Geravand; Erwan Weckenmann; Zibo Zheng; Jean-Michel Vallee; ...; Wei Shi,2025,,IEEE J. Sel. Top. Quantum Electron. 31,10.1109/jstqe.2024.3523402,,https://doi.org/10.1109/jstqe.2024.3523402,journal,unknown,,web_search;author_group_followup;continuation_2026_10_02,silicon_plasma_dispersion,iq_mzm,2,unknown,,Discovery only; no metric extraction. Abstract-level claim from search metadata (verify in paper): 54 GHz 6-dB EO bandwidth; QPSK up to 120 Gbaud; 200 Gbps net per lambda/pol; 2 Tbps/mm.
gevorgyan2021,"Cryo-Compatible, Silicon Spoked-Ring Modulator in a 45nm CMOS Platform for 4K-to-Room-Temperature Optical Links",Hayk Gevorgyan,Hayk Gevorgyan; Anatol N. Khilo; Derek Van Orden; Deniz Onural; ...; Milos A. Popovic,2021,,OFC 2021 (M3B.3),10.1364/ofc.2021.m3b.3,,https://doi.org/10.1364/ofc.2021.m3b.3,conference,unknown,,web_search;author_group_followup;continuation_2026_10_02,silicon_plasma_dispersion,ring,2,unknown,,"Discovery only; no metric extraction. Abstract-level claim from search metadata (verify in paper): cryogenic operation at 4.5 K; ""46 GHz/V"" resonance-shift efficiency; up to 10 Gbps OOK at ~1 Vpp."
ghavami2023,"A new bandwidth-voltage trade-off paradigm in low-loss LNOI electro-optic modulators, using equalizer configuration",Fatemeh Ghavami,Fatemeh Ghavami; Sara Darbari; Mohammad Kazem Moravvej-Farshi,2023,,arXiv preprint,,2311.16679,https://arxiv.org/abs/2311.16679,arxiv_preprint,arxiv,,web_search;author_group_followup;continuation_2026_10_02,lithium_niobate,mzm,2,unknown,,Discovery only; no metric extraction. Abstract-level claim from search metadata (verify in paper): electro-optic bandwidth of up to 300GHz for a 5 mm-long device; efficiency of 4.5 V.cm. Design/simulation paper.
giambra2021,Wafer-Scale Integration of Graphene-Based Photonic Devices,Giambra,"Giambra, Miseikis, Pezzini, Marconi, ... Romagnoli",2021,,ACS Nano,10.1021/acsnano.0c09758,2012.05816,https://doi.org/10.1021/acsnano.0c09758,journal,arxiv,,web_search;author_group_followup;continuation_2026_10_02,other,eam,2,unknown,,"Discovery only; no metric extraction. Abstract-level claim from search metadata (verify in paper): ""electro-absorption modulators with data rates reaching 20 Gbps""; ~80% device coverage on 150 mm wafers; mobility ~5000 cm2/Vs (Crossref abstract)."
girouard2017,$\chi ^{(2)}$ Modulator With 40-GHz Modulation Utilizing BaTiO3 Photonic Crystal Waveguides,Peter Girouard,Peter Girouard;Pice Chen;Young Kyu Jeong;Zhifu Liu;Seng-Tiong Ho;Bruce W. Wessels,2017,,"IEEE Journal of Quantum Electronics 53(4), 1-10",10.1109/jqe.2017.2718222,,https://doi.org/10.1109/jqe.2017.2718222,journal,paywalled,https://ieeexplore.ieee.org/Xplorehelp/downloads/license-information/IEEE.html,local_corpus,barium_titanate,other,2,no,,lead_title_mismatch: inventory title 'Integrated polarization diversity architecture for barium titanate-on-insulator electro-optic modulators' differs from Crossref title for this DOI
gong2023,Silicon Highly Over-Coupled Microring Phase Shifter and Its Application in Ring Assisted Mach-Zehnder Modulator,Ming Gong,Ming Jia Gong; Hui Wu,2023,,Journal of Lightwave Technology,10.1109/jlt.2023.3298604,,https://doi.org/10.1109/jlt.2023.3298604,journal,unknown,,web_search;author_group_followup;continuation_2026_10_02,silicon_plasma_dispersion,ring,2,unknown,,"Discovery only; no metric extraction. Abstract-level claim from search metadata (verify in paper): ""26 dB static extinction ratio""; ""3 dB small-signal bandwidth ... 30 GHz""."
gong2026,A 60 GHz EO Bandwidth Mach-Zehnder Modulator for 200G/λ O-band Datacom in 300-mm Monolithic CMOS Silicon Photonics Foundry,Ming Gong,Ming Gong;Qidi Liu;Hanyi Ding;Minerva Webster-Pact;Kevin Dezfulian;Yusheng Bian;Sujith Chandran;Teodor Stanev;Massimo Sorbara;Won Suk Lee;Michal Rakowski;Takako Hirokawa;Yahui Xiao;Bob Mulfinger;Janet Tinkler;Andrea Paganini;Ken Giewont;Rick Carter;Ted Letavic,2026,2026-03-18,"Optical Fiber Communication Conference (OFC) 2026, paper W1A.2",10.1364/ofc.2026.w1a.2,,https://doi.org/10.1364/ofc.2026.w1a.2,conference,unknown,,ofc2026;local_corpus,silicon_plasma_dispersion,mzm,2,no,@local_corpus,OFC 2026 code W1A.2 | published_on is the OFC 2026 presentation date from the conference schedule
gui2022,100 GHz micrometer-compact broadband monolithic ITO Mach-Zehnder interferometer modulator enabling 3500 times higher packing density,Gui,"Gui, Nouri, Miscuglio, Amin, ... Sorger",2022,,Nanophotonics,10.1515/nanoph-2021-0796,2112.10926,https://doi.org/10.1515/nanoph-2021-0796,journal,arxiv,,web_search;author_group_followup;continuation_2026_10_02,other,mzm,2,unknown,,"Discovery only; no metric extraction. Abstract-level claim from search metadata (verify in paper): ""micrometer compact MZI based modulators capable of exceeding 100 GHz switching rates ... more than 3500 of these modulators within the same chip area as only one single silicon MZI modulator"". Abstract does not state a measured device; treat as design study unless full text says otherwise."
guo2026,Robust and Active Visible-Light Integrated Photonics on Thin-Film Lithium Tantalate for Underwater Optical Wireless Communications,Changjian Guo,Changjian Guo; Xingjie Li; Xiaofeng Wu; Jiajie Deng; ... Liu Liu,2026,,arXiv preprint,,2603.14346,https://arxiv.org/abs/2603.14346,arxiv_preprint,arxiv,,web_search;author_group_followup;continuation_2026_10_02,lithium_tantalate,mzm,2,unknown,,Discovery only; no metric extraction. Abstract-level claim from search metadata (verify in paper): modulators with a flat frequency response to ~50 GHz; 112-Gb/s transmission over 3-m and 64-Gb/s transmission over 9-m.
haffner2018,Low-loss plasmon-assisted electro-optic modulator,Haffner,Christian Haffner;Daniel Chelladurai;Yuriy Fedoryshyn;Arne Josten;Benedikt Baeuerle;Wolfgang Heni;Tatsuhiko Watanabe;Tong Cui;Bojun Cheng;Soham Saha;Delwin L. Elder;Larry. R. Dalton;Alexandra Boltasseva;Vladimir M. Shalaev;Nathaniel Kinsey;Juerg Leuthold,2018,2018-04,Nature,10.1038/s41586-018-0031-4,,https://doi.org/10.1038/s41586-018-0031-4,journal,paywalled,,landmark,eo_polymer,plasmonic_mzm,2,no,,"Low-loss plasmon-assisted EO modulator (title). Surfaced via Crossref title search: plasmon-assisted modulator. Unverified: abstract not retrieved; EO polymer platform from knowledge, not verified."
han2022,High-Performance Electro-Optical Mach-Zehnder Modulators in a Silicon Nitride-Lithium Niobate Thin-Film Hybrid Platform,Huangpu Han,Huangpu Han; Fan Yang; Chenghao Liu; Zhengfang Wang; ... Bingxi Xiang,2022,,Photonics (MDPI),10.3390/photonics9070500,,https://doi.org/10.3390/photonics9070500,journal,unknown,,web_search;author_group_followup;continuation_2026_10_02,lithium_niobate,mzm,2,unknown,,"Discovery only; no metric extraction. Abstract-level claim from search metadata (verify in paper): half-wave voltage product and the -3 dB modulation bandwidth were, respectively, 2.85 V·cm and 0.4 THz for Type I modulator. Likely design/simulation (0.4 THz); confirm."
han2023,Slow-light silicon modulator with 110-GHz bandwidth,Changhao Han,Changhao Han;Zhao Zheng;Haowen Shu;Ming Jin;Jun Qin;Ruixuan Chen;Yuansheng Tao;Bitao Shen;Bowen Bai;Fenghe Yang;Yimeng Wang;Haoyu Wang;Feifan Wang;Zixuan Zhang;Shaohua Yu;Chao Peng;Xingjun Wang,2023,2023-10-20,Science Advances 9(42),10.1126/sciadv.adi5339,,https://doi.org/10.1126/sciadv.adi5339,journal,unknown,,local_corpus,silicon_plasma_dispersion,mzm,2,no,,
han2023a,Integrated barium titanate electro-optic modulators operating at CMOS-compatible voltage,Han,"Han, Wang, Wang, Liu, Xiang",2023,,Applied Optics,10.1364/ao.499065,,https://doi.org/10.1364/ao.499065,journal,open_access,,web_search;author_group_followup;continuation_2026_10_02,barium_titanate,mzm,2,unknown,,"Discovery only; no metric extraction. Abstract-level claim from search metadata (verify in paper): ""half-wave voltage-length product was 0.48 V*cm, and the -3dB modulation bandwidths with a device length of 5 mm and 10 mm were 262 GHz and 107 GHz"" (numerical simulation, no measured device). Simulation-only; flag as design study."
han2024,High-speed mid-infrared Mach-Zehnder electro-optical modulators in lithium niobate thin film on sapphire,Huangpu Han,Huangpu Han; Bingxi Xiang; Jiali Zhang; Zhixian Wei; Yunpeng Jiang (all five per Crossref),2024,,Open Physics,10.1515/phys-2023-0178,,https://doi.org/10.1515/phys-2023-0178,journal,unknown,,web_search;author_group_followup;continuation_2026_10_02,lithium_niobate,mzm,2,unknown,,"Discovery only; no metric extraction. Abstract-level claim from search metadata (verify in paper): bandwidths exceeding 140, 150, and 240 GHz for residual LN thickness of 0, 0.5 and 1 um (calculated). Calculated, not measured."
hara2025,Ferroelectric-organic hybrid modulator based on lead lanthanum zirconate titanate slot waveguide incorporating electro-optic polymers,Hara,"Hara, Seki, Abe, Yamada, ... Masuda",2025,,Optics Express,10.1364/oe.562664,,https://doi.org/10.1364/oe.562664,journal,open_access,,web_search;author_group_followup;continuation_2026_10_02,plzt,mzm,2,unknown,,"Discovery only; no metric extraction. Abstract-level claim from search metadata (verify in paper): ""half-wave voltage-length product (VpiL) of the modulator is reduced to 0.52 Vcm""."
he2025,Broadband Thin-Film Lithium Niobate Modulator Module Capable of 390 Gb/s Operation,He,Yutong He;Hao Liu;Changzheng Sun;Bing Xiong;Zhibiao Hao;Jian Wang;Lai Wang;Yanjun Han;Hongtao Li;Lin Gan;Yi Luo,2025,2025-11-15,Journal of Lightwave Technology,10.1109/jlt.2025.3609784,,https://doi.org/10.1109/jlt.2025.3609784,journal,paywalled,,landmark,lithium_niobate,mzm,2,unknown,,"Packaged TFLN module: 100 GHz EO bandwidth, 390 Gb/s PAM8. Surfaced via web search: packaged TFLN module 390 Gb/s. Unverified: no Vpi in abstract."
he2026,Efficient 180 Gb/s NRZ C-band silicon microring modulator exceeding 100 GHz bandwidth,Siyan He,Siyan He; Shuxiao Wang; Fan Xu; Aolong Sun; ...; Yan Cai,2026,,"Optics Letters 51, 1219",10.1364/ol.585234,,https://doi.org/10.1364/ol.585234,journal,unknown,,web_search;author_group_followup;continuation_2026_10_02,silicon_plasma_dispersion,ring,2,unknown,,"Discovery only; no metric extraction. Abstract-level claim from search metadata (verify in paper): ""3-dB electro-optic bandwidth exceeding 100 GHz""; 180 Gb/s NRZ and 280 Gb/s PAM-4."
heidari2022,Integrated ultra-high-performance graphene optical modulator,Heidari,"Heidari, Dalir, Mokhtari Koushyar, Nouri, ... Sorger",2022,,Nanophotonics,10.1515/nanoph-2021-0797,2109.07476,https://doi.org/10.1515/nanoph-2021-0797,journal,arxiv,,web_search;author_group_followup;continuation_2026_10_02,other,eam,2,unknown,,"Discovery only; no metric extraction. Abstract-level claim from search metadata (verify in paper): ""60 GHz speed (3 dB roll-off), micrometer compactness, and efficiency of 2.25 fJ/bit ... reduces the driving voltage by about 40 times while maintaining ... modulation depth (5.2 dB/V)"" (arXiv abstract)."
heni2020,Ultra-High-Speed 2:1 Digital Selector and Plasmonic Modulator IM/DD Transmitter Operating at 222 GBaud for Intra-Datacenter Applications,Heni,"Heni, Baeuerle, Mardoyan, Jorge, ... Leuthold",2020,,Journal of Lightwave Technology,10.1109/jlt.2020.2972637,,https://doi.org/10.1109/jlt.2020.2972637,journal,open_access,,web_search;author_group_followup;continuation_2026_10_02,eo_polymer,mzm,2,unknown,,Discovery only; no metric extraction. Abstract-level claim from search metadata (verify in paper): Title: 222 GBaud IM/DD.
hess2026,O-Band Silicon-Plasmonic Resonant Ring Modulator Demonstrating Net-Rates of 400 Gbps,Samuel Hess,Samuel Hess;Laurenz Kulmer;Chenrui Xu;Tobias Blatter;Vladimir Shadymov;Matthew Garrett;Benedikt Baeuerle;Wolfgang Heni;Claudia Hoessbacher;Oskars Ozolins;Juerg Leuthold,2026,2026-03-16,"Optical Fiber Communication Conference (OFC) 2026, paper M2B.5",10.1364/ofc.2026.m2b.5,,https://doi.org/10.1364/ofc.2026.m2b.5,conference,unknown,,ofc2026;local_corpus,other,ring,2,no,@local_corpus,OFC 2026 code M2B.5 | EO material not named in abstract | published_on is the OFC 2026 presentation date from the conference schedule
hillier2023,A 100 GBaud co-planar stripline Mach-Zehnder modulator on Indium Phosphide platform,Hillier,"Hillier, Meighan, Van Den Hout, Van Der Heide, ... Williams",2023,,OECC 2023,10.1109/oecc56963.2023.10209945,,https://doi.org/10.1109/oecc56963.2023.10209945,journal,unknown,,web_search;author_group_followup;continuation_2026_10_02,inp_mqw,mzm,2,unknown,,Discovery only; no metric extraction. Abstract-level claim from search metadata (verify in paper): Title: 100 GBaud. Conference precursor of known OE 2025 (320 Gbps) paper.
hillier2025,320 Gbps co-planar stripline Mach-Zehnder modulator on a generic indium phosphide integrated photonics platform,James Arthur Hillier,James Arthur Hillier;Arezou Meighan;Qian Hu;Haoshuo Chen;Weiming Yao;Rainier Van Dommele;Luc Augustin;Michael Wale;Kevin Williams,2025,2025-03-26,"Optics Express 33(7), 15081",10.1364/oe.536930,,https://doi.org/10.1364/oe.536930,journal,open_access,CC-BY-4.0,local_corpus,inp_mqw,mzm,2,no,,"lead gave only Optics Express URL (33(7) 15081); matched on journal, volume, issue and page"
hiraki2020,50-GHz-bandwidth Electro-absorption Modulator with Membrane InGaAsP Lateral p-i-n Diode on Si Platform,Hiraki,"Hiraki, Aihara, Maeda, Fujii, ... Matsuo",2020,,ECOC 2020,10.1109/ecoc48923.2020.9333206,,https://doi.org/10.1109/ecoc48923.2020.9333206,journal,unknown,,web_search;author_group_followup;continuation_2026_10_02,inp_mqw,eam,2,unknown,,Discovery only; no metric extraction. Abstract-level claim from search metadata (verify in paper): Title: 50 GHz bandwidth.
hiraki2021,Integration of a high-efficiency Mach-Zehnder modulator with a DFB laser using membrane InP-based devices on a Si photonics platform,Tatsurou Hiraki,Tatsurou Hiraki;Takuma Aihara;Takuro Fujii;Koji Takeda;Yoshiho Maeda;Takaaki Kakitsuka;Tai Tsuchizawa;Shinji Matsuo,2021,2021-01-14,"Optics Express 29(2), 2431",10.1364/oe.411483,,https://doi.org/10.1364/oe.411483,journal,open_access,Optica-OA-License-v2,local_corpus,inp_mqw,mzm,2,no,,"lead gave only Optics Express URL (29(2) 2431); matched on journal, volume, issue and page"
hiraki2023,Over-67-GHz-Bandwidth Membrane InGaAlAs Electro-Absorption Modulator Integrated With DFB Laser on Si Platform,Hiraki,"Hiraki, Aihara, Maeda, Fujii, ... Matsuo",2023,,Journal of Lightwave Technology,10.1109/jlt.2022.3221814,,https://doi.org/10.1109/jlt.2022.3221814,journal,open_access,,web_search;author_group_followup;continuation_2026_10_02,inp_mqw,eam,2,unknown,,Discovery only; no metric extraction. Abstract-level claim from search metadata (verify in paper): Title: over 67 GHz bandwidth. Web-search description: 56-Gbit/s NRZ and 112-Gbit/s PAM4 eye openings at 25-50 C (not from Crossref abstract). Known list has Hiraki 2021 OE (MZM+DFB) but not this EAM paper.
holzgrafe2020,Cavity electro-optics in thin-film lithium niobate for efficient microwave-to-optical transduction,Jeffrey Holzgrafe,Jeffrey Holzgrafe; Neil Sinclair; Di Zhu; Amirhassan Shams-Ansari; ... Marko Lončar,2020,,Optica,10.1364/optica.397513,2005.00939,https://doi.org/10.1364/optica.397513,journal,arxiv,,web_search;author_group_followup;continuation_2026_10_02,lithium_niobate,ring,2,unknown,,Discovery only; no metric extraction. Abstract-level claim from search metadata (verify in paper): transduction efficiency of up to 2.7e-5; pump-power normalized efficiency of 1.9e-6/uW.
horst2025,Ultra-wideband MHz to THz plasmonic EO modulator,Yannik Horst,Yannik Horst;David Moor;Daniel Chelladurai;Tobias Blatter;Sónia Fernandes;Laurenz Kulmer;Michael Baumann;Hande Ibili;Christian Funck;Killian Keller;Marcel Destraz;Wolfgang Heni;Loïc Chérix;Yuqi Liu;Hua Wang;Stefan M. Koepfli;Juerg Leuthold,2025,2025-02-26,"Optica 12(3), 325",10.1364/optica.544016,,https://doi.org/10.1364/optica.544016,journal,open_access,CC-BY-4.0,drive_doc;tmp_eo_md;local_corpus,other,plasmonic_mzm,2,no,,EO material not named in Crossref abstract; platform other until full text is read
hou2024,Improving Linewidth and Extinction Ratio Performances of Lithium Niobate Ring Modulator Using Ring-pair Structure,Songyan Hou,Songyan Hou (single author per arXiv API),2024,,Advanced Photonics Research,10.1002/adpr.202300169,2304.04413,https://doi.org/10.1002/adpr.202300169,journal,arxiv,,web_search;author_group_followup;continuation_2026_10_02,lithium_niobate,ring,2,unknown,,Discovery only; no metric extraction. Abstract-level claim from search metadata (verify in paper): linewidth up to 22 GHz; extinction ratio of ring-pair resonator goes beyond 30 dB. DOI from arXiv metadata; not Crossref-checked. Experimental vs simulated not confirmed.
hsu2024,Sub-volt high-speed silicon MOSCAP microring modulator driven by high-mobility conductive oxide,Wei-Che Hsu,Wei-Che Hsu; Nabila Nujhat; Benjamin Kupp; John F. Conley Jr.; ...; Alan X. Wang,2024,,Nature Communications 15,10.1038/s41467-024-45130-4,2308.16255,https://doi.org/10.1038/s41467-024-45130-4,journal,arxiv,,web_search;author_group_followup;continuation_2026_10_02,silicon_plasma_dispersion,ring,2,unknown,,"Discovery only; no metric extraction. Abstract-level claim from search metadata (verify in paper): ""117 pm/V"" efficiency; ""0.8 V"" Vpp; 25 Gb/s at ""53 fJ/bit""."
hsu2024a,Heterogeneously integrated silicon-conductive oxide MOSCAP microring modulator array,Wei-Che Hsu,Wei-Che Hsu; Saeed Abdolhosseini; Haisheng Rong; Ranjeet Kumar; ...; Alan X. Wang,2024,,Photonics Research (also Optica Open preprint),10.1364/prj.528975,,https://doi.org/10.1364/prj.528975,journal,unknown,,web_search;author_group_followup;continuation_2026_10_02,silicon_plasma_dispersion,ring,2,unknown,,"Discovery only; no metric extraction. Abstract-level claim from search metadata (verify in paper): VpiL ""0.12 V.cm""; (3x25 + 1x15) Gb/s; 14 GHz bandwidth; WDM without heaters. Crossref also lists Optica Open preprint DOI 10.1364/opticaopen.25723449 (not verified for free PDF)"
hu2022,Ultrahigh-Net-Bitrate 363 Gbit/s PAM-8 and 279 Gbit/s Polybinary Optical Transmission Using Plasmonic Mach-Zehnder Modulator,Hu,"Hu, Borkowski, Lefevre, Cho, ... Hoessbacher",2022,,Journal of Lightwave Technology,10.1109/jlt.2022.3172246,,https://doi.org/10.1109/jlt.2022.3172246,journal,open_access,,web_search;author_group_followup;continuation_2026_10_02,eo_polymer,mzm,2,unknown,,"Discovery only; no metric extraction. Abstract-level claim from search metadata (verify in paper): Title: 363 Gbit/s net PAM-8, 279 Gbit/s polybinary."
hu2023,300-Gbps optical interconnection using neural-network based silicon microring modulator,Fangchen Hu,Fangchen Hu; Yuguang Zhang; Hongguang Zhang; Zhongya Li; ...; Shaohua Yu,2023,,Communications Engineering 2,10.1038/s44172-023-00115-x,2111.05331,https://doi.org/10.1038/s44172-023-00115-x,journal,arxiv,,web_search;author_group_followup;continuation_2026_10_02,silicon_plasma_dispersion,ring,2,unknown,,"Discovery only; no metric extraction. Abstract-level claim from search metadata (verify in paper): ""302 Gbps"" data rate with NN equalization; ""5.20 bit/s/Hz"" spectral efficiency."
hu2026,400‐Gbps/λ Ultrafast Silicon Microring Modulator for Scalable Optical Compute Interconnects,Hu,Fangchen Hu;Fengxin Yu;Xingyu Liu;Aoxue Wang;Xiao Hu;Haiwen Cai;Wei Chu,2026,2025-09-01,Laser & Photonics Reviews,10.1002/lpor.202502840,2509.01555,https://doi.org/10.1002/lpor.202502840,journal,arxiv,CC-BY-4.0,landmark,silicon_plasma_dispersion,ring,2,no,,"300 mm silicon MRM: 400 Gbps/lambda (PAM6), 0.43 Vpp drive. Surfaced via web search: 400 Gbps/lambda Si microring."
hu2026a,Hybrid-Integrated DFB-Laser-Coupled 1 x 8 Thin-Film Lithium Niobate Modulator Array for High-Speed Parallel Optical Transmitters,Qiyue Hu,Qiyue Hu; Junxia Zhou; Zhe Wang; Botao Fu; ... Ya Cheng,2026,,arXiv preprint,,2605.21073,https://arxiv.org/abs/2605.21073,arxiv_preprint,arxiv,,web_search;author_group_followup;continuation_2026_10_02,lithium_niobate,mzm,2,unknown,,Discovery only; no metric extraction. Abstract-level claim from search metadata (verify in paper): electro-optic 3 dB bandwidths exceeding 40 GHz; half-wave voltages are 3.60-3.83 V.
huang2021,40 GHz high-efficiency Michelson interferometer modulator on a silicon-rich nitride and thin-film lithium niobate hybrid platform,Xingrui Huang,Xingrui Huang; Yang Liu; Zezheng Li; Huan Guan; ... Zhiyong Li,2021,,Optics Letters,10.1364/ol.425181,,https://doi.org/10.1364/ol.425181,journal,unknown,,web_search;author_group_followup;continuation_2026_10_02,lithium_niobate,mzm,2,unknown,,Discovery only; no metric extraction. Abstract-level claim from search metadata (verify in paper): half-wave voltage length product of 1.06 V·cm; high-speed modulation up to 70 Gbps; 3-dB electro-optic bandwidth beyond 40 GHz.
huang2026,TFLN-based Wafer-Level Co-Packaged Optics Engine for Ultrahigh-Bandwidth Electro-Optical Modulation,Yinshan Huang,Yinshan Huang;Long Wang;Mingxuan Li;Ding Yan;Shuai Yuan;Guiling Wu;Liang Zhou,2026,2026-03-19,"Optical Fiber Communication Conference (OFC) 2026, paper Th4A.6",10.1364/ofc.2026.th4a.6,,https://doi.org/10.1364/ofc.2026.th4a.6,conference,unknown,,ofc2026;local_corpus,lithium_niobate,other,2,unknown,@local_corpus,OFC 2026 code Th4A.6 | TFLN EOM chip with driver EIC co-packaged engine | published_on is the OFC 2026 presentation date from the conference schedule
huang2026a,"Co-design of Silicon Microring Modulator beyond 200 Gb/s per Lane: Device Physics, Operating Point, and Compact Models for Scale-Up and Scale-Out Optical I/O",Zhihong Huang,Zhihong Huang; Yuan Yuan; Yiwei Peng; Samuel Palermo; Marco Fiorentino; Raymond G. Beausoleil,2026,,arXiv preprint,,2609.36690,https://arxiv.org/abs/2609.36690,arxiv_preprint,arxiv,,web_search;author_group_followup;continuation_2026_10_02,silicon_plasma_dispersion,ring,2,unknown,,Discovery only; no metric extraction. Abstract-level claim from search metadata (verify in paper): analysis above 200 Gb/s per lane; Verilog-A compact model (no numbers in retrieved abstract).
huertaspedroche2025,High-speed integrated silicon germanium optical modulator with 3 GHz bandwidth in the 5-9 um wavelength range,Javier Huertas-Pedroche,Javier Huertas-Pedroche; Victor Turpaud; Luca Lucia; Adel Bousseksou; ...; Delphine Marris-Morini,2025,,Optics Express,10.1364/oe.572563,,https://doi.org/10.1364/oe.572563,journal,open_access,,web_search;author_group_followup;continuation_2026_10_02,germanium_silicon_eam,eam,2,unknown,,Discovery only; no metric extraction. Abstract-level claim from search metadata (verify in paper): extinction ratio 1.9 dB; 3 GHz bandwidth.
hulyal2026,A 1.6 Tbit/s WDM Integrated Photonic IMDD Transmitter on Thin-Film Lithium Tantalate,Shivaprasad U. Hulyal,Shivaprasad U. Hulyal;Dengyang Fang;Jiachen Cai;Alexander Kotz;Xin Ou;Christian Koos;Tobias J. Kippenberg,2026,2026-03-18,"Optical Fiber Communication Conference (OFC) 2026, paper W1A.7",10.1364/ofc.2026.w1a.7,,https://doi.org/10.1364/ofc.2026.w1a.7,conference,unknown,,ofc2026;local_corpus,lithium_tantalate,mzm,2,unknown,@local_corpus,OFC 2026 code W1A.7 | published_on is the OFC 2026 presentation date from the conference schedule
hwang2024,Hyperband electro-optic modulator based on a two-pulley coupled lithium niobate racetrack resonator,Hyeon Hwang,Hyeon Hwang; Mohamad Reza Nurrahman; Hyungjun Heo; Kiyoung Ko; ... Min-Kyo Seo,2024,,Optics Letters,10.1364/ol.514192,,https://doi.org/10.1364/ol.514192,journal,unknown,,web_search;author_group_followup;continuation_2026_10_02,lithium_niobate,ring,2,unknown,,"Discovery only; no metric extraction. Abstract-level claim from search metadata (verify in paper): half-wave voltage-length products of 0.25, 0.93, and 0.68 V·cm (wavelength bands not given in fragment)."
hwang2025,A wide-spectrum mid-infrared electro-optic intensity modulator employing a two-point coupled lithium niobate racetrack resonator,Hyeon Hwang,Hyeon Hwang; Kiyoung Ko; Mohamad Reza Nurrahman; Kiwon Moon; ... Hansuek Lee,2025,,APL Photonics,10.1063/5.0235751,,https://doi.org/10.1063/5.0235751,journal,unknown,,web_search;author_group_followup;continuation_2026_10_02,lithium_niobate,ring,2,unknown,,Discovery only; no metric extraction. Abstract-level claim from search metadata (verify in paper): modulation extinction ratio exceeding 20 dB with an electro-optic efficiency of 7.7 V·cm over 3.3-3.8 um.
jacques2020,240 Gbit/s Silicon Photonic Mach-Zehnder Modulator Enabled by Two 2.3-Vpp Drivers,Maxime Jacques,Maxime Jacques; Zhenping Xing; Alireza Samani; Eslam El-Fiky; ...; David V. Plant,2020,,Journal of Lightwave Technology,10.1109/jlt.2020.2985589,,https://doi.org/10.1109/jlt.2020.2985589,journal,unknown,,web_search;author_group_followup;continuation_2026_10_02,silicon_plasma_dispersion,mzm,2,unknown,,"Discovery only; no metric extraction. Abstract-level claim from search metadata (verify in paper): 80 Gbaud PAM-8 over 2 km; 240 Gbit/s line rate; ""73 fJ/bit""."
jaeger2025,Compact low-voltage lithium niobate racetrack modulator on a silicon nitride platform through micro-transfer printing,Lisa De Jaeger,Lisa De Jaeger; Tom Vandekerckhove; Tom Reep; Stijn Poelman; ... Bart Kuyken,2025,,Optics Letters,10.1364/ol.561544,,https://doi.org/10.1364/ol.561544,journal,unknown,,web_search;author_group_followup;continuation_2026_10_02,lithium_niobate,ring,2,unknown,,"Discovery only; no metric extraction. Abstract-level claim from search metadata (verify in paper): tuning efficiency of 1.7 pm/V; Q-factor of 285,000; measured 3-dB bandwidth of 1.18 GHz."
jaehyukshin2005,Novel T-rail electrodes for substrate removed low-voltage high-speed GaAs/AlGaAs electrooptic modulators,JaeHyuk Shin,JaeHyuk Shin;C. Ozturk;S.R. Sakamoto;Y.J. Chiu;N. Dagli,2005,2005-02,"IEEE Transactions on Microwave Theory and Techniques 53(2), 636-643",10.1109/tmtt.2004.840735,,https://doi.org/10.1109/tmtt.2004.840735,journal,paywalled,https://ieeexplore.ieee.org/Xplorehelp/downloads/license-information/IEEE.html,landmark;local_corpus,algaas_gaas,mzm,2,no,,also in candidates_landmark
jafari2021,DAC-Less PAM-4 Slow-Light Silicon Photonic Modulator Providing High Efficiency and Stability,Omid Jafari,Omid Jafari; Sasan Zhalehpour; Wei Shi; Sophie LaRochelle,2021,,Journal of Lightwave Technology,10.1109/jlt.2021.3083140,,https://doi.org/10.1109/jlt.2021.3083140,journal,unknown,,web_search;author_group_followup;continuation_2026_10_02,silicon_plasma_dispersion,mzm,2,unknown,,"Discovery only; no metric extraction. Abstract-level claim from search metadata (verify in paper): 570 um long; ""73 fJ/bit""; >40 GHz; up to 90 Gb/s over 2 nm."
jagatpal2021,Thin Film Lithium Niobate Electro-Optic Modulator for 1064 nm Wavelength,Navarun Jagatpal,Navarun Jagatpal; Andrew J. Mercante; Abu Naim R. Ahmed; Dennis W. Prather,2021,,IEEE Photonics Technology Letters,10.1109/lpt.2021.3056913,,https://doi.org/10.1109/lpt.2021.3056913,journal,unknown,,web_search;author_group_followup;continuation_2026_10_02,lithium_niobate,mzm,2,unknown,,Discovery only; no metric extraction. Abstract-level claim from search metadata (verify in paper): none retrieved. Abstract numbers not retrieved.
johnson2025,Multi-Channel Silicon-Organic Hybrid PICs for 200G/lambda and 400G/lambda PAM4 Transmission,Johnson,"Johnson, Novack, Hammond, Bahadori, ... Booth",2025,,arXiv preprint,,2509.24825,https://arxiv.org/abs/2509.24825,arxiv_preprint,arxiv,,web_search;author_group_followup;continuation_2026_10_02,eo_polymer,other,2,unknown,,"Discovery only; no metric extraction. Abstract-level claim from search metadata (verify in paper): ""Open-eye 224G PAM4 transmission in a 1.6T-DR8 PIC implementing low-Vpi silicon-organic hybrid modulators (VpiL < 0.5 V-mm) with >80 3 dB GHz bandwidth""; variant ""400G/lambda (> 110 GHz) for 3.2T-DR8"" (quoted fragments from fetch-tool summary). Preprint."
kakolaki2025,Ultra-wideband (>1 THz) compact thin-film lithium niobate modulators using segmented coaxial transmission lines,Mohsen Karimian Kakolaki,Mohsen Karimian Kakolaki;Ahmad Bakhtafrouz;Parisa Karimi,2025,2025-08-13,"Optics Express 33(17), 35708",10.1364/oe.566284,,https://doi.org/10.1364/oe.566284,journal,open_access,Optica-OA-License-v2,blog:OFS-109,lithium_niobate,mzm,2,yes,,results from full-wave simulation per abstract
kakolaki2026,Ultra-High Voltage–Bandwidth Limit Thin-Film Lithium Niobate Modulators Using Partially Segmented Parallel-Plate Transmission Lines With Hybrid Dielectric Design,Mohsen Karimian Kakolaki,Mohsen Karimian Kakolaki;Ahmad Bakhtafrouz;Parisa Karimi,2026,,"IEEE Access 14, 101274-101291",10.1109/access.2026.3708669,,https://doi.org/10.1109/access.2026.3708669,journal,open_access,CC-BY-4.0,blog:OFS-109,lithium_niobate,mzm,2,yes,,lead title abbreviated; API title kept; simulation vs measurement not stated in Crossref data
kandeel2024,"Compact, low loss, and high-speed GeSi quantum-confined stark-effect electro-absorption modulator",Ahmed Kandeel,Ahmed Kandeel; Gaspard Hiblot; Yosuke Shimura; Joris Van Campenhout (author list as retrieved; may be partial),2024,,CLEO 2024 (SM2I.6),10.1364/cleo_si.2024.sm2i.6,,https://doi.org/10.1364/cleo_si.2024.sm2i.6,conference,unknown,,web_search;author_group_followup;continuation_2026_10_02,silicon_plasma_dispersion,eam,2,unknown,,Discovery only; no metric extraction. Abstract-level claim from search metadata (verify in paper): 50 GHz O-band; improved integration flow reduces insertion loss. author list possibly truncated
kandeel2025,RF Equivalent Circuit Model for GeSi Quantum Confined Stark Effect Electro-Absorption Modulators,Ahmed Kandeel,Ahmed Kandeel; Minkyu Kim; Amir Shahin; Peter De Heyn; ...; Joris Van Campenhout,2025,,IEEE Photonics Technology Letters,10.1109/lpt.2025.3549943,,https://doi.org/10.1109/lpt.2025.3549943,journal,unknown,,web_search;author_group_followup;continuation_2026_10_02,silicon_plasma_dispersion,eam,2,unknown,,Discovery only; no metric extraction. Abstract-level claim from search metadata (verify in paper): equivalent-circuit model validated against measured S-parameters.
karakida2026,Ultracompact High-Speed Surface-Reflective Modulator with Organic Electro-Optic Thin Film,Seidai Karakida,Seidai Karakida;Koto Ariu;Yusuke Tsubai;Go Soma;Takuo Tanemura,2026,2026-03-18,"Optical Fiber Communication Conference (OFC) 2026, paper W2A.5",10.1364/ofc.2026.w2a.5,,https://doi.org/10.1364/ofc.2026.w2a.5,conference,unknown,,ofc2026;local_corpus,eo_polymer,other,2,no,@local_corpus,OFC 2026 code W2A.5 | published_on is the OFC 2026 presentation date from the conference schedule
kari2025,Enabling High-Bandwidth Coherent Modulation Through Scalable Lithium Niobate Resonant Devices,Sadra Rahimi Kari,Sadra Rahimi Kari; Paolo Pintus; John E. Bowers; Matt Robbins; Nathan Youngblood,2025,,arXiv preprint,,2502.10846,https://arxiv.org/abs/2502.10846,arxiv_preprint,arxiv,,web_search;author_group_followup;continuation_2026_10_02,lithium_niobate,iq_mzm,2,unknown,,Discovery only; no metric extraction. Abstract-level claim from search metadata (verify in paper): modulation bandwidth of 29 GHz; modulation region of only ~80 micrometers.
kashi2024,Ring-Assisted Mach-Zehnder Modulator on the InP Membrane on Silicon Platform,Kashi,"Kashi, van der Tol, Lebby, Zhang, Williams, Jiao",2024,,Journal of Lightwave Technology,10.1109/jlt.2024.3373762,,https://doi.org/10.1109/jlt.2024.3373762,journal,open_access,,web_search;author_group_followup;continuation_2026_10_02,inp_mqw,ring,2,unknown,,"Discovery only; no metric extraction. Abstract-level claim from search metadata (verify in paper): ""VpiLpi product as low as 5.1 V.mm and an extinction ratio equal to 12 dB. The 3-dB electro-optical bandwidth ... 8.5 GHz""."
kawahara2024,"High-speed, low-voltage, low-bit-energy silicon photonic crystal slow-light modulator with impedance-engineered distributed electrodes",Keisuke Kawahara,Keisuke Kawahara; Tai Tsuchizawa; Noritsugu Yamamoto; Yuriko Maegami; ...; Toshihiko Baba,2024,,Optica,10.1364/optica.531372,,https://doi.org/10.1364/optica.531372,journal,open_access,,web_search;author_group_followup;continuation_2026_10_02,silicon_plasma_dispersion,mzm,2,unknown,,"Discovery only; no metric extraction. Abstract-level claim from search metadata (verify in paper): 64 Gbps; drive ""0.87 V""; ""59 fJ/bit""; 6 nm working spectrum."
kawahara2025,High-efficiency compact optical transmitter with a total bit energy of 0.78 pJ/bit including silicon slow-light modulator and open-collector current-mode driver,Keisuke Kawahara,Keisuke Kawahara; Tai Tsuchizawa; Noritsugu Yamamoto; Yuriko Maegami; ...; Toshihiko Baba,2025,,IEEE J. Sel. Top. Quantum Electron. (arXiv 2025-06),10.1109/jstqe.2025.3640645,2506.04820,https://doi.org/10.1109/jstqe.2025.3640645,journal,arxiv,,web_search;author_group_followup;continuation_2026_10_02,silicon_plasma_dispersion,other,2,unknown,,"Discovery only; no metric extraction. Abstract-level claim from search metadata (verify in paper): ""0.78 pJ/bit at 64-Gbaud""; footprint 0.66 mm^2. DOI from arXiv metadata"
kawahara2026,"Low-Voltage, Complex-DSP-Free 200G PAM4 / 140G OOK Operation of Si Photonic Crystal Slow-Light Modulator with Built-in EO Equalizer",Keisuke Kawahara,Keisuke Kawahara;Tai Tsuchizawa;Noritsugu Yamamoto;Yuriko Maegami;Koji Yamada;Nobuhiko Nishiyama;Toshihiko Baba,2026,2026-03-16,"Optical Fiber Communication Conference (OFC) 2026, paper M2A.5",10.1364/ofc.2026.m2a.5,,https://doi.org/10.1364/ofc.2026.m2a.5,conference,unknown,,ofc2026;local_corpus,silicon_plasma_dispersion,mzm,2,no,@local_corpus,OFC 2026 code M2A.5 | published_on is the OFC 2026 presentation date from the conference schedule
khalil2026,Cryogenic piezoelectric effects in thin film strontium titanate devices,Khalil,"Khalil, Ulrich, Brahim, Boelen, ... Haffner",2026,,arXiv preprint,,2602.17152,https://arxiv.org/abs/2602.17152,arxiv_preprint,arxiv,,web_search;author_group_followup;continuation_2026_10_02,strontium_titanate,other,2,unknown,,"Discovery only; no metric extraction. Abstract-level claim from search metadata (verify in paper): ""d15 = 151.8 +/- 1.5 pm/V and d33 = 54.8 +/- 4 pm/V"" at 5 K; ""SrTiO3-on-oxide acousto-optic modulator with a voltage-length product (VpiL) of 0.874 +/- 0.084 V cm"". Acousto-optic (piezo) modulator, not Pockels; included for cryogenic STO."
kholeif2026,Silicon-Organic Hybrid (SOH) Racetrack Modulators for 200 Gbit/s PAM4 Signaling with Ultra-low Drive Voltages,H. Kholeif,H. Kholeif;A. Schwarzenberger;A. Kotz;S. Sarwar;D. Fang;P. Erk;S. Bräse;A. Kuzmin;W. Freude;C. Koos,2026,2026-03-19,"Optical Fiber Communication Conference (OFC) 2026, paper Th1H.2",10.1364/ofc.2026.th1h.2,,https://doi.org/10.1364/ofc.2026.th1h.2,conference,unknown,,ofc2026;local_corpus,eo_polymer,ring,2,no,@local_corpus,OFC 2026 code Th1H.2 | published_on is the OFC 2026 presentation date from the conference schedule
kieninger2018a,Ultra-high electro-optic activity demonstrated in a silicon-organic hybrid modulator,Kieninger,Clemens Kieninger;Yasar Kutuvantavida;Delwin L. Elder;Stefan Wolf;Heiner Zwickel;Matthias Blaicher;Juned N. Kemal;Matthias Lauermann;Sebastian Randel;Wolfgang Freude;Larry R. Dalton;Christian Koos,2018,2017-09-19,Optica,10.1364/optica.5.000739,1709.06338,https://doi.org/10.1364/optica.5.000739,journal,open_access,arXiv-nonexclusive,landmark,eo_polymer,mzm,2,unknown,,SOH MZM with in-device n3r33 2300 pm/V; Vpi 210 mV (1.5 mm). Surfaced via web search: SOH ultra-high EO activity. Unverified: no bandwidth in abstract.
kieninger2018b,Demonstration of long-term thermally stable silicon-organic hybrid modulators at 85 °C,Kieninger,Clemens Kieninger;Yasar Kutuvantavida;Hiroki Miura;Juned N. Kemal;Heiner Zwickel;Feng Qiu;Matthias Lauermann;Wolfgang Freude;Sebastian Randel;Shiyoshi Yokoyama;Christian Koos,2018,2018-07-02,Optics Express,10.1364/oe.26.027955,1807.00774,https://doi.org/10.1364/oe.26.027955,journal,open_access,arXiv-nonexclusive,landmark,eo_polymer,mzm,2,unknown,,SOH modulators stable at 85 C storage: Vpi up 15% after 2400 h; 40 Gbit/s OOK. Surfaced via web search: SOH thermal stability 85 C. Unverified: no bandwidth in abstract.
kieninger2020,Silicon-organic hybrid (SOH) Mach-Zehnder modulators for 100 GBd PAM4 signaling with sub-1 dB phase-shifter loss,Kieninger,Clemens Kieninger;Christoph Füllner;Heiner Zwickel;Yasar Kutuvantavida;Juned N. Kemal;Carsten Eschenbaum;Delwin L. Elder;Larry R. Dalton;Wolfgang Freude;Sebastian Randel;Christian Koos,2020,2020-02-19,Optics Express,10.1364/oe.390315,2002.08176,https://doi.org/10.1364/oe.390315,journal,open_access,arXiv-nonexclusive,landmark,eo_polymer,mzm,2,unknown,,"SOH MZM: UpiL 0.41 V mm, 0.7 dB phase-shifter loss, 100 GBd PAM4. Surfaced via web search: SOH 100 GBd PAM4 sub-1 dB."
kim2021,Silicon electronic-photonic integrated 25 Gb/s ring modulator transmitter,Minkyu Kim,Minkyu Kim; Min-Hyeong Kim; Youngkwan Jo; Hyun-Kyu Kim; ...; Woo-Young Choi,2021,,"Photonics Research 9, 507",10.1364/prj.413407,,https://doi.org/10.1364/prj.413407,journal,unknown,,web_search;author_group_followup;continuation_2026_10_02,silicon_plasma_dispersion,ring,2,unknown,,Discovery only; no metric extraction. Abstract-level claim from search metadata (verify in paper): 25 Gb/s modulation stable against external temperature change.
kim2024,Compact lithium niobate plasmonic modulator,Myunghwan Kim,Myunghwan Kim; Eun Kyu Kang; Soo-Yong Jung; Won-Bae Kwon; ... Jongjin Lee,2024,,Optics Letters,10.1364/ol.512389,,https://doi.org/10.1364/ol.512389,journal,unknown,,web_search;author_group_followup;continuation_2026_10_02,lithium_niobate,other,2,unknown,,Discovery only; no metric extraction. Abstract-level claim from search metadata (verify in paper): half-wave voltage-length product V_pi*L of 0.02 V/cm (as stated; unit as given in abstract) at 1.55 um. Experimental vs simulated not confirmed; unit 'V/cm' as given in Crossref abstract.
kim2025,Low-loss monolithic barium titanate on insulator integrated photonics with intrinsic quality factor >1 million,Gwan In Kim,Gwan In Kim;Jieun Yim;Gaurav Bahl,2026,2025-07-23,"Optics Letters 51(14), 3984",10.1364/ol.601610,2507.17150,https://doi.org/10.1364/ol.601610,journal,arxiv,journal=Optica-OA-License-v2; arxiv=arXiv-nonexclusive,blog:OFS-69,barium_titanate,mzm,2,unknown,,arXiv preprint and journal/proceedings version merged into one row (doi and arxiv_id both given)
koch2020,A monolithic bipolar CMOS electronic–plasmonic high-speed transmitter,Koch,Ueli Koch;Christopher Uhl;Horst Hettrich;Yuriy Fedoryshyn;Claudia Hoessbacher;Wolfgang Heni;Benedikt Baeuerle;Bertold I. Bitachon;Arne Josten;Masafumi Ayata;Huajun Xu;Delwin L. Elder;Larry R. Dalton;Elad Mentovich;Paraskevas Bakopoulos;Stefan Lischke;Andreas Krüger;Lars Zimmermann;Dimitris Tsiokos;Nikos Pleros;Michael Möller;Juerg Leuthold,2020,2020-06-01,Nature Electronics,10.1038/s41928-020-0417-9,,https://doi.org/10.1038/s41928-020-0417-9,journal,paywalled,,landmark,eo_polymer,plasmonic_mzm,2,no,,Monolithic BiCMOS electronic-plasmonic high-speed transmitter (title). Surfaced via Crossref title search: electronic-plasmonic transmitter. Unverified: abstract not retrieved; EO polymer platform guess unverified.
kohli2023,Plasmonic Ferroelectric Modulator Monolithically Integrated on SiN for 216 GBd Data Transmission,M. Kohli,M. Kohli;D. Chelladurai;A. Messner;Y. Horst;D. Moor;J. Winiger;T. Blatter;T. Buriakova;C. Convertino;F. Eltes;M. Zervas;Y. Fedoryshyn;U. Koch;J. Leuthold,2023,2023-06-15,"Journal of Lightwave Technology 41(12), 3825-3831",10.1109/jlt.2023.3260064,,https://doi.org/10.1109/jlt.2023.3260064,journal,open_access,CC-BY-NC-ND-4.0,local_corpus,barium_titanate,plasmonic_mzm,2,no,,lead_title_mismatch: inventory title '200 Gbit/s Barium Titanate Modulator Using Weakly Guided Plasmonic Modes' differs from Crossref title for this DOI
kohli2024,256 GBd Barium-Titanate-on-SiN Mach-Zehnder Modulator,Kohli,"Kohli, Chelladurai, Kulmer, Keller, ... Leuthold",2024,,OFC 2024 (paper M3K.5),10.1364/ofc.2024.m3k.5,,https://doi.org/10.1364/ofc.2024.m3k.5,journal,unknown,,web_search;author_group_followup;continuation_2026_10_02,barium_titanate,mzm,2,unknown,,"Discovery only; no metric extraction. Abstract-level claim from search metadata (verify in paper): ""110-GHz BTO Mach-Zehnder modulator integrated on foundry-produced silicon nitride for 340 Gbit/s data links"". Conference precursor lineage of known JLT 2023 / LSA 2025 BTO-on-SiN papers; distinct device generation."
kohli2024a,Barium Titanate Racetrack Modulator on Silicon Nitride for 200 GBd Data Communication in the O-band,Kohli,"Kohli, Chelladurai, Kulmer, Messner, ... Leuthold",2024,,CLEO 2024 (paper SW4R.4),10.1364/cleo_si.2024.sw4r.4,,https://doi.org/10.1364/cleo_si.2024.sw4r.4,journal,unknown,,web_search;author_group_followup;continuation_2026_10_02,barium_titanate,ring,2,unknown,,"Discovery only; no metric extraction. Abstract-level claim from search metadata (verify in paper): ""first O-band BaTiO3-plasmonic modulator on SiN. Featuring symbol rates of up to 200 GBd, 2 dB on-chip loss, and 70 GHz bandwidth""."
kohli2025,The plasmonic BTO-on-SiN platform – beyond 200 GBd modulation for optical communications,Manuel Kohli,Manuel Kohli;Daniel Chelladurai;Laurenz Kulmer;Tobias Blatter;Yannik Horst;Killian Keller;Michael Doderer;Joel Winiger;David Moor;Andreas Messner;Tatiana Buriakova;Clarissa Convertino;Felix Eltes;Yuriy Fedoryshyn;Ueli Koch;Juerg Leuthold,2025,2025-12-16,Light: Science & Applications 14(1),10.1038/s41377-025-02116-1,,https://doi.org/10.1038/s41377-025-02116-1,journal,open_access,CC-BY-4.0,local_corpus,barium_titanate,plasmonic_mzm,2,no,@local_corpus,
kotz2025,Resistively/Capacitively-Coupled Silicon-Organic Hybrid (RCC-SOH) Mach-Zehnder Modulator Offering Line Rates Beyond 400 Gbit/s,Kotz,"Kotz, Schwarzenberger, Kholeif, Kern, ... Koos",2025,,CLEO 2025 (paper SS187_1),10.1364/cleo_si.2025.ss187_1,,https://doi.org/10.1364/cleo_si.2025.ss187_1,journal,unknown,,web_search;author_group_followup;continuation_2026_10_02,eo_polymer,ring,2,unknown,,"Discovery only; no metric extraction. Abstract-level claim from search metadata (verify in paper): ""frequency response is flat between 10 GHz and 110 GHz, allowing for pulse-amplitude modulation (PAM) at line rates beyond 400 Gbit/s""."
kotz2026,Silicon-Organic Hybrid (SOH) IQ Modulators with Sub-1 V π-Voltages Operating at 200 GBd 16QAM and 144 GBd 64QAM,A. Kotz,A. Kotz;M. Kelany;A. Schwarzenberger;H. Kholeif;C. Wilhelm;S. Singer;C. Eschenbaum;A. Mertens;M. Martens;S. Sarwar;P. Erk;A. Kuzmin;S. Bräse;S. Randel;W. Freude;C. Koos,2026,2026-03-19,"Optical Fiber Communication Conference (OFC) 2026, paper Th3J.5",10.1364/ofc.2026.th3j.5,,https://doi.org/10.1364/ofc.2026.th3j.5,conference,unknown,,ofc2026;local_corpus,eo_polymer,iq_mzm,2,no,@local_corpus,OFC 2026 code Th3J.5 | published_on is the OFC 2026 presentation date from the conference schedule
kulmer2024,Single Carrier net 400 Gbit/s IM/DD over 400 m Fiber enabled by Plasmonic Mach-Zehnder Modulator,Kulmer,"Kulmer, Blatter, Kohli, Horst, Koepfli, Leuthold",2024,,OFC 2024 (paper W4H.5),10.1364/ofc.2024.w4h.5,,https://doi.org/10.1364/ofc.2024.w4h.5,journal,unknown,,web_search;author_group_followup;continuation_2026_10_02,eo_polymer,mzm,2,unknown,,"Discovery only; no metric extraction. Abstract-level claim from search metadata (verify in paper): ""437.1Gbit/s IM/DD link by employing a 178GBd PAM8 signal encoded by a plasmonic MZM. Symbol rates of up to 256GBd and transmission over 400m while maintaining net-rates of >400Gbit/s"". Platform inferred as organic POH from group; abstract says only 'plasmonic MZM'."
kulmer2026,A Comparison of Plasmonic Modulator Structures in the O- and C-Band for the 400G/Lane IM/DD Era,Kulmer,"Kulmer, Blatter, Destraz, Hess, ... Leuthold",2026,,Journal of Lightwave Technology,10.1109/jlt.2026.3702761,,https://doi.org/10.1109/jlt.2026.3702761,journal,open_access,,web_search;author_group_followup;continuation_2026_10_02,eo_polymer,ring,2,unknown,,Discovery only; no metric extraction. Abstract-level claim from search metadata (verify in paper): Abstract not in Crossref; title-level only.
lange2017,100 GBd Intensity Modulation and Direct Detection with an InP-based Monolithic DFB Laser Mach-Zehnder Modulator,S. Lange,S. Lange;S. Wolf;J. Lutz;L. Altenhain;R. Schmid;R. Kaiser;C. Koos;S. Randel;M. Schell,2017,,Optical Fiber Communication Conference Postdeadline Papers,10.1364/ofc.2017.th5c.5,,https://doi.org/10.1364/ofc.2017.th5c.5,conference,unknown,,local_corpus,inp_mqw,mzm,2,no,,lead gave only OPG URL OFC 2017 Th5C.5; DOI resolved directly (postdeadline paper)
larocque2024,Photonic crystal cavity IQ modulators in thin-film lithium niobate for coherent communications,Hugo Larocque,Hugo Larocque; Dashiell L. P. Vitullo; Alexander Sludds; Hamed Sattari; ... Mikkel Heuck,2024,,ACS Photonics,10.1021/acsphotonics.4c01138,2312.16746,https://doi.org/10.1021/acsphotonics.4c01138,journal,arxiv,,web_search;author_group_followup;continuation_2026_10_02,lithium_niobate,iq_mzm,2,unknown,,Discovery only; no metric extraction. Abstract-level claim from search metadata (verify in paper): none retrieved. No numbers in arXiv abstract fragment; DOI from arXiv metadata.
lee2020,High-performance integrated graphene electro-optic modulator at cryogenic temperature,Lee,"Lee, Kim, Freitas, Mohanty, ... Lipson",2020,,Nanophotonics,10.1515/nanoph-2020-0363,2007.00955,https://doi.org/10.1515/nanoph-2020-0363,journal,arxiv,,web_search;author_group_followup;continuation_2026_10_02,other,eam,2,unknown,,"Discovery only; no metric extraction. Abstract-level claim from search metadata (verify in paper): ""14.7 GHz bandwidth at 4.9 K exceeds the room temperature bandwidth of 12.6 GHz ... intrinsic RC-limited bandwidth is 200 GHz at 4.9 K""."
lee2020a,Scalable graphene platform for Tbits/s data transmission,Lee,"Lee, Freitas, Gil-Molina, Shim, ... Lipson",2020,,arXiv preprint,,2011.08832,https://arxiv.org/abs/2011.08832,arxiv_preprint,arxiv,,web_search;author_group_followup;continuation_2026_10_02,other,eam,2,unknown,,"Discovery only; no metric extraction. Abstract-level claim from search metadata (verify in paper): ""32 graphene electro-absorption modulators and measure 94% yield with bit error rate below the hard-decision FEC limit at 7 Gbits/s, amounting to a total aggregated data rate of 210 Gbits/s"". Preprint; waveguide platform not stated in abstract."
li2018,Silicon intensity Mach–Zehnder modulator for single lane 100 Gb/s applications,Li,Miaofeng Li;Lei Wang;Xiang Li;Xi Xiao;Shaohua Yu,2018,2018-01-24,Photonics Research,10.1364/prj.6.000109,,https://doi.org/10.1364/prj.6.000109,journal,paywalled,,landmark,silicon_plasma_dispersion,mzm,2,no,,"Substrate-removed silicon MZM: >50 GHz, 90 GBaud NRZ, 112 Gb/s single lane. Surfaced via web search: Si MZM single-lane 100 Gb/s. Unverified: Vpi not in abstract."
li2020,Lithium niobate photonic-crystal electro-optic modulator,Li,Mingxiao Li;Jingwei Ling;Yang He;Usman A. Javid;Shixin Xue;Qiang Lin,2020,2020-02-18,Nature Communications,10.1038/s41467-020-17950-7,2003.03259,https://doi.org/10.1038/s41467-020-17950-7,journal,open_access,CC-BY-4.0,landmark,lithium_niobate,ring,2,no,,"TFLN photonic-crystal nanobeam modulator: 1.98 GHz/V tuning, 17.5 GHz bandwidth. Surfaced via web search: LN photonic-crystal modulator. Unverified: resonator device, not TWE MZM."
li2020a,A 112 Gb/s PAM4 Silicon Photonics Transmitter With Microring Modulator and CMOS Driver,Hao Li,Hao Li; Bryan Casper; Ganesh Balamurugan; Meer Sakib; ...; James Jaussi,2020,,"Journal of Lightwave Technology 38, 131",10.1109/jlt.2019.2938731,,https://doi.org/10.1109/jlt.2019.2938731,journal,unknown,,web_search;author_group_followup;continuation_2026_10_02,silicon_plasma_dispersion,ring,2,unknown,,"Discovery only; no metric extraction. Abstract-level claim from search metadata (verify in paper): 112 Gb/s PAM4; ""6 pJ/bit""; measured 30-60 C."
li2022b,High modulation efficiency and large bandwidth thin-film lithium niobate modulator for visible light,Li,Chijun Li;Bin Chen;Ziliang Ruan;Haoyuan Wu;Yujun Zhou;Jie Liu;Pengxin Chen;Kaixuan Chen;Changjian Guo;Liu Liu,2022,2022-09-21,Optics Express,10.1364/OE.469065,,https://doi.org/10.1364/OE.469065,journal,unknown,,web_search;author_group_followup,lithium_niobate,other,2,unknown,,Source-cache discovery only; no metric extraction. Scope: core_integrated_modulator. Route: chen2022 -> Kaixuan Chen/Liu Liu -> visible modulator references. Cache status: needs_retrieval. Exact cached version/rights: discovery manifest and source.json; no journal license inferred from a preprint.
li2024,Thin-Film BTO-Based MZMs for Next-Generation IMDD Transceivers Beyond 200 Gbps/λ,Weijia Li,Weijia Li;Felix Eltes;Essam Berikaa;Md Samiul Alam;Santiago Bernal;Cyriel Minkenberg;Stefan Abel;David V. Plant,2024,2024-02-01,"Journal of Lightwave Technology 42(3), 1143-1150",10.1109/jlt.2023.3339472,,https://doi.org/10.1109/jlt.2023.3339472,journal,paywalled,https://ieeexplore.ieee.org/Xplorehelp/downloads/license-information/IEEE.html,local_corpus,barium_titanate,mzm,2,unknown,,
li2024a,Low-loss and broadband complementary dual-output electro-optic modulator based on thin-film lithium niobate,Tingan Li,Tingan Li; Chenglin Shang; Xuanhao Wang; Weiqiang Lü; ... Jinsong Xia,2024,,Chinese Optics Letters,10.3788/col202422.092201,,https://doi.org/10.3788/col202422.092201,journal,unknown,,web_search;author_group_followup;continuation_2026_10_02,lithium_niobate,mzm,2,unknown,,"Discovery only; no metric extraction. Abstract-level claim from search metadata (verify in paper): 3 dB electro-optic bandwidth of 59 GHz; half-wave voltage of 2.5 V; insertion loss of the packaged modulator is 4.2 dB; common-mode rejection ratio of 18 dB, signal enhancement of 6.2 dB."
li2025,Hybrid Silicon Nitride/Lithium Niobate Electro-Optical Modulator with Wide Optical Bandwidth and High RF Bandwidth Based on Ion-Cut Wafer-Level Bonding Technology,Zhuoyun Li,Zhuoyun Li; Yang Chen; Jianmin Zhang; Pu Zhang; ... Mingbin Yu,2025,,Laser & Photonics Reviews,10.1002/lpor.202500138,,https://doi.org/10.1002/lpor.202500138,journal,unknown,,web_search;author_group_followup;continuation_2026_10_02,lithium_niobate,mzm,2,unknown,,Discovery only; no metric extraction. Abstract-level claim from search metadata (verify in paper): supports 180 Gbit/s data transmission for NRZ format and 260 Gbit/s data transmission for PAM-4 format. Vpi/bandwidth not in retrieved fragment.
li2025b,Engineering cm‐scale true push‐pull electro‐optic modulators in a suspended GaAs photonic integrated circuit platform by exploiting the orientation induced asymmetry of the Pockels r 41 coefficient,Li,Haoyang Li;Robert Thomas;Pisu Jiang;Krishna C. Balram,2025,2025-04-15,Nanophotonics,10.1515/nanoph-2025-0212,2504.10997,https://doi.org/10.1515/nanoph-2025-0212,journal,open_access,CC-BY-4.0,landmark,algaas_gaas,mzm,2,unknown,,True push-pull cm-scale MZI in suspended GaAs PIC via Pockels r41 orientation. Surfaced via web search: suspended GaAs push-pull. Unverified: no metrics in abstract.
li2025c,Integrated silicon elliptical ring modulator with ultra-high bandwidth beyond 110 GHz,Jian Li,Jian Li; Yuxiang Yin; Yihang Li; Kaihang Lu; ...; Ke Xu,2025,,"Optics Letters 50, 5857",10.1364/ol.571348,,https://doi.org/10.1364/ol.571348,journal,unknown,,web_search;author_group_followup;continuation_2026_10_02,silicon_plasma_dispersion,ring,2,unknown,,"Discovery only; no metric extraction. Abstract-level claim from search metadata (verify in paper): ""extinction ratio of 32 dB""; ""3-dB electro-optic bandwidth beyond 110 GHz""; 112 Gbaud PAM-4."
li2025d,Monolithically integrated 4 x 128 Gb/s silicon photonic transceiver for CPO,Ang Li,Ang Li; Yujun Xie; Han Liu; Minye Zhu; ...; Ming Li,2025,,"Optics Express 33, 46726",10.1364/oe.577010,,https://doi.org/10.1364/oe.577010,journal,open_access,,web_search;author_group_followup;continuation_2026_10_02,silicon_plasma_dispersion,other,2,unknown,,"Discovery only; no metric extraction. Abstract-level claim from search metadata (verify in paper): ""3.07 pJ/bit at 128 Gb/s"" total transceiver power."
li2025e,P-N dual-drive scheme enabling silicon photonics modulators operating at 200 GBaud,Ke Li,Ke Li; David Thomson; Junbo Zhu; Zhen Chen; ...; Graham Reed,2025,,"Optica 12, 841",10.1364/optica.564534,,https://doi.org/10.1364/optica.564534,journal,open_access,,web_search;author_group_followup;continuation_2026_10_02,silicon_plasma_dispersion,mzm,2,unknown,,"Discovery only; no metric extraction. Abstract-level claim from search metadata (verify in paper): ""silicon photonics transmitter can operate at 200 GBaud""; driver ""2.5 pJ/bit""."
li2025f,Measuring the Effective Electro-Optic Coefficient of Low-Temperature-Prepared Lead Zirconate Titanate Thin Films,Li,"Li, Yu, Yang, Wang, ... Qiu",2025,,Materials (MDPI),10.3390/ma18040837,,https://doi.org/10.3390/ma18040837,journal,open_access,,web_search;author_group_followup;continuation_2026_10_02,pzt,ring,2,unknown,,"Discovery only; no metric extraction. Abstract-level claim from search metadata (verify in paper): ""measured half-wave voltage (Vpi) was 4.8 V at a wavelength of 1550 nm, corresponding to an in-device EO coefficient as high as 66 pm/V""."
li2026b,300-Gb/s/λ PAM4 IM/DD Link Enabled by GeSi Electro-absorption Modulator and BU-GRU Equalization,Dan Li,Dan Li;Yevhenii Osadchuk;Armands Ostrovskis;Tianyu Jiang;Francesco Da Ros;Richard Schatz;Darko Zibar;Minkyu Kim;Peter De Heyn;Lu Zhang;Xianbin Yu;Vjaceslavs Bobrovs;Xiaodan Pang;Oskars Ozolins,2026,2026-03-18,"Optical Fiber Communication Conference (OFC) 2026, paper W2A.42",10.1364/ofc.2026.w2a.42,,https://doi.org/10.1364/ofc.2026.w2a.42,conference,unknown,,ofc2026;local_corpus,germanium_silicon_eam,eam,2,no,@local_corpus,OFC 2026 code W2A.42 | published_on is the OFC 2026 presentation date from the conference schedule
li2026c,Silicon microdisk modulator with 67 GHz bandwidth and fJ/bit power consumption,Jian Li,Jian Li; Yunhao Zhang; Bowen Zhang; Yihang Li; ...; Ke Xu,2026,,"Optics Letters 51, 4044",10.1364/ol.604314,,https://doi.org/10.1364/ol.604314,journal,unknown,,web_search;author_group_followup;continuation_2026_10_02,silicon_plasma_dispersion,ring,2,unknown,,"Discovery only; no metric extraction. Abstract-level claim from search metadata (verify in paper): ""3-dB bandwidth of 67 GHz""; up to 196 Gbps; ""1.3 fJ/bit""."
lin2025a,Giant electro-optic coefficient in single crystal barium titanate on oxide insulator based Mach-Zehnder interferometer,Lin,Hong-Lin Lin;Pragati Aashna;Yu Cao;Aaron Danner,2025,2025-05-28,arXiv,,2505.21927,https://arxiv.org/abs/2505.21927,arxiv_preprint,arxiv,arXiv-nonexclusive,landmark,barium_titanate,mzm,2,yes,,Single-crystal BTO-on-insulator MZI with record Pockels coefficient r42. Surfaced via web search: BTO-on-insulator MZI. Unverified: arXiv only; numeric r42 truncated in retrieved text. paper_id may collide with a seed A/B id (different paper); merge step must disambiguate. | id renamed from lin2025
lin2026,Record-High 90-GHz Silicon Microring Modulator with Compact RLC Modeling and 224-Gb/s PAM4 Operation toward Co-Packaged Optics Integrations,Ming-Wei Lin,Ming-Wei Lin;Ching-Wei Peng;Hsiang-Chih Kao;Pei-En Huang;Hann-Huei Tsai;Ying-Zong Juang;Ming-Chang Lee,2026,2026-03-19,"Optical Fiber Communication Conference (OFC) 2026, paper Th2A.14",10.1364/ofc.2026.th2a.14,,https://doi.org/10.1364/ofc.2026.th2a.14,conference,unknown,,ofc2026;local_corpus,silicon_plasma_dispersion,ring,2,no,@local_corpus,OFC 2026 code Th2A.14 | published_on is the OFC 2026 presentation date from the conference schedule
lin2026a,Thin-film lithium tantalate for ultraviolet integrated electro-optic modulator,Chupao Lin,Chupao Lin;Patrick Nenezic;Arno Moerman;Konstantinos Akritidis;Tom Vanackere;Simone Atzeni;Margot Niels;He Li;Valeria Bonito Oliva;Maximilien Billet;Bart Kuyken,2026,,arXiv,,2605.02758,https://arxiv.org/abs/2605.02758,arxiv_preprint,open_access,,web_search;author_group_followup,lithium_tantalate,other,2,unknown,,Source-cache discovery only; no metric extraction. Scope: core_integrated_modulator. Route: niels2026 -> Niels/Vanackere/Kuyken -> Chupao Lin. Cache status: cached. Exact cached version/rights: discovery manifest and source.json; no journal license inferred from a preprint.
lin2026b,Integrated Photonic Devices in Thin-Film Barium Titanate: Opportunities and Challenges,Lin,"Lin, Shang, Yin, Fu, ... Danner",2026,,"Applied Physics Reviews 13, 031330",10.1063/5.0325359,2609.16616,https://doi.org/10.1063/5.0325359,journal,arxiv,,web_search;author_group_followup;continuation_2026_10_02,barium_titanate,other,2,unknown,,"Discovery only; no metric extraction. Abstract-level claim from search metadata (verify in paper): No device numbers in abstract; reviews growth, orientation/domain control, passive waveguides, EO response. Review; include only if reviews are in scope."
liu2020,56 Gbps high-speed Ge electro-absorption modulator,Zhi Liu,Zhi Liu; Xiuli Li; Chaoqun Niu; Jun Zheng; ...; Buwen Cheng,2020,,"Photonics Research 8, 1648",10.1364/prj.401140,,https://doi.org/10.1364/prj.401140,journal,unknown,,web_search;author_group_followup;continuation_2026_10_02,germanium_silicon_eam,eam,2,unknown,,Discovery only; no metric extraction. Abstract-level claim from search metadata (verify in paper): 56 Gbps operation.
liu2021a,Wideband thin-film lithium niobate modulator with low half-wave-voltage length product,Liu,Xuecheng Liu;Bing Xiong;Changzheng Sun;Jian Wang;Zhibiao Hao;Lai Wang;Yanjun Han;Hongtao Li;Jiadong Yu;Yi Luo,2021,2021,Chinese Optics Letters,10.3788/COL202119.060016,,https://doi.org/10.3788/COL202119.060016,journal,unknown,,web_search;author_group_followup,lithium_niobate,other,2,unknown,,Source-cache discovery only; no metric extraction. Scope: core_integrated_modulator. Route: liu2021 -> Xuecheng Liu/Bing Xiong/Changzheng Sun -> COL. Cache status: needs_retrieval. Exact cached version/rights: discovery manifest and source.json; no journal license inferred from a preprint.
liu2021b,Low V_pi thin-film lithium niobate modulator fabricated with photolithography,Ye Liu,Ye Liu; Heng Li; Jia Liu; Su Tan; ... Weihua Guo,2021,,Optics Express,10.1364/oe.414250,,https://doi.org/10.1364/oe.414250,journal,unknown,,web_search;author_group_followup;continuation_2026_10_02,lithium_niobate,mzm,2,unknown,,Discovery only; no metric extraction. Abstract-level claim from search metadata (verify in paper): measured V_pi of 3.5 V corresponding to voltage-length product of 1.75 V·cm; 3-dB bandwidth beyond 40 GHz.
liu2022,80Gb/s NRZ Ge waveguide electro-absorption modulator,Yufei Liu,Yufei Liu; Jialiang Sun; Ruogu Song; Xinyu Li; ...; Mingbin Yu,2022,,Optics Express,10.1364/oe.462890,,https://doi.org/10.1364/oe.462890,journal,open_access,,web_search;author_group_followup;continuation_2026_10_02,germanium_silicon_eam,eam,2,unknown,,"Discovery only; no metric extraction. Abstract-level claim from search metadata (verify in paper): 3 dB EO bandwidth "">67 GHz at -3 V""; 80 Gbps NRZ at 1605 nm; static ER 7.27 -> 11.83 dB after anneal."
liu2023,Ultra-compact lithium niobate photonic chip for high-capacity and energy-efficient wavelength-division-multiplexing transmitters,Liu,Hongxuan Liu;Bingcheng Pan;Yishu Huang;Jianghao He;Ming Zhang;Zejie Yu;Liu Liu;Yaocheng Shi;Daoxin Dai,2023,2023,Light: Advanced Manufacturing,10.37188/lam.2023.013,,https://doi.org/10.37188/lam.2023.013,journal,open_access,,web_search;author_group_followup,lithium_niobate,other,2,unknown,,Source-cache discovery only; no metric extraction. Scope: core_integrated_modulator. Route: chen2022 -> Liu Liu/Daoxin Dai -> publisher article. Cache status: cached. Exact cached version/rights: discovery manifest and source.json; no journal license inferred from a preprint.
liu2023a,Silicon multi-mode micro-ring modulator for improved robustness,Jiacheng Liu,Jiacheng Liu; Jiangbing Du; Weihong Shen; Linjie Zhou; ...; Zuyuan He,2023,,Optics Letters,10.1364/ol.496944,,https://doi.org/10.1364/ol.496944,journal,unknown,,web_search;author_group_followup;continuation_2026_10_02,silicon_plasma_dispersion,ring,2,unknown,,Discovery only; no metric extraction. Abstract-level claim from search metadata (verify in paper): operation in TE1 mode mitigates optical nonlinear effects (no numbers retrieved).
liu2023b,Thermally tunable GeSi electro-absorption modulator with a wide effective operating wavelength range,Yufei Liu,Yufei Liu; Jialiang Sun; Ruogu Song; Xinyu Li; ...; Mingbin Yu,2023,,Photonics Research,10.1364/prj.488474,,https://doi.org/10.1364/prj.488474,journal,unknown,,web_search;author_group_followup;continuation_2026_10_02,silicon_plasma_dispersion,eam,2,unknown,,"Discovery only; no metric extraction. Abstract-level claim from search metadata (verify in paper): heater 4.63 mW -> ~27 K, +23.7 nm range; 80 Gbit/s NRZ, 100 Gbit/s PAM4."
liu2024,High modulation efficiency thin-film lithium niobate modulator using a three-mode folded phase shifter [Invited],Jiacheng Liu,Jiacheng Liu; Jiangbing Du; Wenjia Zhang; Ke Xu; Zuyuan He,2024,,Chinese Optics Letters,10.3788/col202422.090003,,https://doi.org/10.3788/col202422.090003,journal,unknown,,web_search;author_group_followup;continuation_2026_10_02,lithium_niobate,mzm,2,unknown,,"Discovery only; no metric extraction. Abstract-level claim from search metadata (verify in paper): 3.7-times improvement in the modulation efficiency; V_pi*L of 1 V·cm; dimensions of 2.7 mm x 0.6 mm, phase shifter 0.5 mm."
liu2024a,A 4x112 Gb/s PAM-4 Silicon-Photonic Transmitter and Receiver Chipsets for Linear-Drive Co-Packaged Optics,Han Liu,Han Liu; Zhihan Zhang; Ye Liu; Daigao Chen; ...; Nan Qi,2024,,"IEEE J. Solid-State Circuits 59, 3263",10.1109/jssc.2024.3435378,,https://doi.org/10.1109/jssc.2024.3435378,journal,unknown,,web_search;author_group_followup;continuation_2026_10_02,silicon_plasma_dispersion,mzm,2,unknown,,"Discovery only; no metric extraction. Abstract-level claim from search metadata (verify in paper): 4x112 Gb/s PAM-4; ""5 dB extinction ratio""; ""4.8 pJ/bit""."
liu2025a,High-Efficiency Lithium Niobate Electro-Optic Modulator with Barium Titanate Cladding on Quartz,Hongkang Liu,Hongkang Liu;Jianping Li;Weiqin Zheng;Zixin Chen;Jianbo Zhang;Yuwen Qin,2025,2025-02-14,"Photonics 12(2), 157",10.3390/photonics12020157,,https://doi.org/10.3390/photonics12020157,journal,open_access,CC-BY-4.0,blog:OFS-35,lithium_niobate,mzm,2,yes,,simulation only per abstract
liu2025c,Lithium Niobate Vertical Cavity Electro-Optic Modulator,Jikun Liu,Jikun Liu;Weiye Liu;Wei Wu;Ziang Guo;Changrui Zhu;Lun Qu;Pengfei Zhu;Yiting Zhang;Zhihao Chen;Qinglian Li;Dahuai Zheng;Hongde Liu;Shaowei Wang;Wei Cai;Mengxin Ren;Jingjun Xu,2025,,arXiv,,2511.02202,https://arxiv.org/abs/2511.02202,arxiv_preprint,open_access,,web_search;author_group_followup,lithium_niobate,other,2,unknown,,Source-cache discovery only; no metric extraction. Scope: auxiliary_free_space_modulator. Route: topic search -> LN resonant/vertical-cavity devices; auxiliary free-space scope. Cache status: cached. Exact cached version/rights: discovery manifest and source.json; no journal license inferred from a preprint.
liu2025d,Synergistic Antenna-Modulator Integration for Monolithic Photonic RF Receiver,Changlin Liu,Changlin Liu; Yongtao Du; Xihua Zou; Fang Zou; ... Jianping Yao,2025,,arXiv preprint,,2511.06825,https://arxiv.org/abs/2511.06825,arxiv_preprint,arxiv,,web_search;author_group_followup;continuation_2026_10_02,lithium_niobate,other,2,unknown,,Discovery only; no metric extraction. Abstract-level claim from search metadata (verify in paper): record-high figure of merit (FOM) of 3.88 W^(-1/2) within a compact footprint of 2*1.7 mm^2; 3.2 Gbps (fragment).
liu2026a,A 280 Gbps Optical Transceiver with Monolithically Integrated 110 GHz Silicon Microring Modulators and 110 GHz Germanium Photodetectors,Xingyu Liu,Xingyu Liu;Xu Wang;Fangchen Hu;Zixuan Cai;Wei Chu;Haibin Zhao;Haiwen Cai;Fengxin Yu;Xiao Hu,2026,2026-03-16,"Optical Fiber Communication Conference (OFC) 2026, paper M2B.2",10.1364/ofc.2026.m2b.2,,https://doi.org/10.1364/ofc.2026.m2b.2,conference,unknown,,ofc2026;local_corpus,silicon_plasma_dispersion,ring,2,no,@local_corpus,OFC 2026 code M2B.2 | published_on is the OFC 2026 presentation date from the conference schedule
liu2026d,Visible and Near-Infrared Thin-Film Lithium Niobate Modulators with Thermo-Optic Bias,Liu,Tianyi Liu;Engjell Bebeti;John N. Straguzzi;Joyce K. S. Poon;Wesley D. Sacher,2026,2026-06-26,ACS Photonics,10.1021/acsphotonics.6c00668,,https://doi.org/10.1021/acsphotonics.6c00668,journal,unknown,,web_search;author_group_followup,lithium_niobate,other,2,unknown,,Source-cache discovery only; no metric extraction. Scope: core_integrated_modulator. Route: Visible modulator topic -> Tianyi Liu / Max Planck / Toronto. Cache status: needs_retrieval. Exact cached version/rights: discovery manifest and source.json; no journal license inferred from a preprint.
lotkov2024,Integrated Electro-Optic Absorption Modulator for Silicon Nitride Platform,Lotkov,"Lotkov, Baburin, Amiraslanov, Chubchev, ... Rodionov",2024,,arXiv preprint,,2412.19306,https://arxiv.org/abs/2412.19306,arxiv_preprint,arxiv,,web_search;author_group_followup;continuation_2026_10_02,other,eam,2,unknown,,"Discovery only; no metric extraction. Abstract-level claim from search metadata (verify in paper): ""insertion losses of 5.7 dB and bandwidth of about 1 GHz are shown for 300 nm-thickness SiN waveguide platform with 9.3-um-length hybrid waveguide"". Preprint."
lu2020,High-temperature-resistant silicon-polymer hybrid modulator operating at up to 200 Gbit s−1 for energy-efficient datacentres and harsh-environment applications,Lu,Guo-Wei Lu;Jianxun Hong;Feng Qiu;Andrew M. Spring;Tsubasa Kashino;Juro Oshima;Masa-aki Ozawa;Hideyuki Nawata;Shiyoshi Yokoyama,2020,2020-08-24,Nature Communications,10.1038/s41467-020-18005-7,,https://doi.org/10.1038/s41467-020-18005-7,journal,open_access,,web_search;author_group_followup,eo_polymer,other,2,unknown,,Source-cache discovery only; no metric extraction. Scope: core_integrated_modulator. Route: Kieninger/SOH -> Yokoyama/Qiu -> primary publisher. Cache status: cached. Exact cached version/rights: discovery manifest and source.json; no journal license inferred from a preprint.
lu2025,Whispering Gallery Mode Enhanced Broadband and High-Speed Silicon Microring Modulator,Kaihang Lu,Kaihang Lu; Hao Chen; Wu Zhou; Hon Ki Tsang; Yeyu Tong,2025,,Journal of Lightwave Technology,10.1109/jlt.2025.3587919,,https://doi.org/10.1109/jlt.2025.3587919,journal,unknown,,web_search;author_group_followup;continuation_2026_10_02,silicon_plasma_dispersion,ring,2,unknown,,"Discovery only; no metric extraction. Abstract-level claim from search metadata (verify in paper): ""4.5 THz"" FSR; EO bandwidth "">110 GHz""; ""256 Gbps"" single lane."
luan2026,High-Efficiency Graphene-Silicon Slot-Waveguide Microring Modulator at 1.5 and 2 um Wavelength Bands,Chao Luan,Chao Luan; Deming Kong; Yong Liu; Yunhong Ding; Hao Hu,2026,,Laser & Photonics Reviews (arXiv 2026-04),10.1002/lpor.71349,2604.08472,https://doi.org/10.1002/lpor.71349,journal,arxiv,,web_search;author_group_followup;continuation_2026_10_02,other,ring,2,unknown,,"Discovery only; no metric extraction. Abstract-level claim from search metadata (verify in paper): ""V_pi L = 220 V.um""; ""over 70 GHz"" bandwidth at 1550 nm; 50 Gbit/s open eyes. DOI from Crossref title/author match; arXiv version assumed same work"
luan2026a,Wideband integrated high-speed graphene-silicon slot-waveguide electro-absorption modulator at 2 um and 1.5 um wavebands,Chao Luan,Chao Luan; Deming Kong; Yunhong Ding; Hao Hu,2026,,arXiv preprint,,2604.03153,https://arxiv.org/abs/2604.03153,arxiv_preprint,arxiv,,web_search;author_group_followup;continuation_2026_10_02,other,eam,2,unknown,,Discovery only; no metric extraction. Abstract-level claim from search metadata (verify in paper): high-speed efficient compact graphene-silicon EAM (no numbers retrieved).
mao2022a,Efficient silicon and side-cladding waveguide modulator with electro-optic polymer,Mao,"Mao, Sato, Bannaron, Hong, ... Yokoyama",2022,,Optics Express,10.1364/oe.447616,,https://doi.org/10.1364/oe.447616,journal,open_access,,web_search;author_group_followup;continuation_2026_10_02,eo_polymer,mzm,2,unknown,,"Discovery only; no metric extraction. Abstract-level claim from search metadata (verify in paper): ""measured half-wave-voltage length product (VpiL) is 1.9 V*cm"" (TE, 1550 nm); ""on-off-keying transmission at signal rates up to 52 Gbit/s with a Q factor of 6.1 at a drive voltage of 2.0 Vpp""."
mao2024,Ultra-fast perovskite electro-optic modulator and multi-band transmission up to 300 Gbit s−1,Mao,Jiawei Mao;Futa Uemura;Sahar Alasvand Yazdani;Yuexin Yin;Hiromu Sato;Guo-Wei Lu;Shiyoshi Yokoyama,2024,2024-07-01,Communications Materials,10.1038/s43246-024-00558-5,,https://doi.org/10.1038/s43246-024-00558-5,journal,open_access,CC-BY-4.0,landmark,plzt,other,2,unknown,,"Lanthanum-modified PZT waveguide modulator: 172 Gbit/s OOK, 304 Gbit/s PAM4. Surfaced via web search: perovskite EO modulator 300 Gbit/s. Unverified: platform is PLZT per abstract, not BTO."
mastronardi2018,High-speed Si/GeSi hetero-structure Electro Absorption Modulator,Mastronardi,L. Mastronardi;M. Banakar;A.Z. Khokhar;N. Hattasan;T. Rutirawut;T. Domínguez Bucio;K. M. Grabska;C. Littlejohns;A. Bazin;G. Mashanovich;F.Y. Gardes,2018,2018-03-05,Optics Express,10.1364/oe.26.006663,,https://doi.org/10.1364/oe.26.006663,journal,open_access,CC-BY-4.0,landmark,germanium_silicon_eam,eam,2,no,,"Compact Si/GeSi EAM: 56 GHz bandwidth, 56 Gb/s, 44 fJ/bit. Surfaced via web search: Si/GeSi EAM."
mercante2018,Thin film lithium niobate electro-optic modulator with terahertz operating bandwidth,Mercante,Andrew J. Mercante;Shouyuan Shi;Peng Yao;Linli Xie;Robert M. Weikle;Dennis W. Prather,2018,2018-05-25,Optics Express,10.1364/oe.26.014810,,https://doi.org/10.1364/oe.26.014810,journal,open_access,Optica-OA-License,landmark,lithium_niobate,mzm,2,unknown,,Early TFLN modulator with terahertz-class operating bandwidth (title). Surfaced via TFLN review citation chain. Unverified: only a fragment of abstract retrieved; no numbers verified.
mere2023,Improved fabrication of scalable hybrid silicon nitride-thin-film lithium niobate electro-optic modulators,Viphretuo Mere,Viphretuo Mere; Forrest Valdez; Shayan Mookherjea,2023,,J. Opt. Soc. Am. B,10.1364/josab.481915,,https://doi.org/10.1364/josab.481915,journal,unknown,,web_search;author_group_followup;continuation_2026_10_02,lithium_niobate,mzm,2,unknown,,Discovery only; no metric extraction. Abstract-level claim from search metadata (verify in paper): greater than 99% reduction in void density (outgassing channels). Process paper; no Vpi/bandwidth in fragment.
messner2019,Plasmonic Ferroelectric Modulators,Andreas Messner,Andreas Messner;Felix Eltes;Ping Ma;Stefan Abel;Benedikt Baeuerle;Arne Josten;Wolfgang Heni;Daniele Caimi;Jean Fompeyrine;Juerg Leuthold,2019,2019-01-15,"Journal of Lightwave Technology 37(2), 281-290",10.1109/jlt.2018.2881332,1911.00073,https://doi.org/10.1109/jlt.2018.2881332,journal,arxiv,journal=https://ieeexplore.ieee.org/Xplorehelp/downloads/license-information/OAPA.html; arxiv=CC-BY-4.0,drive_doc,other,plasmonic_mzm,2,no,,"arXiv preprint and journal/proceedings version merged into one row (doi and arxiv_id both given) | ferroelectric material not named in DataCite arXiv abstract; platform other until full text is read; lead had journal/volume/page only (JLT 37(2) 281), matched on exact title and volume/issue/page"
messner2020,100 Gbit/s NRZ Data Modulation in Plasmonic Racetrack Modulators on the Silicon Photonic Platform,Messner,"Messner, Baeuerle, Heni, de Leo, Leuthold",2020,,ECOC 2020,10.1109/ecoc48923.2020.9333272,,https://doi.org/10.1109/ecoc48923.2020.9333272,journal,unknown,,web_search;author_group_followup;continuation_2026_10_02,eo_polymer,ring,2,unknown,,Discovery only; no metric extraction. Abstract-level claim from search metadata (verify in paper): Title: 100 Gbit/s NRZ.
mohammadi2023,Segmented Silicon Modulator With a Bandwidth Beyond 67 GHz for High-Speed Signaling,Abdolkhalegh Mohammadi,Abdolkhalegh Mohammadi; Zibo Zheng; Xiaoguang Zhang; Leslie Ann Rusch; Wei Shi,2023,,"Journal of Lightwave Technology 41, 5059",10.1109/jlt.2023.3250112,,https://doi.org/10.1109/jlt.2023.3250112,journal,unknown,,web_search;author_group_followup;continuation_2026_10_02,silicon_plasma_dispersion,mzm,2,unknown,,"Discovery only; no metric extraction. Abstract-level claim from search metadata (verify in paper): EO bandwidth ""exceeding 67 GHz""; 5 V switching voltage; 120 Gbaud 8-ASK, 336.4 Gb/s net."
mohl2025,Bidirectional microwave-optical conversion with an integrated soft-ferroelectric barium titanate transducer,Möhl,"Möhl, Riedhauser, Glantschnig, Caimi, ... Seidler",2025,,Physical Review X,10.1103/1gvf-w6lx,2501.09728,https://doi.org/10.1103/1gvf-w6lx,journal,arxiv,,web_search;author_group_followup;continuation_2026_10_02,barium_titanate,other,2,unknown,,"Discovery only; no metric extraction. Abstract-level claim from search metadata (verify in paper): ""bidirectional microwave-optical transduction and reach total off-chip efficiencies of 1x10^-6 using pulsed pumping""."
montifiore2026,Blue to near-IR integrated PZT silicon nitride modulators for quantum and atomic applications,Nick Montifiore,Nick Montifiore;Andrei Isichenko;Nitesh Chauhan;Jiawei Wang;Andrew S. Hunter;Mark W. Harrington;Rahul Chawlani;Ryan Q. Rudy;Iain Kierzewski;Michael Pushkarsky;Daniel J. Blumenthal,2026,2026-01-22,"Optics Express 34(9), 17295",10.1364/oe.588566,2601.15695,https://doi.org/10.1364/oe.588566,journal,arxiv,journal=Optica-OA-License-v2; arxiv=CC-BY-4.0,blog:OFS-83,pzt,other,2,no,,arXiv preprint and journal/proceedings version merged into one row (doi and arxiv_id both given)
moor2021,>150 GHz Hybrid-Plasmonic BaTiO3-On-SOI Modulator for CMOS Foundry Integration,David Moor,David Moor;Joel Winiger;Ping Ma;Andreas Messner;Bertold Ian Bitachon;Stefan Abel;Felix Eltes;Jean Fompeyrine;Juerg Leuthold,2021,,Frontiers in Optics + Laser Science 2021,10.1364/fio.2021.fth4d.2,,https://doi.org/10.1364/fio.2021.fth4d.2,conference,unknown,,local_corpus,barium_titanate,phase_shifter,2,no,,lead_title_mismatch: inventory title 'High-speed hybrid plasmonic BTO modulator' differs from Crossref title for this DOI
moynihan2024,Micro-transfer printed high-speed InP-based electro-absorption modulator on silicon-on-insulator,Moynihan,"Moynihan, Ghosh, Chugh, Thomas, ... Corbett",2024,,"Applied Physics Letters 125, 051102",10.1063/5.0221129,,https://doi.org/10.1063/5.0221129,journal,open_access,,web_search;author_group_followup;continuation_2026_10_02,inp_mqw,eam,2,unknown,,"Discovery only; no metric extraction. Abstract-level claim from search metadata (verify in paper): ""electrical bandwidth of up to 40 GHz, an extinction ratio (ER) of 30 dB from 0 to -6 V, and an insertion loss of 6.5 dB ... Open-eye diagrams ... up to 50 Gbps""."
multani2025,Integrated sub-terahertz cavity electro-optic transduction,Kevin K. S. Multani,Kevin K. S. Multani; Jason F. Herrmann; Emilio A. Nanni; Amir H. Safavi-Naeini,2025,,arXiv preprint,,2504.01920,https://arxiv.org/abs/2504.01920,arxiv_preprint,arxiv,,web_search;author_group_followup;continuation_2026_10_02,lithium_niobate,ring,2,unknown,,Discovery only; no metric extraction. Abstract-level claim from search metadata (verify in paper): maximum photon transduction efficiency of eta_OE ~ 0.82e-6 at 107 GHz.
navarro2026,Cryogenic Graphene-Based Phase Modulators for Quantum Information Processing,Barboza Navarro,"Barboza Navarro, Volpato, Cadore, de Assis",2026,,arXiv preprint,,2605.00112,https://arxiv.org/abs/2605.00112,arxiv_preprint,arxiv,,web_search;author_group_followup;continuation_2026_10_02,other,phase_shifter,2,unknown,,"Discovery only; no metric extraction. Abstract-level claim from search metadata (verify in paper): ""insertion losses below 0.3 dB and modulation lengths below 50 um at 10 K, while maintaining GHz-scale bandwidths"" (theoretical). Theory-only."
nelan2022,Ultra-high extinction dual-output thin-film lithium niobate intensity modulator,Sean Nelan,Sean Nelan; Andrew Mercante; Shouyuan Shi; Peng Yao; Dennis W. Prather,2022,,arXiv preprint,,2207.02608,https://arxiv.org/abs/2207.02608,arxiv_preprint,arxiv,,web_search;author_group_followup;continuation_2026_10_02,lithium_niobate,mzm,2,unknown,,Discovery only; no metric extraction. Abstract-level claim from search metadata (verify in paper): fiber-to-fiber loss of roughly 12 dB; DC half wave voltage (V_pi) of less than 3.0 V; modulation efficiency (V_pi*L) of 3.3 V·cm; 3 dB bandwidth of roughly 30 GHz; power extinction ratio over 45 dB.
nelan2022a,Integrated Lithium Niobate Intensity Modulator on a Silicon Handle With Slow-Wave Electrodes,Sean Nelan,Sean Nelan; Andrew Mercante; Shouyuan Shi; Peng Yao; Dennis W. Prather,2022,,IEEE Photonics Technology Letters,10.1109/lpt.2022.3197085,2207.02934,https://doi.org/10.1109/lpt.2022.3197085,journal,arxiv,,web_search;author_group_followup;continuation_2026_10_02,lithium_niobate,mzm,2,unknown,,Discovery only; no metric extraction. Abstract-level claim from search metadata (verify in paper): DC half wave voltage of 3.75 V; extinction ratio of roughly 45 dB; fiber-to-fiber insertion loss of 7.47 dB; 95 GHz 3 dB bandwidth.
nenezic2026,"A variability-aware simulation and design workflow for wafer-scale, heterogeneously integrated lithium niobate modulators",Patrick Nenezic,Patrick Nenezic;Ewoud Vissers;Arno Moerman;Laurens Bogaert;Maximilien Billet;Xiujun Zheng;Tom Vanackere;Margot Niels;Athina Papadopoulou;Sarah Uvin;Peter De Heyn;Sandeep Saseendran;Simone Atzeni;Bart Kuyken,2026,2026-05-27,arXiv,,2605.28765,https://arxiv.org/abs/2605.28765,arxiv_preprint,arxiv,CC-BY-NC-SA-4.0,drive_doc;tmp_eo_md;local_corpus,lithium_niobate,mzm,2,yes,@local_corpus,arXiv only; no journal version found by exact-title Crossref search | simulation and design workflow paper
nguyen2022,1 GHz electro-optical silicon-germanium modulator in the 5-9 um wavelength range,Thi Hao Nhi Nguyen,Thi Hao Nhi Nguyen; Natnicha Koompai; Victor Turpaud; Miguel Montesinos-Ballester; ...; Delphine Marris-Morini,2022,,Optics Express,10.1364/oe.476164,,https://doi.org/10.1364/oe.476164,journal,open_access,,web_search;author_group_followup;continuation_2026_10_02,germanium_silicon_eam,eam,2,unknown,,Discovery only; no metric extraction. Abstract-level claim from search metadata (verify in paper): 1 GHz modulation at 5-9 um.
niels2025,High-Speed Lithium Tantalate-Based Silicon Photonic Modulators,Margot Niels,Margot Niels;Tom Vanackere;Ewoud Vissers;Tingting Zhai;Patrick Nenezic;Jakob Declercq;Cédric Bruynsteen;Shengpu Niu;Arno Moerman;Olivier Caytan;Nishant Singh;Sam Lemey;Xin Yin;Sofie Janssen;Peter Verheyen;Neha Singh;Dieter Bode;Martin Davi;Filippo Ferraro;Philippe Absil;Sadhishkumar Balakrishnan;Joris Van Campenhout;Günther Roelkens;Bart Kuyken;Maximilien Billet,2025,2025-06-23,2025 Conference on Lasers and Electro-Optics Europe &amp; European Quantum Electronics Conference (CLEO/Europe-EQEC),10.1109/cleo/europe-eqec65582.2025.11111408,,https://doi.org/10.1109/cleo/europe-eqec65582.2025.11111408,conference,paywalled,https://doi.org/10.15223/policy-029;https://doi.org/10.15223/policy-037,local_corpus,lithium_tantalate,mzm,2,unknown,@local_corpus,CLEO/Europe-EQEC 2025 summary; separate row from the arXiv 2503.10557 / Nature Photonics paper (different title)
niels2025a,Centimetre-Scale Micro-Transfer Printing to enable Heterogeneous Integration of Thin Film Lithium Niobate with Silicon Photonics,Margot Niels,Margot Niels; Tom Vanackere; Tom Vandekerckhove; Stijn Poelman; ... Bart Kuyken,2025,,Optical Materials Express,,2412.15157,https://arxiv.org/abs/2412.15157,journal,arxiv,,web_search;author_group_followup;continuation_2026_10_02,lithium_niobate,mzm,2,unknown,,"Discovery only; no metric extraction. Abstract-level claim from search metadata (verify in paper): propagation losses of approximately 0.9 dB/cm; 1.8 dB per facet; V_pi of 3.2 V; up to 35 GHz. journal_ref Opt. Mater. Express 15, 531-540 (2025); DOI not retrieved."
oe2026,Differential Drive EML with Tandem Modulator Structure for 200G/Lane and Beyond Applications,Hideki Oe,Hideki Oe;Kyohei Maekawa;Kenta Sugawara;Masahiro Honda;Kosuke Saito;Fumihiro Nakajima;Takamitsu Kitamura;Tohma Watanabe;Kazuki Torii;Hirohiko Kobayashi;Kan Takada;Daisei Shoji,2026,2026-03-17,"Optical Fiber Communication Conference (OFC) 2026, paper Tu3J.4",10.1364/ofc.2026.tu3j.4,,https://doi.org/10.1364/ofc.2026.tu3j.4,conference,unknown,,ofc2026;local_corpus,inp_mqw,eam,2,no,@local_corpus,OFC 2026 code Tu3J.4 | published_on is the OFC 2026 presentation date from the conference schedule
ogiso2014,[011] waveguide stripe direction n‐i‐p‐n heterostructure InP optical modulator,Y. Ogiso,Y. Ogiso;Y. Ohiso;Y. Shibata;M. Kohtoku,2014,,"Electronics Letters 50(9), 688-690",10.1049/el.2014.0430,,https://doi.org/10.1049/el.2014.0430,journal,paywalled,http://onlinelibrary.wiley.com/termsAndConditions#vor,local_corpus,inp_mqw,phase_shifter,2,no,@local_corpus,
ogiso2019,Ultra-High Bandwidth InP IQ Modulator for Beyond 100-GBd transmission,Y. Ogiso,Y. Ogiso;J. Ozaki;Y. Ueda;H. Wakita;M. Nagatani;H. Yamazaki;M. Nakamura;T. Kobayashi;S. Kanazawa;T. Fujii;Y. Hashizume;H. Tanobe;N. Nunoya;M. Ida;Y. Miyamoto;M. Ishikawa,2019,,Optical Fiber Communication Conference (OFC) 2019,10.1364/ofc.2019.m2f.2,,https://doi.org/10.1364/ofc.2019.m2f.2,conference,unknown,,local_corpus,inp_mqw,iq_mzm,2,no,,
ogiso2025,Uncooled O-band InP MZ Modulator PIC for 3.2 Tb/s (400 Gb/s/lane) Pluggable Transceiver,Yoshihiro Ogiso,Yoshihiro Ogiso;Josuke Ozaki;Kenta Sugiura;Hiroshi Yamazaki;Hiroki Taniguchi;Shigeru Kanazawa;Masanori Nakamura;Yutaka Miyamoto;Mitsuteru Ishikawa;Akimasa Kaneko,2025,,Optical Fiber Communication Conference (OFC) Postdeadline Papers 2025,10.1364/ofc.2025.th4d.1,,https://doi.org/10.1364/ofc.2025.th4d.1,conference,unknown,,local_corpus,inp_mqw,mzm,2,no,@local_corpus,Crossref lists this under OFC 2025 (postdeadline per local notes)
ohata2023,A 224 Gb/s EML Sub-Assembly With Electro Optical Bandwidth of 60 GHz for 800GbE Applications,Ohata,"Ohata, Suzuki, Uchiyama, Shirao, Aruga",2023,,IEEE Photonics Technology Letters,10.1109/lpt.2022.3233715,,https://doi.org/10.1109/lpt.2022.3233715,journal,unknown,,web_search;author_group_followup;continuation_2026_10_02,inp_mqw,other,2,unknown,,"Discovery only; no metric extraction. Abstract-level claim from search metadata (verify in paper): Title: 224 Gb/s, 60 GHz EO bandwidth."
okuda2026,360 Gbps PAM4 Differentially Driven EML with 100 GHz 3-dB Bandwidth Dual Series-Connected EAMs for Next-Generation 3.2 Tbps Data Center Transceivers,Shinya Okuda,Shinya Okuda;Yohei Hokama;Kenichi Terao;Shunto Katsumi;Takaya Morikawa;Toshiya Tsuji;Chikara Watatani;Yoshimichi Morita;Masaaki Shimada;Takuma Fujita;Asami Uchiyama;Mizuki Shirao;Kyosuke Kuramoto;Eitaro Ishimura;Akihito Ono,2026,2026-03-17,"Optical Fiber Communication Conference (OFC) 2026, paper Tu3J.5",10.1364/ofc.2026.tu3j.5,,https://doi.org/10.1364/ofc.2026.tu3j.5,conference,unknown,,ofc2026;local_corpus,inp_mqw,eam,2,no,@local_corpus,OFC 2026 code Tu3J.5 | published_on is the OFC 2026 presentation date from the conference schedule
ortmann2019,Ultra-Low-Power Tuning in Hybrid Barium Titanate–Silicon Nitride Electro-optic Devices on Silicon,Ortmann,J. Elliott Ortmann;Felix Eltes;Daniele Caimi;Norbert Meier;Alexander A. Demkov;Lukas Czornomaz;Jean Fompeyrine;Stefan Abel,2019,2019-10-02,ACS Photonics,10.1021/acsphotonics.9b00558,1912.11081,https://doi.org/10.1021/acsphotonics.9b00558,journal,arxiv,arXiv-nonexclusive,landmark,barium_titanate,phase_shifter,2,no,,Hybrid BTO-SiN ultra-low-power Pockels index tuning on silicon. Surfaced via web search: hybrid BTO-SiN. Unverified: tuning devices; not high-speed modulation.
ostrovskis2025,High-speed silicon photonics ring-resonator modulators for optical-amplification-free links,Armands Ostrovskis,Armands Ostrovskis; Toms Salgals; Michael Koenigsmann; Aleksandrs Marinins; ...; Oskars Ozolins,2025,,"Optics Express 33, 36758",10.1364/oe.570067,,https://doi.org/10.1364/oe.570067,journal,open_access,,web_search;author_group_followup;continuation_2026_10_02,silicon_plasma_dispersion,ring,2,unknown,,"Discovery only; no metric extraction. Abstract-level claim from search metadata (verify in paper): ""up to 245 Gbps OOK and 280 Gbps PAM4"" optical-amplification-free."
ostrovskis2025a,Heterogeneously Integrated InP Electro-Absorption Modulator for Beyond 300 Gb/s Optical Links,Ostrovskis,"Ostrovskis, Szczerba, Salgals, Norberg, ... Ozolins",2025,,"Journal of Lightwave Technology 43(4), 1826",10.1109/jlt.2025.3526822,,https://doi.org/10.1109/jlt.2025.3526822,journal,unknown,,web_search;author_group_followup;continuation_2026_10_02,inp_mqw,eam,2,unknown,,"Discovery only; no metric extraction. Abstract-level claim from search metadata (verify in paper): ""up to 256 Gb/s on-off keying, 340 Gb/s 4-level pulse amplitude modulation, 375 Gb/s 6-level ... 360 Gb/s 8-level"" over 500 m and 6 km SMF (from DiVA/web abstract, not Crossref). Conference precursor: OFC 2024 Th4C.8, 10.1364/ofc.2024.th4c.8 (256 Gbaud OOK, 170 Gbaud PAM4, 150 Gbaud PAM6, 120 Gbaud PAM8 over 500 m SMF)."
ostrovskis2026,System-Level Characterization of High-Speed Silicon Photonics Travelling Wave Mach-Zehnder Modulators,Armands Ostrovskis,Armands Ostrovskis; Darja Cirjulina; Toms Salgals; Minkyu Kim; ...; Oskars Ozolins,2026,,"Journal of Lightwave Technology 44, 6450",10.1109/jlt.2026.3701122,,https://doi.org/10.1109/jlt.2026.3701122,journal,open_access,,web_search;author_group_followup;continuation_2026_10_02,silicon_plasma_dispersion,mzm,2,unknown,,"Discovery only; no metric extraction. Abstract-level claim from search metadata (verify in paper): amplification-free 256 Gbaud (241 Gb/s OOK, 291 Gb/s PAM4) over 100 m SMF."
ozaki2020,500-Gb/s/λ Operation of Ultra-Low Power and Low-Temperature-Dependence InP-Based High-Bandwidth Coherent Driver Modulator,Ozaki,Josuke Ozaki;Yoshihiro Ogiso;Teruo Jyo;Yasuaki Hashizume;Shigeru Kanazawa;Yuta Ueda;Munehiko Nagatani;Hiroshi Yamazaki;Hiromasa Tanobe;Mitsuteru Ishikawa,2020,2020-09-15,Journal of Lightwave Technology,10.1109/jlt.2020.2998466,,https://doi.org/10.1109/jlt.2020.2998466,journal,open_access,CC-BY-4.0,landmark,inp_mqw,iq_mzm,2,no,,"InP-based coherent driver modulator with ultra-low-power CMOS driver, 80 Gbaud 16QAM. Surfaced via web search: 500 Gb/s/lambda InP driver modulator. Unverified: bandwidth number garbled in retrieved abstract."
ozaki2022,Coherent Driver Modulator With Flexible Printed Circuit RF Interface for 128-Gbaud Operations,Ozaki,"Ozaki, Ogiso, Hashizume, Yamazaki, ... Ishikawa",2022,,IEEE Photonics Technology Letters,10.1109/lpt.2022.3212678,,https://doi.org/10.1109/lpt.2022.3212678,journal,open_access,,web_search;author_group_followup;continuation_2026_10_02,inp_mqw,iq_mzm,2,unknown,,Discovery only; no metric extraction. Abstract-level claim from search metadata (verify in paper): Title: 128-Gbaud operation.
ozaki2023,Over-85-GHz-Bandwidth InP-Based Coherent Driver Modulator Capable of 1-Tb/s/λ-Class Operation,Josuke Ozaki,Josuke Ozaki;Yoshihiro Ogiso;Yasuaki Hashizume;Hiroshi Yamazaki;Kazuya Nagashima;Nobuhiro Nunoya;Mitsuteru Ishikawa,2023,2023-06-01,"Journal of Lightwave Technology 41(11), 3290-3296",10.1109/jlt.2023.3236962,,https://doi.org/10.1109/jlt.2023.3236962,journal,open_access,CC-BY-4.0,landmark;local_corpus,inp_mqw,iq_mzm,2,no,,"matched by description (JLT 2023, over-85-GHz InP coherent driver modulator) from local notes; the IEEE arnumber 10017358 in the notes was not verified | also in candidates_landmark"
ozaki2024,Net-1.8 Tbps/λ Transmission Enabled by C+L-band InP-based Coherent Driver Modulator,Josuke Ozaki,Josuke Ozaki;Yoshihiro Ogiso;Hiroshi Yamazaki;Masanori Nakamura;Kenta Sugiura;Kazuya Nagashima;Yasuaki Hashizume;Nobuhiro Nunoya;Yutaka Miyamoto;Mitsuteru Ishikawa,2024,,Optical Fiber Communication Conference (OFC) 2024,10.1364/ofc.2024.w3a.1,,https://doi.org/10.1364/ofc.2024.w3a.1,conference,unknown,,local_corpus,inp_mqw,iq_mzm,2,no,@local_corpus,possible extended journal version (title differs): doi 10.1109/jlt.2024.3453510
ozaki2024a,Oscillation Suppression of EO Response in Coherent Driver Modulator for Over 160 Gbaud Operation,Ozaki,"Ozaki, Ogiso, Yamazaki, Hashizume, ... Nunoya",2024,,IEEE Photonics Technology Letters,10.1109/lpt.2023.3339960,,https://doi.org/10.1109/lpt.2023.3339960,journal,unknown,,web_search;author_group_followup;continuation_2026_10_02,inp_mqw,iq_mzm,2,unknown,,Discovery only; no metric extraction. Abstract-level claim from search metadata (verify in paper): Title: over 160 Gbaud.
pan2022,Compact electro-optic modulator on lithium niobate,Bingcheng Pan,Bingcheng Pan; Hongyuan Cao; Yishu Huang; Zong Wang; ... Daoxin Dai,2022,,Photonics Research,10.1364/prj.449172,,https://doi.org/10.1364/prj.449172,journal,unknown,,web_search;author_group_followup;continuation_2026_10_02,lithium_niobate,mzm,2,unknown,,Discovery only; no metric extraction. Abstract-level claim from search metadata (verify in paper): low excess loss of ~0.9 dB; high extinction ratio of ~21 dB; compact footprint of ~2120 um^2; 40 Gbps OOK and 80 Gbps PAM4.
pan2022a,Ultra-compact lithium niobate microcavity electro-optic modulator beyond 110 GHz,Bingcheng Pan,Bing-Cheng Pan; Hong-Xuan Liu; Hao-Chen Xu; Yi-Shu Huang; Huan Li; ...,2022,,Chip,10.1016/j.chip.2022.100029,,https://doi.org/10.1016/j.chip.2022.100029,journal,unknown,,web_search;author_group_followup;continuation_2026_10_02,lithium_niobate,ring,2,unknown,,Discovery only; no metric extraction. Abstract-level claim from search metadata (verify in paper): title-level claim: beyond 110 GHz (abstract not retrieved). Abstract numbers not retrieved.
park2026,Nonlinear Electro-Optic Visible Photonic Circuits for Solid-State Quantum Defects,Yongchan Park,Yongchan Park; Yong Soo Lee; Hansol Kim; Jaepil Park; ... Hyounghan Kwon,2026,,arXiv preprint,,2603.21751,https://arxiv.org/abs/2603.21751,arxiv_preprint,arxiv,,web_search;author_group_followup;continuation_2026_10_02,lithium_niobate,other,2,unknown,,Discovery only; no metric extraction. Abstract-level claim from search metadata (verify in paper): off-chip green-light power exceeding 1 mW with an extinction ratio (ER) of 42.2 dB. Platform inferred from search-result match on 'thin-film lithium niobate'; confirm in body.
picavet2024,Integration Of Solution‐Processed BaTiO3 Thin Films with High Pockels Coefficient on Photonic Platforms,Ewout Picavet,Ewout Picavet;Enes Lievens;Kobe De Geest;Hannes Rijckaert;Edgar Gutierrez Fernandez;Oier Bikondoa;Eduardo Solano;Petriina Paturi;Nishant Singh;Tinus Pannier;Jiayi Liu;Xin Yin;Dries Van Thourhout;Jeroen Beeckman;Klaartje De Buysser,2024,2024-05-25,Advanced Functional Materials 34(37),10.1002/adfm.202403024,,https://doi.org/10.1002/adfm.202403024,journal,paywalled,http://onlinelibrary.wiley.com/termsAndConditions#vor,local_corpus,barium_titanate,ring,2,no,,lead_title_mismatch: inventory title 'Solution-Processed Textured Barium Titanate Thin Films for Integrated Electro-Optic Modulators' differs from Crossref title for this DOI
pintus2022,An integrated magneto-optic modulator for cryogenic applications,Paolo Pintus,Paolo Pintus; Leonardo Ranzani; Sergio Pinna; Duanni Huang; ...; John Edward Bowers,2022,,Nature Electronics,10.1038/s41928-022-00823-w,,https://doi.org/10.1038/s41928-022-00823-w,journal,open_access,,web_search;author_group_followup;continuation_2026_10_02,other,ring,2,unknown,,"Discovery only; no metric extraction. Abstract-level claim from search metadata (verify in paper): 2 Gbps at 4 K; ""below 4 pJ per bit"" (<50 fJ/bit projected)."
porret2020,O-Band GeSi Quantum-Confined Stark Effect Electro-Absorption Modulator Integrated in a 220nm Silicon Photonics Platform,Clement Porret,Clement Porret; Srinivasan Ashwyn Srinivasan; Sadhishkumar Balakrishnan; Peter Verheyen; ...; Marianna Pantouvaki,2020,,VLSI Technology Symposium 2020,10.1109/vlsitechnology18217.2020.9265082,,https://doi.org/10.1109/vlsitechnology18217.2020.9265082,conference,unknown,,web_search;author_group_followup;continuation_2026_10_02,silicon_plasma_dispersion,eam,2,unknown,,Discovery only; no metric extraction. Abstract-level claim from search metadata (verify in paper): 8 dB ER in 40 um length at 1 Vpp.
posadas2023,RF-sputtered Z-cut electro-optic barium titanate modulator on silicon photonic platform,Posadas,"Posadas, Stenger, DeFouw, Warner, Demkov",2023,,Journal of Applied Physics,10.1063/5.0160186,,https://doi.org/10.1063/5.0160186,journal,unknown,,web_search;author_group_followup;continuation_2026_10_02,barium_titanate,mzm,2,unknown,,"Discovery only; no metric extraction. Abstract-level claim from search metadata (verify in paper): ""Pockels coefficient (r33) > 130 pm/V and propagation loss < 2 dB/cm""."
powell2024a,DC-stable electro-optic modulators using thin-film lithium tantalate,Keith Powell,Keith Powell; Xudong Li; Daniel Assumpcao; Letícia Magalhães; ... Marko Lončar,2024,,Optics Express,10.1364/oe.538870,2405.05169,https://doi.org/10.1364/oe.538870,journal,arxiv,,web_search;author_group_followup;continuation_2026_10_02,lithium_tantalate,mzm,2,unknown,,"Discovery only; no metric extraction. Abstract-level claim from search metadata (verify in paper): less than 1 dB output power fluctuation over 46 hours; 3.4 V·cm half-wave voltage length product; 39 dB extinction ratio; flat RF EO response from 3-50 GHz; 0.35 dB on-chip loss; arXiv: '<1 dB power fluctuation from quadrature with 12.1 dBm input'. Distinct from known 2505.00906 (sub-volt LT, CLEO/APL Photonics)."
prountzou2026,Electro-optic Modulation in Polycrystalline Barium Titanate Metasurfaces Enhanced by Poling,Prountzou,"Prountzou, Weigand, Falcone, Talts, Grange",2026,,ACS Photonics,10.1021/acsphotonics.6c00340,2601.20434,https://doi.org/10.1021/acsphotonics.6c00340,journal,arxiv,,web_search;author_group_followup;continuation_2026_10_02,barium_titanate,other,2,unknown,,"Discovery only; no metric extraction. Abstract-level claim from search metadata (verify in paper): arXiv abstract: ""quality factors of up to 200"", sub-volt driving, up to 5 MHz; ""up to 25 % higher modulation strength"" with poling. Low-speed (MHz) device."
qi2024,110-GHz bandwidth integrated lithium niobate modulator without direct lithium niobate etching,Qi,Yifan Qi;Gongcheng Yue;Ting Hao;Yang Li,2024,2023-08-06,CLEO 2024,10.1364/cleo_at.2024.am4j.4,2308.03073,https://doi.org/10.1364/cleo_at.2024.am4j.4,conference,arxiv,CC-BY-4.0,landmark,lithium_niobate,mzm,2,yes,,"TFLN modulator with >110 GHz 3-dB bandwidth without direct LN etching. Surfaced via web search: 110 GHz without LN etching. Unverified: conference abstract only; Vpi not in abstract; arXiv id from web search, DataCite title matches."
qiu2026a,Barium Titanate DP-IQM Enabling Net 1 Tbps/λ ZR and Coherent-Lite Data Center Networks,Benton Qiu,Benton Qiu;Charles St-Arnault;Santiago Bernal;Aleksandar Nikic;Kaibo Zhang;Yixiang Hu;Pascal Stark;Wouter Diels;Felix Eltes;David V. Plant,2026,2026-03-19,"Optical Fiber Communication Conference (OFC) 2026, paper Th3J.4",10.1364/ofc.2026.th3j.4,,https://doi.org/10.1364/ofc.2026.th3j.4,conference,unknown,,ofc2026;local_corpus,barium_titanate,iq_mzm,2,unknown,@local_corpus,OFC 2026 code Th3J.4 | published_on is the OFC 2026 presentation date from the conference schedule
rakowski2020,"45nm CMOS - Silicon Photonics Monolithic Technology (45CLO) for next-generation, low power and high speed optical interconnects",Michal Rakowski,Michal Rakowski; Colleen Meagher; Karen Nummy; Abdelsalam A. Aboketaf; ...; John Pellerin,2020,,OFC 2020 (T3H.3),10.1364/ofc.2020.t3h.3,,https://doi.org/10.1364/ofc.2020.t3h.3,conference,unknown,,web_search;author_group_followup;continuation_2026_10_02,silicon_plasma_dispersion,other,2,unknown,,Discovery only; no metric extraction. Abstract-level claim from search metadata (verify in paper): platform-level description; no modulator numbers retrieved.
rakowski2026,An O-band Silicon Micro Ring Modulator for 200G/λ Applications with 1.6THz FSR,Michal Rakowski,Michal Rakowski;Teodor Stanev;Hanyi Ding;James Garofolo;Andy Stricker;Qidi Liu;Abdelsalam Aboketaf;Michelle Zhang;Ryan Sporer;Helen Wong;Siwei Zeng;Bradley Orner;Yusheng Bian;Bob Mulfinger;Rick Carter,2026,2026-03-16,"Optical Fiber Communication Conference (OFC) 2026, paper M2A.3",10.1364/ofc.2026.m2a.3,,https://doi.org/10.1364/ofc.2026.m2a.3,conference,unknown,,ofc2026;local_corpus,silicon_plasma_dispersion,ring,2,no,@local_corpus,OFC 2026 code M2A.3 | published_on is the OFC 2026 presentation date from the conference schedule
ruan2023,High-Performance Electro-Optic Modulator on Silicon Nitride Platform with Heterogeneous Integration of Lithium Niobate,Ziliang Ruan,Ziliang Ruan; Kaixuan Chen; Zong Wang; Xuancong Fan; ... Liu Liu,2023,,Laser & Photonics Reviews,10.1002/lpor.202200327,,https://doi.org/10.1002/lpor.202200327,journal,unknown,,web_search;author_group_followup;continuation_2026_10_02,lithium_niobate,mzm,2,unknown,,Discovery only; no metric extraction. Abstract-level claim from search metadata (verify in paper): Data transmission up to 128 Gb/s with a bit-error-rate of <2.4e-4. Vpi/bandwidth not in retrieved fragment.
sabatti2024,Extremely high extinction ratio electro-optic modulator via frequency upconversion to visible wavelengths,Alessandra Sabatti,Alessandra Sabatti; Jost Kellner; Fabian Kaufmann; Robert J. Chapman; ... Rachel Grange,2024,,Optics Letters,10.1364/ol.525733,2404.09787,https://doi.org/10.1364/ol.525733,journal,arxiv,,web_search;author_group_followup;continuation_2026_10_02,lithium_niobate,other,2,unknown,,Discovery only; no metric extraction. Abstract-level claim from search metadata (verify in paper): bandwidth of 40 GHz; extinction ratio of 46 dB. DOI from arXiv metadata; not Crossref-checked.
safian2020,Foundry-compatible thin film lithium niobate modulator with RF electrodes buried inside the silicon oxide layer of the SOI wafer,Safian,Reza Safian;Min Teng;Leimeng Zhuang;Swapnajit Chakravarty,2020,2020-08-18,Optics Express,10.1364/oe.396335,,https://doi.org/10.1364/oe.396335,journal,open_access,Optica-OA-License,landmark,lithium_niobate,mzm,2,unknown,,TFLN bonded on SOI with RF electrodes buried in oxide; foundry-compatible. Surfaced via web search: foundry-compatible TFLN buried electrodes. Unverified: abstract reports no metrics.
sakib2022,A 240 Gb/s PAM4 Silicon Micro-Ring Optical Modulator,Meer Sakib,Meer Sakib; Ranjeet Kumar; Chaoxuan Ma; Duanni Huang; ...; Haisheng Rong,2022,,OFC 2022 (M2D.4),10.1364/ofc.2022.m2d.4,,https://doi.org/10.1364/ofc.2022.m2d.4,conference,unknown,,web_search;author_group_followup;continuation_2026_10_02,silicon_plasma_dispersion,ring,2,unknown,,"Discovery only; no metric extraction. Abstract-level claim from search metadata (verify in paper): ""0.53 V.cm"" phase efficiency; ""54 GHz"" bandwidth; 16.3 nm FSR; 224 and 240 Gb/s PAM4 (TDECQ 1.6 and 3.9 dB)."
sato2021,A 100 Gbaud On-off-Keying Silicon-Polymer Hybrid Modulator Operating at up to 110 C,Sato,"Sato, Mao, Bannaron, Kamiya, Lu, Yokoyama",2021,,IEEE Photonics Technology Letters,10.1109/lpt.2021.3126945,,https://doi.org/10.1109/lpt.2021.3126945,journal,open_access,,web_search;author_group_followup;continuation_2026_10_02,eo_polymer,mzm,2,unknown,,Discovery only; no metric extraction. Abstract-level claim from search metadata (verify in paper): Title: 100 Gbaud OOK at up to 110 C. Related known paper: Lu 2020 Nat Commun.
saxena2023,Compact Modeling and Rapid Simulation of Silicon Photonic Micro-Disk and Ring Modulators,Vishal Saxena,Vishal Saxena; Md Jubayer Shawon,2023,,arXiv preprint,,2311.16174,https://arxiv.org/abs/2311.16174,arxiv_preprint,arxiv,,web_search;author_group_followup;continuation_2026_10_02,silicon_plasma_dispersion,ring,2,unknown,,"Discovery only; no metric extraction. Abstract-level claim from search metadata (verify in paper): Verilog-A model, ""7X faster transient simulations""."
sayem2026,Performance of Capacitively Loaded RF Electrodes on SiO2/Si Substrates for High-Speed Electro-Optic Modulators,Ayed Sayem,Ayed Sayem; Ting-Chen Hu; Mark Cappuzzo; Alaric Tate; ... Mark Earnshaw,2026,,arXiv preprint,,2609.21830,https://arxiv.org/abs/2609.21830,arxiv_preprint,arxiv,,web_search;author_group_followup;continuation_2026_10_02,lithium_tantalate,mzm,2,unknown,,"Discovery only; no metric extraction. Abstract-level claim from search metadata (verify in paper): RF attenuation coefficients as low as approximately 0.23 dB/cm/sqrt(GHz). Electrode-level result, no optical Vpi/bandwidth in retrieved fragment."
sayem2026a,Stable thin-film lithium tantalate modulators operating at high temperature for uncooled operation,Ayed Al Sayem,Ayed Al Sayem;Shiekh Zia Uddin;Ting-Chen Hu;Alaric Tate;Mark Cappuzzo;Rose Kopf;Mark Earnshaw,2026,2026-04-30,arXiv,,2604.27285,https://arxiv.org/abs/2604.27285,arxiv_preprint,arxiv,CC-BY-4.0,blog:OFS-102,lithium_tantalate,mzm,2,unknown,,arXiv only; no journal version found by exact-title Crossref search
sayem2026b,High-power handling and bias stability of thin-film Lithium Tantalate microring and coupling resonators,Ayed Sayem,Ayed Sayem;Shiekh Zia Uddin;Ting-Chen Hu;Alaric Tate;Mark Cappuzzo;Rose Kopf;Mark Earnshaw,2026,2026-01-31,arXiv,,2602.00922,https://arxiv.org/abs/2602.00922,arxiv_preprint,arxiv,CC-BY-4.0,drive_doc;tmp_eo_md;local_corpus,lithium_tantalate,ring,2,no,@local_corpus,arXiv only; no journal version found by exact-title Crossref search | arXiv v2 cached locally; lead URL was v1
schwarzenberger2022,Cryogenic Operation of a Silicon-Organic Hybrid (SOH) Modulator at 50 Gbit/s and 4 K Ambient Temperature,Schwarzenberger,"Schwarzenberger, Kuzmin, Eschenbaum, Fuellner, ... Koos",2022,,ECOC 2022 (paper Th3B.3),,,,journal,unknown,,web_search;author_group_followup;continuation_2026_10_02,eo_polymer,mzm,2,unknown,,"Discovery only; no metric extraction. Abstract-level claim from search metadata (verify in paper): ""50 Gbit/s on-off-keying (OOK) at 4 K - a record-high line rate generated by an MZM at this temperature"". DOI left blank intentionally."
schwarzenberger2023,First demonstration of a silicon-organic hybrid (SOH) modulator based on a long-term-stable crosslinked electro-optic material,Schwarzenberger,A. Schwarzenberger;A. Mertens;H. Kholeif;A. Kotz;C. Eschenbaum;L. E. Johnson;D. L. Elder;S. R. Hammond;K. O'Malley;L. Dalton;S. Randel;W. Freude;C. Koos,2023,2023-11-13,IET Conference Proceedings,10.1049/icp.2023.2357,,https://doi.org/10.1049/icp.2023.2357,journal,unknown,,web_search;author_group_followup,eo_polymer,other,2,unknown,,Source-cache discovery only; no metric extraction. Scope: core_integrated_modulator. Route: Ummethala/Kieninger -> Koos -> KITopen 1000163853. Cache status: needs_retrieval. Exact cached version/rights: discovery manifest and source.json; no journal license inferred from a preprint.
schwarzenberger2023a,First Demonstration of a cryogenic Silicon Organic Hybrid (SOH) Mach-Zehnder Modulator with a Sub-1V π-Voltage,Schwarzenberger,A. Schwarzenberger;H. Kholeif;A. Kotz;A. Kuzmin;A. Mertens;C. Eschenbaum;G. Ramann;J. Zyskind;M. Lebby;S. Randel;W. Freude;C. Koos,2023,2023,CLEO 2023,10.1364/CLEO_SI.2023.STh5C.7,,https://doi.org/10.1364/CLEO_SI.2023.STh5C.7,conference,unknown,,web_search;author_group_followup,eo_polymer,other,2,unknown,,Source-cache discovery only; no metric extraction. Scope: core_integrated_modulator. Route: Ummethala/Kieninger -> Koos -> KIT author page. Cache status: needs_retrieval. Exact cached version/rights: discovery manifest and source.json; no journal license inferred from a preprint.
schwarzenberger2025,Highly Efficient Homodyne Cryogenic Readout Link Based on a Silicon-Organic Hybrid (SOH) Phase Modulator,Schwarzenberger,"Schwarzenberger, Kotz, Kholeif, Eschenbaum, ... Koos",2025,,ECOC 2025,10.1109/ecoc66593.2025.11263365,,https://doi.org/10.1109/ecoc66593.2025.11263365,journal,unknown,,web_search;author_group_followup;continuation_2026_10_02,eo_polymer,phase_shifter,2,unknown,,Discovery only; no metric extraction. Abstract-level claim from search metadata (verify in paper): No abstract in Crossref; title-level only.
schwarzenberger2026,Silicon-Organic Hybrid (SOH) Mach–Zehnder Modulators (MZM) for Single-Carrier IM/DD Line Rates of 500 Gbit/s and Beyond,Schwarzenberger,Adrian Schwarzenberger;Alexander Kotz;Dengyang Fang;Hend Kholeif;Carsten Eschenbaum;Lukas Grünewald;Christoph Wilhelm;Stefan Singer;Mohamed Kelany;Cheng Feng;Malte Martens;Adrian Mertens;Sidra Sarwar;Patrick Kern;Masis Sirim;Peter Erk;Artem Kuzmin;Yolita M. Eggeler;Stefan Bräse;Sebastian Randel;Wolfgang Freude;Christian Koos,2026,2026-02-01,Journal of Lightwave Technology,10.1109/JLT.2025.3625813,,https://doi.org/10.1109/JLT.2025.3625813,journal,open_access,,web_search;author_group_followup,eo_polymer,other,2,unknown,,Source-cache discovery only; no metric extraction. Scope: core_integrated_modulator. Route: Ummethala/Kieninger -> Koos -> Schwarzenberger KIT publication list. Cache status: cached. Exact cached version/rights: discovery manifest and source.json; no journal license inferred from a preprint.
schwarzenberger2026a,O-Band Silicon-Organic Hybrid (SOH) Mach-Zehnder Modulator Operating at a PAM4 Line Rate of 384 Gbit/s with Sub-Volt Drive Voltage,Schwarzenberger,A. Schwarzenberger;S. Sarwar;C. Eschenbaum;A. Mertens;M. Martens;L. Grünewald;A. Kotz;D. Fang;A. Sherifaj;S. Singer;H. Kholeif;P. Kern;P. Erk;A. Kuzmin;Y. M. Eggeler;S. Bräse;S. Randel;W. Freude;C. Koos,2026,2026,IEEE Journal of Selected Topics in Quantum Electronics,10.1109/JSTQE.2026.3684861,,https://doi.org/10.1109/JSTQE.2026.3684861,journal,unknown,,web_search;author_group_followup,eo_polymer,other,2,unknown,,Source-cache discovery only; no metric extraction. Scope: core_integrated_modulator. Route: Ummethala/Kieninger -> Koos -> KITopen 1000192958. Cache status: needs_retrieval. Exact cached version/rights: discovery manifest and source.json; no journal license inferred from a preprint.
shabaninezhad2025,Plasmonic electro-optic modulators based on epsilon-near-zero materials: comparing the classical drift-diffusion and Schrodinger-Poisson coupling models,Shabaninezhad,"Shabaninezhad, Mehrvar, Bernier, Ramunno, Berini",2025,,Optics Express,10.1364/oe.544216,2412.05690,https://doi.org/10.1364/oe.544216,journal,arxiv,,web_search;author_group_followup;continuation_2026_10_02,eo_polymer,ring,2,unknown,,"Discovery only; no metric extraction. Abstract-level claim from search metadata (verify in paper): ""3-dB bandwidth of 210 GHz, an insertion loss of 3 dB, and an extinction ratio of 5 dB for a device length of under 4 um"" (simulation). Simulation-only."
shamsansari2021,Electrically-pumped high-power laser transmitter integrated on thin-film lithium niobate,Amirhassan Shams-Ansari,Amirhassan Shams-Ansari; Dylan Renaud; Rebecca Cheng; Linbo Shao; ... Marko Loncar,2021,,Optica,10.1364/optica.448617,2111.08473,https://doi.org/10.1364/optica.448617,journal,arxiv,,web_search;author_group_followup;continuation_2026_10_02,lithium_niobate,other,2,unknown,,Discovery only; no metric extraction. Abstract-level claim from search metadata (verify in paper): up to 60 mW of optical power in the waveguides; integrated 50 GHz modulator. DOI and venue year from arXiv metadata (journal_ref 'Optica 2021'); journal year not Crossref-checked.
shang2026,Design principles for high-speed barium titanate on-insulator electro-optic modulators,Shang,"Shang, Liu, Yin, Lin, ... Danner",2026,,JOSA B,10.1364/josab.599330,,https://doi.org/10.1364/josab.599330,journal,open_access,,web_search;author_group_followup;continuation_2026_10_02,barium_titanate,mzm,2,unknown,,"Discovery only; no metric extraction. Abstract-level claim from search metadata (verify in paper): ""simulated EO bandwidth of over 100 GHz within a modulation length of 1 cm and half-wave voltage around 1 V"" (simulation). Simulation-only."
sharma2022,Silicon Photonic Microring-Based 4 x 112 Gb/s WDM Transmitter With Photocurrent-Based Thermal Control in 28-nm CMOS,Jahnavi Sharma,Jahnavi Sharma; Zhe Xuan; Hao Li; Taehwan Kim; ...; James Jaussi,2022,,"IEEE J. Solid-State Circuits 57, 1187",10.1109/jssc.2021.3134221,,https://doi.org/10.1109/jssc.2021.3134221,journal,unknown,,web_search;author_group_followup;continuation_2026_10_02,silicon_plasma_dispersion,ring,2,unknown,,"Discovery only; no metric extraction. Abstract-level claim from search metadata (verify in paper): 112 Gb/s per wavelength x4; ""<0.7 dB TDECQ""; ""5.8 pJ/bit""."
shawon2024,Optical Linearization of Silicon Photonic Ring-Assisted Mach-Zehnder Modulator,Md Jubayer Shawon,Md Jubayer Shawon; Vishal Saxena,2024,,Journal of Lightwave Technology,10.1109/jlt.2023.3345350,2308.15763,https://doi.org/10.1109/jlt.2023.3345350,journal,arxiv,,web_search;author_group_followup;continuation_2026_10_02,silicon_plasma_dispersion,ring,2,unknown,,"Discovery only; no metric extraction. Abstract-level claim from search metadata (verify in paper): SFDR ""exceeding 113 dB.Hz^(2/3)""."
shen2021,High-speed silicon microring modulator at the 2 um waveband with analysis and observation of optical bistability,Weihong Shen,Weihong Shen; Gangqiang Zhou; Jiangbing Du; Linjie Zhou; ...; Zuyuan He,2021,,Photonics Research 10 (2022)/ preprint 2021,10.1364/prj.439583,2104.01163,https://doi.org/10.1364/prj.439583,journal,arxiv,,web_search;author_group_followup;continuation_2026_10_02,silicon_plasma_dispersion,ring,2,unknown,,"Discovery only; no metric extraction. Abstract-level claim from search metadata (verify in paper): VpiL ""0.85 V.cm""; 3 dB bandwidth ""18 GHz""; up to 50 Gbps at 2 um. Crossref year 2022; arXiv number differences vs journal abstract"
shen2023,Hybrid lithium tantalite-silicon integrated photonics platform for electro-optic modulation,Shen,Jian Shen;Yong Zhang;Chenglong Feng;Zihan Xu;Lei Zhang;Yikai Su,2023,2023-11-21,Optics Letters,10.1364/OL.502492,,https://doi.org/10.1364/OL.502492,journal,unknown,,web_search;author_group_followup,lithium_tantalate,other,2,unknown,,Source-cache discovery only; no metric extraction. Scope: core_integrated_modulator. Route: Zhang2021b -> Yikai Su/Yong Zhang -> Jian Shen. Cache status: needs_retrieval. Exact cached version/rights: discovery manifest and source.json; no journal license inferred from a preprint.
shen2024,Photonic link from single-flux-quantum circuits to room temperature,Mohan Shen,Mohan Shen;Jiacheng Xie;Yuntao Xu;Sihao Wang;Risheng Cheng;Wei Fu;Yiyu Zhou;Hong X. Tang,2024,2023-09-06,"Nature Photonics 18(4), 371-378",10.1038/s41566-023-01370-2,2309.03284,https://doi.org/10.1038/s41566-023-01370-2,journal,arxiv,journal=https://www.springernature.com/gp/researchers/text-and-data-mining; arxiv=CC-BY-4.0,drive_doc;tmp_eo_md;local_corpus,lithium_niobate,other,2,no,@local_corpus,arXiv preprint and journal/proceedings version merged into one row (doi and arxiv_id both given) | platform lithium_niobate taken from local PDF text (abstract does not name the material); superconducting EO modulator for cryogenic readout
shen2025,Highly Efficient Slow‐Light Mach–Zehnder Modulator Achieving 0.21 V cm Efficiency with Bandwidth Surpassing 110 GHz,Shen,Jian Shen;Yong Zhang;Lei Zhang;Jingchi Li;Chenglong Feng;Yongheng Jiang;Hongwei Wang;Xingfeng Li;Yu He;Xingchen Ji;Guofeng Yin;Yonghui Tian;Xi Xiao;Yikai Su,2025,2024-10-12,Laser &amp; Photonics Reviews,10.1002/lpor.202401092,,https://doi.org/10.1002/lpor.202401092,journal,unknown,,web_search;author_group_followup,lithium_niobate,other,2,unknown,,Source-cache discovery only; no metric extraction. Scope: core_integrated_modulator. Route: Zhang2021b -> Yikai Su/Yong Zhang -> Jian Shen. Cache status: needs_retrieval. Exact cached version/rights: discovery manifest and source.json; no journal license inferred from a preprint.
shen2026,Fully Integrated 1064 nm Transmitters with Widely Tunable GaAs Lasers and > 100-GHz Thin-Film LiNbO3 Modulators,Boqiang Shen,Boqiang Shen;Kewei Bian;Kaustubh Asawa;Igor Kudelin;Theodore Morin;Bowen Song;Yang Shen;Joel Guo;Jonathan Peters;Catherine Nguyen;Glenn Kim;Nathan Kim;Stephen Didde;Ryohei Omori;Daneil Lopez;Zeyu Zhang;Tin Komljenovic;Minh Tran;Yuan Yuan;Chong Zhang,2026,2026-03-19,"Optical Fiber Communication Conference (OFC) 2026, paper Th4A.5",10.1364/ofc.2026.th4a.5,,https://doi.org/10.1364/ofc.2026.th4a.5,conference,unknown,,ofc2026;local_corpus,lithium_niobate,mzm,2,unknown,@local_corpus,OFC 2026 code Th4A.5 | published_on is the OFC 2026 presentation date from the conference schedule
shin2008,0.3 V drive voltage GaAs∕AlGaAs substrate removed Mach–Zehnder intensity modulators,Shin,JaeHyuk Shin;Yu-Chia Chang;Nadir Dagli,2008,2008-05-19,Applied Physics Letters,10.1063/1.2931057,,https://doi.org/10.1063/1.2931057,journal,paywalled,,landmark,algaas_gaas,mzm,2,unknown,,"Substrate-removed GaAs/AlGaAs MZM: 0.3 V drive, 7 mm, VpiL 0.21 V cm. Surfaced via task brief + web search: 0.3 V GaAs substrate-removed MZM. Unverified: published 2008 per Crossref; outside 2018-2026 window, included per task brief; bandwidth not stated."
sia2022,Linear Optical Modulators for Prospective Communications at the 2 um Waveband,Jia Xu Brian Sia,Jia Xu Brian Sia; Xiang Li; X. Guo; Jiawei Wang; ...; Hong Wang,2022,,arXiv preprint,,2210.06994,https://arxiv.org/abs/2210.06994,arxiv_preprint,arxiv,,web_search;author_group_followup;continuation_2026_10_02,silicon_plasma_dispersion,ring,2,unknown,,"Discovery only; no metric extraction. Abstract-level claim from search metadata (verify in paper): SFDR ""as high as 95 dB.Hz^(2/3)""; bandwidth exceeding 17.5 GHz."
singer2025,Linear-drive amplifier-less 112 Gbit/s PAM4 operation of a silicon-organic hybrid (SOH) Mach-Zehnder modulator at 265 mV pp,S. Singer,S. Singer;A. Schwarzenberger;C. Eschenbaum;M. Martens;A. Mertens;G. Dagher;L. Valenziano;S. Sarwar;P. Erk;H. Kholeif;A. Kotz;T. Zwick;S. Bräse;W. Freude;S. Randel;C. Koos,2025,2025-09-15,"Optics Express 33(19), 40055",10.1364/oe.551866,,https://doi.org/10.1364/oe.551866,journal,open_access,Optica-OA-License-v2,drive_doc;tmp_eo_md,eo_polymer,mzm,2,no,,Crossref license is Optica OA license; local caches record an access challenge and no PDF
skandalos2025,A 100 Gb/s quantum-confined Stark effect modulator monolithically integrated with silicon nitride on Si,Ilias Skandalos,Ilias Skandalos; Thalia Dominguez Bucio; Lorenzo Mastronardi; Guomin Yu; ...; Frederic Y. Gardes,2025,,Communications Engineering,10.1038/s44172-025-00421-6,,https://doi.org/10.1038/s44172-025-00421-6,journal,open_access,,web_search;author_group_followup;continuation_2026_10_02,germanium_silicon_eam,eam,2,unknown,,Discovery only; no metric extraction. Abstract-level claim from search metadata (verify in paper): O-band Ge/SiGe modulator at 100 Gb/s.
sobu2021,High-Speed Optical Digital-to-Analog Converter Operation of Compact Two-Segment All-Silicon Mach-Zehnder Modulator,Yohei Sobu,Yohei Sobu; Guoxiu Huang; Shinsuke Tanaka; Yu Tanaka; ...; Takeshi Hoshida,2021,,"Journal of Lightwave Technology 39, 1148",10.1109/jlt.2020.3035684,,https://doi.org/10.1109/jlt.2020.3035684,journal,open_access,,web_search;author_group_followup;continuation_2026_10_02,silicon_plasma_dispersion,mzm,2,unknown,,Discovery only; no metric extraction. Abstract-level claim from search metadata (verify in paper): 90 Gbaud NRZ and 70 Gbaud PAM4; 43.9 GHz bandwidth; 300x600 um footprint.
sobu2026,High Speed and Low Power Consumption Optical DAC Transmitter Using Fully Integrated CMOS and Silicon Segmented Modulator,Yohei Sobu,Yohei Sobu;Hanwei Chen;Shinsuke Tanaka,2026,2026-03-18,"Optical Fiber Communication Conference (OFC) 2026, paper W3F.4",10.1364/ofc.2026.w3f.4,,https://doi.org/10.1364/ofc.2026.w3f.4,conference,unknown,,ofc2026;local_corpus,silicon_plasma_dispersion,mzm,2,no,@local_corpus,OFC 2026 code W3F.4 | optical DAC transmitter with silicon segmented modulator | published_on is the OFC 2026 presentation date from the conference schedule
soma2025,Subvolt high-speed free-space modulator with electro-optic metasurface,Soma,"Soma, Ariu, Karakida, Tsubai, Tanemura",2025,,Nature Nanotechnology,10.1038/s41565-025-02000-4,2503.17986,https://doi.org/10.1038/s41565-025-02000-4,journal,arxiv,,web_search;author_group_followup;continuation_2026_10_02,eo_polymer,other,2,unknown,,"Discovery only; no metric extraction. Abstract-level claim from search metadata (verify in paper): ""data transmission at 50 Mbps and 1.6 Gbps with driving voltages of only 0.2 V and 1 V, respectively"" (arXiv abstract, quoted)."
soni2023,High Bandwidth InP based Mach-Zehnder Modulator for 112 Gbps Transmission,Ankit Soni,Ankit Soni;Alexander Iatropolous;Jan Mink,2023,,,,,,,unknown,,local_corpus,inp_mqw,mzm,2,no,@local_corpus,identity_unresolved | title and authors read from local PDF; year from local README and PDF creation date 2023-10; venue unknown (PDF metadata mentions OWCC); no Crossref or arXiv match; device mostly simulated per local README
srinivasan2020,Heterogeneous SISCAP Microring Modulator for High-Speed Optical Communication,Sudharsanan Srinivasan,Sudharsanan Srinivasan; Di Liang; Raymond G. Beausoleil,2020,,ECOC 2020,10.1109/ecoc48923.2020.9333221,,https://doi.org/10.1109/ecoc48923.2020.9333221,conference,unknown,,web_search;author_group_followup;continuation_2026_10_02,other,ring,2,unknown,,Discovery only; no metric extraction. Abstract-level claim from search metadata (verify in paper): 28 Gb/s modulation without ISI cancellation.
srinivasan2021,60Gb/s waveguide-coupled O-band GeSi quantum-confined Stark effect modulator,S. A. Srinivasan,S. A. Srinivasan; C. Porret; S. Balakrishnan; Y. Ban (author list as retrieved; may be partial),2021,,OFC 2021 (Tu1D.3),10.1364/ofc.2021.tu1d.3,,https://doi.org/10.1364/ofc.2021.tu1d.3,conference,unknown,,web_search;author_group_followup;continuation_2026_10_02,silicon_plasma_dispersion,eam,2,unknown,,Discovery only; no metric extraction. Abstract-level claim from search metadata (verify in paper): 60 Gb/s NRZ-OOK; 50 GHz bandwidth; 5.2 dB ER; 7.6 dB insertion loss. title in OpenAlex: '60Gb/s Waveguide-Coupled O-Band GeSi Quantum-Confined Stark Effect Modulator'; author list possibly truncated
starnault2026,Driver-less 448 Gbps PAM4 and 1.2 Tbps 16-QAM IMDD/Coherent-lite transmission using TFLN optical DACs,Charles St-Arnault,Charles St-Arnault;Benton Qiu;Derek Kita;Kenton Anzai;Christopher R. Cole;Ross Dickson;Bruce Beggs;Naim Ben-Hamida;Christian Reimer;David V. Plant,2026,2026-03-19,"Optical Fiber Communication Conference (OFC) 2026, paper Th4B.2",10.1364/ofc.2026.th4b.2,,https://doi.org/10.1364/ofc.2026.th4b.2,conference,unknown,,drive_doc;ofc2026;local_corpus,lithium_niobate,mzm,2,unknown,@local_corpus,OFC 2026 code Th4B.2 | published_on is the OFC 2026 presentation date from the conference schedule
starnault2026a,Integrated electro-optic circulator on thin-film lithium niobate for bidirectional optical fibre transmission,Charles St-Arnault,Charles St-Arnault; Charles Laperle; Derek M. Kita; Christian Reimer; David V. Plant,2026,,Nature Photonics,10.1038/s41566-026-02008-9,,https://doi.org/10.1038/s41566-026-02008-9,journal,unknown,,web_search;author_group_followup;continuation_2026_10_02,lithium_niobate,mzm,2,unknown,,"Discovery only; no metric extraction. Abstract-level claim from search metadata (verify in paper): up to 37 dB peak isolation spanning O- and C+L bands (14 THz); excess losses 0.1 dB (port 1 to 2) and 4.9 dB (port 2 to 3), 0.84 dB passive; 400G/polarization bidirectional coherent transmission. Not a conventional modulator; modulator-based non-reciprocal device."
steckler2025,Monolithic electro-optic platform on silicon with bandwidth of 100 GHz and beyond,Steckler,Daniel Steckler;Stefan Lischke;Yuji Yamamoto;Wei-Chen Wen;Anna Peczek;Johannes Beyer;Aleksandra Kroh;Oksana Fursenko;Florian Bärwolf;Steffen Marschmeyer;Philipp Kulse;Dirk Wolansky;Lars Zimmermann,2025,2025-11-27,Nature Communications,10.1038/s41467-025-66566-2,,https://doi.org/10.1038/s41467-025-66566-2,journal,open_access,CC-BY-NC-ND-4.0,landmark,germanium_silicon_eam,eam,2,no,,Monolithic GeSi EAMs with 100 GHz to >110 GHz bandwidth; 140 Gbit/s. Surfaced via web search: GeSi EAM 100 GHz.
su2026a,High-Extinction-Ratio Electro-Optic Modulator on Thin-Film Lithium Niobate Operating at 1064 nm,Zimiao Su,Zimiao Su; Lutong Cai,2026,,Photonics (MDPI),10.3390/photonics13050505,,https://doi.org/10.3390/photonics13050505,journal,unknown,,web_search;author_group_followup;continuation_2026_10_02,lithium_niobate,mzm,2,unknown,,Discovery only; no metric extraction. Abstract-level claim from search metadata (verify in paper): half-wave voltage-length product of 2.1 V·cm; electro-optic 3 dB bandwidth exceeding 10 GHz; extinction ratio exceeding 30 dB.
sun2021,High-Speed Modulator With Integrated Termination Resistor Based on Hybrid Silicon and Lithium Niobate Platform,Shihao Sun,Shihao Sun; Mingbo He; Mengyue Xu; Xian Zhang; ... Xinlun Cai,2021,,Journal of Lightwave Technology,10.1109/jlt.2020.3032786,,https://doi.org/10.1109/jlt.2020.3032786,journal,unknown,,web_search;author_group_followup;continuation_2026_10_02,lithium_niobate,mzm,2,unknown,,"Discovery only; no metric extraction. Abstract-level claim from search metadata (verify in paper): electro-optical bandwidth of up to 60 GHz; half-wave voltage of 2.25 V; on-chip optical loss of 2 dB; OOK up to 100 Gbit/s, PAM4 up to 120 Gbit/s."
sun2026,Inverse-Designed Etch-Stable Ring Modulators,Peng Sun,Peng Sun;Brett Klehn;Calvin Ma;Vesselin Velev;Itamar Priel;Liron Gantz,2026,2026-03-17,"Optical Fiber Communication Conference (OFC) 2026, paper Tu2J.3",10.1364/ofc.2026.tu2j.3,,https://doi.org/10.1364/ofc.2026.tu2j.3,conference,unknown,,ofc2026;local_corpus,other,ring,2,no,@local_corpus,OFC 2026 code Tu2J.3 | material not stated in abstract | published_on is the OFC 2026 presentation date from the conference schedule
sun2026a,Hybrid BaTiO3/TiO2 Metasurface for Efficient Gigahertz-Speed Free-Space Electro-Optic Modulation,Sun,"Sun, Yousef, Domm, Posadas, ... Capasso",2026,,arXiv preprint,,2608.00286,https://arxiv.org/abs/2608.00286,arxiv_preprint,arxiv,,web_search;author_group_followup;continuation_2026_10_02,barium_titanate,other,2,unknown,,"Discovery only; no metric extraction. Abstract-level claim from search metadata (verify in paper): arXiv abstract (summarized by fetch tool; quoted fragments): guided-mode resonance Q ""exceeding 1300""; ""transmittance modulation efficiency of ~0.020 per volt""; ~0.8 GHz bandwidth; effective Pockels coefficient ~151 pm/V. arXiv metadata lists an unrelated DOI (10.1109/JLT.2019.2893500) in the first listing; ignore - no DOI of its own found."
taghavi2022a,Enhanced poling and infiltration for highly efficient electro-optic polymer-based Mach-Zehnder modulators,Taghavi,"Taghavi, Dehghannasiri, Fan, Tofini, ... Adibi",2022,,Optics Express,10.1364/oe.460830,2203.04756,https://doi.org/10.1364/oe.460830,journal,arxiv,,web_search;author_group_followup;continuation_2026_10_02,eo_polymer,mzm,2,unknown,,"Discovery only; no metric extraction. Abstract-level claim from search metadata (verify in paper): ""VpiL's below ~1.19 V.mm are possible for the balanced Mach-Zehnder modulators"" (simulated ~0.35 V.mm); peak poling current reduced by ~3x (published abstract). Published abstract differs from arXiv v2 abstract (1.2 vs 1.19 V.mm); published version quoted."
taghavi2024,"GHz-rate optical phase shift in light matter interaction-engineered, silicon-ferroelectric nematic liquid crystals",Taghavi,"Taghavi, Esmaeeli, Chowdhury, Awan, ... Chrostowski",2024,,arXiv preprint,,2405.08833,https://arxiv.org/abs/2405.08833,arxiv_preprint,arxiv,,web_search;author_group_followup;continuation_2026_10_02,ferroelectric_nematic_lc,iq_mzm,2,unknown,,"Discovery only; no metric extraction. Abstract-level claim from search metadata (verify in paper): ""DC and AC modulation efficiencies of ~0.25 V*mm (from liquid crystal orientation) and ~25.7 V*mm (from Pockels effect), ... insertion loss of ~2.6 dB, and an electro-optic bandwidth of f-6dB > 4.18 GHz"". v3 dated 2025-02-08; no journal DOI found."
taghavi2026,DC-to-GHz modulation in microring modulators using ferroelectric nematic liquid crystal-on-silicon in a foundry photonic process,Iman Taghavi,Iman Taghavi;Alexander Tofini;Edward K. Leung;Cory Pecinovsky;Nicolas A. F. Jaeger;Lukas Chrostowski;Sudip Shekhar,2026,2026-02-23,"Optica 13(7), 1368",10.1364/optica.591830,2602.20406,https://doi.org/10.1364/optica.591830,journal,arxiv,journal=Optica-OA-License-v2; arxiv=CC-BY-4.0,blog:OFS-69,ferroelectric_nematic_lc,ring,2,no,,arXiv preprint and journal/proceedings version merged into one row (doi and arxiv_id both given)
taghavi2026a,DC-to-GHz Modulators in Ferroelectric Nematic Liquid Crystal-on-Si Platforms,Iman Taghavi,Iman Taghavi;Cory Pecinovsky;Nicolas A.F. Jaeger;Lukas Chrostowski;Sudip Shekhar,2026,2026-03-19,"Optical Fiber Communication Conference (OFC) 2026, paper Th1H.3",10.1364/ofc.2026.th1h.3,,https://doi.org/10.1364/ofc.2026.th1h.3,conference,unknown,,ofc2026;local_corpus,ferroelectric_nematic_lc,ring,2,no,@local_corpus,OFC 2026 code Th1H.3 | published_on is the OFC 2026 presentation date from the conference schedule
taki2024,Nonvolatile optical phase shift in ferroelectric hafnium zirconium oxide,Taki,"Taki, Sekine, Watanabe, Miyatake, ... Takenaka",2024,,Nature Communications,10.1038/s41467-024-47893-2,2309.01967,https://doi.org/10.1038/s41467-024-47893-2,journal,arxiv,,web_search;author_group_followup;continuation_2026_10_02,silicon_plasma_dispersion,phase_shifter,2,unknown,,"Discovery only; no metric extraction. Abstract-level claim from search metadata (verify in paper): No quantitative figure in abstract; ""nonvolatile phase shift was only observed once in a pristine device"". arXiv 2309.01967 confirmed same title; authors Taki, Sekine, Watanabe, Miyatake, Akazawa, Sakumoto, Toprasertpong, Takagi, Takenaka."
tan2024,Micro-transfer-printed Thin film lithium niobate (TFLN)-on-Silicon Ring Modulator,Ying Tan,Ying Tan; Shengpu Niu; Maximilien Billet; Nishant Singh; ... Dries Van Thourhout,2024,,ACS Photonics,10.1021/acsphotonics.3c01869,2311.15387,https://doi.org/10.1021/acsphotonics.3c01869,journal,arxiv,,web_search;author_group_followup;continuation_2026_10_02,lithium_niobate,ring,2,unknown,,Discovery only; no metric extraction. Abstract-level claim from search metadata (verify in paper): insertion loss of -1.5dB; extinction ratio of -37dB; electro-optical bandwidth of 16GHz; modulation rates up to 45Gps. DOI from arXiv metadata.
tang2022,Modulation bandwidth improvement of III-V/Si hybrid MOS optical modulator by reducing parasitic capacitance,Tang,"Tang, Li, Ho, Fujikata, ... Takenaka",2022,,Optics Express,10.1364/oe.457444,,https://doi.org/10.1364/oe.457444,journal,open_access,,web_search;author_group_followup;continuation_2026_10_02,inp_mqw,mzm,2,unknown,,"Discovery only; no metric extraction. Abstract-level claim from search metadata (verify in paper): ""modulation efficiency of 0.245 Vcm and a 3 dB bandwidth of up to 10 GHz ... 25 Gbps NRZ and 40 Gbps PAM-4""."
tao2024,Broadband Thin-Film Lithium Niobate Electro-Optic Modulator,Jinming Tao,Jinming Tao; Yinuo Yang; Xintong Li; Peng Wang; ... Jianguo Liu,2024,,Photonics (MDPI),10.3390/photonics11040325,,https://doi.org/10.3390/photonics11040325,journal,unknown,,web_search;author_group_followup;continuation_2026_10_02,lithium_niobate,mzm,2,unknown,,Discovery only; no metric extraction. Abstract-level claim from search metadata (verify in paper): 3 dB electro-optical bandwidth of 51.2 GHz; low on-chip losses of <2 dB; extinction ratio of 15 dB.
theurer2023,4x 200 Gb/s EML-Array with a Single MQW Layer Stack,Theurer,"Theurer, Kottke, Freund, Ganzer, Schell",2023,,OFC 2023 (paper M2D.5),10.1364/ofc.2023.m2d.5,,https://doi.org/10.1364/ofc.2023.m2d.5,journal,unknown,,web_search;author_group_followup;continuation_2026_10_02,inp_mqw,other,2,unknown,,Discovery only; no metric extraction. Abstract-level claim from search metadata (verify in paper): Title: 4x 200 Gb/s.
theurer2026,High-Bandwidth-Density Uncooled EML Array for up to 770 Gb/s/mm and 11 km Fiber Reach,M. Theurer,M. Theurer;G. Vasudevan Rajeswari;J. Andree;C. Kottke;R. Freund;P. Runge;M. Moehrle;A. Sigmund;M. Schell,2026,2026-03-17,"Optical Fiber Communication Conference (OFC) 2026, paper Tu3J.3",10.1364/ofc.2026.tu3j.3,,https://doi.org/10.1364/ofc.2026.tu3j.3,conference,unknown,,ofc2026;local_corpus,inp_mqw,eam,2,no,@local_corpus,OFC 2026 code Tu3J.3 | published_on is the OFC 2026 presentation date from the conference schedule
thiele2022,Cryogenic electro-optic modulation in titanium in-diffused lithium niobate waveguides,Frederik Thiele,Frederik Thiele; Felix vom Bruch; Julian Brockmeier; Maximilian Protte; ... Tim J. Bartley,2022,,arXiv preprint,,2202.00306,https://arxiv.org/abs/2202.00306,arxiv_preprint,arxiv,,web_search;author_group_followup;continuation_2026_10_02,lithium_niobate,phase_shifter,2,unknown,,"Discovery only; no metric extraction. Abstract-level claim from search metadata (verify in paper): operation voltage increases by 74% for the phase modulator, 84% for the directional coupler below 8.5 K."
thureja2025,Spalled barium titanate single crystal thin films for functional device applications,Thureja,"Thureja, Nyholm, Thomaschewski, Jahelka, ... Atwater",2025,,arXiv preprint,,2505.04045,https://arxiv.org/abs/2505.04045,arxiv_preprint,arxiv,,web_search;author_group_followup;continuation_2026_10_02,barium_titanate,other,2,unknown,,"Discovery only; no metric extraction. Abstract-level claim from search metadata (verify in paper): ""Pockels coefficient of r33 = 55 pm/V in multi-domain regions and 160 pm/V in single-domain regions, leading to projections up to 1980 pm/V for r42"". Preprint; no peer-reviewed DOI found."
tian2026,Wafer-scale hybrid molecular beam epitaxy of BaTiO3 and SrTiO3 on silicon,Tian,"Tian, Lin, Gao, Yu, ... Li",2026,,arXiv preprint,,2604.23259,https://arxiv.org/abs/2604.23259,arxiv_preprint,arxiv,,web_search;author_group_followup;continuation_2026_10_02,barium_titanate,eam,2,unknown,,"Discovery only; no metric extraction. Abstract-level claim from search metadata (verify in paper): ""effective EO coefficient of 248 pm/V, surpassing that of the PLD-grown films (220 pm/V)""; growth rate "">75 nm/h"". Preprint."
tiberi2025,Graphene Electro-Absorption Modulators for Energy-Efficient and High-Speed Optical Transceivers,Tiberi,"Tiberi, Montanaro, Wen, Zhang, ... Ferrari",2025,,arXiv preprint,,2506.03281,https://arxiv.org/abs/2506.03281,arxiv_preprint,arxiv,,web_search;author_group_followup;continuation_2026_10_02,other,eam,2,unknown,,"Discovery only; no metric extraction. Abstract-level claim from search metadata (verify in paper): ""67GHz bandwidth and 80Gbit/s data rate, in both O and C bands ... active area down to 22 um2 ... ~58fJ/bit ... ~0.037dB/V um modulation efficiency"". Related known: Tiberi OFC 2026 Th2A.12."
tiberi2026,67 GHz graphene electro-absorption modulators on silicon with 80 Gb/s C-band and 40 Gb/s O-band NRZ data rates,Matteo Tiberi,Matteo Tiberi;Alberto Montanaro;Chao Wen;Jincan Zhang;Marco Romagnoli;Vito Sorianello;Andrea C. Ferrari,2026,2026-03-19,"Optical Fiber Communication Conference (OFC) 2026, paper Th2A.12",10.1364/ofc.2026.th2a.12,,https://doi.org/10.1364/ofc.2026.th2a.12,conference,unknown,,ofc2026;local_corpus,other,eam,2,no,@local_corpus,OFC 2026 code Th2A.12 | graphene electro-absorption modulator; platform other | published_on is the OFC 2026 presentation date from the conference schedule
tobing2026,Photonics Heterogeneous Integration (PHI) of Thin-Film Lithium Niobate and Hydrogen-Free Silicon Nitride on a 200-mm Silicon Photonics Platform,L. Tobing,L. Tobing;B. Li;B. Pan;C. Lau;A. W. K. Fong;Y. Zhang;Y. Cao;J. Zhou;S. N. Foo;W. Q. Tan;C. Lee;J. O. Yoo;F. Masahisa;L. Xie;N. Venkataraman;S. C. Chong;T. Ghosh;M. Zhao;D. Zhu;K. W. Ang;N. Singh;L. W. Lim;X. Luo;Y.-C. Yeo,2026,2026-03-19,"Optical Fiber Communication Conference (OFC) 2026, paper Th1D.1",10.1364/ofc.2026.th1d.1,,https://doi.org/10.1364/ofc.2026.th1d.1,conference,unknown,,ofc2026;local_corpus,lithium_niobate,mzm,2,unknown,@local_corpus,OFC 2026 code Th1D.1 | published_on is the OFC 2026 presentation date from the conference schedule
torre2025,Folded electro-optical modulators operating at CMOS voltage level in a thin-film lithium niobate foundry process,Alberto Della Torre,Alberto Della Torre;Florian Dubois;Homa Zarebidaki;Andrea Volpini;Jacopo Leo;Arno Mettraux;Ayman Manzoor;Ivan Prieto;Davide Grassani;Olivier Dubochet;Michel Despont;Hamed Sattari,2025,2025-02-10,"Optics Express 33(4), 6747",10.1364/oe.548003,,https://doi.org/10.1364/oe.548003,journal,open_access,Optica-OA-License-v2,blog:OFS-37,lithium_niobate,mzm,2,unknown,,
uchiyama2024,225 Gb/s PAM4 2 km and 10 km Transmission of Electro-Absorption Modulator Integrated Laser With Hybrid Waveguide Structure,Uchiyama,"Uchiyama, Okuda, Hokama, Shirao, Yamauchi",2024,,Journal of Lightwave Technology,10.1109/jlt.2023.3303884,,https://doi.org/10.1109/jlt.2023.3303884,journal,unknown,,web_search;author_group_followup;continuation_2026_10_02,inp_mqw,eam,2,unknown,,"Discovery only; no metric extraction. Abstract-level claim from search metadata (verify in paper): Title: 225 Gb/s PAM4, 2 km and 10 km."
uchiyama2025,Demonstration of 155-Gbaud PAM4 and PAM6 Using a Narrow High-Mesa Electro-Absorption Modulator Integrated Laser,Uchiyama,"Uchiyama, Okuda, Tsuji, Hokama, Yamauchi",2025,,Journal of Lightwave Technology,10.1109/jlt.2024.3476997,,https://doi.org/10.1109/jlt.2024.3476997,journal,unknown,,web_search;author_group_followup;continuation_2026_10_02,inp_mqw,eam,2,unknown,,"Discovery only; no metric extraction. Abstract-level claim from search metadata (verify in paper): Title: 155 Gbaud PAM4/PAM6; conference version abstract (OFC 2024 Tu2D.1): ""TDECQ less than 3.3 dB at 310 Gbps (155 Gbaud PAM4) and clear eye diagram at 400 Gbps (155 Gbaud PAM6)""."
ummethala2021,Hybrid electro-optic modulator combining silicon photonic slot waveguides with high-k radio-frequency slotlines,Ummethala,Sandeep Ummethala;Juned N. Kemal;Ahmed S. Alam;Matthias Lauermann;Artem Kuzmin;Yasar Kutuvantavida;Sree H. Nandam;Lothar Hahn;Delwin L. Elder;Larry R. Dalton;Thomas Zwick;Sebastian Randel;Wolfgang Freude;Christian Koos,2021,2020-10-20,Optica,10.1364/optica.411161,2011.09931,https://doi.org/10.1364/optica.411161,journal,open_access,arXiv-nonexclusive,landmark,eo_polymer,mzm,2,unknown,,"SOH modulator with high-k RF slotline: UpiL 1.3 V mm, 200 Gbit/s PAM4. Surfaced via web search: SOH high-k slotlines."
vanackere2023,Heterogeneous integration of a high-speed lithium niobate modulator on silicon nitride using micro-transfer printing,Vanackere,T. Vanackere;T. Vandekerckhove;L. Bogaert;M. Billet;S. Poelman;S. Cuyvers;J. Van Kerrebrouck;A. Moerman;O. Caytan;N. Singh;S. Lemey;G. Torfs;P. Ossieur;G. Roelkens;S. Clemmen;B. Kuyken,2023,2023-08-01,APL Photonics,10.1063/5.0150878,,https://doi.org/10.1063/5.0150878,journal,open_access,,web_search;author_group_followup,lithium_niobate,other,2,unknown,,Source-cache discovery only; no metric extraction. Scope: core_integrated_modulator. Route: Niels -> Vanackere/Kuyken/Roelkens -> Ghent publication 5023. Cache status: cached. Exact cached version/rights: discovery manifest and source.json; no journal license inferred from a preprint.
wakita2024,100-GHz-bandwidth InP-based On-board Coherent Tx Front-end enabling 2-Tb/s/λ Optical Transmission,Hitoshi Wakita,Hitoshi Wakita;Munehiko Nagatani;Yoshihiro Ogiso;Masanori Nakamura;Fukutaro Hamaoka;Yuta Shiratori;Takayuki Kobayashi;Yutaka Miyamoto;Hiroyuki Takahashi,2024,,Optical Fiber Communication Conference (OFC) 2024,10.1364/ofc.2024.th4c.2,,https://doi.org/10.1364/ofc.2024.th4c.2,conference,unknown,,local_corpus,inp_mqw,iq_mzm,2,no,@local_corpus,possible extended journal version (title differs): doi 10.1109/jlt.2024.3472732; system-level front-end paper that includes the InP IQ modulator
wang2021,A Heterogeneous Silicon on Lithium Niobate Modulator for Ultra-Compact and High-Performance Photonic Integrated Circuits,Jing Wang,Jing Wang; Shaofu Xu; Jianping Chen; Weiwen Zou,2021,,IEEE Photonics Journal,10.1109/jphot.2020.3048690,,https://doi.org/10.1109/jphot.2020.3048690,journal,unknown,,web_search;author_group_followup;continuation_2026_10_02,lithium_niobate,mzm,2,unknown,,Discovery only; no metric extraction. Abstract-level claim from search metadata (verify in paper): modulation efficiency of 1.76 V·cm at 700 nm LN thickness; bandwidth exceeds 350 GHz. Likely numerical; confirm.
wang2021a,High-speed silicon photonic Mach-Zehnder modulator at 2 um,Xi Wang,Xi Wang; Weihong Shen; Wenxiang Li; Yingjie Liu; ...; Ke Xu,2021,,Photonics Research 9,10.1364/prj.417107,,https://doi.org/10.1364/prj.417107,journal,unknown,,web_search;author_group_followup;continuation_2026_10_02,silicon_plasma_dispersion,mzm,2,unknown,,"Discovery only; no metric extraction. Abstract-level claim from search metadata (verify in paper): efficiency ""1.6 V.cm""; up to ""80 Gbit/s"" PAM-4."
wang2022,Silicon–Lithium Niobate Hybrid Intensity and Coherent Modulators Using a Periodic Capacitively Loaded Traveling-Wave Electrode,Wang,Zong Wang;Gengxin Chen;Ziliang Ruan;Ranfeng Gan;Pucheng Huang;Zhiwen Zheng;Liwang Lu;Jun Li;Changjian Guo;Kaixuan Chen;Liu Liu,2022,2022-07-21,ACS Photonics,10.1021/acsphotonics.2c00263,,https://doi.org/10.1021/acsphotonics.2c00263,journal,unknown,,web_search;author_group_followup,lithium_niobate,other,2,unknown,,Source-cache discovery only; no metric extraction. Scope: core_integrated_modulator. Route: chen2022 -> periodic electrode / Liu Liu author network. Cache status: needs_retrieval. Exact cached version/rights: discovery manifest and source.json; no journal license inferred from a preprint.
wang2022a,Thin-Film Lithium Niobate based Dual-Polarization IQ modulator for Single-Carrier 1.6 Tb/s Transmission,Xuanhao Wang,Xuanhao Wang;Chenglin Shang;An Pan;Xingran Cheng;Tao Gui;Shuai Yuan;Chengcheng Gui;Keshuang Zheng;Peijie Zhang;Xiaolu Song;Yanbo Li;Liangchuan Li;Cheng Zeng;Jinsong Xia,2022,,arXiv,,2201.09730,https://arxiv.org/abs/2201.09730v1,arxiv_preprint,open_access,,web_search;author_group_followup,lithium_niobate,other,2,unknown,,Source-cache discovery only; no metric extraction. Scope: core_integrated_modulator. Route: Xu2022 -> DP-IQ topic -> Xuanhao Wang/Jinsong Xia HUST/Huawei. Cache status: cached. Exact cached version/rights: discovery manifest and source.json; no journal license inferred from a preprint.
wang2023,Loss compensation of an ultra-wideband electro-optic modulator in heterogeneous silicon/erbium-doped lithium niobate,Jing Wang,Jing Wang; Nina Xiong; Weiwen Zou,2023,,Optics Letters,10.1364/ol.489988,,https://doi.org/10.1364/ol.489988,journal,unknown,,web_search;author_group_followup;continuation_2026_10_02,lithium_niobate,mzm,2,unknown,,Discovery only; no metric extraction. Abstract-level claim from search metadata (verify in paper): bandwidth exceeding 170 GHz with a half-wave voltage of 3 V; ~4 dB propagation compensation at 1531 nm (predicted). Theoretical analysis per abstract.
wang2023a,120-GBaud 16-QAM silicon photonics IQ modulator (title truncated in source listing),Jian Wang,Jian Wang; Mustafa Al-Qadi; Wen-Jr Jiang; Kangmei Li; ...; Hui Xu,2023,,"Optics Express 31, 25515",10.1364/oe.489799,,https://doi.org/10.1364/oe.489799,journal,open_access,,web_search;author_group_followup;continuation_2026_10_02,silicon_plasma_dispersion,iq_mzm,2,unknown,,"Discovery only; no metric extraction. Abstract-level claim from search metadata (verify in paper): 120 GBaud 16-QAM; per-polarization output power ""-18.74 dBm""; BER ""1.4e-3"" (title truncated in Crossref listing). Crossref listing truncated the title after 'IQ modulator for...'; full title unverified"
wang2024,Robust thin-film lithium niobate modulator on a silicon substrate with backside holes,Mai Wang,Mai Wang; Lu Qi; Haohua Wang; Ziliang Ruan; ... Liu Liu,2024,,Chinese Optics Letters,10.3788/col202422.050601,,https://doi.org/10.3788/col202422.050601,journal,open_access,,web_search;author_group_followup;continuation_2026_10_02,lithium_niobate,mzm,2,unknown,,Discovery only; no metric extraction. Abstract-level claim from search metadata (verify in paper): insertion loss of 0.9 dB; half-wave-voltage-length product of 2.18 V·cm; bandwidth well exceeding 67 GHz for a 10-mm-long device; data rates up to 112 Gb/s.
wang2025a,High-bandwidth electro-optic modulator on a hybrid silicon-nitride-lithium-tantalate platform,Yun Wang,Yun Wang; Yuqi Chen; Wenfeng Zhou; Min Sun; ... Yong Zhang,2025,,Optics Letters,10.1364/ol.573836,,https://doi.org/10.1364/ol.573836,journal,unknown,,web_search;author_group_followup;continuation_2026_10_02,lithium_tantalate,mzm,2,unknown,,Discovery only; no metric extraction. Abstract-level claim from search metadata (verify in paper): half-wave voltage-length product of 2.75 V·cm; 67 GHz EO bandwidth.
wang2025b,Thin-film lithium niobate modulator with perfectly vertical coupling to a single-mode fiber,Haohua Wang,Haohua Wang; Lu Qi; Bin Chen; Ranfeng Gan; ... Liu Liu,2025,,Chinese Optics Letters,10.3788/col202523.051301,,https://doi.org/10.3788/col202523.051301,journal,open_access,,web_search;author_group_followup;continuation_2026_10_02,lithium_niobate,mzm,2,unknown,,Discovery only; no metric extraction. Abstract-level claim from search metadata (verify in paper): low fiber-to-fiber loss of 6.5 dB; 3-dB bandwidth exceeding 67 GHz; half-wave voltage of 3.8 V; OOK up to 100 Gbit/s.
wang2025c,High-Speed Direct-Detection Advanced Modulation Format Transmission Using a Silicon Microring Modulator with >90 GHz Bandwidth,Zelu Wang,Zelu Wang; Geyang Wang; Kaihang Lu; Hon Ki Tsang (author list as retrieved; may be partial),2025,,ECOC 2025,10.1109/ecoc66593.2025.11263448,,https://doi.org/10.1109/ecoc66593.2025.11263448,conference,unknown,,web_search;author_group_followup;continuation_2026_10_02,silicon_plasma_dispersion,ring,2,unknown,,"Discovery only; no metric extraction. Abstract-level claim from search metadata (verify in paper): "">90 GHz""; 300 Gb/s DMT, 280 Gb/s PAM4, 330 Gb/s PAM8. author list from OpenAlex possibly truncated"
wang2025d,Efficient and high-speed silicon Mach-Zehnder modulator at 2 um wavelengths,Jianing Wang,Jianing Wang; Jianwei Tang; Xuelin Zhang; Yihang Li; ...; Ke Xu,2025,,Optics Letters,10.1364/ol.568137,,https://doi.org/10.1364/ol.568137,journal,unknown,,web_search;author_group_followup;continuation_2026_10_02,silicon_plasma_dispersion,mzm,2,unknown,,Discovery only; no metric extraction. Abstract-level claim from search metadata (verify in paper): 35 GHz; 100 Gb/s on-chip modulation at 1976 nm; 0.82 V.cm.
wang2026,Dual-band silicon nitride-loaded lithium niobate electro-optic modulator with a record-breaking speed of 600 Gbps,Ze Wang,Ze Wang;Liheng Wang;Pu Zhang;Yongheng Jiang;Xiaozhe Song;Xudong Zhou;Huifu Xiao;Mingrui Yuan;Mei Xian Low;Aditya Dubey;Thach Giang Nguyen;Guanghui Ren;Arnan Mitchell;Yonghui Tian,2026,2026-09-04,"Optica 13(9), 1827",10.1364/optica.609834,,https://doi.org/10.1364/optica.609834,journal,open_access,CC-BY-4.0,blog:OFS-118,lithium_niobate,mzm,2,unknown,,
wang2026b,Multi-channel high-speed flip-chip packaging platform for thin-film lithium niobate photonic circuits,Zhenzheng Wang,Zhenzheng Wang; Xiangzhi Xie; Yikun Chen; Yifan Wu; ... Cheng Wang,2026,,arXiv preprint,,2606.15391,https://arxiv.org/abs/2606.15391,arxiv_preprint,arxiv,,web_search;author_group_followup;continuation_2026_10_02,lithium_niobate,other,2,unknown,,Discovery only; no metric extraction. Abstract-level claim from search metadata (verify in paper): bandwidth up to 50 GHz; ~3 dB insertion loss; < -20 dB crosstalk; 20 Gbit/s.
wang2026c,High-speed and stable 532-nm electro-optic modulator on thin-film lithium tantalate,Xuqiang Wang,Xuqiang Wang; Bowen Chen; Weiran Zhou; Jiachen Cai; ... Xin Ou,2026,,Optics Letters,10.1364/ol.605420,,https://doi.org/10.1364/ol.605420,journal,unknown,,web_search;author_group_followup;continuation_2026_10_02,lithium_tantalate,mzm,2,unknown,,Discovery only; no metric extraction. Abstract-level claim from search metadata (verify in paper): minimum half-wave-voltage-length product of 0.22 V·cm; propagation loss of 9.16 dB/cm; 3-dB EO bandwidth exceeding 20 GHz.
wang2026d,High-Density 4 x 400 Gbps WDM Transmitter with Energy-Efficient Silicon Microring Modulators in O- and C-Bands,Xin Wang,Xin Wang; Fenghe Yang; Ruoyu Shen; Yaotian Zhao; ...; Wei Chu,2026,,"ACS Photonics 13, 3671",10.1021/acsphotonics.6c00297,,https://doi.org/10.1021/acsphotonics.6c00297,journal,unknown,,web_search;author_group_followup;continuation_2026_10_02,silicon_plasma_dispersion,ring,2,unknown,,Discovery only; no metric extraction. Abstract-level claim from search metadata (verify in paper): 4 x 400 Gbps (from title).
wang2026e,Beyond 1.6-Tb/s Silicon LAN-WDM Transmitter for High-Energy-Efficiency Transmission,Xinyu Wang,Xinyu Wang; Shilan Zhou; Hui Yu; Jianyi Yang; ...; Penghui Xia,2026,,"IEEE Photonics Technology Letters 38, 267",10.1109/lpt.2025.3633837,,https://doi.org/10.1109/lpt.2025.3633837,journal,unknown,,web_search;author_group_followup;continuation_2026_10_02,silicon_plasma_dispersion,mzm,2,unknown,,"Discovery only; no metric extraction. Abstract-level claim from search metadata (verify in paper): 1.6 Tbps; ""0.18 pJ/bit"" efficiency; BER below 20% SD-FEC over 1 km."
wang2026f,High-Bandwidth and Efficient Silicon Microring Modulator Enabling Low-Complexity DMT Transmission,Zelu Wang,Zelu Wang; Geyang Wang; Kaihang Lu; Xuetong Zhou; ...; Hon Ki Tsang,2026,,Journal of Lightwave Technology,10.1109/jlt.2026.3683712,,https://doi.org/10.1109/jlt.2026.3683712,journal,unknown,,web_search;author_group_followup;continuation_2026_10_02,silicon_plasma_dispersion,ring,2,unknown,,"Discovery only; no metric extraction. Abstract-level claim from search metadata (verify in paper): bandwidth ""exceeding 110 GHz""; ""up to 50 pm/V""; ""262.5 Gbit/s"" DMT."
warner2025,DC-stable thin-film lithium niobate modulator at liquid nitrogen temperatures,Hana K. Warner,Hana K. Warner; Yuqi Zhao; Yu Zhang; Mian Zhang; Marko Lončar,2025,,Optics Letters,10.1364/ol.571632,,https://doi.org/10.1364/ol.571632,journal,unknown,,web_search;author_group_followup;continuation_2026_10_02,lithium_niobate,iq_mzm,2,unknown,,Discovery only; no metric extraction. Abstract-level claim from search metadata (verify in paper): none retrieved. Retrieved abstract has no figures of merit.
weckenmann2026,Super-Channel Transmission with Ultra-Compact Microring Modulators Achieving Net 612.9 Gbps per Polarization,Erwan Weckenmann,Erwan Weckenmann;Arman Safarnejadian;Alireza Geravand;Jean-Michel Vallée;Zibo Zheng;Simon Levasseur;Ming Zeng;Leslie A. Rusch;Wei Shi,2026,2026-03-16,"Optical Fiber Communication Conference (OFC) 2026, paper M1B.3",10.1364/ofc.2026.m1b.3,,https://doi.org/10.1364/ofc.2026.m1b.3,conference,unknown,,ofc2026;local_corpus,silicon_plasma_dispersion,ring,2,no,@local_corpus,OFC 2026 code M1B.3 | published_on is the OFC 2026 presentation date from the conference schedule
witmer2020,A silicon-organic hybrid platform for quantum microwave-to-optical transduction,Witmer,"Witmer, McKenna, Arrangoiz-Arriola, Van Laer, ... Safavi-Naeini",2020,,Quantum Science and Technology,10.1088/2058-9565/ab7eed,1912.10346,https://doi.org/10.1088/2058-9565/ab7eed,journal,arxiv,,web_search;author_group_followup;continuation_2026_10_02,eo_polymer,other,2,unknown,,"Discovery only; no metric extraction. Abstract-level claim from search metadata (verify in paper): ""electro-optic coupling rate of 590 Hz"" (published); selectivity ~10 dB; 6.7 GHz to 193 THz (via fetch-tool summary of Crossref abstract; arXiv v1 states 330 Hz). arXiv submitted 2019-12; journal issue 2020-04-27."
wolf2018a,Silicon-Organic Hybrid (SOH) Mach-Zehnder Modulators for 100 Gbit/s on-off Keying,Wolf,Stefan Wolf;Heiner Zwickel;Wladislaw Hartmann;Matthias Lauermann;Yasar Kutuvantavida;Clemens Kieninger;Lars Altenhain;Rolf Schmid;Jingdong Luo;Alex K.-Y. Jen;Sebastian Randel;Wolfgang Freude;Christian Koos,2018,2017-09-01,Scientific Reports,10.1038/s41598-017-19061-8,1709.01793,https://doi.org/10.1038/s41598-017-19061-8,journal,open_access,CC-BY-4.0,landmark,eo_polymer,mzm,2,unknown,,1.1 mm SOH MZM with Vpi 0.9 V; 100 Gbit/s OOK. Surfaced via web search: SOH 100 Gbit/s OOK.
wolf2018b,Coherent modulation up to 100 GBd 16QAM using silicon-organic hybrid (SOH) devices,Wolf,S. Wolf;H. Zwickel;C. Kieninger;M. Lauermann;W. Hartmann;Y. Kutuvantavida;W. Freude;S. Randel;C. Koos,2018,2018-01-03,Optics Express,10.1364/oe.26.000220,,https://doi.org/10.1364/oe.26.000220,journal,open_access,CC-BY-4.0,landmark,eo_polymer,mzm,2,unknown,,SOH devices for 100 GBd 16QAM coherent modulation (title). Surfaced via Crossref title search: SOH 16QAM 100 GBd. Unverified: only abstract fragment retrieved (25 fJ/bit).
wu2022,High-production-rate fabrication of low-loss lithium niobate electro-optic modulators using photolithography assisted chemo-mechanical etching (PLACE),Rongbo Wu,Rongbo Wu; Lang Gao; Youting Liang; Yong Zheng; ... Ya Cheng,2022,,arXiv preprint,,2201.10790,https://arxiv.org/abs/2201.10790,arxiv_preprint,arxiv,,web_search;author_group_followup;continuation_2026_10_02,lithium_niobate,mzm,2,unknown,,Discovery only; no metric extraction. Abstract-level claim from search metadata (verify in paper): 3-dB bandwidth over 50 GHz; half wave voltage-length product of 2.16 V·cm; fiber-to-fiber insertion loss of 2.6 dB.
wu2023,Wafer-scale Graphene Electro-absorption Modulators Fabricated in a 300mm CMOS Platform,Chenghan Wu,Chenghan Wu; Steven Brems; Didit Yudistira; Daire Cott; ...; Marianna Pantouvaki,2023,,arXiv preprint,,2304.02646,https://arxiv.org/abs/2304.02646,arxiv_preprint,arxiv,,web_search;author_group_followup;continuation_2026_10_02,other,eam,2,unknown,,"Discovery only; no metric extraction. Abstract-level claim from search metadata (verify in paper): ""modulation depth of 50 +- 4 dB/mm"" across 400 devices; bandwidth ""15.1 +- 1.8 GHz"". check for journal version"
wu2025,Heterogeneous Back‐End‐of‐Line Integration of Thin‐Film Lithium Niobate on Active Silicon Photonics for Single‐Chip Optical Transceivers,Lingfeng Wu,Lingfeng Wu;Zhonghao Zhou;Weilong Ma;Haohua Wang;Ziliang Ruan;Shiqing Gao;Zhishan Huang;Lu Qi;Jie Liu;Jing Feng;Changjian Guo;Dapeng Liu;Kaixuan Chen;Liu Liu,2026,2025-12-08,Laser & Photonics Reviews 20(18),10.1002/lpor.71344,2512.07196,https://doi.org/10.1002/lpor.71344,journal,arxiv,journal=http://onlinelibrary.wiley.com/termsAndConditions#vor; arxiv=arXiv-nonexclusive,blog:OFS-77;blog:OFS-118,lithium_niobate,mzm,2,unknown,,arXiv preprint and journal/proceedings version merged into one row (doi and arxiv_id both given)
xie2024,Broadband millimeter-wave frequency mixer based on thin-film lithium niobate photonics,Xiangzhi Xie,Xiangzhi Xie; Hanke Feng; Yuansheng Tao; Yiwen Zhang; ... Jianping Yao,2024,,arXiv preprint,,2410.12426,https://arxiv.org/abs/2410.12426,arxiv_preprint,arxiv,,web_search;author_group_followup;continuation_2026_10_02,lithium_niobate,other,2,unknown,,Discovery only; no metric extraction. Abstract-level claim from search metadata (verify in paper): frequency down-conversion across 20 GHz to 67 GHz; up-conversion to frequencies of up to 110 GHz.
xu2005,Micrometre-scale silicon electro-optic modulator,Qianfan Xu,Qianfan Xu;Bradley Schmidt;Sameer Pradhan;Michal Lipson,2005,,"Nature 435(7040), 325-327",10.1038/nature03569,,https://doi.org/10.1038/nature03569,journal,paywalled,http://www.springer.com/tdm,blog:OFS-69,silicon_plasma_dispersion,ring,2,no,,
xu2020,High-performance coherent optical modulators based on thin-film lithium niobate platform,Xu,Mengyue Xu;Mingbo He;Hongguang Zhang;Jian Jian;Ying Pan;Xiaoyue Liu;Lifeng Chen;Xiangyu Meng;Hui Chen;Zhaohui Li;Xi Xiao;Shaohua Yu;Siyuan Yu;Xinlun Cai,2020,2020-06-28,Nature Communications,10.1038/s41467-020-17806-0,2006.15536,https://doi.org/10.1038/s41467-020-17806-0,journal,open_access,CC-BY-4.0,landmark,lithium_niobate,iq_mzm,2,yes,,"TFLN IQ modulators with improved Vpi, bandwidth and loss; up to 320 Gbit/s. Surfaced via web search: TFLN coherent modulators. Unverified: no Vpi/bandwidth numbers in retrieved abstract."
xu2021a,Integrated thin film lithium niobate Fabry-Perot modulator [Invited],Mengyue Xu,Mengyue Xu; Mingbo He; Yuntao Zhu; Lin Liu; ... Xinlun Cai,2021,,Chinese Optics Letters,10.3788/col202119.060003,,https://doi.org/10.3788/col202119.060003,journal,unknown,,web_search;author_group_followup;continuation_2026_10_02,lithium_niobate,other,2,unknown,,Discovery only; no metric extraction. Abstract-level claim from search metadata (verify in paper): high tuning efficiency of 15.7 pm/V; NRZ data rate up to 56 Gbit/s.
xu2022a,Mid-Infrared Silicon-on-Lithium-Niobate Electro-Optic Modulators Toward Integrated Spectroscopic Sensing Systems,Siyu Xu,Siyu Xu; Zhihao Ren; Bowei Dong; Jingkai Zhou; ... Chengkuo Lee,2022,,Advanced Optical Materials,10.1002/adom.202202228,,https://doi.org/10.1002/adom.202202228,journal,unknown,,web_search;author_group_followup;continuation_2026_10_02,lithium_niobate,mzm,2,unknown,,Discovery only; no metric extraction. Abstract-level claim from search metadata (verify in paper): half-wave voltage length product of 12.3 V·cm at the wavelength of 3.78 um.
xu2024,High-Frequency and High-Linearity Lithium Niobate Electro-optic Modulator,Haochen Xu,Haochen Xu; Bingcheng Pan; Siyuan Wang; Hongxuan Liu; ... Daoxin Dai (last author per ACS listing not Crossref-confirmed),2024,,ACS Photonics,10.1021/acsphotonics.4c00622,,https://doi.org/10.1021/acsphotonics.4c00622,journal,unknown,,web_search;author_group_followup;continuation_2026_10_02,lithium_niobate,ring,2,unknown,,"Discovery only; no metric extraction. Abstract-level claim from search metadata (verify in paper): SFDR of ~118.47, 108.75 and 97.92 dB·Hz^(4/5) at 1, 10 and 20 GHz. Last-author name not verified."
xu2025,Ultrahigh Performance Cross-Linkable Organic Electro-Optic Material for Hybrid Modulators,Xu,"Xu, Elder, Johnson, de Coene, ... Robinson",2025,,Chemistry of Materials,10.1021/acs.chemmater.5c00027,,https://doi.org/10.1021/acs.chemmater.5c00027,journal,unknown,,web_search;author_group_followup;continuation_2026_10_02,eo_polymer,phase_shifter,2,unknown,,"Discovery only; no metric extraction. Abstract-level claim from search metadata (verify in paper): Per web-search abstract summary (ACS page not fetched): r33 up to 1100 pm/V uncrosslinked, >650 pm/V crosslinked; POH push-pull MZM equivalent VpiL = 38 V*um at 1550 nm. Numbers need verification against publisher abstract."
xu2026,A 2x500Gb/s Monolithic Silicon-Photonic DWDM PAM-4 Transceiver in 45nm CMOS SOI,Ziang Xu,Ziang Xu; Yalong Lin; Jinxuan Jin; Zhenkai Ye; ...; Xiaojun Bi,2026,,ISSCC 2026,10.1109/isscc49663.2026.11409086,,https://doi.org/10.1109/isscc49663.2026.11409086,conference,unknown,,web_search;author_group_followup;continuation_2026_10_02,silicon_plasma_dispersion,ring,2,unknown,,"Discovery only; no metric extraction. Abstract-level claim from search metadata (verify in paper): 2x5-lambda DWDM, 2x500 Gb/s (100 Gb/s PAM-4/channel); ""<2.5 pJ/b"" end-to-end loopback."
xue2023,Full-spectrum visible electro-optic modulator,Xue,Shixin Xue;Zhimin Shi;Jingwei Ling;Zhengdong Gao;Qili Hu;Kaibo Zhang;Gareth Valentine;Xi Wu;Jeremy Staffa;Usman A. Javid;Qiang Lin,2023,2023-01-19,Optica,10.1364/OPTICA.482667,,https://doi.org/10.1364/OPTICA.482667,journal,unknown,,web_search;author_group_followup,lithium_niobate,other,2,unknown,,Source-cache discovery only; no metric extraction. Scope: core_integrated_modulator. Route: li2020 -> Qiang Lin -> Rochester/Meta visible modulators. Cache status: needs_retrieval. Exact cached version/rights: discovery manifest and source.json; no journal license inferred from a preprint.
yang2024,High-Bandwidth Lumped Mach-Zehnder Modulators Based on Thin-Film Lithium Niobate,Yang,Peng Yang;Siwei Sun;Yuqiang Zhang;Rui Cao;Huimin He;Haiyun Xue;Fengman Liu,2024,2024-04-25,Photonics,10.3390/photonics11050399,,https://doi.org/10.3390/photonics11050399,journal,unknown,,web_search;author_group_followup,lithium_niobate,other,2,unknown,,Source-cache discovery only; no metric extraction. Scope: core_integrated_modulator. Route: topic search -> lumped vs traveling-wave LN. Cache status: needs_retrieval. Exact cached version/rights: discovery manifest and source.json; no journal license inferred from a preprint.
yang2026,A Compact Mach-Zehnder Modulator in 300 mm Silicon Photonic Platform towards 400Gbps/lane Transmission,Fenghe Yang,Fenghe Yang;Erse Jia;Ying Wang;Xinran Zhao;Weisheng Wang;Haiwen Cai;Wei Chu,2026,2026-03-16,"Optical Fiber Communication Conference (OFC) 2026, paper M2A.6",10.1364/ofc.2026.m2a.6,,https://doi.org/10.1364/ofc.2026.m2a.6,conference,unknown,,ofc2026;local_corpus,silicon_plasma_dispersion,mzm,2,no,@local_corpus,OFC 2026 code M2A.6 | published_on is the OFC 2026 presentation date from the conference schedule | local NTT notes list this code under a different title (Slow-Light ... 94.7 GHz); API title kept
yao2024,Optimization of InP-based traveling-wave Mach-Zehnder modulator design using artificial neural network and heuristic algorithms,Ruoyun Yao,Ruoyun Yao;Weiwei Pan;Yu Cheng;Chen Ji,2024,2024-11-11,"Optics Express 32(24), 42993",10.1364/oe.536777,,https://doi.org/10.1364/oe.536777,journal,open_access,Optica-OA-License-v2,local_corpus,inp_mqw,mzm,2,no,,"lead gave only Optics Express URL (32(24) 42993); matched on journal, volume, issue and page; design is simulated per local README"
yeh2026,Hysteresis and trap emission in dc-biased integrated lithium niobate electro-optic modulators,Matthew Yeh,Matthew Yeh; CJ Xin; Donald Witt; David R. Barton; ... Marko Lončar,2026,,arXiv preprint,,2609.17489,https://arxiv.org/abs/2609.17489,arxiv_preprint,arxiv,,web_search;author_group_followup;continuation_2026_10_02,lithium_niobate,other,2,unknown,,Discovery only; no metric extraction. Abstract-level claim from search metadata (verify in paper): Electro-optic hysteresis can be reversed under both zero-bias and reverse-bias conditions. No device figures of merit in abstract.
yezekyan2024,Plasmonic electro-optic modulators on lead zirconate titanate platform,Yezekyan,"Yezekyan, Thomaschewski, Thrane, Bozhevolnyi",2024,,Nanophotonics,10.1515/nanoph-2024-0039,,https://doi.org/10.1515/nanoph-2024-0039,journal,open_access,,web_search;author_group_followup;continuation_2026_10_02,pzt,other,2,unknown,,"Discovery only; no metric extraction. Abstract-level claim from search metadata (verify in paper): ""high modulation depth (>40 %) is achieved with 15 um-long electro-optic directional coupler modulators""; frequency-response cutoff ~200 kHz. Low-speed (~200 kHz cutoff)."
yin2025,High-speed micro-ring modulator using ferroelectric PLZT for integrated photonics,Yuexin Yin,Yuexin Yin;Shangci Yang;Sahar Alasvand Yazdani;Hiromu Sato;Guo-Wei Lu;Shiyoshi Yokoyama,2025,2025-12-01,APL Photonics 10(12),10.1063/5.0296778,,https://doi.org/10.1063/5.0296778,journal,open_access,CC-BY-4.0,blog:OFS-79,plzt,ring,2,no,,
yin2026,A 256 Gb/s Silicon Euler Microring Modulator with 3 THz FSR and >67 GHz Bandwidth,Yuchen Yin,Yuchen Yin;Aoxue Wang;Jiajian Chen;Yichen Xu;Weilu Wu;Xinyi Hu;Jinlong Xiang;Youlve Chen;Zhenyu Zhao;An He;Zongheng Weng;Yaotian Zhao;Wei Chu;Ting Wang;Yikai Su;Xuhan Guo,2026,2026-03-16,"Optical Fiber Communication Conference (OFC) 2026, paper M2A.1",10.1364/ofc.2026.m2a.1,,https://doi.org/10.1364/ofc.2026.m2a.1,conference,unknown,,ofc2026;local_corpus,silicon_plasma_dispersion,ring,2,no,@local_corpus,OFC 2026 code M2A.1 | published_on is the OFC 2026 presentation date from the conference schedule
yokoyama2025,200 GBd Electro-optic PLZT Modulator for O-band Transmission,Yokoyama,"Yokoyama, Yin, Yazdani, Sato, Lu",2025,,OFC 2025 (paper Th1E.2),10.1364/ofc.2025.th1e.2,,https://doi.org/10.1364/ofc.2025.th1e.2,journal,unknown,,web_search;author_group_followup;continuation_2026_10_02,plzt,mzm,2,unknown,,"Discovery only; no metric extraction. Abstract-level claim from search metadata (verify in paper): ""200 GBd modulation using a ferroelectric film-on-insulator (PLZT) modulator. The 2.5 mm-long phase shifter ... error-free O-band transmission over a 2.0 km distance"". Related known paper: Yin 2025 (PLZT microring, APL)."
youssefi2021,A cryogenic electro-optic interconnect for superconducting devices,Youssefi,Amir Youssefi;Itay Shomroni;Yash J. Joshi;Nathan R. Bernier;Anton Lukashchuk;Philipp Uhrich;Liu Qiu;Tobias J. Kippenberg,2021,2021-05-10,Nature Electronics,10.1038/s41928-021-00570-4,,https://doi.org/10.1038/s41928-021-00570-4,journal,paywalled,,landmark,lithium_niobate,other,2,no,,"TFLN-based cryogenic electro-optic link between superconducting devices. Surfaced via task brief: cryogenic; Crossref title search. Unverified: abstract not retrieved; platform guess from knowledge, not verified."
yu2023,Polymer micro-ring modulator on silicon nitride platform,Yu,"Yu, Li, Wang, Qiu",2023,,Applied Physics Letters,10.1063/5.0169017,,https://doi.org/10.1063/5.0169017,journal,unknown,,web_search;author_group_followup;continuation_2026_10_02,eo_polymer,ring,2,unknown,,"Discovery only; no metric extraction. Abstract-level claim from search metadata (verify in paper): ""electrical tunability of 10 pm/V, corresponding to an in-device EO coefficient as 60 pm/V ... 3-dB bandwidth of 32 GHz and a data rate of 40 Gbps""."
yu2024,Stable room-temperature multiferroic skyrmions in lithium niobate with enhanced Pockels effect,Yalong Yu,Yalong Yu;Bo Xiong;Siqi Wu;Yekai Ren;Nuo Chen;Qingjiao Mi;Kangping Lou;Rui Wang;Tao Chu,2024,,arXiv,,2407.05349,https://arxiv.org/abs/2407.05349,arxiv_preprint,open_access,,web_search;author_group_followup,lithium_niobate,other,2,unknown,,Source-cache discovery only; no metric extraction. Scope: auxiliary_material_and_pockels_study. Route: yue2025 -> Tao Chu/Bo Xiong -> material-enhanced modulator. Cache status: cached. Exact cached version/rights: discovery manifest and source.json; no journal license inferred from a preprint.
yu2025,Driver-Free and Bias-Free 112 Gb/S NRZ O-Band Silicon Microring Modulator with 95 GHz Bandwidth,Fengxin Yu,Fengxin Yu; Fangchen Hu; Xingyu Liu; Aoxue Wang; ...; Xiao Hu,2025,,ECOC 2025,10.1109/ecoc66593.2025.11263342,,https://doi.org/10.1109/ecoc66593.2025.11263342,conference,unknown,,web_search;author_group_followup;continuation_2026_10_02,silicon_plasma_dispersion,ring,2,unknown,,"Discovery only; no metric extraction. Abstract-level claim from search metadata (verify in paper): ""95 GHz at 0V""; ""0.538 V.cm""; 6.97 nm FSR; 112 Gb/s NRZ at 0.9 Vpp."
yu2025a,Thin-Film Lead Zirconate Titanate Nanobeam Electro-Optic Modulator,Yu,"Yu, Xie, Li, Wang, ... Qiu",2025,,ACS Photonics,10.1021/acsphotonics.4c02113,,https://doi.org/10.1021/acsphotonics.4c02113,journal,unknown,,web_search;author_group_followup;continuation_2026_10_02,pzt,eam,2,unknown,,Discovery only; no metric extraction. Abstract-level claim from search metadata (verify in paper): Abstract not retrievable (no Crossref abstract). Numbers not verified.
yu2026,A 420 Gb/s/lane O-Band PAM-4 TOSA Based on Thin-Film Lithium Niobate for IM-DD Applications,Haijiang Yu,Haijiang Yu;Ming Su;Ruizhi Zhang;Hao Zhang;Peng Gao;Yuan Yao;Li huang;Shusheng Peng;Xiaoyu Li;Hongbo Zhan;Wenjia Xu;Xudong Gao;Chuanneng Luo;Madhav Bhatta;Changfei Hu,2026,2026-03-18,"Optical Fiber Communication Conference (OFC) 2026, paper W4J.4",10.1364/ofc.2026.w4j.4,,https://doi.org/10.1364/ofc.2026.w4j.4,conference,unknown,,ofc2026;local_corpus,lithium_niobate,mzm,2,unknown,@local_corpus,OFC 2026 code W4J.4 | published_on is the OFC 2026 presentation date from the conference schedule
yu2026a,Freestanding BaTiO3 membranes for electro-optic performance enhancement and hybrid integration,Yu,"Yu, He",2026,,Advanced Photonics,10.1117/1.ap.8.5.056012,,https://doi.org/10.1117/1.ap.8.5.056012,journal,open_access,,web_search;author_group_followup;continuation_2026_10_02,barium_titanate,ring,2,unknown,,"Discovery only; no metric extraction. Abstract-level claim from search metadata (verify in paper): ""linear electro-optic coefficient of 300 pm/V and stable performance across a temperature range from room temperature to 493 K""; ""3 dB voltage-length product of 0.07 V*cm"" (as stated in abstract). Issued date 2026-09-26 per Crossref."
yuan2022,A 100 Gb/s PAM4 Two-Segment Silicon Microring Resonator Modulator Using a Standard Foundry Process,Yuan Yuan,Yuan Yuan; Wayne V. Sorin; Zhihong Huang; Xiaoge Zeng; ...; Raymond G. Beausoleil,2022,,"ACS Photonics 9, 1165",10.1021/acsphotonics.1c01389,,https://doi.org/10.1021/acsphotonics.1c01389,journal,unknown,,web_search;author_group_followup;continuation_2026_10_02,silicon_plasma_dispersion,ring,2,unknown,,Discovery only; no metric extraction. Abstract-level claim from search metadata (verify in paper): 100 Gb/s PAM4; ~5.7 nm FSR; Q ~3600; ~13 dB ER; ~40 GHz EO bandwidth.
yuan2024,A 5 x 200 Gbps microring modulator silicon chip empowered by two-segment Z-shape junctions,Yuan Yuan,Yuan Yuan; Yiwei Peng; Wayne V. Sorin; Stanley Cheung; ...; Raymond G. Beausoleil,2024,,Nature Communications 15,10.1038/s41467-024-45301-3,,https://doi.org/10.1038/s41467-024-45301-3,journal,open_access,,web_search;author_group_followup;continuation_2026_10_02,silicon_plasma_dispersion,ring,2,unknown,,"Discovery only; no metric extraction. Abstract-level claim from search metadata (verify in paper): DWDM MRM array; ""full data rate of 1 Tb/s""; ""sub-ten fJ/bit""."
yue2023,Breaking the Baud Rate Ceiling of Electro-Optic Modulators Using Optical Equalization Technique,Hengsong Yue,Hengsong Yue; Nuo Chen; Tao Chu,2023,,arXiv preprint,,2312.14537,https://arxiv.org/abs/2312.14537,arxiv_preprint,arxiv,,web_search;author_group_followup;continuation_2026_10_02,silicon_plasma_dispersion,iq_mzm,2,unknown,,"Discovery only; no metric extraction. Abstract-level claim from search metadata (verify in paper): ""potential to enable silicon modulators to operate at 200 Gbaud and beyond"" (abstract-level; numbers not retrieved). precursor to known Yue 2025 (Optica; 2410.09816); check whether same work"
zhang2020,200 Gbit/s Optical PAM4 Modulation Based on Silicon Microring Modulator,Yuguang Zhang,Yuguang Zhang; Hongguang Zhang; Miaofeng Li; Peng Feng; ...; Shaohua Yu,2020,,ECOC 2020,10.1109/ecoc48923.2020.9333187,,https://doi.org/10.1109/ecoc48923.2020.9333187,conference,unknown,,web_search;author_group_followup;continuation_2026_10_02,silicon_plasma_dispersion,ring,2,unknown,,"Discovery only; no metric extraction. Abstract-level claim from search metadata (verify in paper): VpiL ""0.8 V.cm""; 3-dB EO bandwidth "">67 GHz""; 120 Gbit/s NRZ and 200 Gbit/s PAM4."
zhang2021,High Bandwidth Capacitance Efficient Silicon MOS Modulator,Weiwei Zhang,Weiwei Zhang; Kapil Debnath; Bigeng Chen; Ke Li; ...; David J. Thomson,2021,,"Journal of Lightwave Technology 39, 201",10.1109/jlt.2020.3026945,,https://doi.org/10.1109/jlt.2020.3026945,journal,unknown,,web_search;author_group_followup;continuation_2026_10_02,silicon_plasma_dispersion,mzm,2,unknown,,"Discovery only; no metric extraction. Abstract-level claim from search metadata (verify in paper): 3 dB EO bandwidth ""above 35 GHz""; effective capacitance ~0.5 fF/um; 60 Gbit/s NRZ."
zhang2021c,Asymmetric Ge/SiGe coupled quantum well modulators,Yi Zhang,Yi Zhang; Jianfeng Gao; Senbiao Qin; Ming Cheng; ...; Junqiang Sun,2021,,Nanophotonics,10.1515/nanoph-2021-0007,,https://doi.org/10.1515/nanoph-2021-0007,journal,open_access,,web_search;author_group_followup;continuation_2026_10_02,germanium_silicon_eam,eam,2,unknown,,Discovery only; no metric extraction. Abstract-level claim from search metadata (verify in paper): 5 dB ER at 1446 nm; delta-n 1.4e-3; 27 GHz bandwidth; <100 fJ/bit.
zhang2022a,240 Gb/s optical transmission based on an ultrafast silicon microring modulator,Yuguang Zhang,Yuguang Zhang; Hongguang Zhang; Junwen Zhang; Jia Liu; ...; Shaohua Yu,2022,,"Photonics Research 10, 1127",10.1364/prj.441791,,https://doi.org/10.1364/prj.441791,journal,unknown,,web_search;author_group_followup;continuation_2026_10_02,silicon_plasma_dispersion,ring,2,unknown,,"Discovery only; no metric extraction. Abstract-level claim from search metadata (verify in paper): ""240 Gb/s PAM-8 signal transmission over 2 km standard single-mode fiber""."
zhang2023,High-speed electro-optic modulation in topological interface states of a one-dimensional lattice,Zhang,Yong Zhang;Jian Shen;Jingchi Li;Hongwei Wang;Chenglong Feng;Lei Zhang;Lu Sun;Jian Xu;Ming Liu;Ying Wang;Yonghui Tian;Jianwen Dong;Yikai Su,2023,2023-08-29,Light: Science &amp; Applications,10.1038/s41377-023-01251-x,,https://doi.org/10.1038/s41377-023-01251-x,journal,open_access,,web_search;author_group_followup,lithium_niobate,other,2,unknown,,Source-cache discovery only; no metric extraction. Scope: core_integrated_modulator. Route: Zhang2021b -> Yikai Su/Yong Zhang SJTU group publications. Cache status: cached. Exact cached version/rights: discovery manifest and source.json; no journal license inferred from a preprint.
zhang2024,Monolithic lithium niobate photonic chip for efficient terahertz-optic modulation and terahertz generation,Yiwen Zhang,Yiwen Zhang; Jingwei Yang; Zhaoxi Chen; Hanke Feng; ... Cheng Wang,2024,,arXiv preprint,,2406.19620,https://arxiv.org/abs/2406.19620,arxiv_preprint,arxiv,,web_search;author_group_followup;continuation_2026_10_02,lithium_niobate,other,2,unknown,,Discovery only; no metric extraction. Abstract-level claim from search metadata (verify in paper): radio frequency (RF) half-wave voltage of 8V at 500 GHz; measured continuous wave THz generation efficiency of 4.8*10^-6/W.
zhang2025a,High-bandwidth CMOS-level integrated thin-film lithium niobate electro-optic modulator at 1064 nm wavelength,Boyu Zhang,Boyu Zhang; Jiang Qu; Yuefei Weng; Wenbing Jiang; ...,2025,,Optics & Laser Technology,10.1016/j.optlastec.2025.113335,,https://doi.org/10.1016/j.optlastec.2025.113335,journal,unknown,,web_search;author_group_followup;continuation_2026_10_02,lithium_niobate,mzm,2,unknown,,"Discovery only; no metric extraction. Abstract-level claim from search metadata (verify in paper): half-wave voltage of 2.8 V and 38 GHz bandwidth in a 5 mm design; microwave loss cut by 75%, roll-off 0.33 dB at 80 GHz. Last author not retrieved."
zhang2026,High-performance dual-band silicon slow-light modulator for DWDM chip-scale applications,Zanyun Zhang,Zanyun Zhang; Hao Jiang; Meixin Li; Qixin Wang; ...; Beiju Huang,2026,,Optics Express,10.1364/oe.579162,,https://doi.org/10.1364/oe.579162,journal,open_access,,web_search;author_group_followup;continuation_2026_10_02,silicon_plasma_dispersion,other,2,unknown,,"Discovery only; no metric extraction. Abstract-level claim from search metadata (verify in paper): 201 um; ""5.3 dB"" normalized IL; EO bandwidth ""up to 85 GHz""; 128 Gbaud OOK; ""0.242 pJ/bit""."
zhang2026a,Ferroelectric Nematic Glass-Based Silicon Photonics Modulator for Net 400 Gbps IM/DD Transmission,Kaibo Zhang,Kaibo Zhang;Li-Yuan Chiang;Ching-Wen Huang;Charles St-Arnault;Benton Qiu;Jerome Jahn;James Christensen;Santiago Bernal;Codey Nacke;Pao-Chieh Huang;Neda Bathaei;Aleksandar Nikic;Yixiang Hu;Cory Pecinovsky;Chirag Patel;Pavel Savechenkov;Morten Nissov;Mark Harrison;Gianlorenzo Masini;David V. Plant,2026,2026-03-16,"Optical Fiber Communication Conference (OFC) 2026, paper M2B.4",10.1364/ofc.2026.m2b.4,,https://doi.org/10.1364/ofc.2026.m2b.4,conference,unknown,,ofc2026;local_corpus,ferroelectric_nematic_lc,mzm,2,no,@local_corpus,OFC 2026 code M2B.4 | published_on is the OFC 2026 presentation date from the conference schedule
zhang2026c,Microwave Characteristics and Bandwidth of BaTiO 3 Crystal Film Waveguide Electrooptic Modulator to Match the Light‐Wave Standard (Invited),Zhang,Junyu Zhang;Zi Wang;DeGui Sun;Zheng Wen;Na Sun;Kaiping Zhang,2026,2026-01-30,physica status solidi (RRL) – Rapid Research Letters,10.1002/pssr.202500340,,https://doi.org/10.1002/pssr.202500340,journal,unknown,,web_search;author_group_followup,barium_titanate,other,2,unknown,,Source-cache discovery only; no metric extraction. Scope: auxiliary_microwave_model. Route: deng2026 -> BTO microwave characteristics -> publisher. Cache status: needs_retrieval. Exact cached version/rights: discovery manifest and source.json; no journal license inferred from a preprint.
zheng2021,Silicon IQ Modulator for 120 Gbaud QAM,Zibo Zheng,Zibo Zheng; Abdolkhalegh Mohammadi; Omid Jafari; Wei Shi,2021,,ECOC 2021,10.1109/ecoc52684.2021.9605951,,https://doi.org/10.1109/ecoc52684.2021.9605951,conference,unknown,,web_search;author_group_followup;continuation_2026_10_02,silicon_plasma_dispersion,iq_mzm,2,unknown,,"Discovery only; no metric extraction. Abstract-level claim from search metadata (verify in paper): 120 Gbaud 32QAM, 600 Gb/s line rate on single polarization, BER below FEC threshold."
zheng2022,Transmission of 120 Gbaud QAM With an All-Silicon Segmented Modulator,Zibo Zheng,Zibo Zheng; Abdolkhalegh Mohammadi; Omid Jafari; Hassan Sepehrian; ...; Leslie A. Rusch,2022,,"Journal of Lightwave Technology 40, 5457",10.1109/jlt.2022.3180981,,https://doi.org/10.1109/jlt.2022.3180981,journal,unknown,,web_search;author_group_followup;continuation_2026_10_02,silicon_plasma_dispersion,iq_mzm,2,unknown,,"Discovery only; no metric extraction. Abstract-level claim from search metadata (verify in paper): >40 GHz (4 mm segments), 60 GHz (2 mm segments); 120 Gbaud 16/32 QAM; net 483 Gb/s per polarization."
zhong2026,Ultracompact and large-bandwidth silicon modulator in a CMOS-compatible foundry,Zhong,Hua Zhong;Jingchi Li;Yu He;Hongwei Wang;Yuqi Chen;Yong Zhang;Xingfeng Li;Yuhan Du;Yikai Su,2026,2025-12-18,Nature Communications,10.1038/s41467-025-67826-x,,https://doi.org/10.1038/s41467-025-67826-x,journal,open_access,,web_search;author_group_followup,silicon_plasma_dispersion,other,2,unknown,,Source-cache discovery only; no metric extraction. Scope: core_integrated_modulator. Route: Zhang2021b -> Yikai Su SJTU group publications; group year label needs Crossref verification. Cache status: cached. Exact cached version/rights: discovery manifest and source.json; no journal license inferred from a preprint.
zhou2020,High Baud Rate All-Silicon Photonics Carrier Depletion Modulators,Jianying Zhou,Jianying Zhou; Jian Wang; Likai Zhu; Qun Zhang,2020,,"Journal of Lightwave Technology 38, 272",10.1109/jlt.2019.2933384,,https://doi.org/10.1109/jlt.2019.2933384,journal,unknown,,web_search;author_group_followup;continuation_2026_10_02,silicon_plasma_dispersion,iq_mzm,2,unknown,,"Discovery only; no metric extraction. Abstract-level claim from search metadata (verify in paper): IQ modulators at 85 Gbaud 16/64 QAM, >25 dB ER; 100 Gbaud 32QAM with 6 dB bandwidth 50 GHz."
zhou2023,Silicon-Organic Hybrid Electro-Optic Modulator and Microwave Photonics Signal Processing Applications,Zhou,"Zhou, Chao, Su, Fu, ... Han",2023,,Micromachines,10.3390/mi14111977,,https://doi.org/10.3390/mi14111977,journal,open_access,,web_search;author_group_followup;continuation_2026_10_02,eo_polymer,mzm,2,unknown,,"Discovery only; no metric extraction. Abstract-level claim from search metadata (verify in paper): ""3 dB bandwidth of over 50 GHz and half-wave voltage length product of 0.26 V*cm""; ""phase shift range of 410 deg from 8 GHz to 26 GHz with ... less than 38 mW""."
zhou2024,Integrated electro-optic modulator on a lead zirconate titanate-silicon nitride heterogeneous platform,Zhou,Wenfeng Zhou;Yong Zhang;Yongheng Jiang;Pu Zhang;Jian Shen;Xun Zhang;Yuqi Chen;Min Sun;Feng Qiu;Huifu Xiao;Yonghui Tian;Yikai Su,2024,2024-11-04,Optics Letters,10.1364/OL.538022,,https://doi.org/10.1364/OL.538022,journal,unknown,,web_search;author_group_followup,pzt,other,2,unknown,,Source-cache discovery only; no metric extraction. Scope: core_integrated_modulator. Route: Zhang2021b -> Yikai Su/Yong Zhang -> Zhou/Feng Qiu. Cache status: needs_retrieval. Exact cached version/rights: discovery manifest and source.json; no journal license inferred from a preprint.
zhou2026,400G/lane for Linear-drive Optics Applications,Jianying Zhou,Jianying Zhou;Lei Xin;Xuelei Zhang;Fangyuan Meng;Yang Liu;Qisheng Zhao;Jin Hong,2026,2026-03-19,"Optical Fiber Communication Conference (OFC) 2026, paper Th1C.3",10.1364/ofc.2026.th1c.3,,https://doi.org/10.1364/ofc.2026.th1c.3,conference,unknown,,ofc2026;local_corpus,lithium_niobate,mzm,2,unknown,@local_corpus,OFC 2026 code Th1C.3 | published_on is the OFC 2026 presentation date from the conference schedule
zhou2026a,150 Gbaud high-efficiency O-band silicon microring modulator,Zhiyuan Zhou,Zhiyuan Zhou; Zhihan Sun; Huajie Wan; Qi Tian; ...; Minming Zhang,2026,,"Optics Express 34, 12777",10.1364/oe.591496,,https://doi.org/10.1364/oe.591496,journal,open_access,,web_search;author_group_followup;continuation_2026_10_02,silicon_plasma_dispersion,ring,2,unknown,,"Discovery only; no metric extraction. Abstract-level claim from search metadata (verify in paper): ""51 pm/V modulation efficiency""; ""150 Gbaud NRZ signal operation with a 2 Vpp swing""."
zhu2022,Spectral control of nonclassical light using an integrated thin-film lithium niobate modulator,Di Zhu,Di Zhu; Changchen Chen; Mengjie Yu; Linbo Shao; ... Marko Lončar,2022,,Light: Science & Applications,10.1038/s41377-022-01029-7,2112.09961,https://doi.org/10.1038/s41377-022-01029-7,journal,arxiv,,web_search;author_group_followup;continuation_2026_10_02,lithium_niobate,ring,2,unknown,,Discovery only; no metric extraction. Abstract-level claim from search metadata (verify in paper): electro-optic frequency shearing of telecom single photons over terahertz range (+/-641 GHz or +/-5.2 nm); eighteen-fold bandwidth compression.
zhu2025a,Folded Sub-1V Vπ Thin Film Lithium Niobate Phase Modulator,Xiaofeng Zhu,Xiaofeng Zhu;Marco Moller de Freitas;Shouyuan Shi;Peng Yao;Fuquan Wang;Christopher J. Cullen;Maxwell Hinkle;Dennis W. Prather,2025,2025-03-01,"IEEE Photonics Technology Letters 37(5), 301-304",10.1109/lpt.2025.3544127,,https://doi.org/10.1109/lpt.2025.3544127,journal,open_access,CC-BY-4.0,blog:OFS-37,lithium_niobate,phase_shifter,2,unknown,,lead gave IEEE arnumber only; resolved by exact-title Crossref search (title has Vpi as symbol)
zwickel2020,Verified equivalent-circuit model for slot-waveguide modulators,Zwickel,Heiner Zwickel;Stefan Singer;Clemens Kieninger;Yasar Kutuvantavida;Narek Muradyan;Thorsten Wahlbrink;Shiyoshi Yokoyama;Sebastian Randel;Wolfgang Freude;Christian Koos,2020,2020-04-16,Optics Express,10.1364/OE.383120,2001.02642,https://doi.org/10.1364/OE.383120,journal,open_access,,web_search;author_group_followup,eo_polymer,other,2,unknown,,"Source-cache discovery only; no metric extraction. Scope: core_modulator_model. Route: Kieninger/Ummethala -> Koos/Zwickel -> arXiv; 2020 journal, earlier preprint. Cache status: cached. Exact cached version/rights: discovery manifest and source.json; no journal license inferred from a preprint."
anderson2025,Quantum critical electro-optic and piezo-electric nonlinearities,Christopher P. Anderson,Christopher P. Anderson;Giovanni Scuri;Aaron Chan;Sungjun Eun;Alexander D. White;Geun Ho Ahn;Christine Jilly;Amir Safavi-Naeini;Kasper Van Gasse;Lu Li;Jelena Vučković,2025,2025-02-21,"Science 390(6771), 394-399",10.1126/science.adx8657,2502.15164,https://doi.org/10.1126/science.adx8657,journal,arxiv,CC-BY-4.0,blog:OFS-69,strontium_titanate,other,3,no,,arXiv preprint and journal/proceedings version merged into one row (doi and arxiv_id both given)
chelladurai2025,Barium titanate and lithium niobate permittivity and Pockels coefficients from megahertz to sub-terahertz frequencies,Daniel Chelladurai,Daniel Chelladurai;Manuel Kohli;Joel Winiger;David Moor;Andreas Messner;Yuriy Fedoryshyn;Mohammed Eleraky;Yuqi Liu;Hua Wang;Juerg Leuthold,2025,2025-03-17,"Nature Materials 24(6), 868-875",10.1038/s41563-025-02158-1,,https://doi.org/10.1038/s41563-025-02158-1,journal,open_access,CC-BY-4.0,drive_doc;local_corpus,barium_titanate,other,3,no,@local_corpus,
churaev2023,A heterogeneously integrated lithium niobate-on-silicon nitride photonic platform,Churaev,Mikhail Churaev;Rui Ning Wang;Annina Riedhauser;Viacheslav Snigirev;Terence Blésin;Charles Möhl;Miles H. Anderson;Anat Siddharth;Youri Popoff;Ute Drechsler;Daniele Caimi;Simon Hönl;Johann Riemensberger;Junqiu Liu;Paul Seidler;Tobias J. Kippenberg,2023,2023-06-13,Nature Communications,10.1038/s41467-023-39047-7,,https://doi.org/10.1038/s41467-023-39047-7,journal,open_access,CC-BY-4.0,landmark,lithium_niobate,mzm,3,no,,Wafer-scale bonding of TFLN to Si3N4 PICs; foundry-ready platform. Surfaced via Crossref title search: LN-on-SiN platform. Unverified: abstract reports no EO metrics.
dai2026,High-Performance Thin-Film Lithium Niobate Photonic Filters and Modulators,Daoxin Dai,Daoxin Dai;Weixun Zhu;Hongxuan Liu;Mingyu Zhu;Jianghao He;Liu Liu,2026,2026-03-17,"Optical Fiber Communication Conference (OFC) 2026, paper Tu3C.6",10.1364/ofc.2026.tu3c.6,,https://doi.org/10.1364/ofc.2026.tu3c.6,conference,unknown,,ofc2026;local_corpus,lithium_niobate,other,3,unknown,,OFC 2026 code Tu3C.6 | progress overview of TFLN filters and modulators | published_on is the OFC 2026 presentation date from the conference schedule
dourado2021,Challenges in silicon photonics modulators for data center interconnect applications,Diego M. Dourado,Diego M. Dourado; Giovanni B. de Farias; Rodrigo H. Gounella; Monica de L. Rocha; J.P. Carmo,2021,,Optics & Laser Technology,10.1016/j.optlastec.2021.107376,,https://doi.org/10.1016/j.optlastec.2021.107376,review,unknown,,web_search;author_group_followup;continuation_2026_10_02,silicon_plasma_dispersion,other,3,unknown,,Discovery only; no metric extraction. Abstract-level claim from search metadata (verify in paper): design challenges across modulator types for datacenter interconnects.
georgiev2022,Near-IR & Mid-IR Silicon Photonics Modulators,Georgi V. Georgiev,Georgi V. Georgiev et al. (full list not retrieved),2022,,"Sensors 22, 9620",10.3390/s22249620,,https://doi.org/10.3390/s22249620,review,open_access,,web_search;author_group_followup;continuation_2026_10_02,silicon_plasma_dispersion,other,3,unknown,,Discovery only; no metric extraction. Abstract-level claim from search metadata (verify in paper): review of NIR and mid-IR silicon modulators. authors beyond first not retrieved
huang2025,Emerging Modulator Technologies in Silicon Photonics,Wei-Ta Huang,Wei-Ta Huang; Fu-He Hsiao; Wen-Chien Miao; Chih-Ting Chang; ...; Hao-Chung Kuo,2025,,IEEE Nanotechnology Magazine,10.1109/mnano.2025.3551177,,https://doi.org/10.1109/mnano.2025.3551177,review,unknown,,web_search;author_group_followup;continuation_2026_10_02,silicon_plasma_dispersion,other,3,unknown,,"Discovery only; no metric extraction. Abstract-level claim from search metadata (verify in paper): plasma dispersion, Pockels, QCSE; MZM/ring/EAM."
jaehyukshin2011,Conductor Loss of Capacitively Loaded Slow Wave Electrodes for High-Speed Photonic Devices,JaeHyuk Shin,JaeHyuk Shin;Steven R Sakamoto;Nadir Dagli,2011,,"Journal of Lightwave Technology 29(1), 48-52",10.1109/jlt.2010.2091624,,https://doi.org/10.1109/jlt.2010.2091624,journal,paywalled,https://ieeexplore.ieee.org/Xplorehelp/downloads/license-information/IEEE.html,local_corpus,algaas_gaas,other,3,no,@local_corpus,
kim2021a,Heterogeneously-Integrated Optical Phase Shifters for Next-Generation Modulators and Switches on a Silicon Photonics Platform: A Review,Younghyun Kim,Younghyun Kim; Jae-Hoon Han; Dae-Hwan Ahn; Sanghyeon Kim,2021,,"Micromachines 12, 625",10.3390/mi12060625,,https://doi.org/10.3390/mi12060625,review,open_access,,web_search;author_group_followup;continuation_2026_10_02,silicon_plasma_dispersion,phase_shifter,3,unknown,,"Discovery only; no metric extraction. Abstract-level claim from search metadata (verify in paper): heterogeneous phase shifters: efficiency, loss, power, footprint."
leuthold2026,Tutorial: High-Speed Plasmonic Modulator and Detector for Data Communications,Juerg Leuthold,Juerg Leuthold;Jasmin Smajic;Yannik Salamin;Christian Haffner;Claudia Hoessbacher,2026,2026-03-19,"Optical Fiber Communication Conference (OFC) 2026, paper Th1H.5",10.1364/ofc.2026.th1h.5,,https://doi.org/10.1364/ofc.2026.th1h.5,conference,unknown,,ofc2026;local_corpus,other,plasmonic_mzm,3,no,,OFC 2026 code Th1H.5 | tutorial | published_on is the OFC 2026 presentation date from the conference schedule
meng2026,Heterogeneous photonic integration of single-crystalline nanomembranes,Yuan Meng,Yuan Meng;Wenbo Mao;Zhihao Xu;Di Jia;Mengxin Lin;Jisung Seo;Bora Kim;Xinyuan Zhang;Eugene Park;Seokje Lee;Jekyung Kim;Sangmoon Han;Ji-Yun Moon;Weijie Xu;Qian Zhang;Xiaoqing He;Mingfeng Chen;Sang Hyun Nam;Jianqi Hu;Justin S. Kim;Sejin Lee;Sanggeun Bae;Soo Ho Choi;Tae Hyung Kim;Yunseok Choi;Seung-Il Kim;Kyubeen Kim;Minho Jin;Chen Jiang;Yiheng Zhang;Young-Hoon Kim;Jae-Hyun Lee;Hobeom Kim;Sheng Ran;Xi Wang;Cheng-Wei Qiu;Frances M. Ross;Jeehwan Kim;Minjoo Larry Lee;Hyunseok Kim;Tobias J. Kippenberg;Lan Yang;Sang-Hoon Bae,2026,2026-09-16,"Nature 657(8132), 638-645",10.1038/s41586-026-11000-w,,https://doi.org/10.1038/s41586-026-11000-w,journal,paywalled,https://www.springernature.com/gp/researchers/text-and-data-mining,blog:OFS-118,other,other,3,unknown,,lead asked to check for modulator content; Crossref has no abstract so modulator content is unverified
mulcahy2022,Modulators in Silicon Photonics - Heterogenous Integration & and Beyond,Jack Mulcahy,Jack Mulcahy; Frank H. Peters; Xing Dai,2022,,"Photonics 9, 40",10.3390/photonics9010040,,https://doi.org/10.3390/photonics9010040,review,open_access,,web_search;author_group_followup;continuation_2026_10_02,silicon_plasma_dispersion,other,3,unknown,,"Discovery only; no metric extraction. Abstract-level claim from search metadata (verify in paper): review of modulator types, heterogeneous integration, state-of-the-art silicon modulators."
ohata2026,High-Speed EMLs for AI/ML Applications,Nobuo Ohata,Nobuo Ohata;Mizuki Shirao;Shinya Okuda;Kei Masuyama;Asami Uchiyama;Kenichi Abe;Kiyotomo Hasegawa,2026,2026-03-17,"Optical Fiber Communication Conference (OFC) 2026, paper Tu3J.1",10.1364/ofc.2026.tu3j.1,,https://doi.org/10.1364/ofc.2026.tu3j.1,conference,unknown,,ofc2026;local_corpus,inp_mqw,eam,3,no,@local_corpus,OFC 2026 code Tu3J.1 | EML (EAM) review-style paper | published_on is the OFC 2026 presentation date from the conference schedule
patel2026,Si Microring Resonator Modulators at >200Gb/s,David Patel,David Patel,2026,2026-03-16,"Optical Fiber Communication Conference (OFC) 2026, paper M2A.7",10.1364/ofc.2026.m2a.7,,https://doi.org/10.1364/ofc.2026.m2a.7,conference,unknown,,ofc2026;local_corpus,silicon_plasma_dispersion,ring,3,no,@local_corpus,OFC 2026 code M2A.7 | review | published_on is the OFC 2026 presentation date from the conference schedule
psiquantum2025,A manufacturable platform for photonic quantum computing,PsiQuantum,PsiQuantum team;Koen Alexander;Avishai Benyamini;Dylan Black;Damien Bonneau;Stanley Burgos;Ben Burridge;Hugo Cable;Geoff Campbell;Gabriel Catalano;Alejandro Ceballos;Chia-Ming Chang;Sourav Sen Choudhury;C. J. Chung;Fariba Danesh;Tom Dauer;Michael Davis;Eric Dudley;Ping Er-Xuan;Josep Fargas;Alessandro Farsi;Colleen Fenrich;Jonathan Frazer;Masaya Fukami;Yogeeswaran Ganesan;Gary Gibson;Mercedes Gimeno-Segovia;Sebastian Goeldi;Patrick Goley;Ryan Haislmaier;Sami Halimi;Paul Hansen;Sam Hardy;Jason Horng;Matthew House;Hong Hu;Mehdi Jadidi;Vijay Jain;Henrik Johansson;Thomas Jones;Vimal Kamineni;Nicholas Kelez;Ravi Koustuban;George Kovall;Peter Krogen;Nikhil Kumar;Yong Liang;Nicholas LiCausi;Dan Llewellyn;Kimberly Lokovic;Michael Lovelady;Vitor Riseti Manfrinato;Ann Melnichuk;Gabriel Mendoza;Brad Moores;Shaunak Mukherjee;Joseph Munns;Francois-Xavier Musalem;Faraz Najafi;Jeremy L. O’Brien;J. Elliott Ortmann;Sunil Pai;Bryan Park;Hsuan-Tung Peng;Nicholas Penthorn;Brennan Peterson;Gabriel Peterson;Matt Poush;Geoff J. Pryde;Tarun Ramprasad;Gareth Ray;Angelita Viejo Rodriguez;Brian Roxworthy;Terry Rudolph;Dylan J. Saunders;Pete Shadbolt;Deesha Shah;Andrea Bahgat Shehata;Hyungki Shin;Jeffrey Sinsky;Jake Smith;Ben Sohn;Young-Ik Sohn;Gyeongho Son;Mario C. M. M. Souza;Chris Sparrow;Matteo Staffaroni;Camille Stavrakas;Vijay Sukumaran;Davide Tamborini;Mark G. Thompson;Khanh Tran;Mark Triplett;Maryann Tung;Andrzej Veitia;Alexey Vert;Mihai D. Vidrighin;Ilya Vorobeichik;Peter Weigel;Matthew Wingert;Jamie Wooding;Xinran Zhou,2025,2025-02-26,Nature,10.1038/s41586-025-08820-7,,https://doi.org/10.1038/s41586-025-08820-7,journal,open_access,CC-BY-4.0,landmark,barium_titanate,phase_shifter,3,no,,Manufacturable photonic-QC platform previewing BTO electro-optic phase shifters. Surfaced via web search: PsiQuantum manufacturable platform with BTO phase shifters. Unverified: BTO phase-shifter loss-voltage 0.33 dB V seen only in web search snippet; abstract reports no EO metrics.
rahim2021,Taking silicon photonics modulators to a higher performance level: state-of-the-art and a review of new technologies,Abdul Rahim,Abdul Rahim; Artur Hermans; Benjamin Wohlfeil; Despoina Petousi; ...; Roel G. Baets,2021,,Advanced Photonics 3,10.1117/1.ap.3.2.024003,,https://doi.org/10.1117/1.ap.3.2.024003,review,open_access,,web_search;author_group_followup;continuation_2026_10_02,silicon_plasma_dispersion,other,3,unknown,,Discovery only; no metric extraction. Abstract-level claim from search metadata (verify in paper): reviews plasma-dispersion Si modulators and novel electro-refractive/electro-absorptive material integration.
shen2024a,Integrated Pockels Modulators on Silicon Photonics Platform,Jian Shen,Jian Shen; Yong Zhang; Yuqi Chen; Wenfeng Zhou; ...; Xingfeng Li,2024,,Advanced Physics Research,10.1002/apxr.202400096,,https://doi.org/10.1002/apxr.202400096,review,open_access,,web_search;author_group_followup;continuation_2026_10_02,other,other,3,unknown,,"Discovery only; no metric extraction. Abstract-level claim from search metadata (verify in paper): Pockels principles, thin-film platforms, integrated device architectures."
siew2021,Review of Silicon Photonics Technology and Platform Development,S. Y. Siew,S. Y. Siew; B. Li; F. Gao; H. Y. Zheng; ...; G.-Q. Lo,2021,,Journal of Lightwave Technology,10.1109/jlt.2021.3066203,,https://doi.org/10.1109/jlt.2021.3066203,review,open_access,,web_search;author_group_followup;continuation_2026_10_02,silicon_plasma_dispersion,other,3,unknown,,"Discovery only; no metric extraction. Abstract-level claim from search metadata (verify in paper): foundry platforms, PDKs and standard device libraries."
smajic2024,Plasmonic Electro-Optic Modulators – A Review,J. Smajic,J. Smajic;J. Leuthold,2024,,"IEEE Journal of Selected Topics in Quantum Electronics 30(4: Adv. Mod. and Int. beyond Si), 1-13",10.1109/jstqe.2024.3396549,,https://doi.org/10.1109/jstqe.2024.3396549,review,open_access,CC-BY-4.0,drive_doc;tmp_eo_md;local_corpus,other,plasmonic_mzm,3,no,,
suceava2025,Colossal Cryogenic Electro‐Optic Response Through Metastability in Strained BaTiO 3 Thin Films,Albert Suceava,Albert Suceava;Sankalpa Hazra;Aiden Ross;Ian Reed Philippi;Dylan Sotir;Brynn Brower;Lei Ding;Yingxin Zhu;Zhiyu Zhang;Himirkanti Sarkar;Saugata Sarker;Yang Yang;Suchismita Sarker;Vladimir A. Stoica;Darrell G. Schlom;Long‐Qing Chen;Venkatraman Gopalan,2025,2025-10-11,Advanced Materials 38(3),10.1002/adma.202507564,2510.13256,https://doi.org/10.1002/adma.202507564,journal,arxiv,journal=CC-BY-4.0; arxiv=CC-BY-4.0,blog:OFS-69,barium_titanate,other,3,no,,arXiv preprint and journal/proceedings version merged into one row (doi and arxiv_id both given)
sun2021a,Hybrid Silicon and Lithium Niobate Modulator,Shihao Sun,Shihao Sun; Mingbo He; Mengyue Xu; Shengqian Gao; ...; Xinlun Cai,2021,,IEEE J. Sel. Top. Quantum Electron.,10.1109/jstqe.2020.3036059,,https://doi.org/10.1109/jstqe.2020.3036059,review,unknown,,web_search;author_group_followup;continuation_2026_10_02,lithium_niobate,other,3,unknown,,Discovery only; no metric extraction. Abstract-level claim from search metadata (verify in paper): hybrid Si/LN MZM review.
taghavi2022,Polymer modulators in silicon photonics: review and projections,Iman Taghavi,Iman Taghavi; Maryam Moridsadat; Alexander Tofini; Shaheer Raza; ...; Sudip Shekhar,2022,,Nanophotonics,10.1515/nanoph-2022-0141,,https://doi.org/10.1515/nanoph-2022-0141,review,open_access,,web_search;author_group_followup;continuation_2026_10_02,eo_polymer,other,3,unknown,,Discovery only; no metric extraction. Abstract-level claim from search metadata (verify in paper): SOH modulator review incl. aging and temperature stability.
tatarczak2026,Scaling IM/DD Interconnects to 400 Gb/s per Lane: Component and System-Level Tradeoffs,Anna Tatarczak,Anna Tatarczak;Roberto Rodes;Andrei Kaikkonen;Young Kai Chen;Julie Eng,2026,2026-03-16,"Optical Fiber Communication Conference (OFC) 2026, paper M2B.6",10.1364/ofc.2026.m2b.6,,https://doi.org/10.1364/ofc.2026.m2b.6,conference,unknown,,ofc2026;local_corpus,other,other,3,no,@local_corpus,OFC 2026 code M2B.6 | review-style paper | published_on is the OFC 2026 presentation date from the conference schedule
ulrich2025,Engineering high Pockels coefficients in thin-film strontium titanate for cryogenic quantum electro-optic applications,Anja Ulrich,Anja Ulrich;Kamal Brahim;Andries Boelen;Michiel Debaets;Ahmed Khalil;Conglin Sun;Yishu Huang;Sandeep Seema Saseendran;Marina Baryshnikova;Paola Favia;Thomas Nuytten;Stefanie Sergeant;Kasper Van Gasse;Bart Kuyken;Kristiaan De Greve;Clement Merckling;Christian Haffner,2025,2025-02-20,"Science 390(6771), 390-393",10.1126/science.adx3741,2502.14349,https://doi.org/10.1126/science.adx3741,journal,arxiv,arXiv-nonexclusive,blog:OFS-69,strontium_titanate,other,3,no,,arXiv preprint and journal/proceedings version merged into one row (doi and arxiv_id both given)
xu2021,Electro‐Optic Activity in Excess of 1000 pm V−1 Achieved via Theory‐Guided Organic Chromophore Design,Huajun Xu,Huajun Xu;Delwin L. Elder;Lewis E. Johnson;Yovan de Coene;Scott R. Hammond;Wouter Vander Ghinst;Koen Clays;Larry R. Dalton;Bruce H. Robinson,2021,2021-09-20,Advanced Materials 33(45),10.1002/adma.202104174,,https://doi.org/10.1002/adma.202104174,journal,paywalled,http://onlinelibrary.wiley.com/termsAndConditions#vor,blog:OFS-69,eo_polymer,other,3,no,,
xu2022b,Advances in integrated ultra-wideband electro-optic modulators [Invited],Mengyue Xu,Mengyue Xu; (2 middle authors not retrieved); Xinlun Cai,2022,,Optics Express,10.1364/oe.449022,,https://doi.org/10.1364/oe.449022,review,open_access,,web_search;author_group_followup;continuation_2026_10_02,eo_polymer,other,3,unknown,,Discovery only; no metric extraction. Abstract-level claim from search metadata (verify in paper): design guidelines for ultra-wide bandwidth EO modulators; compares material platforms and electrodes. author list incomplete
xu2023,Mid-infrared integrated electro-optic modulators: a review,Tianqi Xu,Tianqi Xu; Yuan Dong; Qize Zhong; Shaonan Zheng; Ting Hu,2023,,Nanophotonics,10.1515/nanoph-2023-0286,,https://doi.org/10.1515/nanoph-2023-0286,review,open_access,,web_search;author_group_followup;continuation_2026_10_02,other,other,3,unknown,,Discovery only; no metric extraction. Abstract-level claim from search metadata (verify in paper): mid-IR integrated EO modulators across mechanisms and platforms.
yamaguchi2026,Integrated Electro-Optic Frequency-Domain Equalizer for Ultra-Broadband Optical Modulator,Yuya Yamaguchi,Yuya Yamaguchi;Paikun Zhu;Pham Tien Dat;Shingo Takano;Shotaro Hirata;Yu Kataoka;Junichiro Ichikawa;Ryo Shimizu;Kouichi Akahane;Naokatsu Yamamoto;Atsushi Kanno;Tetsuya Kawanishi,2026,2026-03-18,"Optical Fiber Communication Conference (OFC) 2026, paper W1A.1",10.1364/ofc.2026.w1a.1,,https://doi.org/10.1364/ofc.2026.w1a.1,conference,unknown,,ofc2026;local_corpus,lithium_niobate,mzm,3,unknown,@local_corpus,OFC 2026 code W1A.1 | review of integrated EO frequency-domain equalizer for TFLN modulators | published_on is the OFC 2026 presentation date from the conference schedule
zhang2021a,Integrated lithium niobate electro-optic modulators: when performance meets scalability,Zhang,Mian Zhang;Cheng Wang;Prashanta Kharel;Di Zhu;Marko Lončar,2021,2021-05-07,Optica,10.1364/optica.415762,,https://doi.org/10.1364/optica.415762,review,open_access,Optica-OA-License,landmark,lithium_niobate,other,3,no,,Review of TFLN EOM progress and scalability. Surfaced via task brief: TFLN modulator perspective. Unverified: review/perspective; no device row expected.
