device_id,paper_id,device_label,device_class,tags,eo_material,waveguide_platform,integration,electrode_type,drive,vpi_convention,temperature_class,band,wavelength_nm,length_mm,vpi_dc_v,vpi_rf_v,vpi_rf_freq_ghz,vpil_dc_vcm,vpil_rf_vcm,vpi_mzm_pushpull_dc_v,bias_for_vpi_v,drive_vpp_v,vpi_basis,bw3db_ghz,bw3db_reference,bw3db_reference_freq_ghz,bw6db_ghz,bw_measured_to_ghz,eo_rolloff_db,eo_rolloff_freq_ghz,bw_basis,il_onchip_db,il_onchip_includes,il_onchip_excludes,il_fiber_to_fiber_db,prop_loss_db_per_cm,extinction_ratio_db,er_type,optical_input_power_dbm,il_basis,rf_loss_db_per_cm,rf_loss_freq_ghz,z0_ohm,n_rf,ng_opt,optical_power_handling_dbm,eo_film_thickness_nm,etch_depth_nm,rib_width_nm,slab_thickness_nm,sidewall_angle_deg,electrode_gap_um,signal_width_um,electrode_thickness_um,electrode_metal,buffer_oxide_um,substrate,cladding,crystal_cut,waveguide_orientation,epitaxy_or_stack,max_baud_gbd,modulation_format,max_line_rate_gbps,max_net_rate_gbps,energy_per_bit_fj,capacitance_ff,q_loaded,fsr_nm,tuning_nm_per_v,driver,qualifiers,evidence_ref,notes
akazawa2026-a,akazawa2026,600 um n-InGaAsP/Si hybrid MOS phase shifter,phase_shifter,hybrid_mos;carrier_effect;ingaasp;wafer_bonded;programmable_circuit;thermal_crosstalk_free;numbers_from_arxiv_v1,other,soi_rib,wafer_bonded_iii_v,lumped,unspecified,per_arm_phase_shifter,,c_band,1550,0.6,2.2,,,0.13,,,,,derived,,,,,,,,,0.56,carrier-induced excess loss at pi (0.20 dB) plus two Si-to-hybrid tapers (0.18 dB each),fiber and edge-coupler loss (section total only); baseline normalization defined in Supplementary Sections IV-V (not read),,,,,,derived,,,,,,,200,,,,,,,,Ni/Au,,"300 mm SOI wafer, Si waveguides embedded in SiO2 and planarized (CMP); III-V grown on InP substrate",SiO2 610 nm (passivation),,,"p-Si rib / 8.1 nm Al2O3 + 16 nm SiO2 (EOT 19.2 nm, TEM) / 200 nm n-InGaAsP / 20 nm n-InP / 100 nm n++-InGaAs; wafer bonded with Al2O3",,,,,,6480,,,,,,data/evidence/akazawa2026.yaml,"Numbers from arXiv v1 (2609.24611v1, 10 pages, 21 Sep 2026); Supplementary Sections I-IX are not in the cached source. Phase-shifting mechanism is carrier accumulation and depletion (plasma dispersion, band filling, Franz-Keldysh) in n-InGaAsP, not Pockels; eo_material=other. VpiL 0.13 V*cm measured on 500 and 1000 um phase shifters (Fig. 2(d)); Vpi 2.2 V is quoted for 600 um without stating how it was obtained (not described as a measurement); consistent with 0.13 V*cm / 0.6 mm = 2.17 V. p.5 also gives 2.3 V as approximately Vpi for 600 um. Wavelength 1550 nm. Fig. 2(e) MZI with 1.1 mm phase shifter shows more than 2 pi tuning (gate -1 to 5 V). Dynamic: 10-90% rise 555 ps and fall 417 ps, 9.375 MHz square wave, 2.0 Vpp on 3.0 V bias (Fig. 2(f)), device length not stated; RC-limited; no S21 bandwidth reported. Static power 28.9 fW/pi (13.3 fA leakage, 600 um); circuit median 21.8 fW; switching energy 15.3 pJ/pi (C = 6.48 pF); not mapped to energy_per_bit_fj (per pi, not per bit). Carrier-induced excess loss 0.20 dB/pi; taper loss 0.18 dB each; il_onchip_db is the section total at pi, loss reference and normalization defined in Supplementary Sections IV-V (not read). Circuit: 4x4 Clements mesh, channel crosstalk below -12 dB, 50 random unitaries R2 0.93, negligible thermal crosstalk. MZI internal and external phase-shifter pairs operated push-pull in the circuit. Phase-shifter drive mode, ER and rib width not reported."
berman2026-a,berman2026,"Racetrack resonator, 100 um radius, DC tuning",ring,racetrack;poled;monolithic_etched;dc_tuning;sidewall_75deg,barium_titanate,bto_on_oxide_substrate,monolithic,lumped,,,,other,1631.5,0.134,,,,,,,,,,,,,,,,,,,,,,0.447,,,,derived,,,,,,,330,,,,75,6,,,Cr (4 nm) / Au,3,Si (500 um),,a-b oriented BTO film,,BTO (330 nm) on SiO2 (3 um) on Si (500 um); wafer from La Luce Cristallina,,,,,,,,1.1,0.005428,,wavelength_nm:approx;sidewall_angle_deg:approx,data/evidence/berman2026.yaml,"Resonator family on one chip: loss from racetracks of varied straight fraction (Fig. 1(d), 100 um bend radius); Loaded Q 605k and intrinsic Q about 1.2M belong to one resonance at 1534.14 nm of the 249 um-straight racetrack of Fig. 1(c), not stated to be the tuning device (about 1631.5 nm), so q_loaded is left empty. FSR 1.1 nm is an Eq. (1) input (see SI) with no stated wavelength. Effective Pockels coefficient r_eff = 154 pm/V from Eq. (1) with lambda0 = 1550 nm, Gamma_eo = 0.51, n_eff = 1.9, 6 um gap, 134 um probe length, FSR 1.1 nm. Resonance in Fig. 1(f) sits near 1631.5 nm while Eq. (1) uses 1550 nm. Tuning over -20 to +20 V; beyond +-20 V domains reorient. Poled with 200 V across the 6 um gap for 10 min. Propagation loss 0.447 +-0.077 dB/cm from straight-fraction extrapolation (abstract rounds to about 0.5 dB/cm). Fiber-to-fiber loss typically about 12 dB (Methods, all devices). Waveguide top widths 1 to 1.4 um; width of this racetrack not stated. Contact thickness typically 200 to 300 nm."
berman2026-b,berman2026,"Photonic-crystal Fabry-Perot cavity, 600 um, DC tuning",other,fabry_perot;photonic_crystal_mirrors;poled;dc_tuning,barium_titanate,bto_on_oxide_substrate,monolithic,lumped,,,,l_band,1570.6,0.6,,,,,,,,,,,,,,,,,,,,,,,,,,,,,,,,,,,,,,6,,,Cr (4 nm) / Au,3,Si (500 um),,,,"BTO (330 or 400 nm, not specified for this cavity) on SiO2 (3 um) on Si (500 um)",,,,,,,,,0.0294,,wavelength_nm:approx,data/evidence/berman2026.yaml,"1-D photonic-crystal mirrors (55 to 70 cells) on a straight waveguide. DC tuning 29.4 pm/V over a 600 um interaction length gives r_eff = 145 pm/V (same relation as racetrack). Bias applied only in the poling direction, +2 to +10 V (randomized order). The Q of the tuned resonance is not stated; best loaded Q 230k (600 um gap, 70 mirror cells, finesse 67, 8 dB insertion loss, resonance near 1545 nm, Fig. 3(d)); average loaded Q 90k to 168k. Fig. 4(g): resonances with Q about 7k and 14k show 3 dB bandwidths of about 11 and 6 GHz (cavity-linewidth limited, device and drive not specified). BTO thickness of the cavity wafer (330 or 400 nm) is not stated."
berman2026-c,berman2026,Photonic-crystal band-edge modulator (non-resonant),other,photonic_crystal;band_edge;slow_light;poled;non_resonant;quasi_single_sideband,barium_titanate,bto_on_oxide_substrate,monolithic,lumped,,,,c_band,1559.661,,,,,,,,,,,11,unspecified,,21,,,,measured,,,,,,,,,,,,,,,,,,,,,6,,0.2,Cr (4 nm) / Au,3,Si (500 um),,,,"BTO (330 or 400 nm, not specified for this DUT) on SiO2 (3 um) on Si (500 um)",,,,,,,,,,,bw3db_ghz:approx;bw6db_ghz:approx,data/evidence/berman2026.yaml,"Small-signal S21 measured with a VNA from 100 MHz to 25 GHz at the photonic-crystal band edge, laser at 1559.661 nm, VNA power -2 dBm; trace smoothed with a LOESS fit because of contact ringing (S11 shows strong reflection). Curve axis is '|S21| (dB, zeroed)'; the reference frequency of the 3 dB drop is not stated; in Fig. 4(b) the smoothed trace stays near -3 dB (about -2.6 to -3.1 dB) from about 7 to 15 GHz, so the 11 GHz marker sits on a plateau. Simulated Gamma_eo = 0.51 for this DUT. Authors attribute the roll-off to the frequency dependence of BTO r42 beginning near 10 GHz. Sideband asymmetry 6 to 8 dB at 0 dBm RF; 15 comb lines at 22 dBm, 5 GHz drive (Fig. 4(c),(d)). PC geometry and BTO thickness of the DUT are not stated (design in Fig. 2 is 330 nm film, 130 nm slab, 200 nm etch)."
celik2022-a,celik2022,"3 mm MZI on LN-on-sapphire, 780 nm",mzm,visible_nir;lithium_niobate_on_sapphire;mgo_doped;lumped_rc;trench_electrodes;photorefractive_mitigation,lithium_niobate,other,monolithic,lumped,push_pull,mzm_push_pull,,visible_nir,780,3,4.2,,,1.26,,,,,measured,2.7,dc,,,,,,measured,,,,,1.6,27,static,0,,,,,,,,200,100,800,100,,,,0.2,aluminum,,C-cut sapphire,"SiO2 750 nm (PECVD, annealed 500 C); trenches open to the LN",x-cut,propagation along crystal y,"MgO-doped x-cut LN 200 nm (100 nm slab, 800 nm top width ridge) on C-cut sapphire; 750 nm SiO2 cladding with trenches; 200 nm Al electrodes",,,,,,,,,,,,data/evidence/celik2022.yaml,"Lumped RC-limited MZI: 3 dB bandwidth 2.7 GHz set by signal-to-ground capacitance, 50 ohm source and about 20 ohm Al electrode resistance; shorter devices have higher bandwidth and higher Vpi (not tabulated). Waveguide-to-electrode gap 1 um (simulated metal absorption about 1e-4 dB/cm; Fig. 4a simulated VpiL near 1.3 V cm at 1 um vs 1.26 measured); electrode-electrode gap and signal width not stated. 1 mW optical power in the waveguides and 8 dBm RF during S21; photodiode bandwidth stated as 12 GHz in text and 14 GHz in the Fig. 4 caption. Transmission drift after bias changes over seconds attributed to oxide charge traps. Footprint 0.35 mm^2. Fiber-to-fiber or on-chip insertion loss not reported (10 percent efficient grating couplers). Static ER 27 dB at negative bias. Directional couplers 50:50 within 765-787 nm. Etch angle constraint 12 deg (Fig. 2 caption: sidewall angle) is not entered because the reference axis is not stated. Etch depth 100 nm is film 200 minus slab 100; 0 dBm is the stated 1 mW in the waveguides."
chen2022-a,chen2022,5 mm CLTW,mzm,,lithium_niobate,lnoi_rib,monolithic,cl_twe,push_pull,mzm_push_pull,,,,5,4.45,,,2.22,,,,,measured,67,unspecified,,,67,,,measured,0.2,,grating couplers (fiber-to-chip); coupling loss measured on a reference structure of two GCs and a short straight waveguide,,,30,static,,extracted_from_figure,,,,,2.2,,400,200,1500,200,,1.8,75,1.1,gold,3,"silicon 725 um, isotropically undercut beneath the modulation section (35 um design optimum; fabricated depth not stated)",SiO2 900 nm (PECVD),x-cut,,,,,,,,,,,,,extinction_ratio_db:gt;il_onchip_db:approx;bw3db_ghz:gt,data/evidence/chen2022.yaml,Same electrode design as the 7 and 10 mm devices. EO 3 dB bandwidth >67 GHz (not crossed). EO roll-off at 67 GHz not stated for this length; EE S12 roll-off <1.7 dB at 67 GHz. ER reported as >30 dB.
chen2022-b,chen2022,7 mm CLTW,mzm,,lithium_niobate,lnoi_rib,monolithic,cl_twe,push_pull,mzm_push_pull,,,,7,3.22,,,2.25,,,,,measured,67,unspecified,,,67,,,measured,0.2,,grating couplers (fiber-to-chip); coupling loss measured on a reference structure of two GCs and a short straight waveguide,,,25,static,,extracted_from_figure,,,,,2.2,,400,200,1500,200,,1.8,75,1.1,gold,3,"silicon 725 um, isotropically undercut beneath the modulation section (35 um design optimum; fabricated depth not stated)",SiO2 900 nm (PECVD),x-cut,,,,,,,,,,,,,extinction_ratio_db:gt;il_onchip_db:approx;bw3db_ghz:gt,data/evidence/chen2022.yaml,EO 3 dB bandwidth >67 GHz (not crossed). EO roll-off at 67 GHz not stated for this length; EE S12 roll-off <2.4 dB at 67 GHz. ER reported as >25 dB.
chen2022-c,chen2022,10 mm CLTW,mzm,,lithium_niobate,lnoi_rib,monolithic,cl_twe,push_pull,mzm_push_pull,,,,10,2.20,,,2.20,,,,,measured,67,unspecified,,,67,1.4,67,measured,0.2,,grating couplers (fiber-to-chip); coupling loss measured on a reference structure of two GCs and a short straight waveguide,8.2,0.15,20,static,,derived,2.947,67,50.5,2.35,2.2,,400,200,1500,200,,1.8,75,1.1,gold,3,"silicon 725 um, isotropically undercut beneath the modulation section (35 um design optimum; fabricated depth not stated)",SiO2 900 nm (PECVD),x-cut,,,100,OOK; PAM-4,112,,,,,,,"arbitrary waveform generator (Micram DAC10004, ~35 GHz analog bandwidth); no driver amplifier stated",extinction_ratio_db:gt;il_onchip_db:approx;bw3db_ghz:gt;rf_loss_db_per_cm:approx;prop_loss_db_per_cm:approx,data/evidence/chen2022.yaml,Headline device. EO roll-off 1.4 dB at 67 GHz and 0.76 dB at 50 GHz (Table I); 3 dB bandwidth >67 GHz (not crossed). ER >20 dB. 112 Gb/s = 56 GBd PAM-4; 100 Gb/s OOK; dynamic ER >9.7 dB; BER below KP4 FEC. Vpi from 100 kHz triangular sweep. RF alpha0 fit 0.36 dB/cm/GHz^0.5 (simulated 0.19). RF line parameters from Fig. 5(d)-(f) are one deduced set used for all three lengths. T-segment electrode thickness 0.2 um; electrode gap g between T-segments (top-view labels: s=2 um T-bar width). Rib width 1.5 um.
chen2023a-air,chen2023a,"4 mm, air upper cladding, wSiO2 = 3.2 um (Fig. 6(d))",mzm,high_permittivity_cladding;air_upper_cladding,lithium_niobate,lnoi_rib,monolithic,tw_gsg,push_pull,mzm_push_pull,,c_band,1550,4,,,,2.22,,,,,extracted_from_figure,,,,,,,,,,,,,,,,,,,,,,,,600,200,,400,,,,0.6,Ti/Au,4.7,,"SiO2 800 nm (PECVD), no upper cladding (air)",x-cut,,,,,,,,,,,,,,data/evidence/chen2023a.yaml,"Air point of the upper-cladding comparison at wSiO2 = 3.2 um (Fig. 6(d), 4 mm devices); not geometry-matched to the headline glycerol row. The matched glycerol device at the same wSiO2 reads about 1.92 V cm (Fig. 6(d)) and is not a row; compare 1.92 with 2.22 V cm. No Vpi voltage or bandwidth reported for the air device. Material points MgF2, MgO, Si3N4 in Fig. 6(d) not entered as rows."
chen2023a-glycerol,chen2023a,"4 mm, glycerol upper cladding",mzm,high_permittivity_cladding;glycerol_upper_cladding;composite_cladding,lithium_niobate,lnoi_rib,monolithic,tw_gsg,push_pull,mzm_push_pull,,c_band,1550,4,3.52,,,1.41,,,,,measured,40,unspecified,,,40,,,measured,0.5,,fiber-waveguide coupling loss and straight waveguide loss (removed with on-chip reference waveguides),,,,,,measured,,,,,,,600,200,,400,,,,0.6,Ti/Au,4.7,,"SiO2 800 nm (PECVD) plus 500 nm high-permittivity upper layer (glycerol per Figs. 2, 6)",x-cut,,,,,,,,,,,,,il_onchip_db:approx;bw3db_ghz:gt,data/evidence/chen2023a.yaml,"Headline device: almost fully glycerol-covered (right end of Fig. 6(e), P about 83 percent on the plot; the text's P about 85 percent refers to a different reverse-trend point; the air curve at that P reads about 2.32 V cm, not the 2.22 V cm air row, which is a different geometry). Gap, waveguide width and wSiO2 of the fabricated device are not stated; the simulation values (gap 5 um, w = 4 um, wSiO2 = 3.2 um) contradict Fig. 2(c), where the SiO2 cladding is wider than the waveguide. Push-pull and drive inferred from the GSG layout (Fig. 2(a)); authors never state it. Fig. 6(d) glycerol point at wSiO2 = 3.2 um reads about 1.92 V cm, a different device (the geometry match for the air row, pair 1.92 / 2.22 V cm). Fig. 6(f) caption says both devices but one curve is plotted. No extinction ratio, RF loss, Z0 or n_RF reported."
chiang2025-a,chiang2025,1 mm Si-FNLC slot GSGSG MZM,mzm,soh;slot;ferroelectric_nematic;gsgsg;doped_slot;numbers_from_arxiv_v1,ferroelectric_nematic_lc,soi_slot,polymer_backfill,tw_gsg,push_pull,unspecified,,c_band,,1,,3,0.025,,0.3,,3.5,1.9,measured,,,,67,67,,,measured,,,,,65,21.8,static,,measured,,,,,,,,,,,,,,,,,standard SOI wafer (commercial active silicon photonics MPW),FNLC (PM616) as dielectric cladding in the oxide-open region,,,"doped-silicon slot waveguide phase shifters; slot width approx. 125 nm (TEM, Fig. 2); 350 nm oxide overetch into BOX at the slots; FNLC fills the slot",51,PAM-4,102,,,,,,,,bw6db_ghz:gt;prop_loss_db_per_cm:approx,data/evidence/chiang2025.yaml,"Numbers from arXiv v1 (2507.14724v1, 4 pages; page-1 footer reads (c)2024 The Author(s), venue not stated in the source). Vpi 3 V and VpiL 0.3 V*cm are AC values at 25 MHz (entered in vpi_rf_*), not DC; convention not stated by the authors. Vbias of 3.5 V needed for FNLC orientation during AC and RF measurements. EO S21 shows no roll-off to 67 GHz (6 dB bandwidth is a bound; 3 dB bandwidth not reported; reference of the S21 normalization not stated). Wavelength given only as C-band. No insertion loss reported (only phase-shifter propagation loss, entered as dB/cm: 6.5 dB/mm). r33(in-device) 29.5 pm/V extracted by the authors from Vpi, TEM dimensions and Lumerical MODE (author-derived, no column). MZM FSR 7.5 nm (Fig. 3(b)). Eye uses 7-tap transmitter FFE and 42-tap receiver FFE; driver not stated. Fabrication in an unnamed commercial foundry (active Si photonics MPW, oxide-open); FNLC loaded in-house post-foundry. FNLC material PM616 (proprietary)."
churaev2023-a,churaev2023,"4 mm phase modulator, 38 percent LN participation",phase_shifter,hybrid_ln_on_sin;wafer_bonded;mzi_measured;single_arm,lithium_niobate,lnoi_loaded_sin,bonded_heterogeneous,,single_ended,per_arm_phase_shifter,,,,4,22,,,8.8,,,,,measured,,,,,,,,,,,,,,,,,,,,,,,,300,,,,,6,,,tungsten or gold (not stated per device),,"silicon (100 mm wafer, 4 um wet thermal SiO2)",,x-cut,,"x-cut LN 300 nm / SiO2 interlayer about 100 nm / Si3N4 600 nm (wafer D8812, high-participation) embedded in thermal SiO2 on Si; Al2O3 few nm ALD bond interface; waveguide width 1.0-2.0 um (value for this device not stated); electrodes on LN",,,,,,,,,,,vpil_dc_vcm:approx,data/evidence/churaev2023.yaml,"Single-arm phase modulator measured in a Mach-Zehnder interferometer; 'single-arm' per Conclusion p.6. LN optical mode participation 38 percent (Fig. 1h legend). Authors' FEM for this geometry gives VpiL = 8.2 V cm (Fig. 1i label; simulated, not entered). Measurement wavelength not stated; Vpi is a quasi-static MZI sweep. Electrode length equal to device length is assumed by the paper's phrasing, not stated separately. Electrode width/thickness not stated (Fig. 1i drawing only)."
churaev2023-b,churaev2023,"4 mm phase modulator, 52 percent LN participation",phase_shifter,hybrid_ln_on_sin;wafer_bonded;mzi_measured;single_arm,lithium_niobate,lnoi_loaded_sin,bonded_heterogeneous,,single_ended,per_arm_phase_shifter,,,,4,,,,5.6,,,,,extracted_from_figure,,,,,,,,,,,,,,,,,,,,,,,,300,,,,,5.5,,,tungsten or gold (not stated per device),,"silicon (100 mm wafer, 4 um wet thermal SiO2)",,x-cut,,"x-cut LN 300 nm / SiO2 interlayer about 100 nm / Si3N4 600 nm (wafer D8812, high-participation) embedded in thermal SiO2 on Si; Al2O3 few nm ALD bond interface; waveguide width 1.0-2.0 um (narrower than device a, value not stated); electrodes on LN",,,,,,,,,,,vpil_dc_vcm:approx,data/evidence/churaev2023.yaml,"Higher-confinement variant: narrower Si3N4 waveguide and 5.5 um electrode gap (Fig. 1h red curve, 52 percent participation). Vpi is not stated in text; the curve minimum lies near 14-15 V on Fig. 1h and 5.6 V cm x 0.4 cm = 14 V (not entered). Optical loss penalty given in SI section IV (not read)."
churaev2023-c,churaev2023,"21 GHz FSR microring, 12 percent LN participation (EO comb)",ring,hybrid_ln_on_sin;wafer_bonded;eo_comb;low_participation,lithium_niobate,lnoi_loaded_sin,bonded_heterogeneous,,,,,c_band,1552,,,,,,,,,,,,,,,,,,,,,,,0.085,,,,,,,,,,,300,,,,,,,,,,"silicon (100 mm wafer, 4 um wet thermal SiO2)",,x-cut,,"x-cut LN 300 nm / SiO2 interlayer about 100 nm / Si3N4 950 nm (wafer D67b01, low-participation) in thermal SiO2 on Si; LN mode participation 12 percent at 1550 nm",,,,,,,,,,,,data/evidence/churaev2023.yaml,"EO comb demonstration: 40 dBm microwave at 20.97 GHz across integrated electrodes (6 um gap), phase-modulation amplitude about 0.14 pi, about 60 sidebands in a 25 dB span (Fig. 4c; p.5). Intrinsic Q up to 4.5e6 (Fig. 2g, p.3); loaded Q, ring length and electrode length not stated. FSR 21 GHz. No Vpi reported for this device. Schema has no column for FSR in GHz or modulation index. The 8.5 dB/m (0.085 dB/cm) is the lowest-loss, highest-Q resonance; the wavelength of that resonance is not stated and Q up to 4.5e6 is quoted jointly for 21 GHz rings and 50 GHz dimers. The 1552 nm cell is the EO-comb centre wavelength, not the wavelength of the loss value."
deng2026-a,deng2026,"1 mm GSG-TWE MZM, BTO on LSAT, Si3N4 strip-loaded",mzm,epitaxial;pld;self_buffer;strain_engineered;sin_loaded;single_arm_rf_drive,barium_titanate,bto_on_oxide_substrate,monolithic,tw_gsg,single_ended,mzm_single_arm,,c_band,1550,1,7,,,0.7,,,,,measured,12,unspecified,,28,,9,30,measured,,,,,,,,,,,,,,,,300,,,,,5.5,,0.5,Au (10 nm Ti adhesion layer),,LSAT (001),air above strip and electrodes (Fig. 4c); patterned BCB optical isolation layer >2 um (Methods),(001) BTO film on (001) LSAT,electrode field along <110>; propagation along <1-10> read from Fig. 4a axes,"LSAT (001) substrate / BTO 300 nm (PLD; approx 40 nm self-buffer layer at the interface, observed in the 180 nm characterisation film and presumed for the device film) / Si3N4 260 nm PECVD strip-loaded waveguide / >2 um BCB isolation / 10 nm Ti + 500 nm Au electrodes",,,,,,,,,,,bw3db_ghz:approx;eo_rolloff_db:approx,data/evidence/deng2026.yaml,"MZI with two 50:50 Y-branches and 1 mm arms; one arm carries the GSG coplanar traveling-wave electrode for RF plus DC bias, the other a GS capacitive electrode with low DC bias for operating-point tuning. Vpi 7 V and Vpi*L 0.7 V*cm (= 7 V x 1 mm) come from a 100 kHz triangular-drive transmission sweep (Fig. 4d), entered in the DC column as the low-frequency value; the DC bias applied to stabilise polarisation is not stated. Single-arm convention is inferred (the paper does not say which arm the Vpi sweep drives). Theoretical Vpi*L 0.73 V*cm (EO overlap 45%, finite-element) is a simulated value and is not in the columns (sim target and evidence context). EO S21 (Fig. 4e) is flat to about 12 GHz, steps down about 6 dB at 12 GHz, then stays near -5 to -6 dB to 28 GHz (6 dB bandwidth) and falls to about -9 dB at 30 GHz; the 0 dB reference is not stated (normalised at low frequency in the plot); bias-T limited the measurement to 40 GHz (Methods) but the plot ends at 30 GHz. S11 about -15 dB (Fig. 4e), no Z0, n_rf, loss or optical IL reported. Pockels coefficients are film properties from a Sénarmont set-up on a separate 180 nm film (r42 > 358 pm/V, effective r_c 253 pm/V along <110>) and are in the evidence context only. Not reported: IL, ER, propagation loss, RF loss, Z0, n_rf, ng, Si3N4 strip width, signal/ground widths, energy, system data."
falcone2026-a,falcone2026,"Sol-gel BTO waveguide, 700 C anneal",phase_shifter,sol_gel;soft_nanoimprint;polycrystalline;poled;etch_free;grating_coupled;off_chip_reference,barium_titanate,bto_on_oxide_substrate,monolithic,lumped,single_ended,per_arm_phase_shifter,,c_band,1550,,,,,35,,,60,,measured,,,,,,,,,,,,,20,,,,derived,,,,,,,,,2000,100,,9.7,,0.3,Cr (5 nm) / Au (300 nm),2,Si,none (air above),"polycrystalline, no preferred orientation (partially poled)",,"Sol-gel BTO: 100 nm residual layer plus 350 nm imprinted waveguide, on SiO2 (2 um) / Si; 700 C final anneal",,,,,,,,,,,prop_loss_db_per_cm:approx,data/evidence/falcone2026.yaml,"Single-arm BTO waveguide, lengths 100 to 2000 um (s-bend plus straight, electrodes along the full length); VpiL from several lengths, so length_mm is empty. Fig. 4(e) trace is a 2000 um device. Measured at 100 kHz, triangular 360 Vpp, after DC poling; unpoled device did not reach pi. Poling field 65 kV/cm (60 V DC across the 9.7 um gap), removed before AC. Film n = 2.03 at 1550 nm (ellipsometry extrapolation), porosity about 20 percent (Maxwell-Garnett), grain size about 25 nm (XRD). Paper estimates r_eff about 20 pm/V (overlap Gamma about 20 percent). Grating-coupler loss about 10 dB per coupler (simulated 4 dB); no on-chip insertion loss. VpiL uncertainty +-2 V*cm."
falcone2026-b,falcone2026,"Sol-gel BTO waveguide, 800 C anneal",phase_shifter,sol_gel;soft_nanoimprint;polycrystalline;poled;etch_free;grating_coupled;off_chip_reference,barium_titanate,bto_on_oxide_substrate,monolithic,lumped,single_ended,per_arm_phase_shifter,,c_band,1550,,,,,52,,,,,measured,,,,,,,,,,,,,50,,,,derived,,,,,,,,,2000,100,,9.7,,0.3,Cr (5 nm) / Au (300 nm),2,Si,none (air above),"polycrystalline, no preferred orientation (partially poled)",,"Sol-gel BTO: 100 nm residual layer plus 350 nm imprinted waveguide, on SiO2 (2 um) / Si; 800 C final anneal",,,,,,,,,,,prop_loss_db_per_cm:approx,data/evidence/falcone2026.yaml,"Same design as the 700 C device with a higher final anneal; lengths 100 to 2000 um, length_mm empty. Poling field about 190 kV/cm (almost three times the 700 C value); the poling voltage is not stated and Supplementary Fig. S5 is not in the cache. Measured at 100 kHz, triangular 360 Vpp. Film n = 1.92 at 1550 nm, porosity about 30 percent, grain size about 45 nm. VpiL uncertainty +-2 V*cm."
feng2022-a,feng2022,Ring-assisted MZI linearized modulator (50 GHz FSR racetrack),mzm,ring_assisted_mzi;linearized;microwave_photonics;sfdr;racetrack;resonant,lithium_niobate,lnoi_rib,monolithic,,,,,l_band,1594.9,,,,,,,,,,,,,,,,,,,2.5,MMIs (2.2 dB) and waveguide propagation (0.3 dB),"fiber-to-chip coupling, 8 dB total for both facets",10.5,,,,,measured,,,,,,,500,250,1200,250,,5,,,gold,,,PECVD SiO2 1.8 um,x-cut,,,,"analog two-tone IMD3 test, tones 10 MHz apart; SFDR 120.04 dB Hz^(4/5) at 1 GHz and 114.54 dB Hz^(4/5) at 5 GHz",,,,,,0.4,,,etch_depth_nm:approx;fsr_nm:approx,data/evidence/feng2022.yaml,"VERSION arXiv v1. Racetrack with 50 GHz FSR coupled to one arm of an unbalanced MZI (50 um arm difference, MZI FSR 20 nm) through a deep over-coupled 2x2 MMI (kappa about 0.96, |kappa|^2 about 92 percent); modulation electrodes (two ground-signal pairs) along the two straight racetrack sections; electrode length, Vpi and EO bandwidth not reported. Reference racetrack intrinsic Q 1.1e6 (round-trip tau 0.988). Standalone 2x2 MMI loss 0.8 dB. Two-tone SFDR at 1 GHz: RAMZI 120.04 dB Hz^(4/5) (slope-5 IMD3, noise floor -163.8 dBm/Hz, RF analyzer limited) versus 102.31 dB Hz^(2/3) for the reference MZI (Fig. 3(b)); 114.54 dB Hz^(4/5) at 5 GHz (Fig. 3(c)); no EDFA after the modulator, PD saturation 10 dBm received (stated as 125 mW on chip, ambiguous, not entered); simulated advantage over the MZI up to 27 percent of FSR (13.5 GHz). Measurement wavelength 1594.9 nm (L-band EDFA). Etch about 250 nm leaving a 250 nm slab; waveguide and racetrack designed top width 1.2 um; 1.8 um PECVD SiO2; electrode gap 5 um; BOX, substrate thickness, electrode metal thickness and width not stated. Fabricator not named."
feng2022-b,feng2022,Reference MZI modulator (same chip),mzm,reference;sfdr;microwave_photonics,lithium_niobate,lnoi_rib,monolithic,,,,,,,,,,,,,,,,,,,,,,,,,,,,,,,,,,,,,,,,,,,,,,,,,,,,,,,,analog two-tone IMD3 test; SFDR 102.31 dB Hz^(2/3) at 1 GHz and 101.28 dB Hz^(2/3) at 5 GHz,,,,,,,,,,data/evidence/feng2022.yaml,"Reference MZI fabricated on the same chip with similar waveguide dimensions and electrode design (p.5); no geometry, Vpi, loss or bandwidth reported for it. SFDR: 102.31 dB Hz^(2/3) at 1 GHz (Fig. 3(b)) and 101.28 dB Hz^(2/3) at 5 GHz (Fig. 3(c)); the RAMZI is 18 dB better at 1 GHz and 13 dB at 5 GHz per the text. Different SFDR exponent units (2/3 for MZI IMD3, 4/5 for the RAMZI)."
fukui2025-a,fukui2025,"40x40 um InP-membrane HCG metasurface with EO polymer, 1510 nm",other,free_space;metasurface;inp_membrane;high_contrast_grating;FW_qBIC;reflective;transmissive;poled;RC_limited,eo_polymer,other,wafer_bonded_iii_v,lumped,,,,other,1510,0.04,,,,,,,,20,,17.5,unspecified,,,,,,measured,0.56,"-10log10(R+T) with R reflectance and T transmittance of the metasurface at/around resonance (free-space, device excess loss)",reflectance calibrated against a reference gold mirror and transmittance against a no-device measurement (p.5),,,,,,measured,,,,,,,,,405,,,0.345,,,Ni/Ti/Au,,quartz (SiO2),,,,"n-InP membrane 590 nm (grating period 750 nm, bar width 405 nm) wafer-bonded to quartz, ALD Al2O3 passivation, side-chain EO polymer (Tg 132.5 C) spin-coated, SiO2 sputtered protection layer",,,,,,227,102,,0.018,function generator (low frequency); VNA with RF probe (bandwidth),il_onchip_db:lt,data/evidence/fukui2025.yaml,"Free-space metasurface, not a waveguide device: no Vpi; resonance shift 18 pm/V (derived from Fano-fit resonance wavelength versus DC voltage, Supp. Fig. S8c). Resonance at 1510 nm; R+T above 0.88 across 1480-1540 nm, so the loss -10log10(R+T) is at most 0.56 dB (entered as an upper bound). 3 dB EO bandwidth 17.5 GHz from VNA (-1.5 dB at 10.0 GHz), agrees with an RC fit and FEM. At 200 Hz, 20 Vpp, 1515 nm: reflectance modulation depth dR/R = 3.1%, transmittance dT/T = 3.35% (p.3, Fig. 4c); modulation depth is small because the effective r33 is only about 20 pm/V (author estimate assuming r33 = 3 r13) and Q is 102 versus 900 simulated (sidewall roughness). Poled at 73 V/um, 131 C. n-InP 590 nm: ND 3.4e18 cm-3 (Hall), mobility 1670 cm2/Vs, resistivity 1.1e-3 ohm cm, contact resistivity 9.5e-6 ohm cm2 (TLM, Supp. Note 4). Not reported: optical input power, extinction ratio, energy per bit, data transmission, temperature, EO polymer layer thickness. length_mm is the lateral aperture of the free-space device, not an interaction length; il_onchip_db is a free-space reflection or excess loss, not a waveguide insertion loss (audit F17, 2026-10-03)."
fukui2025-b,fukui2025,"Numerical projection: IM-HCG, ND 1e19 cm-3, r33 200 pm/V, 40x40 um",other,free_space;metasurface;inp_membrane;high_contrast_grating;FW_qBIC;reflective;simulated;projection,eo_polymer,other,wafer_bonded_iii_v,lumped,,,,c_band,1550,0.04,,,,,,,,,,40,unspecified,,,,,,simulated,0.24,"-10log10(R+T), largest value across the simulated wavelength range at ND 1e19 cm-3 (free-space)",,,,,,,simulated,,,,,,,,,380,,,,,,,,,,,,"n-InP membrane d 630 nm, period 760 nm, bar width 380 nm on quartz with OEO fill (n 1.65), ND 1e19 cm-3",,,,,,,930,,0.18,,bw3db_ghz:gt,data/evidence/fukui2025.yaml,"Simulated design (2D FDTD for optics, 3D FEM for RC bandwidth), not a measurement: InP HCG with Lambda 760 nm, d 630 nm, w 380 nm, doping 1e19 cm-3, 40x40 um2, r33 200 pm/V assumed. wavelength_nm 1550 and il_onchip_db 0.24 follow Table S1 (p.22); at the 1547.4 nm operating point (Fig. 2f, p.3) the insertion loss is 0.21 dB. 5 dB reflectance modulation needs delta n_EO 2.2e-3, i.e. Vpp 5.6 V in a parallel-plate model (predicted). Bandwidth: paper says it can exceed 40 GHz; above 100 GHz at 24x24 um2 (Supp. Fig. S7, p.20). The comparison n-Si device is not entered. length_mm is the lateral aperture of the free-space device, not an interaction length; il_onchip_db is a free-space reflection or excess loss, not a waveguide insertion loss (audit F17, 2026-10-03). drive_vpp_v left empty: the 5.6 Vpp is a predicted required voltage for 5 dB reflectance modulation (p.3-4, parallel-plate model, r33 200 pm/V assumed), not a demonstrated drive."
gao2024-a,gao2024,1 cm dual-arm PLACE TFLN phase modulator,phase_shifter,dual_arm;delay_waveguide;frequency_dependent_vpi;place_etching;spot_size_converter;eo_comb,lithium_niobate,lnoi_rib,monolithic,tw_gsg,unspecified,unspecified,,cl_band,,10,,3,12,,,,,,measured,,,,,,,,,,,,2.8,,,,,measured,,,,,,,500,210,1000,290,6.3,6.5,23.5,0.5,Au,4.7,silicon,none drawn in the phase-shifter cross-section (air); SiON 4 um x 3 um over the LN taper in the spot-size converter,x-cut,,"Si / 4.7 um SiO2 / 500 nm x-cut TFLN ridge (210 nm etch, top 1 um, bottom 4.8 um) / Au electrodes 500 nm",,,,,,,,,,"microwave source (GSG probe, 50 ohm termination)",vpi_rf_v:approx;vpi_rf_freq_ghz:approx,data/evidence/gao2024.yaml,"VERSION arXiv v1. Two GSG electrode pairs joined by a delay waveguide and crossing waveguides so the optical phase accumulates with the same sign in both pairs only when the delay equals an odd half-period of the RF: Vpi falls to about 3 V near 12, 16, 22 and 26 GHz (text; Fig. 4(a) minima read from the figure: about 3.2, 3.4, 3.6, 3.7 V near 12, 17, 22, 27 GHz) and diverges between them; the single-arm reference Vpi is 5.5 V in the text (red line about 5.2 V in Fig. 4(a)). Vpi measured from the OSA carrier-to-first-sideband ratio, wavelength 1510-1600 nm gives Vpi 2.8-3.4 V (Fig. 4(b)), wavelength of the frequency sweep not stated. Total electrode length 1 cm ('modulation length' in the abstract); per-pass length not stated. Insertion loss 2.8 dB is quoted without a definition; the setup couples fibers to spot-size converters at both ends, so it is entered as fiber-to-fiber with that caveat. EO comb: about 29 sidebands at about 2 W microwave input versus about 13 for a single-arm modulator (Fig. 4(d)). Electrode taper from 23.5 to 60 um signal width and 6.5 to 20 um gap at the probe pads. Ground width not stated; waveguide position in the gap not stated. Fabricator not named (PLACE technique only). Sidewall angle 6.3 deg is derived from the ridge top and bottom widths and etch depth and is measured from the film plane (90 deg = vertical); the paper states no angle."
geravand2025-a,geravand2025,"Stand-alone add-drop MRM, over-coupled",ring,microring;add_drop;over_coupled;pn_depletion;racetrack;tiN_heater;test_structure,silicon_plasma_dispersion,soi_rib,foundry_native,lumped,,per_arm_phase_shifter,,c_band,1549.9,,6.28,,,0.96,,,-0.5,,derived,,,,,,,,,,,,,85,17,static,-10,measured,,,,,,,220,,,,,,,,,,220 nm silicon-on-insulator,,,,"Add-drop racetrack MRM, radius 10 um, coupler length 600 nm, gap 200 nm, over-coupled; lateral pn junction with six doping layers of about 2e18 to 7e18 cm^-3 in the core; TiN heater on each ring",,,,,,,3200,9.73,0.032,,wavelength_nm:approx;vpi_dc_v:approx;prop_loss_db_per_cm:approx;extinction_ratio_db:approx;optical_input_power_dbm:lt;tuning_nm_per_v:approx,data/evidence/geravand2025.yaml,"Version: arXiv 2412.17986v1 (preprint, 34 pp incl. Supplementary Notes), not the Nature Photonics version of record. Test MRM with the same design as the rings in the I/Q modulator (geravand2025-b); characterization row only. EO S21 at resonance shows a peak above 10 dB near 35 GHz (Fig. 5(i), p.9; p.10) and no 3 dB bandwidth is stated, so bw3db is empty. Vpi 6.28 V is the voltage at which the authors' power-law fit (a 0.53, b 0.96) of ring-output phase versus voltage reaches pi; the 0-6 V data end near 2.9 rad, so it is a fit extrapolation, not a measured half-wave; Vpi*L 0.96 V cm uses the resonance-shift definition; the two use different conventions and are not interchangeable. Heater half-wave power about 60 mW (p.10, Extended Data Fig. 4(b)); intracavity buildup about 7.3 (p.10); power coupling bus to ring about 15 percent (p.9). Active length (pi*R) not entered as length_mm. Not reported: RF Vpi, on-chip loss, dynamic ER of the single ring, junction length."
geravand2025-b,geravand2025,Microring-assisted MZM I/Q modulator (4 MRMs),iq_mzm,ring_assisted_mzm;microring;chirp_free;coherent;nested_mzi;add_drop;pn_depletion;wdm_ready;shoreline_density,silicon_plasma_dispersion,soi_rib,foundry_native,lumped,push_pull,,,c_band,1550.5,,,,,,,,,,,35,dc,,60,67,,,measured,1,on-chip waveguide routing,"fiber-to-chip coupling (about 5 dB) and modulation loss (about 12 dB at 100 GBd, 2.2 Vpp)",6,,30,static,,measured,,,,,,,220,,,,,,,,,,220 nm silicon-on-insulator,,,,"Add-drop racetrack MRM, radius 10 um, coupler length 600 nm, gap 200 nm, over-coupled; lateral pn junction with six doping layers of about 2e18 to 7e18 cm^-3 in the core; TiN heater on each ring",180,"Coherent QPSK up to 180 GBd, 16QAM up to 150 GBd, 32QAM up to 130 GBd (single polarization, back-to-back, 24 percent SD-FEC threshold); dual-polarization 32QAM at 125 GBd back-to-back, 40 km and 80 km (BER below the 24 percent SD-FEC threshold)",,1000,10.4,18,,,,"Keysight M8199B 80 GHz DAC (2.7 V swing per channel before pre-compensation), phase shifters and bias tees, 50 GHz four-channel GSG probe with 50 ohm termination; offline DSP",bw3db_ghz:approx;bw6db_ghz:gt;il_onchip_db:approx;il_fiber_to_fiber_db:approx;extinction_ratio_db:gt;max_net_rate_gbps:gt,data/evidence/geravand2025.yaml,"Version: arXiv 2412.17986v1 preprint (stamp 23 Dec 2024), not the Nature Photonics version of record. Headline device: two nested MRM-assisted MZMs (four identical add-drop MRMs, geravand2025-a design) forming an I/Q modulator, push-pull (differential) drive. The EO S21 was measured on a single MRA-MZM at the quadrature point, dual-drive through a balun (p.32). Active area about 100 um wide, shoreline bandwidth density above 5 Tb/s/mm (p.1, p.11); not a column. Swing applied to each MRM 1 to 2.3 Vpp depending on symbol rate (Extended Data Fig. 4(e)); the Vpp behind 10.4 fJ/bit is not stated explicitly. RC bandwidth of the junction estimated 222 GHz (p.10). Fig. 5(i): 3 dB reference is the normalized low-frequency level (curve starts at 0 dB); dc reference is derived. No Vpi, Vpi*L or length reported for the MRA-MZM; Q 3200 is the MRM design value (a). Not reported: MZM-level Vpi, on-chip optical input power, temperature, electrode geometry. max_net_rate_gbps is the authors' arithmetic from symbol rate and 24 percent FEC overhead (derived), not a measured net throughput. S21 (Supp. Note C, p.32): 70 GHz photodiode response compensated; MRM response stated at 2 V bias, bias of the MRA-MZM S21 not stated. il_fiber_to_fiber_db 6 is the sum of about 5 dB fiber-to-chip coupling (per-facet or total not stated) and about 1 dB routing (Methods p.13); the field assumes a total, which the paper does not confirm."
giambra2021-a,giambra2021,30 um DSLG EAM on Si3N4,eam,graphene;double_layer_graphene;dslg;wafer_scale;hbn_encapsulated;semi_dry_transfer;numbers_from_arxiv_v2,graphene_2d,sin,other,lumped,,,,c_band,1550,0.03,,,,,,,,,,11.5,unspecified,,,,,,measured,,,,,,,,,,,,,,,,,,1500,,,,,,Ni/Au,,150 mm Si3N4 photonic platform wafer: 260 nm Si3N4 core on 15 um buried SiO2,top cladding thinned to about 40 nm over the core (evanescent coupling to the DSLG stack),,,SLG / 1L CVD-hBN / 17 nm PECVD Si3N4 gate dielectric / SLG on 1500 nm x 260 nm Si3N4 core; Ni/Au contacts 700 nm from core edge,,,,,,,,,,,length_mm:approx;bw3db_ghz:approx,data/evidence/giambra2021.yaml,"Numbers from arXiv v2 (2012.05816v2, 17 pages; page-1 footer shows the ACS Nano typeset article, received 2020-11-20, accepted 2021-01-21). 30 DSLG EAMs on 4 chips of one 150 mm wafer with uniform performance +/-10% (p.2). Operating wavelength 1550 nm is the design wavelength (quasi-TE; p.11), measurement wavelength not stated separately. Not reported: insertion loss and extinction ratio of the devices, drive voltage swing, energy per bit, capacitance, optical input power, device temperature. Eye diagrams at 10, 15 and 20 Gbps (NRZ PRBS, Fig. 7(c)) do not identify the device length, so no rate is entered on any row. Fabricating fab of the Si3N4 wafer not named. Modulation efficiency about 0.25 dB/V (abstract p.1; Fig. 7(a), linear in length); no column. 3 dB EO bandwidth about 11.5 GHz (p.11; p.2 quotes about 12 GHz), reference of the 3 dB drop not stated."
giambra2021-b,giambra2021,60 um DSLG EAM on Si3N4,eam,graphene;double_layer_graphene;dslg;wafer_scale;hbn_encapsulated;semi_dry_transfer;numbers_from_arxiv_v2,graphene_2d,sin,other,lumped,,,,c_band,1550,0.06,,,,,,,,,,6.5,unspecified,,,,,,measured,,,,,,,,,,,,,,,,,,1500,,,,,,Ni/Au,,150 mm Si3N4 photonic platform wafer: 260 nm Si3N4 core on 15 um buried SiO2,top cladding thinned to about 40 nm over the core (evanescent coupling to the DSLG stack),,,SLG / 1L CVD-hBN / 17 nm PECVD Si3N4 gate dielectric / SLG on 1500 nm x 260 nm Si3N4 core; Ni/Au contacts 700 nm from core edge,,,,,,,,,,,length_mm:approx;bw3db_ghz:approx,data/evidence/giambra2021.yaml,"Numbers from arXiv v2 (2012.05816v2, 17 pages; page-1 footer shows the ACS Nano typeset article, received 2020-11-20, accepted 2021-01-21). 30 DSLG EAMs on 4 chips of one 150 mm wafer with uniform performance +/-10% (p.2). Operating wavelength 1550 nm is the design wavelength (quasi-TE; p.11), measurement wavelength not stated separately. Not reported: insertion loss and extinction ratio of the devices, drive voltage swing, energy per bit, capacitance, optical input power, device temperature. Eye diagrams at 10, 15 and 20 Gbps (NRZ PRBS, Fig. 7(c)) do not identify the device length, so no rate is entered on any row. Fabricating fab of the Si3N4 wafer not named. Modulation efficiency about 0.45 dB/V (abstract p.1; Fig. 7(a), linear in length); no column. 3 dB EO bandwidth about 6.5 GHz, reference of the 3 dB drop not stated."
giambra2021-c,giambra2021,90 um DSLG EAM on Si3N4,eam,graphene;double_layer_graphene;dslg;wafer_scale;hbn_encapsulated;semi_dry_transfer;numbers_from_arxiv_v2,graphene_2d,sin,other,lumped,,,,c_band,1550,0.09,,,,,,,,,,7.0,unspecified,,,,,,extracted_from_figure,,,,,,,,,,,,,,,,,,1500,,,,,,Ni/Au,,150 mm Si3N4 photonic platform wafer: 260 nm Si3N4 core on 15 um buried SiO2,top cladding thinned to about 40 nm over the core (evanescent coupling to the DSLG stack),,,SLG / 1L CVD-hBN / 17 nm PECVD Si3N4 gate dielectric / SLG on 1500 nm x 260 nm Si3N4 core; Ni/Au contacts 700 nm from core edge,,,,,,,,,,,length_mm:approx;bw3db_ghz:approx,data/evidence/giambra2021.yaml,"Numbers from arXiv v2 (2012.05816v2, 17 pages; page-1 footer shows the ACS Nano typeset article, received 2020-11-20, accepted 2021-01-21). 30 DSLG EAMs on 4 chips of one 150 mm wafer with uniform performance +/-10% (p.2). Operating wavelength 1550 nm is the design wavelength (quasi-TE; p.11), measurement wavelength not stated separately. Not reported: insertion loss and extinction ratio of the devices, drive voltage swing, energy per bit, capacitance, optical input power, device temperature. Eye diagrams at 10, 15 and 20 Gbps (NRZ PRBS, Fig. 7(c)) do not identify the device length, so no rate is entered on any row. Fabricating fab of the Si3N4 wafer not named. Modulation efficiency about 0.75 dB/V (abstract p.1; Fig. 7(a), linear in length); no column. 3 dB EO bandwidth read from Fig. 7(b) only; p.11 text lists 11.5, 6.5, 7.4 GHz for 30, 60, 120 um, which conflicts with the plotted 120 um point (about 4 GHz). The text's 7.4 GHz, listed with 30, 60 and 120 um, is probably the 90 um value (Fig. 7(b): 11.6, 6.5, 7.0, 4.0 GHz for 30, 60, 90, 120 um; p.2 gives about 4 GHz for 120 um); this row uses the figure reading 7.0 GHz."
giambra2021-d,giambra2021,120 um DSLG EAM on Si3N4,eam,graphene;double_layer_graphene;dslg;wafer_scale;hbn_encapsulated;semi_dry_transfer;numbers_from_arxiv_v2,graphene_2d,sin,other,lumped,,,,c_band,1550,0.12,,,,,,,,,,4.0,unspecified,,,,,,extracted_from_figure,,,,,,,,,,,,,,,,,,1500,,,,,,Ni/Au,,150 mm Si3N4 photonic platform wafer: 260 nm Si3N4 core on 15 um buried SiO2,top cladding thinned to about 40 nm over the core (evanescent coupling to the DSLG stack),,,SLG / 1L CVD-hBN / 17 nm PECVD Si3N4 gate dielectric / SLG on 1500 nm x 260 nm Si3N4 core; Ni/Au contacts 700 nm from core edge,,,,,,,,,,,length_mm:approx;bw3db_ghz:approx,data/evidence/giambra2021.yaml,"Numbers from arXiv v2 (2012.05816v2, 17 pages; page-1 footer shows the ACS Nano typeset article, received 2020-11-20, accepted 2021-01-21). 30 DSLG EAMs on 4 chips of one 150 mm wafer with uniform performance +/-10% (p.2). Operating wavelength 1550 nm is the design wavelength (quasi-TE; p.11), measurement wavelength not stated separately. Not reported: insertion loss and extinction ratio of the devices, drive voltage swing, energy per bit, capacitance, optical input power, device temperature. Eye diagrams at 10, 15 and 20 Gbps (NRZ PRBS, Fig. 7(c)) do not identify the device length, so no rate is entered on any row. Fabricating fab of the Si3N4 wafer not named. Modulation efficiency about 1.0 dB/V (abstract p.1; Fig. 7(a), linear in length); no column. 3 dB EO bandwidth about 4 GHz (Fig. 7(b), intro p.2); the 7.4 GHz in the p.11 text is inconsistent and not used."
gui2022-a,gui2022,"4.7 um ITO plasmonic MZI phase shifter, 41:59 splitter (design)",mzm,ito;plasmonic;carrier_accumulation;mos_capacitor;asymmetric_splitter;design_study;simulation_only;numbers_from_arxiv_v2,other,soi_rib,monolithic,plasmonic_lumped,single_ended,per_arm_phase_shifter,,c_band,1550,0.0047,,,,0.0108,,,,,simulated,102,dc,,,,,,simulated,2.9,"active-arm propagation loss (0.27 dB/um), design loss from 0.33 pi phase shift, 41:59 splitter; SI Eq. 3 adds 2 x 0.07 dB facet loss",,,2700,3,static,,simulated,,,,,,,10,,500,,,,,0.03,Au,,SOI (silicon-on-insulator) photonic platform,5 nm Al2O3 passivation layer,,,500 nm x 220 nm Si waveguide / 5 nm Al2O3 passivation / 10 nm ITO / 15 nm Al2O3 gating oxide / 30 nm Au top plate (Fig. 1(d)),,,,,380,62,,,,,,data/evidence/gui2022.yaml,"Numbers from arXiv v2 (2112.10926v2, 14 pages incl. Supplementary Information); associated journal Nanophotonics 11(17), 4001-4009 (2022). Simulation and design study only (FEM eigenmode, COMSOL RC extraction, 3D FDTD/Lumerical): the only measurement is ellipsometry of the ITO film (Fig. 2(a)); no fabricated or characterized modulator. Table I marks ER, IL, speed and energy of this work as calculated. Mechanism: ITO carrier accumulation/depletion in a MOS capacitor with plasmonic enhancement from the Au top plate (not Pockels); drive +/-3.5 V (7 V swing), carrier density 1.6e20 to 2.5e20 cm-3 in 10 nm ITO. Asymmetric Y-splitter in front of the active arm, 41:59 (X = 41). Fabricating fab not named. Headline design: 4.7 um active length, 0.33 pi phase shift (delta n_eff 0.1516), ER 3 dB, IL 2.9 dB (propagation 0.27 dB/um plus design loss), area about 2e-4 mm2 (33 x 6 um MZI, Fig. 1(a)). VpiL: 108 V um in Table I (0.0108 V cm), abstract rounds to 0.1 V mm (0.01 V cm); my check 7 V / 0.33 x 4.7 um gives about 100 V um. Speed stated inconsistently: 102 GHz (Fig. 4 caption; = 1/(2 pi 25 Ohm 62 fF)), 108 GHz (p.7 text, conclusion p.8), 100 GHz (Table I, p.3); 102 GHz entered. Switching energy 380 fJ/bit (Table I; p.6 text typo reads 380 pJ) equals 0.5 C V^2 with C 62 fF and V 3.5 V; total resistance 25 Ohm. Abstract and title claim 100 GHz and 3500x packing density relative to a silicon MZI. VpiL convention (per phase shifter) is inferred; the authors do not name it. Platform: SOI Si waveguide; integration entered as monolithic per the paper title. eo_material other (ITO has no enum value)."
gui2022-b,gui2022,"9.1 um ITO plasmonic MZI, 91:9 splitter, maximum-ER design",mzm,ito;plasmonic;carrier_accumulation;mos_capacitor;asymmetric_splitter;design_study;simulation_only;numbers_from_arxiv_v2;max_er_design,other,soi_rib,monolithic,plasmonic_lumped,single_ended,,,c_band,1550,0.0091,,,,,,,,,,71,dc,,,,,,simulated,10,,,,,53,static,,simulated,,,,,,,10,,500,,,,,0.03,Au,,SOI (silicon-on-insulator) photonic platform,5 nm Al2O3 passivation layer,,,500 nm x 220 nm Si waveguide / 5 nm Al2O3 passivation / 10 nm ITO / 15 nm Al2O3 gating oxide / 30 nm Au top plate (Fig. 1(d)),,,,,,,,,,,,data/evidence/gui2022.yaml,"Numbers from arXiv v2 (2112.10926v2, 14 pages incl. Supplementary Information); associated journal Nanophotonics 11(17), 4001-4009 (2022). Simulation and design study only (FEM eigenmode, COMSOL RC extraction, 3D FDTD/Lumerical): the only measurement is ellipsometry of the ITO film (Fig. 2(a)); no fabricated or characterized modulator. Table I marks ER, IL, speed and energy of this work as calculated. Mechanism: ITO carrier accumulation/depletion in a MOS capacitor with plasmonic enhancement from the Au top plate (not Pockels); drive +/-3.5 V (7 V swing), carrier density 1.6e20 to 2.5e20 cm-3 in 10 nm ITO. Asymmetric Y-splitter in front of the active arm, 41:59 (X = 41). Fabricating fab not named. Alternative design point of the same stack with splitting ratio X = 91 (91:9): 9.1 um length, ER 53 dB, IL 10 dB, transmission difference 10%, speed 71 GHz (Fig. 4 caption p.7; text p.7). Shown by the authors to illustrate the ER versus IL trade-off; not the headline device. VpiL, capacitance and energy not given for this design."
guo2026-a,guo2026,"3 mm CLTW push-pull MZM, 532 nm",mzm,capacitively_loaded;visible;uwoc_transmitter;thermo_optic_bias,lithium_tantalate,ltoi_rib,monolithic,cl_twe,push_pull,mzm_push_pull,,visible_nir,532,3,2.6,,,0.78,,,,,measured,50,unspecified,,,57,,,measured,2.7,not stated by the paper; the authors only subtract the grating-coupler loss from the fiber-to-fiber loss,input and output grating couplers (about 4.5 dB each),12,1.7,35,static,,derived,5.5,100,49,2.48,2.45,11.5,200,100,1500,100,60,,40,1.1,Au,3,,SiO2 800 nm PECVD,x-cut,,blackened x-cut LTOI: 200 nm LT on 3 um buried SiO2,100,OOK 100 Gb/s and PAM-4 56 GBd (112 Gb/s) over 3 m; OOK 64 Gb/s over 9 m,112,,,,,,,"SHF 807c 50 GHz linear amplifier (saturated output about 6 Vpp); Micram DAC1002 AWG, 100 GSa/s",vpi_dc_v:approx;vpil_dc_vcm:approx;bw3db_ghz:gt;il_fiber_to_fiber_db:approx;prop_loss_db_per_cm:approx;extinction_ratio_db:gt;optical_power_handling_dbm:approx;rf_loss_db_per_cm:approx;n_rf:approx;z0_ohm:approx;ng_opt:approx;sidewall_angle_deg:approx,data/evidence/guo2026.yaml,"RF loss, n_rf, Z0 and ng are simulated CLTW design values (basis simulated/figure-read), not measurements; simulated Vpi*L 0.77 V cm. 50 ohm on-chip termination; 67 GHz GGB probe; PD Newport 1014. TFLN comparison device of similar geometry (high-temperature annealed) not entered. Chip on a temperature-controlled stage at room temperature. Fabricated facility not named."
guo2026-b,guo2026,"3 mm dual-drive MZM, 532 nm (OSSB and EO comb)",mzm,dual_drive;capacitively_loaded;visible;ossb;eo_comb,lithium_tantalate,ltoi_rib,monolithic,cl_twe,dual_drive,,,visible_nir,532,3,,,,,,,,,,,,,,,,,,,,,,,,,,,,,,,,,,,,,,,,,,,,,,,,,"OSSB at 50 GHz drive, SSR > 15 dB; EO comb 11 lines at 50 GHz spacing, 7 flat-top",,,,,,,,"30 dBm 20-50 GHz microwave amplifier, power splitter and tunable RF phase shifter",,data/evidence/guo2026.yaml,"Same TFLT platform as guo2026-a; cross-section not restated for the DD-MZM. No Vpi, bandwidth or loss reported for this device. SSR and comb metrics have no dedicated column."
gupta2023-a,gupta2023,"5 mm TWE MZM, 1550 nm",mzm,periodically_loaded_twe;qcse;mqw;generic_foundry;open_access_mpw;integrated_dfb_pd,inp_mqw,inp,foundry_native,tw_cps,push_pull,mzm_push_pull,,c_band,1550,5,1.4,,,0.7,,,-10,1.4,measured,32,unspecified,,,,,,measured,,,,12.5,,31,static,,measured,,,,,,,,,,,,,,,gold,,semi-insulating Fe-doped InP,,,[1-10],20-period InGaAsP/InP MQW phase-modulator stack (butt-joint regrown with i-InP) on semi-insulating InP; p-i-n sections alternate with intrinsic sections; Q1.06 InGaAsP passive waveguide layers; absorption edge set away from 1550 nm,80,"NRZ 64 Gb/s (SNR 5, ER 9.3 dB) and 80 Gb/s (SNR 4, ER 8 dB) optical eyes; PAM4 24 GBd (SNR 2.2, ER 5.5 dB, 3-bit 32 GBd DAC)",80,,,,,,,bit pattern generator (limited to 65 Gb/s) with MUX for 80 Gb/s; 66 GHz amplifier; DC bias 10 V,,data/evidence/gupta2023.yaml,"Version: accepted manuscript (author's version, IEEE copyright notice), not the version of record (JLT 41(11) 3498-3504, Crossref date 2023-06-01). Headline device. Push-pull is stated by the authors (RF voltage divides equally and antiphase over the two diodes); electrical feed is single ended with one 50 ohm termination. Vpi 1.4 V at 1550 nm; 1.2 V at 1530 nm and 1.7 V at 1570 nm are on separate rows (gupta2023-d, -e). EO 3 dB bandwidth measured at 8 V bias (p.6), eyes at 10 V. FOM 3 dB BW/Vpi 23 GHz/V and f3dB*L 160 GHz mm are authors' arithmetic (32/1.4; 32 x 5). EE response measured with probes de-embedded (Fig. 13); electrical reflections below -10 dB to at least 60 GHz. Not reported: Z0 and n_RF values (50 ohm is a design target), RF Vpi, RF loss, group index, optical input power, drive Vpp for the 80 Gb/s point separately, temperature, MQW dimensions. Vpi definition: the paper reads it along the NW-SE diagonal of the two-port (I,U) voltage map (Fig. 12(a), p.5) and does not define it further; the arrow spans about 1 V in each port (figure read, approx), so 1.4 V is the diagonal length in the two-port plane, not a per-arm or line-differential value; do not compare directly with other push-pull rows. IL 12.5 dB: whether the 4 dB fiber-SSC term is one facet or both, and the bias at which IL was taken, are not stated; the field assumes a total fiber-to-fiber figure."
gupta2023-b,gupta2023,"4 mm TWE MZM, 1550 nm",mzm,periodically_loaded_twe;qcse;mqw;generic_foundry;open_access_mpw;integrated_dfb_pd,inp_mqw,inp,foundry_native,tw_cps,push_pull,,,c_band,1550,4,,,,,,,,,,34,unspecified,,,,,,measured,,,,,,,,,,,,,,,,,,,,,,,,gold,,semi-insulating Fe-doped InP,,,[1-10],20-period InGaAsP/InP MQW phase-modulator stack (butt-joint regrown with i-InP) on semi-insulating InP; p-i-n sections alternate with intrinsic sections; Q1.06 InGaAsP passive waveguide layers; absorption edge set away from 1550 nm,,,,,,,,,,,,data/evidence/gupta2023.yaml,"Version: accepted manuscript. Length-variant row: only the small-signal EO 3 dB bandwidth (34 GHz at 8 V bias, 1550 nm) is reported; no Vpi, IL or ER for 4 mm. The 4 mm and 3 mm devices were probed with a 50 ohm terminated probe instead of the on-chip resistor (p.6). Simulated responses (Fig. 10) not entered."
gupta2023-c,gupta2023,"3 mm TWE MZM, 1550 nm",mzm,periodically_loaded_twe;qcse;mqw;generic_foundry;open_access_mpw;integrated_dfb_pd,inp_mqw,inp,foundry_native,tw_cps,push_pull,,,c_band,1550,3,,,,,,,,,,42,unspecified,,,,,,measured,,,,,,,,,,,,,,,,,,,,,,,,gold,,semi-insulating Fe-doped InP,,,[1-10],20-period InGaAsP/InP MQW phase-modulator stack (butt-joint regrown with i-InP) on semi-insulating InP; p-i-n sections alternate with intrinsic sections; Q1.06 InGaAsP passive waveguide layers; absorption edge set away from 1550 nm,,,,,,,,,,,,data/evidence/gupta2023.yaml,"Version: accepted manuscript. Length-variant row: only the small-signal EO 3 dB bandwidth (42 GHz at 8 V bias, 1550 nm) is reported; no Vpi, IL or ER for 3 mm. Terminated with a 50 ohm probe (p.6)."
gupta2023-d,gupta2023,"5 mm TWE MZM, 1530 nm (Vpi only)",mzm,periodically_loaded_twe;qcse;mqw;generic_foundry;open_access_mpw;integrated_dfb_pd,inp_mqw,inp,foundry_native,tw_cps,push_pull,mzm_push_pull,,c_band,1530,5,1.2,,,,,,,,measured,,,,,,,,,,,,,,,,,,,,,,,,,,,,,,,,gold,,semi-insulating Fe-doped InP,,,[1-10],20-period InGaAsP/InP MQW phase-modulator stack (butt-joint regrown with i-InP) on semi-insulating InP; p-i-n sections alternate with intrinsic sections; Q1.06 InGaAsP passive waveguide layers; absorption edge set away from 1550 nm,,,,,,,,,,,,data/evidence/gupta2023.yaml,"Version: accepted manuscript. Wavelength variant of gupta2023-a: only the half-wave voltage at 1530 nm is stated (Fig. 12(c) ER map not read quantitatively). Bias not stated, so not entered. Same Vpi definition as gupta2023-a (diagonal arrow length in the (I,U) map, Fig. 12(c)), not stated further by the authors; the arrow starts near -10 V per port but the bias is not stated."
gupta2023-e,gupta2023,"5 mm TWE MZM, 1570 nm (Vpi only)",mzm,periodically_loaded_twe;qcse;mqw;generic_foundry;open_access_mpw;integrated_dfb_pd,inp_mqw,inp,foundry_native,tw_cps,push_pull,mzm_push_pull,,c_band,1570,5,1.7,,,,,,,,measured,,,,,,,,,,,,,,,,,,,,,,,,,,,,,,,,gold,,semi-insulating Fe-doped InP,,,[1-10],20-period InGaAsP/InP MQW phase-modulator stack (butt-joint regrown with i-InP) on semi-insulating InP; p-i-n sections alternate with intrinsic sections; Q1.06 InGaAsP passive waveguide layers; absorption edge set away from 1550 nm,,,,,,,,,,,,data/evidence/gupta2023.yaml,"Version: accepted manuscript. Wavelength variant of gupta2023-a: only the half-wave voltage at 1570 nm is stated (Fig. 12(d) ER map not read quantitatively). Bias not stated, so not entered. Same Vpi definition as gupta2023-a (diagonal arrow length in the (I,U) map, Fig. 12(d)), not stated further by the authors; the arrow starts near -10 V per port but the bias is not stated."
han2023-a,han2023,124 um CROW slow-light Si MZM,mzm,slow_light;coupled_resonator_crow;bragg_grating;pn_depletion;foundry_process;gsgsg_electrode,silicon_plasma_dispersion,soi_rib,foundry_native,other,push_pull,,,c_band,1550,0.124,,,,,,,,,,110,dc,,,110,,,derived,6.8,"phase shifter (5.4 dB) plus other structures (3 dB couplers, routing waveguides, etc.)","fiber/grating coupling loss, stated by the authors as an unoptimized coupling loss of about 10 dB (per coupler or per pair not stated)",,,2.15,dynamic,,measured,,,,,6.1,,,,455,90,,6.4,,1.2,Cu,2,"silicon-on-insulator (220 nm Si device layer, 200 mm wafer)",SiO2,,,"Fishbone Bragg-grating CROW on 220 nm SOI: period 300 nm, sidewall corrugation depth 190 nm, Np 20 periods, Nr 10 resonators, lambda/4 phase-shifter regions; lateral pn junction, P and N doping 5.0e17 cm^-3 at the core, P+/P++/N+/N++ contact doping (levels not stated); 90 nm partially etched slab; GSGSG Cu electrode",112,"OOK, 70 / 84 / 98 / 100 / 112 Gb/s; eye diagrams at 100 and 112 Gb/s without pre-equalization or DSP; BER data with offline FFE and MLSE at the receiver; BER below the 7 percent HD-FEC line (3.8e-3) up to 98 Gb/s; at 112 Gb/s best BER about 1.7e-2 (Fig. 4(h), figure read), marginally above the 20 percent FEC line (about 1.5e-2), unlike the text claim of below 2e-3",112,,,,,,,SHF 12104A bit pattern generator with SHF C603B MUX (eye diagrams); Keysight M8199A AWG (BER); no electrical amplifier stated,wavelength_nm:approx;bw3db_ghz:approx,data/evidence/han2023.yaml,"Single device characterized (124 um modulation region per arm, Fig. 3a). All values from the arXiv v1 preprint, not the Science Advances VoR; Supplement not cached. Not reported in the preprint: Vpi, Vpi*L, measured modulation efficiency (so vpi_convention empty), drive amplitude, bias voltage, optical input power, Z0 value, n_RF, RF loss, energy per bit, capacitance, temperature; no per-length propagation loss entered. Design-stage values not entered as device metrics (simulated, Sec. 2 and Fig. 2): efficiency factor 0.013 pi/V at the design point (voltage not stated), optical bandwidth about 140 GHz, electrical bandwidth about 200 GHz at 4 V, Q_propagating about 5000; Fig. 2(g) shows simulated electrode loss for 124 um. Bandwidth: 110 GHz is the crossing of the authors' fit to the S21 curve (Fig. 4c; basis derived, not a direct trace crossing); measured trace spans 0 to 110 GHz and reaches about -3 to -4 dB at the end, so the crossing sits at the instrument limit (bw_measured_to_ghz = 110). Curve starts at 0 dB at low frequency, hence reference dc (derived); it shows about +1.5 dB peaking near 20 GHz (read from figure). Authors say the result is slightly degraded by RF probe loss; de-embedding, bias, operating wavelength and the dB convention of S21 (electrical or optical) are not stated. Wavelength 1550 nm is nominal: the mid-gap passband is about 8 nm wide around 1550 nm (design 11 nm), data wavelengths span 1548-1556 nm (Fig. 4f-g); wavelength of the S21 measurement not stated. ER is the dynamic ER at 112 Gb/s (2.15 dB); 3.15 dB at 100 Gb/s (Fig. 4d caption); ER, OMA and SNR vary by less than 0.5 dB across the passband (Fig. 4f). Data rate: OOK so baud equals bit rate (derived); text says BER is below HD-FEC (3.8e-3) up to 98 Gb/s and below SD-FEC (2e-3) up to 112 Gb/s, but in Fig. 4h the 20 percent FEC line reads about 1.5e-2 and the best 112 Gb/s point about 1.7e-2 (figure reading), so the SD-FEC claim is not confirmed from the figure; max_line_rate_gbps 112 is the demonstrated line rate (eyes and BER measured), not an FEC-compliant rate (BER is below the 7 percent HD-FEC line only up to 98 Gb/s), and no net rate is entered. Insertion loss: 6.8 dB on-chip with 5.4 dB from the phase shifter (Methods p.15); wording of the excluded coupling loss is ambiguous."
he2019-a,he2019,3 mm hybrid Si/LN MZM (data-transmission device),mzm,hybrid_si_ln;bcb_bonded;vertical_adiabatic_coupler;rib_etched_ln;gsg,lithium_niobate,lnoi_rib,bonded_heterogeneous,tw_gsg,push_pull,mzm_push_pull,,c_band,,3,7.4,,,2.2,,,,4,measured,70,unspecified,,,70,,,measured,2.5,,,,0.98,40,static,,measured,,,,,2.21,,,180,1000,420,60,6.5,19.5,0.6,gold,,SOI (3 um SiO2 on silicon),,x-cut,,"x-cut LN membrane (slab 420 nm, rib 180 nm) on about 300 nm BCB on SOI (3 um SiO2 on Si); Si inverse tapers 500 nm to 80 nm over 150 um in the vertical adiabatic couplers",100,"OOK 56, 72, 84 and 100 Gb/s (dynamic ER 11.8, 6.0, 5.5, 5.0 dB); PAM-4 28 and 56 GBd (56 and 112 Gb/s)",112,,714,,,,,"SHF 807 50 GHz broadband amplifier (4 Vpp saturated output), AWG 100 GS/s",bw3db_ghz:gt;extinction_ratio_db:gt;ng_opt:approx;sidewall_angle_deg:approx,data/evidence/he2019.yaml,"Numbers from the arXiv-style manuscript (a later revision than arXiv v1) with Supplementary Information in the cache; the Nature Photonics version was not read. Vpi 7.4 V from a 100 kHz triangular sweep (Fig. 2a arrow; text), entered as DC; the Fig. 2 caption says 4.5 V for this device, which contradicts both the figure and the 2.2 V*cm product. Push-pull drive stated in text; Vpi is the max-to-min transmission span. On-chip IL 2.5 dB is the abstract value ('on-chip' in the introduction); the paper does not say which length: Table 1 lists it beside the 5 mm device, the abstract pairs it with VpiL 2.2 V*cm (3 mm) - entered on this row only, definition of what is excluded not stated. EO 3 dB bandwidth not crossed: VNA limit 70 GHz, PD response de-embedded, trace normalization not stated. ER > 40 dB from the Fig. 2a inset (static, log scale). Data transmission on this device: OOK 100 Gb/s is NRZ (100 GBd), PAM-4 56 GBd = 112 Gb/s; system limited by RF probe and cables at 100 Gb/s; BER below the 3.8e-3 hard-FEC limit. Energy 714 fJ/bit (Supplementary Section II formula (Vpp/2)^2/(B x 50 ohm), Vpp 4 V, 112 Gb/s); main text says about 700 fJ/bit. Propagation loss 0.98 dB/cm and optical group index about 2.21 (simulated) belong to the LN waveguide of the same cross-section (cut-back test structures / simulation), not to this MZM. Not reported: optical wavelength of the EO measurements (design simulations at 1550 nm; quadrature spectrum 1530-1570 nm), optical input power, fiber-to-fiber loss, Z0, n_RF (simulated curves in Fig. S4 only), film total thickness (slab 420 nm + rib 180 nm not summed by the authors). Electrode_gap_um is the edge-to-edge gap w + 2g = 6.5 um (g = 2.75 um from waveguide edge to electrode); ground width 30 um."
he2019-b,he2019,5 mm hybrid Si/LN MZM,mzm,hybrid_si_ln;bcb_bonded;vertical_adiabatic_coupler;rib_etched_ln;gsg,lithium_niobate,lnoi_rib,bonded_heterogeneous,tw_gsg,push_pull,mzm_push_pull,,c_band,,5,5.1,,,2.5,,,,,measured,70,unspecified,,,70,,,measured,,,,,0.98,,,,,,,,,2.21,,,180,1000,420,60,6.5,19.5,0.6,gold,,SOI (3 um SiO2 on silicon),,x-cut,,"x-cut LN membrane (slab 420 nm, rib 180 nm) on about 300 nm BCB on SOI (3 um SiO2 on Si); Si inverse tapers 500 nm to 80 nm over 150 um in the vertical adiabatic couplers",,,,,,,,,,,bw3db_ghz:gt;ng_opt:approx;sidewall_angle_deg:approx,data/evidence/he2019.yaml,"Numbers from the arXiv-style manuscript (a later revision than arXiv v1) with Supplementary Information in the cache; the Nature Photonics version was not read. Same cross-section as the 3 mm device. Vpi 5.1 V from the 100 kHz triangular sweep (Fig. 2a); stated product 2.5 V*cm (5.1 x 0.5 = 2.55). EO 3 dB bandwidth beyond the 70 GHz VNA limit (Fig. 3b). No ER, loss or data-transmission results are given for this device in the text (ER >40 dB and the data runs are on the 3 mm device). Propagation loss and group index belong to the shared LN waveguide design."
heidari2022-a,heidari2022,"DSLG EAM in vertical DBR cavity, a-Si waveguide",eam,graphene;double_layer_graphene;dbr_cavity;slow_light;a_si_waveguide;grating_coupled;numbers_from_arxiv_v2,graphene_2d,other,other,lumped,,,,c_band,1550,,,,,,,,,,,60,unspecified,,,,,,measured,0.7,,,,,13,static,,simulated,,,,,,,,,600,,,,,,Pd/Au (10 nm / 90 nm),,InP substrate with 33-pair Nb2O5/SiO2 bottom DBR,20-layer Si/SiO2 quarter-wave top DBR; 20 nm ALD Al2O3 layer,,,bottom DBR / SLG / 20 nm Al2O3 / SLG / a-Si waveguide 600 nm x 445 nm (PECVD) / top DBR; wet-transferred CVD graphene,,,,,2.25,27,,,,,bw3db_ghz:approx;extinction_ratio_db:approx,data/evidence/heidari2022.yaml,"Numbers from arXiv v2 (2109.07476v2, 5 pages); associated journal Nanophotonics 11(17), 4011-4016 (2022). Measured: S21 small-signal response (VNA, DFB laser at 1550 nm; Fig. 3(b)-(c)) and transmission versus drive voltage at 1530, 1545, 1550 nm (Fig. 3(a)). Simulated or assumed: insertion loss 0.7 dB (simulation), modulation depth above 4 dB/um (FIMMWAVE, Fig. 2), C = 27 fF, R about 100 Ohm (50 Ohm of it from the setup) and the 0.57 V swing for 3 dB. Energy per bit 2.25 fJ/bit = 0.25 C V^2 (the stated C and V give about 2.19 fJ/bit). Modulation depth 5.2 dB/V (Fig. 3(a), 1550 nm; no column); Fig. 3(a) shows about -3 dB at -4 V and about -16 dB at 0 V at 1550 nm, which is not consistent with 0.7 dB IL. Footprint about 6 um2 (p.1); active length not stated. Si waveguide 0.6 um wide, 0.445 um thick. DBR counts: p.2 text says 33 Nb2O5/SiO2 pairs and 20 Si/SiO2 layers; Fig. 1(d) labels 16.5 and 10 pairs. Fabricating fab not named. Batch hint 'Silicon photonics platform' is loose: the waveguide is PECVD a-Si between DBR mirrors on an InP substrate. dB scale of the 60 GHz: the p.3 text calls it 'optical 3 dB (electrical 6 dB) bandwidth' while the Fig. 3(c) axis shows about -3 dB near 58 GHz and the caption says 3 dB cut-off; entered as bw3db_ghz following the figure and caption. Static transmission at 1550 nm in Fig. 3(a) is about -3 dB at -4 V and about -16 dB at 0 V (about 13 dB over 4 V), entered as extinction_ratio_db 13 (approx, figure reading; audit R2-F4)."
hou2024-a,hou2024,"Ring-pair LN modulator, 40 um radius",ring,ring_pair;double_ring;resonant;inverse_field_pair;multiplied_transmission,lithium_niobate,lnoi_rib,monolithic,lumped,push_pull,,,c_band,1561.36,,,,,,,,,,,,,,,,,,,,,,,,32,static,,,,,,,,,600,400,1500,200,,4.5,,0.3,Au,2,silicon,"SiO2, 1.5 um PECVD",x-cut,,,,,,,,,,,,,wavelength_nm:approx,data/evidence/hou2024.yaml,"Two identical-design rings (radius 40 um) coupled to one bus, one signal-ground electrode pair giving opposite fields in the rings (p.4, Fig. 1). Aligned ring-pair ER 32 dB (p.8; around 32 dB p.9; abstract and Table 1 state beyond 30 dB), static; individual rings ER 13 dB (ring 1) and 19 dB (ring 2), both under-coupled (p.7-8, Fig. 3b). Optical -3 dB linewidth of the pair 22 GHz (0.1777 nm), 1.28 and 1.78 times the single linewidths of ring 1 and ring 2 (p.8, Fig. 3c); not an EO S21. Intrinsic Q 20k and 25k, power coupling 7.1 and 4.5 percent (ring 1, ring 2; p.8). Zero-voltage resonances 1561.33 and 1561.39 nm (p.9); wavelength_nm is the 0 V ring-pair dip read from Fig. 4(c). Modulation: full amplitude swing needs about 55 V (pair, Fig. 4c) versus 50 V (single ring, Fig. 4a) (p.9); the 4.8 pm/V tuning (Table 1, this work) was measured on the single-ring device in Fig. 4b, so it is entered on row b only. Off-resonance transmission level about -15 dB in Fig. 3c and 4c (normalisation not stated); no insertion loss claimed. No Vpi, EO bandwidth, RF data or modulation format reported."
hou2024-b,hou2024,Single-ring LN modulator (Fig. 4a-b reference),ring,single_ring;resonant;reference_device,lithium_niobate,lnoi_rib,monolithic,lumped,,,,c_band,1567.8,,,,,,,,,,,,,,,,,,,,,,,,,,,,,,,,,,600,400,1500,200,,4.5,,0.3,Au,2,silicon,"SiO2, 1.5 um PECVD",x-cut,,,,,,,,,,,0.0048,,wavelength_nm:approx,data/evidence/hou2024.yaml,"Single-ring modulator measured for the tuning efficiency: linear resonance shift 4.8 pm/V (240 pm at 50 V, Fig. 4b p.10), resonance near 1567.8 nm read from Fig. 4a (dashed lambda_res line, approximate). Radius 40 um is stated for the fabricated devices (p.7, p.10 Table 1); whether this ring is ring 1 or ring 2 of the pair is not stated (different resonance wavelength than the pair, 1561.3 nm). Full amplitude swing about 50 V. ER and linewidth of this ring not stated numerically (""without obvious fluctuation"", p.9)."
hsu2024-a,hsu2024,"8 um radius ITiO-gated MOSCAP MRM, accumulation mode (measured)",ring,microring;moscap;titanium_doped_indium_oxide;hfo2;accumulation_mode;tco_gate;optical_peaking,silicon_plasma_dispersion,soi_rib,other,lumped,,resonance_tuning_derived,,o_band,1317.54,0.0314,,,,0.12,,,,0.8,derived,11,other,0.5,,,,,measured,3,ring at the -1.5 V modulation point relative to the normalized off-resonance transmission,fiber grating-coupler loss (Fig. 4 transmission is normalized),,,6,static,,measured,,,,,,,300,,290,100,,,,,Ni/Au,,silicon-on-insulator (Intel 300 mm photonics process),"SiO2 top cladding, etched away over the active region and replaced by 10 nm HfO2 plus 14 nm ITiO",,,"Si p-type rib (background 1e17 cm^-3, p+ 3e18 cm^-3 over the rib top and part of the slab, p++ 1e20 cm^-3 600 nm from the waveguide); 10 nm HfO2 (ALD) / 14 nm ITiO (RF-sputtered, n-type 1.23e20 cm^-3, mobility 62.6 cm^2/(V s), Hall on witness sample) gate covering rib top, both sidewalls and 500 nm of slab; ring radius 8 um; Ni/Au contacts about 1.2 um from the waveguide",35,"NRZ-OOK, PRBS9 (below 10 Gb/s) and PRBS15; 25 Gb/s open eye at 0.8 Vpp; 35 Gb/s open eye at 1.75 Vpp with pre-emphasis",35,,53,333,4600,,0.117,Keysight M8196A AWG (92 GSa/s) through a 50 GHz bias tee and 40 GHz GSG probe; no driver amplifier stated,q_loaded:approx,data/evidence/hsu2024.yaml,"Version: all values from arXiv 2308.16255v1 (21 pp incl. Supplementary Information), not the Nature Communications version of record. Heterogeneous Si ring (Intel 300 mm SOI photonics fab, passive ring) with a post-processed HfO2/ITiO gate stack on 62.5 percent of the ring (Oregon State University). Operating point: 3 dB IL at -1.5 V, bias -1.9 V, swing -1.5 to -2.3 V (0.8 Vpp). Static ER 6 dB is read on the transmission-vs-gate-voltage curve within that swing, not from eye diagrams. Tuning efficiency 117 pm/V applies in accumulation mode (beyond -1.5 V); 87 pm/V in depletion mode (0 to -1.5 V). Vpi*L 0.12 V cm is a resonance-shift figure (formula not given; FSR not stated, so not re-derived). 3 dB bandwidth 11 GHz includes optical peaking, referenced to 500 MHz, RC-limited by 500 fF total capacitance; the text states the photon-lifetime limit as 50 GHz (Q 4600). Capacitance 333 fF is the authors' total (500 fF) minus the slab contribution; leakage 495 pA at -1.9 V (SI). Energy 53 fJ/bit is the authors' C*V^2/4 with 333 fF and 0.8 Vpp (checks to 53.3). 25 Gb/s open eye at 0.8 Vpp without pre-emphasis; 35 Gb/s open eyes need 1.75 Vpp and AWG pre-emphasis from the S21 data. Passive ring Q about 20000 near critical coupling (design target in text). Simulated values (Q 5000, 125 pm/V, 7.6 dB ER) are not entered. Not reported: FSR, coupling gap, BOX thickness, on-chip optical power, temperature, fiber coupling loss, Vpi in volts, dynamic ER."
hsu2024-b,hsu2024,"Proposed outer-sidewall IHO-gated MRM (simulated, not fabricated)",ring,microring;moscap;hydrogen_doped_indium_oxide;outer_sidewall_gate;simulated_design;optical_peaking,silicon_plasma_dispersion,soi_rib,other,lumped,,,,o_band,,,,,,,,,,0.5,,52,unspecified,,,,,,simulated,3,simulated ring at the modulation point,,,,6,static,,simulated,,,,,,,,,,,,,,,,,,,,,"Outer-sidewall-only hydrogen-doped indium oxide (IHO) gate on a Si p/p+/p++ ring waveguide (300 nm wide, 400 nm slab part shown in Fig. 7(a)), 6 nm HfO2, Ni/Au contacts; active region 70 percent of the ring",,,,,13.6,218,5600,,0.148,,,data/evidence/hsu2024.yaml,"Version: arXiv 2308.16255v1. Projected optimized design from the Device Optimization section (Fig. 7): TCO only on the outer sidewall, HfO2 thinned from 10 to 6 nm, hydrogen-doped indium oxide (mobility 150 cm^2/(V s), 1.5e20 cm^-3, literature material parameters), active region 70 percent of the ring. All values here are simulated, none measured. Q 5600 and 148 pm/V at -1.5 V; 6 dB ER and 3 dB IL at 0.5 Vpp (Fig. 7(b), -1.5 to -2.0 V); total capacitance 218 fF, series resistance 18 ohm, RC bandwidth 40.6 GHz; simulated EO bandwidth 52 GHz (Fig. 7(c), normalized at low frequency, reference frequency not stated); energy 13.6 fJ/bit. Q at 0 V 6000. Not reported: wavelength, length, Vpi*L."
hu2023-a,hu2023,"8 um racetrack MRM, -0.9 V bias, 1312 nm (record-rate operating point)",ring,microring;racetrack;pn_depletion;optical_peaking;tin_heater;neural_network_equalizer;dmt,silicon_plasma_dispersion,soi_rib,foundry_native,lumped,,unspecified,,o_band,1312,,,,,0.8,,,,0.6,author_estimate,42.5,unspecified,,,,,,measured,,,,,,,,,,,,,,,,220,150,420,70,,,,,,2,"SOI with 2 um buried oxide (standard CMOS process, foundry not named)",,,,"Lateral P-N junction in the racetrack ring (doping about 3e18 cm^-3), P+/N+ contacts; ring radius 8 um; 5 um coupling straight; 280 nm gap to bus; TiN heater with 0.1 nm/mW",60,"BPL-DMT, 256 subcarriers; 302 Gb/s back-to-back at 60 GBaud; 300 Gb/s over 1 km SSMF; Bi-GRU equalizer; BER under the 20% SD-FEC threshold 2e-2",302,,,,,7,,"Keysight M8194A AWG, SHF S807C 55 GHz amplifier and SHF BT65B bias tee through a GS probe; Bi-GRU neural-network receiver equalizer",bw3db_ghz:approx;vpil_dc_vcm:approx,data/evidence/hu2023.yaml,"Version: all values from arXiv 2111.05331v1 (15 pp, preprint titled 'Beyond 300Gbps Silicon Microring Modulator with AI Acceleration'), not the Communications Engineering version of record (title differs; Crossref title used). Two rows by operating point (convention d): -a data run at -0.9 V / 1312 nm, -b the optical-peaking bandwidth point. Fig. 5(b) is the system frequency response of the whole optical link (AWG, amplifier, probe, device, photodetector) at -0.9 V, labelled -3 dB EO bandwidth 42.5 GHz (text: approximately), normalized at the 1 GHz plot start; peaking at 30 GHz. Vpi*L 0.8 V cm is stated in the design paragraph as 'remains as high as' with characterization deferred to ref. [34]; bias and definition not given; the value is not tied to the -0.9 V / 1312 nm operating point, basis author_estimate, qualifier approx because 'as high as' gives no clear bound direction. drive_vpp_v 0.6: Vpp is fixed at 600 mV in the Fig. 5(c),(d) data-rate scans, which peak near 302 Gb/s at 1312.0 nm and -0.9 V (p.8); the Fig. 7 / Methods run states no Vpp. 302 Gb/s is the back-to-back BPL-DMT rate at 60 GBaud (256 subcarriers, 8 zero-padded removed, SE about 5.20 bit/s/Hz), received power 7 dBm, BER under the 20 percent SD-FEC threshold 2e-2 with the Bi-GRU equalizer; 300 Gb/s over 1 km SSMF (SE about 5.16). No net rate entered (FEC overhead not netted by the authors). Fiber grating-coupler efficiency about 40 percent (Methods). Inconsistency: the Methods parameter-extraction simulation uses ring radius 10 um while the device is 8 um; text says 'etching a 220-nm width Si waveguide' (read as the 220 nm SOI thickness, consistent with 150 nm etch + 70 nm slab in Fig. 1(b)). Not reported: junction length, doping beyond 3e18 cm^-3, Q, tuning efficiency, extinction ratio, insertion loss, energy per bit, on-chip optical power, foundry."
hu2023-b,hu2023,"Same ring, optical-peaking bandwidth point (32 GHz detuning)",ring,microring;racetrack;pn_depletion;optical_peaking;tin_heater;neural_network_equalizer;dmt,silicon_plasma_dispersion,soi_rib,foundry_native,lumped,,,,o_band,,,,,,,,,,,,67,unspecified,,,,,,author_estimate,,,,,,,,,,,,,,,,,,,,,,,,,,,,,,,,,,,,,,,,,bw3db_ghz:gt,data/evidence/hu2023.yaml,"Version: arXiv 2111.05331v1. Same physical ring as hu2023-a. The paper states an optical -3 dB bandwidth over 67 GHz at a detuning of 32 GHz with optical peaking at about 50 GHz; the supporting measurement is not shown in this preprint (deferred to the authors' earlier ECOC paper), so the bound is the authors' statement only and the value is the optical (peaking-enhanced) bandwidth as worded by the authors, not an S21 shown here. Measurement range, wavelength, bias and reference frequency of this point are not stated; it is not the -0.9 V data operating point of hu2023-a. bw_measured_to_ghz left empty: convention (c) is not applied because no S21 or sweep range is shown in this preprint."
hu2026-a,hu2026,"8 um radius MRM, 0 V self-biasing",ring,microring;pn_depletion;narrow_trench;heavy_doping;self_biasing;wafer_scale_uniformity;tungsten_heater;300mm_wafer,silicon_plasma_dispersion,soi_rib,foundry_native,lumped,,resonance_tuning_derived,,o_band,1315,0.04,,,,0.57,,,,0.43,derived,83,unspecified,,,,,,measured,1,"MRM and bus waveguide, off resonance (average)","grating couplers (about 9 dB for two, p.21; labeled 5 dB each in Fig. 4(b))",,,49,static,-3.01,measured,,,,,,,220,,420,70,,,,,,,"220 nm silicon-on-insulator, 12-inch wafer",,,,Lateral pn junction in a 420 nm x 220 nm Si rib with 70 nm slab; narrow trench formed by 220 nm slabs inside and outside the ring; heavy doping (two doping layers in the core; levels not stated); ring radius 8 um; 40 um doped length; tungsten heater (about 54 ohm),180,"NRZ 32 Gb/s error-free (BER below 1e-12) over 2 km SSMF at 0.43 Vpp, no DSP; NRZ 80 Gb/s error-free with 3-tap FFE (0.56 Vpp); PAM4 64 and 128 GT/s eyes without equalization (TDECQ 1.87 and 2.66 dB); 128 and 140 GBd PAM4 and 180 GBd NRZ eyes with 16-tap FFE at 0.73 Vpp",280,,0.97,21,1500,7,0.0245,"none (AWG output direct to device through bias tee, no driver amplifier, no DC bias)",wavelength_nm:approx;vpil_dc_vcm:approx;extinction_ratio_db:approx;optical_input_power_dbm:lt,data/evidence/hu2026.yaml,"Version: all values from arXiv 2509.01555v1 (55 pp incl. Supplementary Information), not the Laser & Photonics Reviews version of record. One physical device (8 um radius ring, 40 um doped region); two rows split by operating point (0 V self-biasing here, -3 V depletion in hu2026-b). Static spectral values (Q, FSR, ER, IL, tuning, Vpi*L) sit on this row only. Fig. 3(d) EO S21 curves are normalized; reference frequency of the 3 dB drop not stated. 3 dB BW at 0 V is operating-point dependent (83, 97, more than 110 GHz at 6, 5, 4 dB IL, optical peaking); wafer map (9 dies, 6 dB point, Fig. 3(e)) reads 81.8 to 93.6 GHz at 0 V (text says above 82 GHz; centre die 83.6). Vpi*L is a resonance-shift-derived figure (0 to -4 V average), not a phase-shifter Vpi. Junction Rs about 31 ohm at 0 V (simulated, p.39). Heater 81.2 pm/mW. Temperature: normalized OMA of a 64 GBd NRZ eye over a 1.5 K range (p.45, Fig. S6). Optical power at the 32 Gb/s demo: Rop 3 dBm for BER below 1e-12 (p.15); PCIe 5.0 eye width meets 9.375 ps. Not reported: Vpi at a single bias, RF Vpi, doping levels, BOX thickness, cladding, fabricator name (12-inch CMOS foundry), on-chip optical power for data runs, temperature class, BER values for the PAM4 and 180 GBd eyes. drive_vpp_v is the authors' estimated swing at the DUT (cable attenuation factor, Fig. S10), not an on-chip measurement."
hu2026-b,hu2026,"8 um radius MRM, -3 V depletion drive",ring,microring;pn_depletion;narrow_trench;heavy_doping;wafer_scale_uniformity;tungsten_heater;300mm_wafer;dsp,silicon_plasma_dispersion,soi_rib,foundry_native,lumped,,,,o_band,1315,0.04,,,,,,,,2,,110,unspecified,,,110,,,measured,,,,,,,,-3.01,,,,,,,,220,,420,70,,,,,,,"220 nm silicon-on-insulator, 12-inch wafer",,,,Lateral pn junction in a 420 nm x 220 nm Si rib with 70 nm slab; narrow trench formed by 220 nm slabs inside and outside the ring; heavy doping (two doping layers in the core; levels not stated); ring radius 8 um; 40 um doped length; tungsten heater (about 54 ohm),200,"NRZ 200 GBd (200 Gb/s, SNR 3.28 dB BtB); PAM4 180 GBd (360 Gb/s, TDECQ 3.37 dB BtB); PAM6 155 GBd (400 Gb/s, RoP 5.75 dBm BtB; Methods p.21 says the 155 GBd eye is barely discernible, no BER); eyes BtB and over 2 km SSMF, with DSP at transmitter and receiver",400,,2.89,16,,,,Keysight M8199B 224 GSa/s AWG with RF amplifier and 110 GHz bias tee; DSP at transmitter and receiver,wavelength_nm:approx;bw3db_ghz:gt;optical_input_power_dbm:lt,data/evidence/hu2026.yaml,"Version: arXiv 2509.01555v1 preprint values. Same physical device as hu2026-a, operated at -3 V reverse bias for scale-out links. Static spectral values and Vpi*L are on hu2026-a. EO S21 normalized, reference not stated; no 3 dB crossing observed up to 110 GHz. Operating point at 6 dB IL used for eye diagrams (p.21). Fiber coupling: 2 x grating coupler about 9 dB total, PDFA used at receiver. The 400 Gb/s headline is an eye-only result (main text p.17 open eye; Methods p.21 barely discernible at 155 GBd, expects a clearer eye with a faster AWG). Not reported: BER for 360 and 400 Gb/s points, net rate (no FEC overhead stated), RF Vpi, temperature. drive_vpp_v is the authors' stated/estimated swing (Fig. 5(b) labels 2 Vpp, caption says 1 Vpp), not an on-chip measurement."
hu2026a-ch1,hu2026a,"1x8 array, channel 1 (Fig. 7 panel 1)",mzm,array;1x8;cascaded_mmi_splitter;spot_size_converter;thermal_tuning;on_chip_termination;PLACE;dfb_butt_coupled_option,lithium_niobate,lnoi_rib,monolithic,tw_gsg,push_pull,mzm_push_pull,,c_band,1550,7,3.61,,,,,,,,measured,40,unspecified,,,47,,,measured,,,,,,25,static,,,,,,,,,500,,,,,6.5,,,Au/Ti,,Si 500 um,SiO2 (2.5 um design value),x-cut,,,,,,,,,,,,,bw3db_ghz:gt;extinction_ratio_db:approx;bw_measured_to_ghz:approx,data/evidence/hu2026a.yaml,"Channel index follows Fig. 7 reading order (the paper does not number the panels); one of eight nominally identical MZMs on one chip. Fig. 7 plots S21 to about 47 GHz (read from the figure); the traces touch or cross the drawn -3 dB line near 36-39 GHz and dip to about -4 to -6 dB near 43-46 GHz before the end, so the >40 GHz is the authors' claim. Fig. 7 also carries an unexplained label 43.1-43.6 next to each trace end, not defined in the text and not entered. Push-pull and MZM-level Vpi inferred from the GSG layout with one ridge in each gap (Fig. 3(a)); authors do not state it. Array-level bare-chip fiber-to-fiber loss 15.19-16.55 dB (includes the 1x8 splitter, about 9 dB inherent per Fig. 8(b)), DFB-bonded 20.19-21.55 dB, are not assignable to a channel."
hu2026a-ch2,hu2026a,"1x8 array, channel 2 (Fig. 7 panel 2)",mzm,array;1x8;cascaded_mmi_splitter;spot_size_converter;thermal_tuning;on_chip_termination;PLACE;dfb_butt_coupled_option,lithium_niobate,lnoi_rib,monolithic,tw_gsg,push_pull,mzm_push_pull,,c_band,1550,7,3.6,,,,,,,,measured,40,unspecified,,,47,,,measured,,,,,,25,static,,,,,,,,,500,,,,,6.5,,,Au/Ti,,Si 500 um,SiO2 (2.5 um design value),x-cut,,,,,,,,,,,,,bw3db_ghz:gt;extinction_ratio_db:approx;bw_measured_to_ghz:approx,data/evidence/hu2026a.yaml,"Channel index follows Fig. 7 reading order (the paper does not number the panels); one of eight nominally identical MZMs on one chip. Fig. 7 plots S21 to about 47 GHz (read from the figure); the traces touch or cross the drawn -3 dB line near 36-39 GHz and dip to about -4 to -6 dB near 43-46 GHz before the end, so the >40 GHz is the authors' claim. Fig. 7 also carries an unexplained label 43.1-43.6 next to each trace end, not defined in the text and not entered. Push-pull and MZM-level Vpi inferred from the GSG layout with one ridge in each gap (Fig. 3(a)); authors do not state it. Array-level bare-chip fiber-to-fiber loss 15.19-16.55 dB (includes the 1x8 splitter, about 9 dB inherent per Fig. 8(b)), DFB-bonded 20.19-21.55 dB, are not assignable to a channel."
hu2026a-ch3,hu2026a,"1x8 array, channel 3 (Fig. 7 panel 3)",mzm,array;1x8;cascaded_mmi_splitter;spot_size_converter;thermal_tuning;on_chip_termination;PLACE;dfb_butt_coupled_option,lithium_niobate,lnoi_rib,monolithic,tw_gsg,push_pull,mzm_push_pull,,c_band,1550,7,3.66,,,,,,,,measured,40,unspecified,,,47,,,measured,,,,,,25,static,,,,,,,,,500,,,,,6.5,,,Au/Ti,,Si 500 um,SiO2 (2.5 um design value),x-cut,,,,,,,,,,,,,bw3db_ghz:gt;extinction_ratio_db:approx;bw_measured_to_ghz:approx,data/evidence/hu2026a.yaml,"Channel index follows Fig. 7 reading order (the paper does not number the panels); one of eight nominally identical MZMs on one chip. Fig. 7 plots S21 to about 47 GHz (read from the figure); the traces touch or cross the drawn -3 dB line near 36-39 GHz and dip to about -4 to -6 dB near 43-46 GHz before the end, so the >40 GHz is the authors' claim. Fig. 7 also carries an unexplained label 43.1-43.6 next to each trace end, not defined in the text and not entered. Push-pull and MZM-level Vpi inferred from the GSG layout with one ridge in each gap (Fig. 3(a)); authors do not state it. Array-level bare-chip fiber-to-fiber loss 15.19-16.55 dB (includes the 1x8 splitter, about 9 dB inherent per Fig. 8(b)), DFB-bonded 20.19-21.55 dB, are not assignable to a channel."
hu2026a-ch4,hu2026a,"1x8 array, channel 4 (Fig. 7 panel 4)",mzm,array;1x8;cascaded_mmi_splitter;spot_size_converter;thermal_tuning;on_chip_termination;PLACE;dfb_butt_coupled_option,lithium_niobate,lnoi_rib,monolithic,tw_gsg,push_pull,mzm_push_pull,,c_band,1550,7,3.74,,,,,,,,measured,40,unspecified,,,47,,,measured,,,,,,25,static,,,,,,,,,500,,,,,6.5,,,Au/Ti,,Si 500 um,SiO2 (2.5 um design value),x-cut,,,,,,,,,,,,,bw3db_ghz:gt;extinction_ratio_db:approx;bw_measured_to_ghz:approx,data/evidence/hu2026a.yaml,"Channel index follows Fig. 7 reading order (the paper does not number the panels); one of eight nominally identical MZMs on one chip. Fig. 7 plots S21 to about 47 GHz (read from the figure); the traces touch or cross the drawn -3 dB line near 36-39 GHz and dip to about -4 to -6 dB near 43-46 GHz before the end, so the >40 GHz is the authors' claim. Fig. 7 also carries an unexplained label 43.1-43.6 next to each trace end, not defined in the text and not entered. Push-pull and MZM-level Vpi inferred from the GSG layout with one ridge in each gap (Fig. 3(a)); authors do not state it. Array-level bare-chip fiber-to-fiber loss 15.19-16.55 dB (includes the 1x8 splitter, about 9 dB inherent per Fig. 8(b)), DFB-bonded 20.19-21.55 dB, are not assignable to a channel."
hu2026a-ch5,hu2026a,"1x8 array, channel 5 (Fig. 7 panel 5)",mzm,array;1x8;cascaded_mmi_splitter;spot_size_converter;thermal_tuning;on_chip_termination;PLACE;dfb_butt_coupled_option,lithium_niobate,lnoi_rib,monolithic,tw_gsg,push_pull,mzm_push_pull,,c_band,1550,7,3.64,,,,,,,,measured,40,unspecified,,,47,,,measured,,,,,,25,static,,,,,,,,,500,,,,,6.5,,,Au/Ti,,Si 500 um,SiO2 (2.5 um design value),x-cut,,,,,,,,,,,,,bw3db_ghz:gt;extinction_ratio_db:approx;bw_measured_to_ghz:approx,data/evidence/hu2026a.yaml,"Channel index follows Fig. 7 reading order (the paper does not number the panels); one of eight nominally identical MZMs on one chip. Fig. 7 plots S21 to about 47 GHz (read from the figure); the traces touch or cross the drawn -3 dB line near 36-39 GHz and dip to about -4 to -6 dB near 43-46 GHz before the end, so the >40 GHz is the authors' claim. Fig. 7 also carries an unexplained label 43.1-43.6 next to each trace end, not defined in the text and not entered. Push-pull and MZM-level Vpi inferred from the GSG layout with one ridge in each gap (Fig. 3(a)); authors do not state it. Array-level bare-chip fiber-to-fiber loss 15.19-16.55 dB (includes the 1x8 splitter, about 9 dB inherent per Fig. 8(b)), DFB-bonded 20.19-21.55 dB, are not assignable to a channel."
hu2026a-ch6,hu2026a,"1x8 array, channel 6 (Fig. 7 panel 6)",mzm,array;1x8;cascaded_mmi_splitter;spot_size_converter;thermal_tuning;on_chip_termination;PLACE;dfb_butt_coupled_option,lithium_niobate,lnoi_rib,monolithic,tw_gsg,push_pull,mzm_push_pull,,c_band,1550,7,3.6,,,,,,,,measured,40,unspecified,,,47,,,measured,,,,,,25,static,,,,,,,,,500,,,,,6.5,,,Au/Ti,,Si 500 um,SiO2 (2.5 um design value),x-cut,,,,,,,,,,,,,bw3db_ghz:gt;extinction_ratio_db:approx;bw_measured_to_ghz:approx,data/evidence/hu2026a.yaml,"Channel index follows Fig. 7 reading order (the paper does not number the panels); one of eight nominally identical MZMs on one chip. Fig. 7 plots S21 to about 47 GHz (read from the figure); the traces touch or cross the drawn -3 dB line near 36-39 GHz and dip to about -4 to -6 dB near 43-46 GHz before the end, so the >40 GHz is the authors' claim. Fig. 7 also carries an unexplained label 43.1-43.6 next to each trace end, not defined in the text and not entered. Push-pull and MZM-level Vpi inferred from the GSG layout with one ridge in each gap (Fig. 3(a)); authors do not state it. Array-level bare-chip fiber-to-fiber loss 15.19-16.55 dB (includes the 1x8 splitter, about 9 dB inherent per Fig. 8(b)), DFB-bonded 20.19-21.55 dB, are not assignable to a channel."
hu2026a-ch7,hu2026a,"1x8 array, channel 7 (Fig. 7 panel 7)",mzm,array;1x8;cascaded_mmi_splitter;spot_size_converter;thermal_tuning;on_chip_termination;PLACE;dfb_butt_coupled_option,lithium_niobate,lnoi_rib,monolithic,tw_gsg,push_pull,mzm_push_pull,,c_band,1550,7,3.74,,,,,,,,measured,40,unspecified,,,47,,,measured,,,,,,25,static,,,,,,,,,500,,,,,6.5,,,Au/Ti,,Si 500 um,SiO2 (2.5 um design value),x-cut,,,,,,,,,,,,,bw3db_ghz:gt;extinction_ratio_db:approx;bw_measured_to_ghz:approx,data/evidence/hu2026a.yaml,"Channel index follows Fig. 7 reading order (the paper does not number the panels); one of eight nominally identical MZMs on one chip. Fig. 7 plots S21 to about 47 GHz (read from the figure); the traces touch or cross the drawn -3 dB line near 36-39 GHz and dip to about -4 to -6 dB near 43-46 GHz before the end, so the >40 GHz is the authors' claim. Fig. 7 also carries an unexplained label 43.1-43.6 next to each trace end, not defined in the text and not entered. Push-pull and MZM-level Vpi inferred from the GSG layout with one ridge in each gap (Fig. 3(a)); authors do not state it. Array-level bare-chip fiber-to-fiber loss 15.19-16.55 dB (includes the 1x8 splitter, about 9 dB inherent per Fig. 8(b)), DFB-bonded 20.19-21.55 dB, are not assignable to a channel."
hu2026a-ch8,hu2026a,"1x8 array, channel 8 (Fig. 7 panel 8)",mzm,array;1x8;cascaded_mmi_splitter;spot_size_converter;thermal_tuning;on_chip_termination;PLACE;dfb_butt_coupled_option,lithium_niobate,lnoi_rib,monolithic,tw_gsg,push_pull,mzm_push_pull,,c_band,1550,7,3.83,,,,,,,,measured,40,unspecified,,,47,,,measured,,,,,,25,static,,,,,,,,,500,,,,,6.5,,,Au/Ti,,Si 500 um,SiO2 (2.5 um design value),x-cut,,,,,,,,,,,,,bw3db_ghz:gt;extinction_ratio_db:approx;bw_measured_to_ghz:approx,data/evidence/hu2026a.yaml,"Channel index follows Fig. 7 reading order (the paper does not number the panels); one of eight nominally identical MZMs on one chip. Fig. 7 plots S21 to about 47 GHz (read from the figure); the traces touch or cross the drawn -3 dB line near 36-39 GHz and dip to about -4 to -6 dB near 43-46 GHz before the end, so the >40 GHz is the authors' claim. Fig. 7 also carries an unexplained label 43.1-43.6 next to each trace end, not defined in the text and not entered. Push-pull and MZM-level Vpi inferred from the GSG layout with one ridge in each gap (Fig. 3(a)); authors do not state it. Array-level bare-chip fiber-to-fiber loss 15.19-16.55 dB (includes the 1x8 splitter, about 9 dB inherent per Fig. 8(b)), DFB-bonded 20.19-21.55 dB, are not assignable to a channel."
johnson2025-200g-a,johnson2025,200G/lambda PIC 200G-A (400 um),mzm,soh;pic;dr8;crosslinked_oeo;selerion_htx;gsgsg;terminated_100ohm_differential;numbers_from_arxiv_v1;200g_per_lambda;1.6T_DR8,eo_polymer,soi_slot,polymer_backfill,other,differential,mzm_differential,,o_band,1310,0.4,2.13,,,,,,,1.29,measured,,,,,,,,,,,,,,,,,,,,,,,,,,,,,,,,,,,,,,"Slot waveguide: slot 160 nm, rail 240 nm, PDK-standard rib and slab thicknesses; multi-level n-doped silicon strip electrodes (no gate bias); multi-layer metal stack, on-die 100 ohm differential termination; Selerion-HTX OEO (n 1.9 stated for the VpiL relation); ALD encapsulation",112,"PAM4 (PRBS13Q), 224 Gb/s; FFE 35 taps, CTLE, TDECQ equalizer",224,,,,,,,"Keysight M8050 BERT (M8042A pattern generator, M8059A remote head), 67 GHz probe; no driver amplifier",,data/evidence/johnson2025.yaml,"Table 1: Vpi,diff 2.13 +/- 0.12 V, bandwidth not measured. Link data (Table 2, p.3): 200G-A Tx0 at 1.8/1.6/1.4/1.2/1.0 Vppd gave dynamic ER 6.49/5.91/5.30/4.68/3.74 dB and SER 1.69e-2/1.06e-2/1.09e-2/9.9e-3/1.02e-2 (the last row is labelled '200--Tx0'; read as 200G-A from Figs. 4 and 5); Tx3 at 1.8 Vppd gave 4.43 dB, 9.4e-3. OMA and dynamic ER versus driver swing in Fig. 5; 1.4 Vppd driver swing (<= 1 V on die) gave > 5 dB dynamic ER. Edge-coupled, modulators thermally biased to quadrature, no index-matching epoxy. Drive 1.29 Vppd is the effective voltage at the modulator for 1.8 Vppd at the driver (Fig. 5 top axis). Link wavelength 1310 nm; the Vpi measurement wavelength is not stated. Differential Vpi; the authors' SEPP-equivalent efficiency is about 0.5 V.mm (p.2). Family-level statement (p.2): static ER typically >= 25 dB with some channels > 40 dB for the 200G/lambda modulators; not tied to this PIC, so no ER cell is entered (audit F5). wavelength_nm 1310 is the link-test wavelength; the Table 1 Vpi wavelength is not stated, and the only wavelength tied to a Vpi calculation in the paper is 1290 nm (p.2, r33 relation, best channel) (audit F13)."
johnson2025-200g-b,johnson2025,200G/lambda PIC 200G-B (400 um),mzm,soh;pic;dr8;crosslinked_oeo;selerion_htx;gsgsg;terminated_100ohm_differential;numbers_from_arxiv_v1;200g_per_lambda;1.6T_DR8,eo_polymer,soi_slot,polymer_backfill,other,differential,mzm_differential,,o_band,1310,0.4,2.33,,,,,,,1.29,measured,84.7,1ghz,,,,,,measured,,,,,,,,,,,,,,,,,,,,,,,,,,,,,,"Slot waveguide: slot 160 nm, rail 240 nm, PDK-standard rib and slab thicknesses; multi-level n-doped silicon strip electrodes (no gate bias); multi-layer metal stack, on-die 100 ohm differential termination; Selerion-HTX OEO (n 1.9 stated for the VpiL relation); ALD encapsulation",112,"PAM4 (PRBS13Q), 224 Gb/s; FFE 35 taps, CTLE, TDECQ equalizer",224,,,,,,,"Keysight M8050 BERT (M8042A pattern generator, M8059A remote head), 67 GHz probe; no driver amplifier",,data/evidence/johnson2025.yaml,"Table 1: Vpi,diff 2.33 +/- 0.15 V, 3 dB EO bandwidth 84.7 +/- 3.1 GHz. Table 2: 200-B-Tx2 dynamic ER 6.79 dB, SER 1.17e-2; 200-B-Tx3 2.69 dB, 9.9e-3 (both 1.8 Vppd driver swing). Fig. 2 S21 is measured on a single arm with a 2-port analyser; the notch near half the design bandwidth is called a measurement artefact by the authors. Link wavelength 1310 nm; Vpi wavelength not stated. Family-level statement (p.2): static ER typically >= 25 dB with some channels > 40 dB for the 200G/lambda modulators; not tied to this PIC, so no ER cell is entered (audit F5). wavelength_nm 1310 is the link-test wavelength; the Table 1 Vpi wavelength is not stated, and the only wavelength tied to a Vpi calculation in the paper is 1290 nm (p.2, r33 relation, best channel) (audit F13)."
johnson2025-200g-best,johnson2025,200G/lambda best single channel (400 um),mzm,soh;pic;dr8;crosslinked_oeo;selerion_htx;gsgsg;terminated_100ohm_differential;numbers_from_arxiv_v1;200g_per_lambda;1.6T_DR8;best_channel,eo_polymer,soi_slot,polymer_backfill,other,differential,mzm_differential,,o_band,1290,0.4,1.57,,,,,,,,measured,,,,,,,,,,,,,,,,,,,,,,,,,,,,,,,,,,,,,,"Slot waveguide: slot 160 nm, rail 240 nm, PDK-standard rib and slab thicknesses; multi-level n-doped silicon strip electrodes (no gate bias); multi-layer metal stack, on-die 100 ohm differential termination; Selerion-HTX OEO (n 1.9 stated for the VpiL relation); ALD encapsulation",,,,,,,,,,,,data/evidence/johnson2025.yaml,"Authors convert 1.57 V (half the swing across each arm) to a SEPP-equivalent efficiency of 0.31 V.mm (= 1.57 V / 2 x 0.4 mm) and, with n 1.9, mode confinement factor 0.14 and 1290 nm in the push-pull Pockels relation (Eq. 1), an in-device r33 of 343 pm/V; not entered (different convention from the differential Vpi). Typical consistent channels: SEPP-equivalent about 0.5 V.mm, r33 200-250 pm/V, about 10 percent inter-channel variation. The PIC the best channel belongs to is not stated. The paper writes the measurement wavelength as exactly 1290 nm (p.2), so no approx qualifier."
johnson2025-200g-c,johnson2025,200G/lambda PIC 200G-C (400 um),mzm,soh;pic;dr8;crosslinked_oeo;selerion_htx;gsgsg;terminated_100ohm_differential;numbers_from_arxiv_v1;200g_per_lambda;1.6T_DR8,eo_polymer,soi_slot,polymer_backfill,other,differential,mzm_differential,,o_band,,0.4,2.46,,,,,,,,measured,84.6,1ghz,,,,,,measured,,,,,,,,,,,,,,,,,,,,,,,,,,,,,,"Slot waveguide: slot 160 nm, rail 240 nm, PDK-standard rib and slab thicknesses; multi-level n-doped silicon strip electrodes (no gate bias); multi-layer metal stack, on-die 100 ohm differential termination; Selerion-HTX OEO (n 1.9 stated for the VpiL relation); ALD encapsulation",,,,,,,,,,,,data/evidence/johnson2025.yaml,"Table 1: Vpi,diff 2.46 +/- 0.63 V, 3 dB EO bandwidth 84.6 +/- 2.1 GHz. No link data listed for this PIC. Vpi measurement wavelength not stated. Family-level statement (p.2): static ER typically >= 25 dB with some channels > 40 dB for the 200G/lambda modulators; not tied to this PIC, so no ER cell is entered (audit F5)."
johnson2025-200g-design,johnson2025,200G/lambda design values (400 um),mzm,soh;pic;dr8;crosslinked_oeo;selerion_htx;gsgsg;terminated_100ohm_differential;numbers_from_arxiv_v1;200g_per_lambda;1.6T_DR8;design_values,eo_polymer,soi_slot,polymer_backfill,other,differential,mzm_differential,,o_band,1310,0.4,2.08,,,,,,,,design_target,80.3,unspecified,,,,,,design_target,,,,,,,,,,,,,,,,,,,,,,,,,,,,,,"Slot waveguide: slot 160 nm, rail 240 nm, PDK-standard rib and slab thicknesses; multi-level n-doped silicon strip electrodes (no gate bias); multi-layer metal stack, on-die 100 ohm differential termination; Selerion-HTX OEO (n 1.9 stated for the VpiL relation); ALD encapsulation",,,,,,,,,,,,data/evidence/johnson2025.yaml,"Design targets of the 200G/lambda modulators: 3 dB bandwidth 80.3 GHz, Vpi,diff 2.08 V, insertion loss 2.4 dB at 1310 nm (scope of the loss not defined, not entered in il columns). Not measured data."
johnson2025-400g-a,johnson2025,400G/lambda PIC 400G-A (3.2T DR8),mzm,soh;pic;dr8;crosslinked_oeo;selerion_htx;gsgsg;terminated_100ohm_differential;numbers_from_arxiv_v1;400g_per_lambda;3.2T_DR8,eo_polymer,soi_slot,polymer_backfill,other,differential,mzm_differential,,o_band,,,6.74,,,,,,,,measured,109,1ghz,,,110,,,measured,,,,,,,,,,,,,,,,,,,,,,,,,,,,,,"Slot waveguide: slot 160 nm, rail 240 nm, PDK-standard rib and slab thicknesses; multi-level n-doped silicon strip electrodes (no gate bias); multi-layer metal stack, on-die 100 ohm differential termination; Selerion-HTX OEO (n 1.9 stated for the VpiL relation); ALD encapsulation",,,,,,,,,,,,data/evidence/johnson2025.yaml,"Table 1: Vpi,diff 6.74 +/- 0.40 V, 3 dB EO bandwidth 109 +/- 1 GHz. Phase-shifter length is not stated for the 400G design (only 'reduced'); length_mm left empty. Authors quote similar modulation efficiency of about 0.5 V.mm (SEPP-equivalent). Vpi measurement wavelength not stated. 3 dB BW 109 +/- 1 GHz is a mean at the 110 GHz analyser limit (bw_measured_to_ghz 110, convention (c)); the representative Fig. 2 trace (400-A Tx1 Arm1) stays above -3 dB to 110 GHz, so the plotted channel cannot confirm the 109 GHz mean (audit F23). For 200G-B the plotted trace (200-B Tx3 Arm1) reaches about -3 dB between 85 and 90 GHz (approximate reading), consistent with the 84.7 GHz mean."
johnson2025-400g-b,johnson2025,400G/lambda PIC 400G-B (3.2T DR8),mzm,soh;pic;dr8;crosslinked_oeo;selerion_htx;gsgsg;terminated_100ohm_differential;numbers_from_arxiv_v1;400g_per_lambda;3.2T_DR8,eo_polymer,soi_slot,polymer_backfill,other,differential,mzm_differential,,o_band,,,7.5,,,,,,,,measured,110,1ghz,,,110,,,measured,,,,,,,,,,,,,,,,,,,,,,,,,,,,,,"Slot waveguide: slot 160 nm, rail 240 nm, PDK-standard rib and slab thicknesses; multi-level n-doped silicon strip electrodes (no gate bias); multi-layer metal stack, on-die 100 ohm differential termination; Selerion-HTX OEO (n 1.9 stated for the VpiL relation); ALD encapsulation",,,,,,,,,,,bw3db_ghz:gt,data/evidence/johnson2025.yaml,"Table 1: Vpi,diff 7.5 +/- 1.8 V, 3 dB EO bandwidth > 110 GHz (no crossing within the 110 GHz analyser range). The large Vpi spread is as listed. Vpi measurement wavelength not stated."
johnson2025-400g-design,johnson2025,400G/lambda design value,mzm,soh;pic;dr8;crosslinked_oeo;selerion_htx;gsgsg;terminated_100ohm_differential;numbers_from_arxiv_v1;400g_per_lambda;3.2T_DR8;design_values,eo_polymer,soi_slot,polymer_backfill,other,differential,mzm_differential,,o_band,,,5.52,,,,,,,,design_target,,,,,,,,,,,,,,,,,,,,,,,,,,,,,,,,,,,,,,"Slot waveguide: slot 160 nm, rail 240 nm, PDK-standard rib and slab thicknesses; multi-level n-doped silicon strip electrodes (no gate bias); multi-layer metal stack, on-die 100 ohm differential termination; Selerion-HTX OEO (n 1.9 stated for the VpiL relation); ALD encapsulation",,,,,,,,,,,,data/evidence/johnson2025.yaml,"Design Vpi,diff 5.52 V for the 400G/lambda modulators (shorter phase shifter, length not stated). Not measured data."
kari2025-a,kari2025,"Single Gires-Tournois etalon, W = 0.55 um, L = 100 um",ring,resonator;gires_tournois;bragg_grating;phase_shifted_grating;single_resonator;mode_conversion;cascadable,lithium_niobate,,monolithic,lumped,,,,,,,,,,,,,,,,29,unspecified,,,,,,measured,1,,,,,2.5,static,,measured,,,,,,,,,,,,,,,,,,,,,,,,,,,,6232,,,,il_onchip_db:approx,data/evidence/kari2025.yaml,"Single resonator (not in an MZI), grating-coupler chip. Q 6232, f3dB 29 GHz stated (Fig. 4c p.8; ""SR 1""); Basis measured: the abstract calls 29 GHz experimental, Fig. 4c plots a measured trace and Fig. 2e marks it ""29 GHz (VNA)"" beside Q-calculated curves; however the Methods list a 7.5 GHz VNA and 12 GHz photodetector, and Fig. 4c plots to about 60 GHz; Eqs. 1-3 with Q 6232 at an assumed 1566 nm give a Q-limited cutoff of about 30.7 GHz, so 29 GHz cannot be confirmed as a measured S21 crossing. Row b (4.4 GHz, within 7.5 GHz) is kept measured; its Q-limited value would be about 7.2 GHz. Reference level of the normalised EO response not stated (unspecified). Optical spectrum Fig. 2c: optical reflection bandwidth 4.65 nm, ER -2.5 dB (resonance dip depth, entered as 2.5 dB static), Q 6232; peak reflection about 0.8 (Fig. 2f); wavelength about 1566 nm region (Fig. 2c axis 1560 to 1575 nm), exact resonance not stated, wavelength left empty. IL about 1 dB is stated for the fabricated resonators generally (p.6, p.11) without saying what is excluded (grating couplers presumably); il_onchip_includes and excludes left empty. Modelled 3 dB bandwidth vs L at W = 0.55: 60 GHz at L = 60 (Fig. 2e, calculated from Q, not measured, not entered). Back-reflection about -5 dB at resonance (Fig. S2c, W = 0.75 device, p.17)."
kari2025-b,kari2025,"Single Gires-Tournois etalon, W = 0.75 um, L = 100 um",ring,resonator;gires_tournois;bragg_grating;phase_shifted_grating;single_resonator;mode_conversion,lithium_niobate,,monolithic,lumped,,,,,,,,,,,,,,,,4.4,unspecified,,,,,,measured,1,,,,,10.2,static,,measured,,,,,,,,,,,,,,,,,,,,,,,,,,,,26595,,,,il_onchip_db:approx,data/evidence/kari2025.yaml,"Single resonator ""SR 2"". Q 26595, f3dB 4.4 GHz (Fig. 4c p.8, also labelled VNA in Fig. 2e); the plotted response shows ripple below 1 GHz. Optical spectrum Fig. 2b: reflection bandwidth 8.64 nm, ER -10.2 dB (entered 10.2 dB static). IL about 1 dB stated for the fabricated resonators generally. Back-reflection at resonance about -5 dB measured at the input port (Fig. S2c p.17), grating-coupler back-reflection about -19 dB off resonance. Wavelength not stated. Fig. 2e labels 4.4 GHz as VNA and it is below the 7.5 GHz VNA limit, so it is kept measured; the Q-limited cutoff from Eqs. 1-3 would be about 7.2 GHz at an assumed 1566 nm."
kari2025-c,kari2025,"Coherent MZI, W = 0.55 um, L = 100 um (MZI1)",iq_mzm,resonator_assisted;gires_tournois;mzi;coherent;differential_drive;thermo_optic_trim,lithium_niobate,,monolithic,lumped,differential,,,,,,,,,,,,,,,,,,,,,,,,,,,,,,,,,,,,,,,,,,,,,,,,,,,,,,"Small-signal differential modulation, 500 kHz +-10 V lock-in; in-phase drive gives amplitude modulation, out-of-phase drive phase modulation",,,,,,,,,,data/evidence/kari2025.yaml,"MZI with one resonator pair, Ti/Au heaters on the fully reflective mirrors for detuning trim (up to about 400 pm shift at about 0.2 mW, Fig. S4a p.19-21). Fitted resonance detuning 0.2 nm; isolation between in-phase and out-of-phase small-signal response 11.8 dB (Fig. 3a p.6, p.7; no column). Drive: 500 kHz, amplitude 10 V (Vpp not stated), lock-in detection. Model phase shift about pi/90 per resonator at +-10 V (simulated, p.7 and p.18; not entered). Isolation of 30 dB and 38.7 dB at 0 and 0.19 nm detuning are simulated (Fig. S3, p.19). QAM: symmetric drive limits to 4-QAM; 16-QAM by asymmetric drive is a computational projection only (Fig. S5, p.22), not entered. No EO S21, Vpi, loss or ER measured on the MZI. Wavelength about 1566 nm region (Fig. 3a axis), not stated."
kari2025-d,kari2025,"Coherent MZI, W = 0.55 um, L = 80 um (MZI2)",iq_mzm,resonator_assisted;gires_tournois;mzi;coherent;differential_drive;thermo_optic_trim,lithium_niobate,,monolithic,lumped,differential,,,,,,,,,,,,,,,,,,,,,,,,,,,,,,,,,,,,,,,,,,,,,,,,,,,,,,"Small-signal differential modulation, 500 kHz +-10 V lock-in; in-phase drive gives amplitude modulation, out-of-phase drive phase modulation",,,,,,,,,,data/evidence/kari2025.yaml,"MZI with one resonator pair; fitted resonance detuning 0.12 nm; isolation 26.7 dB between in-phase and out-of-phase small-signal response (Fig. 3b p.6, p.7; no column). Paper states a modulation length of just 80 um (abstract; p.4; p.7 electrode length 80 um) without tying it to a specific (W, L) device, so length_mm is left empty on every row even though this device has L = 80 um. No EO S21, Vpi, loss or ER reported. Wavelength about 1566 nm region (Fig. 3b axis), not stated."
kari2025-e,kari2025,"Coherent MZI, W = 0.55 um, L = 120 um, 10 Gbaud eye",iq_mzm,resonator_assisted;gires_tournois;mzi;coherent;differential_drive;eye_diagram,lithium_niobate,,monolithic,lumped,differential,,,,,,,,,,,,,6.32,,,,,,,,,,,,,,,6.2,dynamic,,,,,,,,,,,,,,,,,,,,,,,,10,"Eye diagram at 10 Gbaud (data format and PRBS length not stated), differential drive, eye width 100 ps",,,,,,,,,,data/evidence/kari2025.yaml,"Eye diagram of an MZI (W = 0.55, L = 120, a configuration not in the Fig. 2 single-resonator set) during differential modulation: 10 Gbaud, Vpp = 6.32 V, dynamic ER 6.2 dB, eye width 100 ps (Fig. 4d p.8). Whether Vpp is per electrode or differential is not stated. System projections (58 and 120 Gbaud, 16-QAM, up to 30.72 Tb/s multiplexed, Table 1 p.10; 29 Gbaud and 116 Gb/s, Fig. S5 p.23) are estimates, not entered. Driver/RF source for the eye not stated; RF probe GGB two-channel 40 GHz (p.10), photodiode 12 GHz limit in Methods."
kawahara2025-a,kawahara2025,"Si PCW MZM with open-collector driver, ng = 35 (1537 nm), 64 Gbaud 0.78 pJ/bit point",mzm,photonic_crystal_waveguide;slow_light;co_packaged_driver;open_collector_driver;current_mode_driver;impedance_engineered;meander_inductor_electrode;transmitter,silicon_plasma_dispersion,other,other,other,single_ended,,,c_band,1537,0.15,,,,,,,,,,50,1ghz,,,40,,,simulated,11,PCW MZM including the PN-doped PCW phase shifter (about 8 dB of the total),fiber-to-chip edge coupling (not quantified),,,1.4,dynamic,13,measured,,,50,,35,,,,,,,,,,,,"silicon-on-insulator (AIST 300 mm process); driver on a separate SiGe BiCMOS chip, both die-bonded on an FR4 PCB",,,,"Si photonic-crystal-waveguide MZM with PN-doped phase shifters in 50 um segments, TiN heater for quadrature bias, meander-line inductive electrodes (Z0 = sqrt(LH/Cpn))",64,"NRZ PRBS; 64 Gb/s with 5-tap receiver FFE (0.78 pJ/bit at 50 mW, SD-FEC compatible); 64 Gb/s unprocessed 1.1 pJ/bit at 70 mW (SD-FEC); 50 Gb/s unprocessed 1.0 pJ/bit at 50 mW (HD-FEC)",64,,780,,,,,"130 nm SiGe BiCMOS (IHP SG13G2) open-collector current-mode driver without termination resistors, wire-bonded to the modulator on a PCB; 50 mW total DC power (driver + MZM) at the 0.78 pJ/bit point",wavelength_nm:approx;il_onchip_db:approx;z0_ohm:approx,data/evidence/kawahara2025.yaml,"Version: all values from arXiv 2506.04820v1 (10 pp, 'Received XX Month' template), not the IEEE JSTQE 32(2) version of record (Crossref issue 2026-03, CC BY on the VoR; not transferred); year follows the CSV and DOI prefix. Co-packaged transmitter: 150 um Si photonic-crystal-waveguide MZM (design same as the authors' earlier Optica 2024 paper) plus the driver. Row -a is the nominal ng = 35 +/- 5 spectral point near 1537 nm; wavelength is the reference wavelength stated for the ng spread, the laser wavelength of the data runs is not stated. 3 dB bandwidth 50 GHz is the tunable-peaking-ON label for ng = 35 in Fig. 4(c) (peaking OFF: 42 GHz); the EO sweep covered 1 to 40 GHz at PDC 260 mW with the whole transmitter (driver, bond wires), and the labelled crossing sits on the co-simulated curve beyond the measured range, so bw_measured_to is 40 and the basis is simulated (a crossing read on the co-simulation curve beyond the measured range). The 50 GHz bandwidth is at PDC = 260 mW with peaking ON for the whole transmitter; it is not the bandwidth of the 50 mW / 0.78 pJ/bit operating point, whose bandwidth is not reported (ER 1.4 dB and energy are at 50 mW). Row mixes these two operating points; no separate row is split out. Energy 0.78 pJ/bit = 50 mW / 64 Gb/s with a 5-tap receiver FFE (SD-FEC compatible); DSP-free best 1.0 pJ/bit (50 Gb/s, 50 mW); with laser (80 mW at assumed 20% WPE) and bias control (3.3 mW) the total rises to 133 mW and 2.1 pJ/bit. Extinction ratio 1.4 dB is that of the unprocessed 64 Gb/s eye at 50 mW (4.0 dB at 260 mW). Active footprint 0.66 mm^2 (modulator 0.3 mm^2); on-chip insertion loss about 11 dB including about 8 dB from the PN-doped PCW phase shifter; PCW 3 dB operating bandwidth 5.9 nm; 2.6 nm spectral shift from 0 to 300 mW (25 to 84 C simulated); quadrature bias heater at most 3.3 mW. Z0 about 50 ohm is the simulated electrode impedance (LH raises it from 30 ohm). Laser 13 dBm is the tunable-laser output (coupling loss not stated); the source amplitude to the driver was 0.4 Vpp (not the modulator swing). Not reported: Vpi, modulator-level drive swing, electrode dimensions, doping, junction capacitance, temperature class. bw3db_reference 1ghz is derived: Fig. 4(c) is normalized and the sweep starts at 1 GHz, but the normalization frequency is not stated."
kawahara2025-b,kawahara2025,"Same transmitter, ng = 30, tunable peaking ON (widest bandwidth)",mzm,photonic_crystal_waveguide;slow_light;co_packaged_driver;open_collector_driver;current_mode_driver;impedance_engineered;meander_inductor_electrode;transmitter,silicon_plasma_dispersion,other,other,other,single_ended,,,c_band,,0.15,,,,,,,,,,55,1ghz,,,40,,,simulated,,,,,,,,,,,,,,30,,,,,,,,,,,,,,,,,,,,,,,,,,,,data/evidence/kawahara2025.yaml,"Version: arXiv 2506.04820v1. Same transmitter as kawahara2025-a at a different spectral (wavelength) point: ng = 30 with tunable driver peaking ON gives the widest bandwidth, 55 GHz (Table 1 'This Work' 55 GHz; text 'recorded'). Label read on Fig. 4(c) at PDC = 260 mW; EO sweep covered 1 to 40 GHz with the labelled crossing on the co-simulated curve beyond it (basis simulated) (peaking OFF 46 GHz; ng = 40: 38 GHz OFF, 45 GHz ON, text and figure). Wavelength of the ng = 30 point is not stated. The text infers potential for operation beyond 100 Gbaud; no data above 64 Gb/s was taken."
kharel2021-a,kharel2021,10 mm segmented electrode on quartz,mzm,segmented_electrode;quartz_substrate;single_drive,lithium_niobate,lnoi_rib,monolithic,cl_twe,push_pull,mzm_push_pull,,c_band,1560,10,,2.3,1,,,,,,measured,,1ghz,,,50,0.8,50,measured,,,,,,,,,,2,50,,,,,600,350,,250,,5,,0.8,gold,,quartz 500 um,SiO2 1 um (CVD),x-cut,,,,,,,,,,,,,,data/evidence/kharel2021.yaml,"Segment parameters (g,h,s,t,r,c) = (5,6,2,6,45,5) um (Fig. 1 caption); g is the gap between the facing segment edges at the waveguide. Vpi at 1 GHz 2.3 V (Bessel-function method); DC Vpi and Vpi at 50 GHz not reported for this length. RF loss: Fig. 2 caption names a 10-mm electrode; fit 0.26 dB/cm/GHz^0.5 (regular electrode 0.69). RF phase index 2.23 measured (p.4) but the device is not named, so not entered on any row. S11 below -15 dB (p.4). Bandwidth: no 3 dB bandwidth stated; measurement axis ends at 50 GHz. The Fig. 4 caption quotes 2.3 V*cm for the segmented thin-film device without naming it (equals 2.3 V x 1 cm); not entered in vpil. The 2.23 index sits in the same paragraph as the 2 dB/cm loss but is introduced as an additional measurement with no electrode named, so it is not entered. Numbers from arXiv v1."
kharel2021-b,kharel2021,20 mm segmented electrode on quartz,mzm,segmented_electrode;quartz_substrate;single_drive,lithium_niobate,lnoi_rib,monolithic,cl_twe,push_pull,mzm_push_pull,,c_band,1560,20,1.35,1.3,1,,,,,,measured,,1ghz,,,50,1.8,50,measured,1,,grating couplers (about 6 dB per facet),13,,20,static,,author_estimate,,,,,,,600,350,,250,,5,,0.8,gold,,quartz 500 um,SiO2 1 um (CVD),x-cut,,,,,,,,,,,,,il_onchip_db:lt;extinction_ratio_db:approx,data/evidence/kharel2021.yaml,"Headline device (abstract: RF Vpi 1.3 V at 1 GHz, 1.8 dB roll-off at 50 GHz). Vpi at 50 GHz 1.6 V is stated by the authors (1.3 V plus 1.8 dB) and not entered. The 1.35 V is called DC in the text and the Fig. 3 caption but labelled 1 MHz in the plot. ER is explicitly for the 20 mm device (Fig. 3(a)); on-chip and total insertion loss are not attributed to a device in the text and are entered here as the headline device. No 3 dB bandwidth stated: the Fig. 3(b) trace touches the -3 dB line near 46 GHz (noise) while the authors give 1.8 dB at 50 GHz, so no bound is entered. Authors extrapolate a conductor-loss-limited 3 dB bandwidth of about 180 GHz for 20 mm (Fig. 4a, p.5; prediction, not a column). Sub-volt >100 GHz is a design projection, not a device. Numbers from arXiv v1."
kieninger2020-best-dc,kieninger2020,280 um best low-frequency Vpi,mzm,soh;poled;device_identity_unresolved;numbers_from_arxiv_v1,eo_polymer,soi_slot,polymer_backfill,tw_gsg,push_pull,mzm_push_pull,,,1550,0.28,1.48,,,0.041,,,,,measured,,,,,,,,,,,,,,,,,,,,,,,,,,,70,,,,,,,silicon-on-insulator,JRD1 organic electro-optic material,,,Silicon rails approximately 240 nm wide and 220 nm high; optical slot approximately 130 nm; 2 um buried oxide; 3 um top oxide locally opened for JRD1. Aluminum is stated for top pads and vias; bottom GSG metal is unspecified.,,,,,,,,,,,slab_thickness_nm:approx,data/evidence/kieninger2020.yaml,Lowest Vpi across investigated devices. No table device identity or same-device loss is stated. No population loss or system bandwidth attached.
kieninger2020-die1-mzm1,kieninger2020,Die 1 MZM 1: ungated loss sample,mzm,soh;statistical_replicate;ungated;numbers_from_arxiv_v1;phase_only_loss,eo_polymer,soi_slot,polymer_backfill,tw_gsg,push_pull,,,,1557,0.28,,,,,,,,,,,,,,,,,,0.75,active slot-waveguide phase-shifter section only,grating couplers; access strip waveguides; MMI splitters/combiners; strip-slot converters,13.08,,,,,derived,,,,,,,,,,,,,,,,,,,,,,,,,,,,,,,,,data/evidence/kieninger2020.yaml,"Table 1 physical replicate; no gate voltage. Phase loss averages constructive wavelengths within 1510-1580 nm, not just 1557 nm. Phase standard deviation 0.13 dB; sigma_meas 0.34 dB at listed wavelength; total-loss quoted uncertainty 0.23 dB. Best-Vpi/system identities unassigned; no efficiency or bandwidth borrowed."
kieninger2020-die1-mzm2,kieninger2020,Die 1 MZM 2: ungated loss sample,mzm,soh;statistical_replicate;ungated;numbers_from_arxiv_v1;phase_only_loss,eo_polymer,soi_slot,polymer_backfill,tw_gsg,push_pull,,,,1554,0.28,,,,,,,,,,,,,,,,,,0.74,active slot-waveguide phase-shifter section only,grating couplers; access strip waveguides; MMI splitters/combiners; strip-slot converters,13.63,,,,,derived,,,,,,,,,,,,,,,,,,,,,,,,,,,,,,,,,data/evidence/kieninger2020.yaml,"Table 1 physical replicate; no gate voltage. Phase loss averages constructive wavelengths within 1510-1580 nm, not just 1554 nm. Phase standard deviation 0.30 dB; sigma_meas 0.18 dB at listed wavelength; total-loss quoted uncertainty 0.06 dB. Best-Vpi/system identities unassigned; no efficiency or bandwidth borrowed. Values numerically match the system loss reading within printed precision; authors do not state identity."
kieninger2020-die1-mzm3,kieninger2020,Die 1 MZM 3: ungated loss sample,mzm,soh;statistical_replicate;ungated;numbers_from_arxiv_v1;phase_only_loss,eo_polymer,soi_slot,polymer_backfill,tw_gsg,push_pull,,,,1561,0.28,,,,,,,,,,,,,,,,,,0.48,active slot-waveguide phase-shifter section only,grating couplers; access strip waveguides; MMI splitters/combiners; strip-slot converters,12.44,,,,,derived,,,,,,,,,,,,,,,,,,,,,,,,,,,,,,,,,data/evidence/kieninger2020.yaml,"Table 1 physical replicate; no gate voltage. Phase loss averages constructive wavelengths within 1510-1580 nm, not just 1561 nm. Phase standard deviation 0.16 dB; sigma_meas 0.30 dB at listed wavelength; total-loss quoted uncertainty 0.24 dB. Best-Vpi/system identities unassigned; no efficiency or bandwidth borrowed."
kieninger2020-die1-mzm4,kieninger2020,Die 1 MZM 4: ungated loss sample,mzm,soh;statistical_replicate;ungated;numbers_from_arxiv_v1;phase_only_loss,eo_polymer,soi_slot,polymer_backfill,tw_gsg,push_pull,,,,1560,0.28,,,,,,,,,,,,,,,,,,0.55,active slot-waveguide phase-shifter section only,grating couplers; access strip waveguides; MMI splitters/combiners; strip-slot converters,12.59,,,,,derived,,,,,,,,,,,,,,,,,,,,,,,,,,,,,,,,,data/evidence/kieninger2020.yaml,"Table 1 physical replicate; no gate voltage. Phase loss averages constructive wavelengths within 1510-1580 nm, not just 1560 nm. Phase standard deviation 0.08 dB; sigma_meas 0.20 dB at listed wavelength; total-loss quoted uncertainty 0.05 dB. Best-Vpi/system identities unassigned; no efficiency or bandwidth borrowed."
kieninger2020-die2-mzm1,kieninger2020,Die 2 MZM 1: ungated loss sample,mzm,soh;statistical_replicate;ungated;numbers_from_arxiv_v1;phase_only_loss,eo_polymer,soi_slot,polymer_backfill,tw_gsg,push_pull,,,,1563,0.28,,,,,,,,,,,,,,,,,,1.78,active slot-waveguide phase-shifter section only,grating couplers; access strip waveguides; MMI splitters/combiners; strip-slot converters,12.96,,,,,derived,,,,,,,,,,,,,,,,,,,,,,,,,,,,,,,,,data/evidence/kieninger2020.yaml,"Table 1 physical replicate; no gate voltage. Phase loss averages constructive wavelengths within 1510-1580 nm, not just 1563 nm. Phase standard deviation 0.12 dB; sigma_meas 0.12 dB at listed wavelength; total-loss quoted uncertainty 0.06 dB. Best-Vpi/system identities unassigned; no efficiency or bandwidth borrowed."
kieninger2020-die2-mzm2,kieninger2020,Die 2 MZM 2: ungated loss sample,mzm,soh;statistical_replicate;ungated;numbers_from_arxiv_v1;phase_only_loss,eo_polymer,soi_slot,polymer_backfill,tw_gsg,push_pull,,,,1561,0.28,,,,,,,,,,,,,,,,,,1.83,active slot-waveguide phase-shifter section only,grating couplers; access strip waveguides; MMI splitters/combiners; strip-slot converters,12.81,,,,,derived,,,,,,,,,,,,,,,,,,,,,,,,,,,,,,,,,data/evidence/kieninger2020.yaml,"Table 1 physical replicate; no gate voltage. Phase loss averages constructive wavelengths within 1510-1580 nm, not just 1561 nm. Phase standard deviation 0.25 dB; sigma_meas 0.17 dB at listed wavelength; total-loss quoted uncertainty 0.07 dB. Best-Vpi/system identities unassigned; no efficiency or bandwidth borrowed."
kieninger2020-die2-mzm3,kieninger2020,Die 2 MZM 3: ungated loss sample,mzm,soh;statistical_replicate;ungated;numbers_from_arxiv_v1;phase_only_loss,eo_polymer,soi_slot,polymer_backfill,tw_gsg,push_pull,,,,1558,0.28,,,,,,,,,,,,,,,,,,0.41,active slot-waveguide phase-shifter section only,grating couplers; access strip waveguides; MMI splitters/combiners; strip-slot converters,11.75,,,,,derived,,,,,,,,,,,,,,,,,,,,,,,,,,,,,,,,,data/evidence/kieninger2020.yaml,"Table 1 physical replicate; no gate voltage. Phase loss averages constructive wavelengths within 1510-1580 nm, not just 1558 nm. Phase standard deviation 0.14 dB; sigma_meas 0.18 dB at listed wavelength; total-loss quoted uncertainty 0.08 dB. Best-Vpi/system identities unassigned; no efficiency or bandwidth borrowed."
kieninger2020-die2-mzm4,kieninger2020,Die 2 MZM 4: ungated loss sample,mzm,soh;statistical_replicate;ungated;numbers_from_arxiv_v1;phase_only_loss,eo_polymer,soi_slot,polymer_backfill,tw_gsg,push_pull,,,,1562,0.28,,,,,,,,,,,,,,,,,,0.46,active slot-waveguide phase-shifter section only,grating couplers; access strip waveguides; MMI splitters/combiners; strip-slot converters,11.67,,,,,derived,,,,,,,,,,,,,,,,,,,,,,,,,,,,,,,,,data/evidence/kieninger2020.yaml,"Table 1 physical replicate; no gate voltage. Phase loss averages constructive wavelengths within 1510-1580 nm, not just 1562 nm. Phase standard deviation 0.07 dB; sigma_meas 0.14 dB at listed wavelength; total-loss quoted uncertainty 0.08 dB. Best-Vpi/system identities unassigned; no efficiency or bandwidth borrowed."
kieninger2020-die3-mzm1,kieninger2020,Die 3 MZM 1: ungated loss sample,mzm,soh;statistical_replicate;ungated;numbers_from_arxiv_v1;phase_only_loss,eo_polymer,soi_slot,polymer_backfill,tw_gsg,push_pull,,,,1563,0.28,,,,,,,,,,,,,,,,,,0.51,active slot-waveguide phase-shifter section only,grating couplers; access strip waveguides; MMI splitters/combiners; strip-slot converters,10.03,,,,,derived,,,,,,,,,,,,,,,,,,,,,,,,,,,,,,,,,data/evidence/kieninger2020.yaml,"Table 1 physical replicate; no gate voltage. Phase loss averages constructive wavelengths within 1510-1580 nm, not just 1563 nm. Phase standard deviation 0.28 dB; sigma_meas 0.11 dB at listed wavelength; total-loss quoted uncertainty 0.06 dB. Best-Vpi/system identities unassigned; no efficiency or bandwidth borrowed."
kieninger2020-die3-mzm2,kieninger2020,Die 3 MZM 2: ungated loss sample,mzm,soh;statistical_replicate;ungated;numbers_from_arxiv_v1;phase_only_loss,eo_polymer,soi_slot,polymer_backfill,tw_gsg,push_pull,,,,1563,0.28,,,,,,,,,,,,,,,,,,0.53,active slot-waveguide phase-shifter section only,grating couplers; access strip waveguides; MMI splitters/combiners; strip-slot converters,10.21,,,,,derived,,,,,,,,,,,,,,,,,,,,,,,,,,,,,,,,,data/evidence/kieninger2020.yaml,"Table 1 physical replicate; no gate voltage. Phase loss averages constructive wavelengths within 1510-1580 nm, not just 1563 nm. Phase standard deviation 0.19 dB; sigma_meas 0.12 dB at listed wavelength; total-loss quoted uncertainty 0.08 dB. Best-Vpi/system identities unassigned; no efficiency or bandwidth borrowed."
kieninger2020-die3-mzm3,kieninger2020,Die 3 MZM 3: ungated loss sample,mzm,soh;statistical_replicate;ungated;numbers_from_arxiv_v1;phase_only_loss,eo_polymer,soi_slot,polymer_backfill,tw_gsg,push_pull,,,,1564,0.28,,,,,,,,,,,,,,,,,,0.03,active slot-waveguide phase-shifter section only,grating couplers; access strip waveguides; MMI splitters/combiners; strip-slot converters,9.57,,,,,derived,,,,,,,,,,,,,,,,,,,,,,,,,,,,,,,,,data/evidence/kieninger2020.yaml,"Table 1 physical replicate; no gate voltage. Phase loss averages constructive wavelengths within 1510-1580 nm, not just 1564 nm. Phase standard deviation 0.31 dB; sigma_meas 0.10 dB at listed wavelength; total-loss quoted uncertainty 0.05 dB. Best-Vpi/system identities unassigned; no efficiency or bandwidth borrowed."
kieninger2020-die3-mzm4,kieninger2020,Die 3 MZM 4: ungated loss sample,mzm,soh;statistical_replicate;ungated;numbers_from_arxiv_v1;phase_only_loss,eo_polymer,soi_slot,polymer_backfill,tw_gsg,push_pull,,,,1564,0.28,,,,,,,,,,,,,,,,,,0.21,active slot-waveguide phase-shifter section only,grating couplers; access strip waveguides; MMI splitters/combiners; strip-slot converters,9.68,,,,,derived,,,,,,,,,,,,,,,,,,,,,,,,,,,,,,,,,data/evidence/kieninger2020.yaml,"Table 1 physical replicate; no gate voltage. Phase loss averages constructive wavelengths within 1510-1580 nm, not just 1564 nm. Phase standard deviation 0.32 dB; sigma_meas 0.28 dB at listed wavelength; total-loss quoted uncertainty 0.27 dB. Best-Vpi/system identities unassigned; no efficiency or bandwidth borrowed."
kieninger2020-die4-mzm1,kieninger2020,Die 4 MZM 1: ungated loss sample,mzm,soh;statistical_replicate;ungated;numbers_from_arxiv_v1;phase_only_loss,eo_polymer,soi_slot,polymer_backfill,tw_gsg,push_pull,,,,1554,0.28,,,,,,,,,,,,,,,,,,0.64,active slot-waveguide phase-shifter section only,grating couplers; access strip waveguides; MMI splitters/combiners; strip-slot converters,12.12,,,,,derived,,,,,,,,,,,,,,,,,,,,,,,,,,,,,,,,,data/evidence/kieninger2020.yaml,"Table 1 physical replicate; no gate voltage. Phase loss averages constructive wavelengths within 1510-1580 nm, not just 1554 nm. Phase standard deviation 0.13 dB; sigma_meas 0.10 dB at listed wavelength; total-loss quoted uncertainty 0.07 dB. Best-Vpi/system identities unassigned; no efficiency or bandwidth borrowed."
kieninger2020-die4-mzm2,kieninger2020,Die 4 MZM 2: ungated loss sample,mzm,soh;statistical_replicate;ungated;numbers_from_arxiv_v1;phase_only_loss,eo_polymer,soi_slot,polymer_backfill,tw_gsg,push_pull,,,,1555,0.28,,,,,,,,,,,,,,,,,,0.7,active slot-waveguide phase-shifter section only,grating couplers; access strip waveguides; MMI splitters/combiners; strip-slot converters,12.23,,,,,derived,,,,,,,,,,,,,,,,,,,,,,,,,,,,,,,,,data/evidence/kieninger2020.yaml,"Table 1 physical replicate; no gate voltage. Phase loss averages constructive wavelengths within 1510-1580 nm, not just 1555 nm. Phase standard deviation 0.25 dB; sigma_meas 0.14 dB at listed wavelength; total-loss quoted uncertainty 0.10 dB. Best-Vpi/system identities unassigned; no efficiency or bandwidth borrowed."
kieninger2020-die4-mzm3,kieninger2020,Die 4 MZM 3: ungated loss sample,mzm,soh;statistical_replicate;ungated;numbers_from_arxiv_v1;phase_only_loss,eo_polymer,soi_slot,polymer_backfill,tw_gsg,push_pull,,,,1563,0.28,,,,,,,,,,,,,,,,,,0.01,active slot-waveguide phase-shifter section only,grating couplers; access strip waveguides; MMI splitters/combiners; strip-slot converters,11.1,,,,,derived,,,,,,,,,,,,,,,,,,,,,,,,,,,,,,,,,data/evidence/kieninger2020.yaml,"Table 1 physical replicate; no gate voltage. Phase loss averages constructive wavelengths within 1510-1580 nm, not just 1563 nm. Phase standard deviation 0.36 dB; sigma_meas 0.12 dB at listed wavelength; total-loss quoted uncertainty 0.08 dB. Best-Vpi/system identities unassigned; no efficiency or bandwidth borrowed."
kieninger2020-die4-mzm4,kieninger2020,Die 4 MZM 4: ungated loss sample,mzm,soh;statistical_replicate;ungated;numbers_from_arxiv_v1;phase_only_loss,eo_polymer,soi_slot,polymer_backfill,tw_gsg,push_pull,,,,1559,0.28,,,,,,,,,,,,,,,,,,0.3,active slot-waveguide phase-shifter section only,grating couplers; access strip waveguides; MMI splitters/combiners; strip-slot converters,11.46,,,,,derived,,,,,,,,,,,,,,,,,,,,,,,,,,,,,,,,,data/evidence/kieninger2020.yaml,"Table 1 physical replicate; no gate voltage. Phase loss averages constructive wavelengths within 1510-1580 nm, not just 1559 nm. Phase standard deviation 0.28 dB; sigma_meas 0.11 dB at listed wavelength; total-loss quoted uncertainty 0.07 dB. Best-Vpi/system identities unassigned; no efficiency or bandwidth borrowed."
kieninger2020-open-ended,kieninger2020,280 um gated open-ended 100 GBd,mzm,soh;poled;system_device;gated;open_ended;device_identity_unresolved;numbers_from_arxiv_v1,eo_polymer,soi_slot,polymer_backfill,tw_gsg,push_pull,,,,1560,0.28,,,,,,,,1.44,,,,,,,,,,,,,,,,,,,,,,,,,,,,,,,,,,,,,,,,100,OOK;PAM4,200,187,,,,,,45 GHz AWG and 55 GHz RF amplifier; open-ended device,,data/evidence/kieninger2020.yaml,Gate field 0.1 V/nm. 0.78 Vpp amplifier output at 50 ohms; 0.72 Vpp after probe loss; 1.44 Vpp effective device swing. Open-end bandwidth lower than terminated 40 GHz but unspecified. PAM4 BER 3.6e-3. Laser output 11.5 dBm is not on-chip launch power. Voltage chain is specified for 100 GBd PAM4 only; OOK drive amplitude is not stated.
kieninger2020-system-dc,kieninger2020,280 um system device: DC Vpi,mzm,soh;poled;system_device;device_identity_unresolved;numbers_from_arxiv_v1,eo_polymer,soi_slot,polymer_backfill,tw_gsg,push_pull,mzm_push_pull,,,,0.28,1.5,,,,,,,,measured,,,,,,,,,,,,,,,,,,,,,,,,,,,,,,,,,,,,,,,,,,,,,,,,,,data/evidence/kieninger2020.yaml,DC Vpi stated for the data-experiment modulator. Wavelength and gate state of this particular DC reading are not restated. Kept separate from the lowest 1.48 V result and ungated loss.
kieninger2020-system-loss-ungated,kieninger2020,280 um system device: ungated loss,mzm,soh;poled;system_device;ungated;device_identity_unresolved;numbers_from_arxiv_v1;phase_only_loss,eo_polymer,soi_slot,polymer_backfill,tw_gsg,push_pull,,,,,0.28,,,,,,,,,,,,,,,,,,0.74,active slot-waveguide phase-shifter section only,grating couplers; access strip waveguides; MMI splitters/combiners; strip-slot converters,13.6,,,,,derived,,,,,,,,,,,,,,,,,,,,,,,,,,,,,,,,,data/evidence/kieninger2020.yaml,"Same system device as system-dc/open-ended, separate ungated characterization. Phase loss averages wavelengths; fiber loss is total. Gate adds 0.8 dB total and an estimated 0.14 dB phase loss; no derived sum entered. Table identity unconfirmed. Values numerically match Die 1 MZM 2 within printed precision; authors do not state identity."
kieninger2020-terminated,kieninger2020,280 um gated 50-ohm-terminated bandwidth,mzm,soh;poled;gated;terminated;numbers_from_arxiv_v1,eo_polymer,soi_slot,polymer_backfill,tw_gsg,push_pull,,,,,0.28,,,,,,,,,,40,unspecified,,,,,,measured,,,,,,,,,,,,,,,,,,,,,,,,,,,,,,,,,,,,,,,,,,data/evidence/kieninger2020.yaml,"Termination is a load, not a measured characteristic impedance. Reference frequency and measurement range are not stated. Do not join this bandwidth to the open-ended data row."
kim2025-mzm,kim2025,3.75 mm single-arm MZM,mzm,single_arm;poled;a_oriented_bto;dc_measured,barium_titanate,bto_on_oxide_substrate,monolithic,,single_ended,mzm_single_arm,,,,3.75,1.44,,,0.54,,,,,measured,,,,,,,,,,,,,,,,,,,,,,,,340,180,1200,160,60,3.6,,,gold,3,silicon,,a-oriented BTO ([100] out of plane),[011],,,,,,,,,,,,rib_width_nm:approx;sidewall_angle_deg:approx,data/evidence/kim2025.yaml,"Single-arm MZM with MMI splitters (Fig. 3(c) SEM), poled with 120 V across the 3.6 um gap for 30 min (333 kV/cm). Effective Pockels coefficient r_eff about 162 pm/V is the authors' estimate from lambda g / (n^3 Gamma VpiL) with n about 2.26 at 1550 nm (no column). Text calls the transmission curve Fig. 3(b)/(c) and the caption calls it Fig. 3(d); the figure panel is 3(c). Voltage sweep is quasi-static; no RF, bandwidth, loss or ER reported. Wavelength of the MZM measurement not stated (resonators measured near 1520 nm). Electrode type not stated."
kohli2025-iq,kohli2025,"C-band IQ modulator, 17.5 um plasmonic phase shifters",iq_mzm,plasmonic;poled,barium_titanate,bto_on_sin,,plasmonic_lumped,push_pull,per_arm_phase_shifter,,c_band,1550,0.0175,4,,,,,2,,1.13,measured,70,10ghz,,,,,,measured,,,,23.9,7000,,,21,measured,,,,,,,200,,,,,0.1,,,gold,,,silicon dioxide,,,"SiN 800 x 800 nm2 in SiO2; BTO approx 200 nm thick, approx 100 nm above SiN (spacer not stated); vertical directional coupler 80 um; gold plates form plasmonic slot",224,4QAM,448,,,,,,,none (AWG + bias tee),drive_vpp_v:approx;optical_input_power_dbm:approx;eo_film_thickness_nm:approx;prop_loss_db_per_cm:approx;bw3db_ghz:approx,data/evidence/kohli2025.yaml,"Vpi columns are per phase shifter (4 V DC); MZ push-pull Vpi 2 V in vpi_mzm_pushpull_dc_v. No RF Vpi reported. 3 dB BW 70 GHz is the paper statement (3 dB drop between 10 and 70 GHz; text: response starts to drop at ~70 GHz; Fig. 3b caption also says cutoff around 80 GHz), referenced to 10 GHz; measurement upper limit for this device not stated. Fiber-to-fiber IL 23.9 dB at 1550 nm (22.5 dB at 1530 nm); no on-chip IL reported; paper projects approx 12 dB fiber-to-fiber (simulation, not entered). prop_loss is plasmonic section only (approx 0.7 dB/um, 100 nm slot). Higher DC Vpi than MZM attributed by paper to possible surface or dead layers. Linear EQ only: 192 GBd below SD-FEC; full DSP 160 GBd below KP4-FEC. Not reported: Z0, n_RF, ng, RF loss, ER, net rate, energy per bit, capacitance. Input power and drive amplitude in columns."
kohli2025-mzm,kohli2025,"C-band MZM, 15 um plasmonic phase shifters",mzm,plasmonic;poled,barium_titanate,bto_on_sin,,plasmonic_lumped,push_pull,per_arm_phase_shifter,,c_band,1550,0.015,3.6,6.4,40,,,1.8,,1.13,measured,110,10ghz,,,110,,,measured,,,,20.3,5000,,,20.3,measured,,,,,,,200,,,,,0.15,,,gold,,,silicon dioxide,,,"SiN 800 x 800 nm2 in SiO2; BTO approx 200 nm thick, approx 100 nm above SiN (spacer not stated); vertical directional coupler 80 um; gold plates form plasmonic slot",256,2PAM at 256 GBd; 4PAM at 170 GBd; 8PAM at 96 GBd,340,,10,30,,,,none (AWG + bias tee),drive_vpp_v:approx;optical_input_power_dbm:approx;eo_film_thickness_nm:approx;capacitance_ff:approx;energy_per_bit_fj:approx;bw3db_ghz:approx,data/evidence/kohli2025.yaml,"Row granularity: one row per distinct device (MZM, IQ, racetrack); DC and RF Vpi and all data-rate points share the row. Vpi columns are per phase shifter (3.6 V DC, 6.4 V at 40 GHz); the push-pull MZ Vpi of 1.8 V at DC (paper headline) is in vpi_mzm_pushpull_dc_v. 6.4 V at 40 GHz is given in phase-shifter context, MZ-level RF Vpi not stated. 3 dB BW is referenced to 10 GHz (response drops several dB between 10 MHz and 10 GHz) and sits at the 110 GHz measurement limit; Fig. 2d normalization not stated. No on-chip IL reported: 20.3 dB is fiber-to-fiber incl. 2.8 dB per grating coupler and 3.5 dB per photonic-to-plasmonic converter (cutback); paper simulates ideal 8.1 dB fiber-to-fiber (not entered). prop_loss is the plasmonic section only (0.5 dB/um); BTO waveguide 4.5 dB/cm not entered. Fiber transmission over 400 m: 256 GBd 2PAM BER 3.11e-2, 4PAM 160 GBd BER 4.00e-2. Linear-EQ-only (21-tap FFE) reaches 196 GBd. Pockels coefficient about 180 pm/V at 40 GHz (paper extraction). Bias for Vpi not given as a value: BTO fully poled before the DC sweep; 2-3 V poling bias used in data runs. Not reported: Z0, n_RF, ng, RF loss, electrode thickness, ER, net rate."
kohli2025-rt,kohli2025,"O-band racetrack, 5 um plasmonic phase shifter",ring,plasmonic;poled;racetrack,barium_titanate,bto_on_sin,,plasmonic_lumped,unspecified,resonance_tuning_derived,,o_band,1315.7,0.005,3,,,,,,,1.13,derived,,,,,75,,,extracted_from_figure,2,,,9.4,,6,static,13,measured,,,,,,,200,,,,,,,,gold,,,silicon dioxide,,,"SiN 600 x 800 nm2 in SiO2; BTO approx 200 nm thick, approx 100 nm above SiN (spacer not stated); vertical directional coupler 40 um; gold plates form plasmonic slot",200,2PAM,200,,,,1931,1.79,0.3,none (AWG + bias tee),il_onchip_db:lt;extinction_ratio_db:gt;drive_vpp_v:approx;optical_input_power_dbm:approx;eo_film_thickness_nm:approx;bw_measured_to_ghz:approx,data/evidence/kohli2025.yaml,"Resonant device. Vpi 3 V DC derived by the paper from 0.3 nm/V tuning (FSR 1.79 nm) after poling; single phase shifter in the cavity. On-chip device loss (below 2 dB, from reference waveguides) and ER (above 6 dB, static, Fig. 4b) are bounds entered as numbers with lt/gt qualifiers; what the 2 dB includes is not stated. Fiber-to-fiber 9.4 dB at 1310-1315 nm. No 3 dB bandwidth number given; the electro-optic response is flat to the axis end at about 75 GHz (Fig. 4d, figure read; last labelled tick 70 GHz), and the paper says the resonant optical bandwidth is lower than that of the MZM. Max line rate 200 Gb/s is arithmetic from 2PAM (see derived). Linear EQ only: 176 GBd. Not reported: slot width, RF Vpi, VpiL, Z0, n_RF, ng, RF loss, capacitance, energy per bit. Racetrack optical_input_power_dbm is the fiber input power before the device; the MZ and IQ values are power into the chip."
larocque2024-a,larocque2024,"PhC cavity Michelson IQ modulator (two cavities, 40 x 200 um^2)",iq_mzm,photonic_crystal;resonant;michelson;one_sided_cavity;fabry_perot;cascadable;dual_cavity,lithium_niobate,lnoi_rib,monolithic,lumped,dual_drive,,,c_band,1548.66,,,,,,,,,2,,1.5,dc,,,5,,,measured,,,,,,30,static,,,,,,,,,600,400,800,200,35,,,0.5,Au,,,,x-cut,,,,"4-QAM (2 bits/symbol) from two binary-driven cavities, 2^7-1 PRBS, 20 MHz to 1 GHz modulation frequency, EVM below 0.27 (average over symbols) up to near the 3 dB cutoff",,,25.8,,70000,,0.0092,12.5 GHz pulse pattern generator (quarter-rate outputs) via bias tees and RF probes; DC bias 4.4 V and -4.15 V,bw3db_ghz:approx;extinction_ratio_db:gt;q_loaded:approx,data/evidence/larocque2024.yaml,"One physical device. No Vpi (resonant device, tuning efficiency instead). Per-cavity fit (Table I p.4, fitted to Fig. 3b,c and 4b): Q 6.6e4 / 7.4e4, total linewidth 2.9 / 2.6 GHz (cavity 1 / 2), kappa_c/kappa_i 0.46 / 1.42, tuning 1.15 / 1.09 GHz/V; first-order perturbation theory gives 1.0 GHz/V (p.3, Supp VI). Row tuning 0.0092 nm/V is the cavity-1 slope read from Fig. 3b (cavity 2: 8.7 pm/V, Fig. 3c); q_loaded 70000 is the paper approximate value (text p.2). 3 dB cutoff around 1.5 GHz for each cavity (Fig. 4a, small-signal, plotted 0 to 5 GHz, matches the fitted linewidths); reference entered as dc (curve normalised at 0 GHz, not stated by the authors). ER: more than 30 dB at the two destructive-interference minima of |t_IQ|^2 (Fig. 4b inset, p.3), static. 4-QAM drive: +-1 V on each cavity (2 V peak to peak, p.2; p.3); no baud rate stated (the modulation frequency 1 GHz is not identified as a symbol rate), so max_baud and line rate left empty. Energy 25.8 fJ/bit = 51.5 fJ/symbol / 2 bits from a COMSOL Maxwell capacitance matrix (C11 10.6, C12 9.4, C22 22.2 fF) and a 0D circuit simulation with 0-2 V swing (Supp VI p.19), an author estimate. Geometry: 600 nm film, 400 nm etch (slab 200 nm derived), 35 deg outer sidewall and about 17 deg inner sidewall in the Bragg gaps (p.6), waveguide 800 nm tapering to 900 nm in the PhC, Bragg period 426 nm, 660 nm directional-coupler gap, 12:88 measured splitting ratio at 1548.65 nm (Supp Fig. 3, p.14). Electrode gap not stated in text. Facet insertion loss 8.2 dB (15 percent transmission, faulty facet etch; about 3 dB in other runs) in Supp IX p.26 is not entered because the paper does not define it as on-chip or fiber-to-fiber loss. Fabrication yield 64 percent: 18 of 28 resonant two-sided cavities (of 51 measured) with Q above 2e4 (Supp Fig. 11, p.18). Coherent receiver (AIM Photonics silicon PIC) limited detection to 2 GHz. Sidewall angle 35 deg is measured from the chip normal as stated on p.6 (55 deg from the film plane); other rows in the atlas may use the film plane. Fig. 4a draws both -3 dB and -6 dB reference lines and the paper does not state whether dB is optical or electrical power; the 1.5 GHz matches the -3 dB line and the fitted linewidths."
lee2020-a,lee2020,"Graphene-SiN ring EAM, 4.9 K",ring,graphene;dual_layer;electro_absorption;critical_coupling;numbers_from_arxiv_v1,graphene_2d,sin,other,lumped,,,cryogenic,,,0.005,,,,,,,,3,,14.7,other,0.001,,,,,derived,,,,,,,,,,,,,,,,,,1300,,,,,,Cr/Pd/Au 1 nm/45 nm/55 nm,4.3,330 nm LPCVD Si3N4 on 4.3 um thermal SiO2 on silicon,PECVD SiO2 planarized by CMP; 40 nm Al2O3 over the top graphene,,,"Si3N4 ring (1.3 um x 330 nm, radius 40 um, bus gap about 180 nm); CVD graphene / 30 nm ALD Al2O3 / CVD graphene capacitor 5 um long on the ring arc; electrodes 0.45 um from waveguide",,,,,,9,,,,,capacitance_ff:approx,data/evidence/lee2020.yaml,"Numbers from arXiv v1 preprint (2007.00955v1, 21 pages incl. Supplementary Information); the Nanophotonics version (Crossref 10.1515/nanoph-2020-0363, 10(1) 99-104, 2020-09-25; Crossref lists publisher Wiley) was not read. Ring-resonator loss-modulation EAM at critical coupling (device_class ring; batch hint eam). 3 dB BW from a single-pole fit to the S21 data (Fig. 3), normalized at 1 MHz; drive 13.5 dBm (Vpp 3 V), DC bias -9 V, same at both temperatures. Intrinsic RC BW 200 GHz at 4.9 K (C 1.85 fF/um, R_sh 470 ohm/sq, Eq. 1-2) vs measured limited by contact resistance; > 130 GHz projected with 100 ohm um contacts and a longer capacitor (33 um). Graphene mobility 1420 cm2/Vs (293 K) and 1650 cm2/Vs (4.9 K) from a Hall bar (Fig. 4(a)); Al2O3 kappa 4.2, breakdown about 5.6 MV/cm. Fiber-to-chip coupling loss 10-12 dB per facet; laser 10 dBm maximum. No insertion loss or ER measured at 4.9 K. Resonance wavelength at 4.9 K and Q not stated; wavelength empty. BW basis derived (2026-10-03 audit F6): the 3 dB point is that of a single-pole fit (p.4); at 4.9 K the raw S21 trace crosses -3 dB near 12-13 GHz (approximate reading of Fig. 3, p.5), so the 4.9 K advantage over 293 K is a fit result."
lee2020-b,lee2020,"Graphene-SiN ring EAM, 293 K",ring,graphene;dual_layer;electro_absorption;critical_coupling;numbers_from_arxiv_v1,graphene_2d,sin,other,lumped,,,room,l_band,1586.2,0.005,,,,,,,,3,,12.6,other,0.001,,,,,derived,,,,,,7,static,,,,,,,,,,,1300,,,,,,Cr/Pd/Au 1 nm/45 nm/55 nm,4.3,330 nm LPCVD Si3N4 on 4.3 um thermal SiO2 on silicon,PECVD SiO2 planarized by CMP; 40 nm Al2O3 over the top graphene,,,"Si3N4 ring (1.3 um x 330 nm, radius 40 um, bus gap about 180 nm); CVD graphene / 30 nm ALD Al2O3 / CVD graphene capacitor 5 um long on the ring arc; electrodes 0.45 um from waveguide",20,"NRZ, PRBS 2^9-1, 5 to 20 Gb/s; calculated BER 7.4e-4 at 20 Gb/s (from eye Q)",20,,,9,3700,,,,capacitance_ff:approx;extinction_ratio_db:gt;q_loaded:approx;wavelength_nm:approx,data/evidence/lee2020.yaml,"Numbers from arXiv v1 preprint (2007.00955v1, 21 pages incl. Supplementary Information); the Nanophotonics version (Crossref 10.1515/nanoph-2020-0363, 10(1) 99-104, 2020-09-25; Crossref lists publisher Wiley) was not read. Ring-resonator loss-modulation EAM at critical coupling (device_class ring; batch hint eam). 3 dB BW from a single-pole fit to the S21 data (Fig. 3), normalized at 1 MHz; drive 13.5 dBm (Vpp 3 V), DC bias -9 V, same at both temperatures. Intrinsic RC BW 200 GHz at 4.9 K (C 1.85 fF/um, R_sh 470 ohm/sq, Eq. 1-2) vs measured limited by contact resistance; > 130 GHz projected with 100 ohm um contacts and a longer capacitor (33 um). Graphene mobility 1420 cm2/Vs (293 K) and 1650 cm2/Vs (4.9 K) from a Hall bar (Fig. 4(a)); Al2O3 kappa 4.2, breakdown about 5.6 MV/cm. Fiber-to-chip coupling loss 10-12 dB per facet; laser 10 dBm maximum. No insertion loss or ER measured at 4.9 K. ER: resonance transmission changes by more than 7 dB over 9 V (Fig. 2(a)), from about -25 dB at 0 V (critical coupling); Q_L rises from about 3500 to 3700 over 9 V (Fig. 2(b)), Q 3700 entered. Eye diagrams (Fig. S2) at 293 K only, Vpp 3 V, -9 V bias; BER from Q-factor, 2.6e-4 (5 Gb/s) to 7.4e-4 (20 Gb/s); baud entered as 20 GBd (NRZ). Resonance 'around 1586.2 nm'; no FSR reported. BW basis derived (2026-10-03 audit F6): the 3 dB point is that of a single-pole fit (p.4); at 293 K the raw trace and the fit meet near 12.6 GHz (Fig. 3, p.5). Wavelength qualified approx: paper says 'around 1,586.2 nm' (p.3)."
lee2020a-a,lee2020a,"100 um graphene-SiN EAM, 32-device chip",eam,graphene;dual_layer;electro_absorption;numbers_from_arxiv_v1,graphene_2d,sin,other,lumped,,,,,,0.1,,,,,,,,6,,3.92,unspecified,,,,,,derived,7,,definition not stated by the authors,,,5,static,,measured,,,,,,,,,1300,,,,,,Cr/Pd/Au 1 nm/45 nm/50 nm,4.3,330 nm LPCVD Si3N4 on 4.3 um thermal SiO2 on silicon,PECVD SiO2 planarized by CMP; 10 nm ALD Al2O3 under bottom graphene; 30 nm Al2O3 gate; 30 nm Al2O3 over top graphene,,,"Si3N4 waveguide 1.3 um x 330 nm; CVD graphene (Grolltex) / 30 nm ALD Al2O3 / CVD graphene capacitor 1.3 um wide, 100 um long directly on the waveguide; electrodes 1.2 um from waveguide",7,"NRZ, PRBS 2^9-1, 7 Gbit/s per modulator (BER below HD-FEC 3.8e-3 for 30 of 32 devices)",7,,1600,180,,,,,energy_per_bit_fj:approx;capacitance_ff:approx,data/evidence/lee2020a.yaml,"Numbers from arXiv v1 preprint (2011.08832v1, 21 pages incl. Supplementary Information); no DOI or journal version found in the cache. Statistics over 32 modulators on one 8 mm x 1 mm chip: mean 3 dB BW 3.92 GHz (std 0.53, Fig. 3(c); text says 3.9 and 0.5), voltage for 3 dB modulation dV3dB mean 4.50 V (std 0.57 V, Fig. 3(b); not a V_pi), yield 94% (30 of 32) at 7 Gbit/s, aggregate 210 Gbit/s. 7 Gbit/s at Vpp 6 V; terminated modulator sees about Vpp/2. BW basis derived (mean of single-pole fits, p.4-5). ER 5 dB and IL 7 dB are the authors' statement for the current device (p.7, Fig. 5(c) caption), read from the orange model curve that the authors state agrees closely with the measured data; the curve and data span a static sweep of about 17 V (0 to -17 V, Fig. 5(c)), not the 6 Vpp drive; IL definition not stated. 1.6 pJ/bit is E = C Vpp^2/4 (formula stated; entered as 1600 fJ/bit, derived); C about 180 fF. Wavelength is not stated in the paper (1550 nm appears only in a refractive-index remark), so wavelength and band are empty. Inconsistency: top Al2O3 30 nm (text, Fig. 5 caption) vs 40 nm label in Fig. 5(b). Table S1: residual doping 7.3e12 +- 2.3e12 cm-2, gate thickness 29.1 +- 2.0 nm, R_c 10.5 +- 1.3 kohm um, mobility 1420 +- 26 cm2/Vs, kappa 4.2."
lee2020a-b,lee2020a,Optimized HfO2-gate design (simulated),eam,graphene;dual_layer;electro_absorption;simulated_design;numbers_from_arxiv_v1,graphene_2d,sin,other,lumped,,,,,,,,,,,,,,,,,,,,,,,,1,,definition not stated by the authors,,,15,static,,simulated,,,,,,,,,1300,,,,,,,4.3,330 nm LPCVD Si3N4 on 4.3 um thermal SiO2 on silicon,HfO2 gate dielectric 45 nm (simulated design); other layers as in Fig. 5(a),,,same Si3N4 waveguide and capacitor width as the fabricated device with 45 nm HfO2 gate (kappa-enhanced) and electrodes 1.0 um from the waveguide (Fig. 5(a)),,,,,,,,,,,,data/evidence/lee2020a.yaml,"Simulated design projection, not a fabricated device (arXiv v1, 2011.08832v1, Fig. 5(a,c), p.6-7). Expected modulation depth 15 dB before breakdown with 1 dB insertion loss (simulated); Monte Carlo yield above 80% at up to 20 Gbit/s, close to 100% at 12.5 Gbit/s at BER below 3.8e-3 (Fig. 6); abstract: data rates above 0.6 Tbit/s within reach (simulated, not entered). Length of the optimized device not stated."
li2020-a,li2020,"Photonic-crystal nanobeam cavity, Q 1.34e5 (tuning device)",ring,photonic_crystal;nanobeam;suspended;resonant;lumped;partially_etched,lithium_niobate,suspended_lnoi,monolithic,lumped,unspecified,,,c_band,1554.47,0.03,,,,,,,,,,,,,,,,,,2.2,coupling from the on-chip waveguide into the photonic-crystal cavity (one-sided reflection design),lensed-fiber facet coupling loss and circulator transmission loss,,,11.5,static,,measured,,,,,,,300,150,1200,150,,,50,0.5,Ti/Au (10 nm / 500 nm),3,silicon,,x-cut,cavity optical field along the LN optical axis z (in plane),"Si substrate / 3 um SiO2 buried oxide (undercut by diluted HF, suspended membrane) / 300 nm x-cut LN nanobeam, width 1200 nm, 150 nm wing, elliptical holes hx 270 nm by hy 490 nm fully etched / Ti-Au electrodes on the wing",,,,,,,134000,,0.016,,il_onchip_db:approx,data/evidence/li2020.yaml,"Resonant device, no Vpi reported; tuning 16 pm/V equals 1.98 GHz/V (stated, 1554 nm). Simulated: tuning 1.81 GHz/V, optical Q about 1e5, EO modal volume 0.58 um3 (1.52 (lambda/n)^3), capacitance about 22 fF; not entered as measured. ER 11.5 dB is the authors conversion of a 93% coupling depth (full swing). IL 2.2 dB is described as around, entered with approx. Wavelength and Q are from Fig. 4b; the 16 pm/V tuning slope is from Fig. 5, whose 0 V resonance sits near 1555.8 nm by the Fig. 5(a) axis, and the paper does not say it is the same resonance or device as Fig. 4b. Second cavity mode TE1 at 1604.13 nm, Q 3.03e4 (not entered). Electrode-to-cavity gap not reported (future design 1.5 um). Signal width is the 50 um electrode width used for probe-pad impedance matching. No DC Vpi, bandwidth, RF loss reported for this device. Cavity linewidth 1.4 GHz."
li2020-b,li2020,"Photonic-crystal nanobeam, Q about 14000 (17.5 GHz) with 11 Gb/s NRZ",ring,photonic_crystal;nanobeam;suspended;resonant;lumped,lithium_niobate,suspended_lnoi,monolithic,lumped,unspecified,,,c_band,,,,,,,,,,2.0,,17.5,unspecified,,,,,,measured,,,,,,,,,,,,,,,,,,,,,,,,,,,,,,,11,"NRZ 2^7-1 PRBS, 9 and 11 Gb/s eye diagrams",11,,22,22,14000,,,"PRBS generator (12 Gb/s maximum), RF probe; no driver amplifier stated",q_loaded:approx;bw3db_ghz:approx;energy_per_bit_fj:approx;capacitance_ff:approx,data/evidence/li2020.yaml,"Another similar device on the same chip with lower loaded Q (text 14000, Fig. 7 caption around 14000); geometry differences not stated, so geometry columns left empty (see row a for the design). 3 dB bandwidth about 17.5 GHz equals the photon-lifetime limit (about 11 ps), Fig. 7a, S21 plotted to 25 GHz with a -3 dB dashed line; reference level not stated, so unspecified. The device used for the NRZ eye diagrams (Vpp 2 V, 9 and 11 Gb/s, limited by the 12 Gb/s generator) is not identified; entered here by judgment. Energy 22 fJ/bit = C Vpp^2/4 with simulated C about 22 fF. Not reported: Vpi, wavelength, IL, ER."
li2020-c,li2020,"Photonic-crystal nanobeam, Q about 20000 (12.5 GHz)",ring,photonic_crystal;nanobeam;suspended;resonant;lumped,lithium_niobate,suspended_lnoi,monolithic,lumped,unspecified,,,c_band,,,,,,,,,,,,12.5,unspecified,,,,,,measured,,,,,,,,,,,,,,,,,,,,,,,,,,,,,,,,,,,,,20000,,,,q_loaded:approx;bw3db_ghz:approx,data/evidence/li2020.yaml,"Second device in Fig. 7a (orange curve, Q around 20000, text: about 12.5 GHz). Reference level for the 3 dB cutoff not stated. Geometry not stated separately (see row a for the design)."
li2022b-a,li2022b,3.3 mm 532 nm,mzm,visible;532nm,lithium_niobate,lnoi_rib,monolithic,tw_cpw,push_pull,mzm_push_pull,,visible_nir,532,3.3,3.3,,,1.1,,,,,measured,30,unspecified,,,30,,,measured,,,,18.8,22,,,,derived,,,,,,,200,100,1500,100,60,5.5,13.8,1.1,gold,2,silicon,,x-cut,,,,,,,,,,,,,vpi_dc_v:approx;bw3db_ghz:gt;prop_loss_db_per_cm:approx,data/evidence/li2022b.yaml,"arXiv v1 numbers; journal version may differ. Grating coupler 5 dB per facet and 0.8 dB excess per MMI measured (Fig. 5(a)); intro sentence about a 3.05 dB insertion-and-propagation loss is the simulated MMI loss, not the device. Geometry values are 'designed' parameters. Simulated Vpi*L 0.96 V cm, ng 2.164, Z0 near 50 ohm, RF loss below 10 dB/cm to 120 GHz (Fig. 4). No cladding drawn in Fig. 4(a). Vpi 3.3 V is the authors' label and text value; Fig. 6(a) dashed markers sit at about 0.95 V and 3.7 V (span about 2.75 V, about 0.91 V cm), nearer the simulated 0.96 V cm. Total loss 18.8 dB is undefined in the paper; entered under fibre-to-fibre by arithmetic inference only."
li2025b-a,li2025b,"PeM-MZM 2 cm, orthogonal arms [011]/[01-1]",mzm,suspended;folded;orthogonal_arms;lumped_electrode;pockels_r41;asymmetric_mzi,algaas_gaas,algaas,monolithic,lumped,push_pull,mzm_push_pull,,c_band,1540,20.8,54.3,,,,,,,,derived,0.8,other,0.1,,,,,measured,,,,29.8,5.5,,,,measured,,,,,,,340,240,540,100,,,5,0.46,AuGe/Ni/Au (45/15/400 nm),,n-doped GaAs (1e18 cm^-3) with 2 um Al0.6Ga0.4As buffer removed beneath the waveguide,PECVD SiO2 2.2 um top; air gap below (suspended),(100) GaAs,arms along [011] (2.5 cm) and [01-1] (2.36 cm),340 nm GaAs / 2 um Al0.6Ga0.4As (undercut) / n-GaAs substrate; 7 nm ALD alumina passivation; 2.2 um PECVD SiO2,,,,,,,,,,,wavelength_nm:approx;bw3db_ghz:approx,data/evidence/li2025b.yaml,"Perpendicularly meandering MZM, arms 2.5 cm and 2.36 cm (asymmetric, 1.4 mm length difference), 1 mm x 3.1 mm footprint. True push-pull from r41 orientation: one arm along [011], the other along [01-1], same vertical field. Vpi is a model fit of the 1 MHz lock-in AM spectrum (1 V amplitude, Eq. D33), not a read-out DC half-wave; push-pull convention is the authors' label and was not independently confirmed; delta n_eff 6.97e-7 per V extracted vs 1.279e-6 simulated for the racetrack. ER not reported. Bandwidth limited by lumped-electrode RC; no traveling-wave electrode. Projections (Vpi about 9.0 V with conformal oxide, about 5.5 V with 500 nm GaAs) are not entered. Propagation loss 5.5 dB/cm is the text value from racetrack Q (13.8 dB over 2.5 cm); Appendix C quotes about 3.71 dB/cm for the racetrack: inconsistent in the paper. Optical input power for the DUT lock-in, DC-sweep and S21 measurements is not stated; the 10 dBm in Fig. 13(b) is for broadband transmission scans of two PeM-MZMs with 1.4 mm and 3 mm length difference, not entered."
li2025b-b,li2025b,Racetrack EOM reference (calibration),ring,suspended;racetrack;lumped_electrode;pockels_r41;calibration_device,algaas_gaas,algaas,monolithic,lumped,single_ended,resonance_tuning_derived,,c_band,,,31.9,,,,,,,,derived,2,other,0.1,,,,,measured,,,,,3.71,4.83,static,,derived,,,,,,,340,240,540,100,,,5,0.46,AuGe/Ni/Au (45/15/400 nm),,n-doped GaAs (1e18 cm^-3) with 2 um Al0.6Ga0.4As buffer removed beneath the waveguide,PECVD SiO2 2.2 um top; air gap below (suspended),(100) GaAs,racetrack sides along crystal axes [011] and [01-1],340 nm GaAs / 2 um Al0.6Ga0.4As (undercut) / n-GaAs substrate; 7 nm ALD alumina passivation; 2.2 um PECVD SiO2,,,,,,,146700,1.58,0.000351,,bw3db_ghz:approx;prop_loss_db_per_cm:approx,data/evidence/li2025b.yaml,"Racetrack on the same chip, sides along the crystal axes, used to calibrate the field and propagation loss; quadratic EO term does not cancel here. Vpi is the voltage shifting the transmission from maximum to minimum (lambda_pi/delta lambda x Vp, Eq. D17), not a push-pull MZM value. Resonator length and the wavelength of the modulated resonance are not stated; bus-resonator coupling gap 385 nm (Fig. 2 caption). Delta n_eff 1.084e-6 per V (text) / 1.086e-6 (Table II) vs 1.279e-6 simulated; under-coupled (r about 0.995, zeta about 0.984). Propagation loss: Appendix C about 3.71 dB/cm vs 5.5 dB/cm in Sec. IV. Optical input power for the lock-in and S21 measurements is not stated; the -14 dBm in Fig. 13(a) is for the broadband resonator scan, not entered."
li2025b-c,li2025b,"SeM-MZM control, arm along [011]",mzm,suspended;folded;single_arm_meander;control_device;pockels_r41,algaas_gaas,algaas,monolithic,,single_ended,mzm_single_arm,,c_band,1538.5,,86,,,,,,,,derived,,,,,,,,,,,,,,,,,,,,,,,,,,,,,,,,,,,,,,,,,,,,,,,,,wavelength_nm:approx,data/evidence/li2025b.yaml,Single-arm meandering MZM (SeM-MZM) with the meandering arm along [011]; control for the push-pull effect. Meander arm lengths designed nominally equal for the two controls (values not stated); opposite DC-bias slopes of the AM change (Fig. 4(b)) show opposite sign of the phase shift. Extraction method of Vpi (DC sweep to 32 V vs 1 MHz AM fit) not stated in the text. Cross-section assumed to be the platform of devices a and b (not restated).
li2025b-d,li2025b,"SeM-MZM control, arm along [01-1]",mzm,suspended;folded;single_arm_meander;control_device;pockels_r41,algaas_gaas,algaas,monolithic,,single_ended,mzm_single_arm,,c_band,1538.5,,93,,,,,,,,derived,,,,,,,,,,,,,,,,,,,,,,,,,,,,,,,,,,,,,,,,,,,,,,,,,wavelength_nm:approx,data/evidence/li2025b.yaml,Single-arm meandering MZM (SeM-MZM) with the meandering arm along [01-1]; control for the push-pull effect. Meander arm lengths designed nominally equal for the two controls (values not stated); opposite DC-bias slopes of the AM change (Fig. 4(b)) show opposite sign of the phase shift. Extraction method of Vpi (DC sweep to 32 V vs 1 MHz AM fit) not stated in the text. Cross-section assumed to be the platform of devices a and b (not restated).
li2026-a,li2026,8 mm suspended LTOI MZM,mzm,suspended;si_undercut;t_rail,lithium_tantalate,ltoi_rib,monolithic,cl_twe,push_pull,mzm_push_pull,,c_band,1550,8,5.1,,,4,,,,,measured,110,1ghz,,,110,,,measured,,,,,,20,static,,,5.0,120,,2.24,2.24,,600,400,,200,,6,70,0.8,Ti/Au (15 nm / 800 nm),4.7,"525 um high-resistivity silicon, locally undercut (isotropic release below the ground electrodes)",SiO2 1.5 um (ICP CVD),x-cut,,,208,"PAM4 (up to 208 GBd), PAM6 (up to 192 GBd), PAM8 (up to 188 GBd), all below 25% SD-FEC BER limit; PAM4 below KP4 up to 176 GBd",564,460,,,,,,"arbitrary waveform generator (Keysight M8199B, 256 GSa/s) with broadband RF amplifier (Anritsu AH15199B)",extinction_ratio_db:approx;rf_loss_db_per_cm:approx;n_rf:approx;ng_opt:approx,data/evidence/li2026.yaml,"Headline 8 mm suspended-electrode device. S21 of the CPW -4.3 dB at 120 GHz; S11 < -20 dB. Fiber-to-fiber coupling loss typically -5.2 dB (coupling only, not modulator insertion loss); modulator IL not reported; ER only visible in Fig. 2(a) (about 20 dB). ECDL output 17.8 dBm (not an on-chip power). Undercut width Wc tuned per chip and not reported; waveguide width not reported. Caption panel letters (a)-(f) differ from the rendered panels (a)-(e). Text says 'for the LiNbO3 platform' for the 460 Gbit/s rate (apparent typo for LiTaO3)."
li2026a-a,li2026a,"18 mm LT-on-fused-silica MZM, C-band",mzm,capacitively_loaded;fused_silica_substrate;ofc_version_of_li2026ba,lithium_tantalate,ltoi_rib,other,cl_twe,push_pull,mzm_push_pull,,c_band,1550,18,1.56,,,2.8,,,,,derived,67,unspecified,,,,,,,,,,,,,,,,,,,,,,600,400,2000,200,,5,,,,,fused silica (4-inch wafer; LT film transferred by direct bonding),,x-cut,,,208,"PAM4 (up to 208 GBd), PAM6 (up to 192 GBd), PAM8 (up to 184 GBd), all below 25% SD-FEC BER limit",552,437,,,,,,arbitrary waveform generator (Keysight M8199B) with broadband RF amplifier,vpil_dc_vcm:approx,data/evidence/li2026a.yaml,"OFC 2026 conference version of the LT-on-fused-silica MZM; numbers differ from the later arXiv version (li2026ba: 64 GHz, 1.53 V, 440.6 Gbit/s). Text-only source: all figures unavailable. Quoted abstract: 3 dB EO bandwidth 67 GHz and modulation efficiency 1.6 V. 1.5 um metal-to-waveguide spacing. Laser 17.8 dBm; 3.7 dBm in the output fiber at quadrature."
li2026a-b,li2026a,"18 mm LT-on-fused-silica MZM, O-band",mzm,capacitively_loaded;fused_silica_substrate;ofc_version_of_li2026ba,lithium_tantalate,ltoi_rib,other,cl_twe,push_pull,mzm_push_pull,,o_band,1300,18,1.28,,,2.3,,,,,derived,,,,,,,,,,,,,,,,,,,,,,,,600,400,2000,200,,5,,,,,fused silica (4-inch wafer; LT film transferred by direct bonding),,x-cut,,,,,,,,,,,,,vpil_dc_vcm:approx,data/evidence/li2026a.yaml,"OFC 2026 conference version of the LT-on-fused-silica MZM; numbers differ from the later arXiv version (li2026ba: 64 GHz, 1.53 V, 440.6 Gbit/s). Text-only source: all figures unavailable. O-band row carries only the quasi-DC efficiency; no O-band bandwidth or system number in the text."
li2026ba-a,li2026ba,"18 mm LT-on-fused-silica MZM, C-band",mzm,capacitively_loaded;fused_silica_substrate;slow_wave,lithium_tantalate,ltoi_rib,other,cl_twe,push_pull,mzm_push_pull,,c_band,1550,18,1.53,,,2.76,,,,,measured,64,1ghz,,100,110,7,110,measured,,,,,,12,static,,,4.6,120,42,2.24,2.24,,600,440,2000,160,,5,100,0.8,Ti/Au (15 nm / 800 nm),,fused silica 500 um (4-inch wafer),SiO2 1.5 um (HD-PECVD) plus 200 nm SiO2 cap,x-cut,,,208,"PAM4 (up to 208 GBd), PAM6 (up to 192 GBd), PAM8 (up to 184 GBd), all below 25% SD-FEC BER limit; PAM4 below KP4 up to 176 GBd",552,440.6,,,,,,"arbitrary waveform generator (Keysight M8199B, 256 GSa/s) with broadband RF amplifier (Anritsu AH15199B)",rib_width_nm:approx;bw6db_ghz:gt;eo_rolloff_db:approx;extinction_ratio_db:approx;rf_loss_db_per_cm:approx;z0_ohm:approx;n_rf:approx;ng_opt:approx,data/evidence/li2026ba.yaml,"arXiv v1 (2026-04-16). Optical power: ECDL 17.8 dBm, 3.7 dBm in the fiber after the MZM (not on-chip). Fiber-to-fiber coupling loss ~12 dB with unpolished laser-diced facets (coupling only; modulator IL not reported). S21 -8.2 dB at 120 GHz, S11 < -18 dB. Calculated EO response with impedance match reaches 100 GHz (author prediction, not a device number). Wafer-average VpiL 2.86 V cm (C-band). Rib sidewall angle, ground width and bias-T/probe details not reported; signal-ground electrode spacing and T-segment parameters (WT, LT, WS, LS, G, Wsig, P) = (1.5, 32, 2, 5, 5, 100, 35) um."
li2026ba-b,li2026ba,"18 mm LT-on-fused-silica MZM, O-band",mzm,capacitively_loaded;fused_silica_substrate;slow_wave,lithium_tantalate,ltoi_rib,other,cl_twe,push_pull,mzm_push_pull,,o_band,1300,18,1.21,,,2.19,,,,,measured,,,,,,,,,,,,,,10,static,,,,,,,,,600,440,2000,160,,5,100,0.8,Ti/Au (15 nm / 800 nm),,fused silica 500 um (4-inch wafer),SiO2 1.5 um (HD-PECVD) plus 200 nm SiO2 cap,x-cut,,,,,,,,,,,,,rib_width_nm:approx;extinction_ratio_db:approx,data/evidence/li2026ba.yaml,O-band operating point of the same device. EO response at 1310 nm shows similar characteristics to C-band (Fig. 3(d)) but no O-band bandwidth is stated; paper notes calibration uncertainty of the O-band photodiode.
lin2025-a,lin2025,16 mm Cu-damascene TFLT MZM,mzm,copper_damascene,lithium_tantalate,ltoi_rib,monolithic,tw_cpw,push_pull,mzm_push_pull,,,,16,1.7,,,2.7,,,,,measured,40,unspecified,,,110,6.2,110,measured,,,,,,20,static,,,,,,,2.22,,600,320,4000,280,,6,,1.8,"copper (Damascene, electroplated; 10 nm Ti barrier)",4.7,525 um high-resistivity silicon,"SiO2 2.5 um (PECVD, embeds the Cu) with 100 nm Si3N4 passivation",x-cut,,,,,,,,,,,,,eo_rolloff_db:approx,data/evidence/lin2025.yaml,"Accepted unedited manuscript (Nat Commun 17, 3211 (2026)); arXiv 2505.04755 is the earlier version. Wavelength of the Vpi/EO measurements not stated in the main text. Cu thin-film resistivity 2.04 uOhm cm; microwave loss of a 16 mm test CPW (6 um gap, 27 um signal, Fig. 2(d)) is ~10% below gold and is a test structure, not entered here. Fig. 1(h) simulation sketch and Fig. 1(f) SEM do not scale cleanly to the stated 4 um / 6 um dimensions; text values used. Insertion loss and propagation loss not reported in the main text."
lin2025-b,lin2025,6 mm Cu-damascene TFLT MZM,mzm,copper_damascene,lithium_tantalate,ltoi_rib,monolithic,tw_cpw,push_pull,,,,,6,,,,,,,,,,100,unspecified,,,110,3.8,110,measured,,,,,,,,,,,,,,,,600,320,4000,280,,6,,1.8,"copper (Damascene, electroplated; 10 nm Ti barrier)",4.7,525 um high-resistivity silicon,"SiO2 2.5 um (PECVD, embeds the Cu) with 100 nm Si3N4 passivation",x-cut,,,,,,,,,,,,,eo_rolloff_db:approx,data/evidence/lin2025.yaml,"6 mm device with the same 6 um gap electrode design. Vpi, ER and wavelength not reported for this length. 15 h bias drift 0.4 dB at 1.75 mW on-chip power measured on a 6 mm device (Fig. 3(c))."
lin2025-c,lin2025,IMDD demonstration device (length not stated),mzm,copper_damascene;system_demo_only,lithium_tantalate,ltoi_rib,monolithic,tw_cpw,,,,c_band,1550,,,,,,,,,,,,,,,,,,,,,,,,,,,,,,,,,30.7,600,320,4000,280,,6,,1.8,"copper (Damascene, electroplated; 10 nm Ti barrier)",4.7,525 um high-resistivity silicon,"SiO2 2.5 um (PECVD, embeds the Cu) with 100 nm Si3N4 passivation",x-cut,,,208,"PAM4 (up to 208 GBd, 416 Gbit/s); PAM8 (up to 180 GBd, 540 Gbit/s); BER below 25% SD-FEC",540,423,,,,,,arbitrary waveform generator (Keysight M8199B) with broadband RF amplifier,optical_power_handling_dbm:gt,data/evidence/lin2025.yaml,"System-demonstration row: the paper does not say which modulator length was used for the IMDD experiment (6 mm and 16 mm devices are both characterized), so no device metrics are attached. Output fiber power 5.6 dBm at quadrature; PAM4 rates partly limited by driver electronics. Vpi measured up to 1.17 W on-chip power (device not stated, Fig. S6 not available): entered as a tested level in optical_power_handling_dbm (gt). Geometry columns copied from the shared design (same for 6 mm and 16 mm)."
lin2025a-mzi,lin2025a,3.5 mm unbalanced MZI,phase_shifter,unbalanced_mzi;single_crystal;pulsed_laser_deposition;wet_etch;dc_tuning,barium_titanate,bto_on_oxide_substrate,monolithic,,single_ended,,,,,3.5,,,,,,,,,,,,,,,,,,,,,,,,,,,,,,,,,500,250,2500,250,45,8,,,,,DSO (dysprosium scandate),,c-axis out of plane,,,,,,,,,,2.563,0.0413,,,data/evidence/lin2025a.yaml,"Resonance shift of the unbalanced MZI vs DC voltage 0 to 20 V (Fig. 2(c,d)). No Vpi reported, none entered: (FSR/2)/tuning gives about 31 V (41.3 pm/V) or 22 V (5 V point, 57.6 pm/V), extrapolated beyond the 20 V measured range, assuming one FSR = 2 pi on the driven arm. Only the arm between the electrodes is driven (single-ended, inferred from Fig. 1(e)). Measurement wavelength not stated (Fig. 2(c) axis spans about 1545-1555 nm). Coplanar electrodes; electrode_type, metal and thickness not stated. Extracted r42 1268 pm/V (no column). Mode effective index 2.066 and 74.3% BTO confinement are simulated."
lin2026a-a,lin2026a,"200 um lumped GSG MZM, 375 nm UV (device length 1.16 mm)",mzm,ultraviolet;lumped_electrode;wet_etch;detector_limited_bandwidth;375nm,lithium_tantalate,ltoi_rib,monolithic,lumped,push_pull,mzm_push_pull,,other,375,0.2,4.2,,,0.085,,,,,measured,0.922,unspecified,,,,1,67,measured,1.3,"MMI insertion loss (3.25 dB per MMI measured, includes the intrinsic 3 dB split) and propagation loss over the 1.16 mm device; the 1.3 dB total is the authors combination, formula not given",fiber-to-waveguide coupling (simulated 7.5 dB per facet),,7.2,22.7,static,,derived,,,23,2.3,2.8,-1.55,300,100,420,,,1.5,,0.22,Ti/Au (220 nm total stack),,,,x-cut,"propagation along the crystal y axis (TE, r33 along z)","300 nm x-cut LT on insulator (NanoLN), 100 nm wet-etched rib 420 nm wide (single-mode, tapered from 2.7 um at the facets), Ti/Au GSG lumped electrode 200 um long, 1.5 um gap, 1x2 MMIs",,,,,,,,,,"VNA / triangular function generator (400 kHz, 10 V amplitude) for Vpi; no driver amplifier",bw3db_ghz:gt;optical_power_handling_dbm:gt,data/evidence/lin2026a.yaml,"Vpi 4.2 V measured with a 400 kHz triangular drive (quasi-DC, avoids drift) as the voltage swing between minimum and maximum transmission; push-pull GSG convention stated on p.4 and in the Fig. 4 caption. VpiL 85 +- 2 mV cm uses the 200 um electrode length (six devices, sd 2 mV cm); simulated VpiL 96 +- 2 mV cm with r33 35 pm/V. 3 dB bandwidth 922 MHz is the electrical-optical-electrical link response including a 900 MHz APD (detector-limited, not subtracted), so it is entered as a lower bound (bw3db_ghz:gt) for the modulator and the 3 dB reference level is not stated. EO roll-off 1 dB at 67 GHz is the authors estimate from the electrical S21 (2 dB attenuation at 67 GHz), RF loss and velocity mismatch with a 23 ohm termination, not a measured EO response; reference level not stated. Z0 23 ohm and n_rf 2.3 (single value in the text, no frequency given; the Fig. 5(e) curve falls from about 5 at low frequency to a plateau of about 2.5, visual reading +-0.1, from about 20 to 67 GHz, so it is strongly frequency dependent below about 15 GHz) are extracted from measured S-parameters of the lumped electrodes; ng 2.8 is the calculated optical group index. IL 1.3 dB is the authors combination of measured MMI loss (3.25 dB each, includes the 3 dB split, simulated 3.11 dB) and propagation loss (formula not given; batch check 2 x 0.25 + 7.2 dB/cm x 0.116 cm = 1.34 dB if the split is excluded); the 200 um phase shifter alone contributes 0.14 dB. Propagation loss 7.2 dB/cm at 375 nm (spirals; 2 dB/cm at 780 nm); film absorption 1.32 dB/cm at 443 nm on 600 nm film. No photodarkening at 5 kW/mm2 calculated from 700 uW guided power (p.13): entered as optical_power_handling_dbm lower bound (10 log10 0.7 mW = -1.55 dBm). p.12 also reports record-low VpiL 0.085 V cm at 375 nm and 0.12 V cm at 448 nm (Fig. 6a); the 448 nm point has no stated device, Vpi or length (the second this-work marker in Fig. 6a is plotted near 485 nm), so it is not a row. Fig. 4(e) image (caption (d)) also shows measured VpiL about 0.12 V cm at 2.0 um and 0.16 V cm at 2.5 um gap (visual; no Vpi or length). Not reported: BOX thickness, substrate, electrode widths, cladding, capacitance, RF drive for data, optical input power at chip."
liu2021-a,liu2021,"5 mm CL-TWE on quartz, 3 um T-rail gap",mzm,capacitively_loaded;quartz_substrate;silica_buffer_hybrid_waveguide,lithium_niobate,lnoi_rib,monolithic,cl_twe,push_pull,mzm_push_pull,,c_band,1550,5,3.4,,,1.7,,,,,measured,67,unspecified,,,67,1.3,67,measured,,,,17,,17,static,,measured,,,,2.3,2.25,,600,300,,300,,3,50,1.4,gold,2,quartz 500 um,"SiO2 100 nm (PECVD) buffer over ridge and slab; BCB 1 um under the feedline bends only, removed in the modulation region",x-cut,,,,,,,,,,,,,bw3db_ghz:gt;extinction_ratio_db:gt;n_rf:approx;ng_opt:approx,data/evidence/liu2021.yaml,"Vpi from a 100 kHz triangular sweep (Fig. 4(c)), not a DC measurement (Supp. p.7 notes slow LN effects); Vpi*L 1.7 V*cm is the authors product of 3.4 V and 5 mm. Authors do not state push-pull or the Vpi convention; entered as push-pull by geometry (one arm per gap of the G-S-G line, x-cut) with basis derived. bw3db 67 with gt is a preparer inference (basis derived): the authors give only a 1.3 dB roll-off at 67 GHz, limited by the test system (p.4), and no bound there. Their only 3 dB claim, over 110 GHz, is a prediction from S-parameters by a transmission-line model (Fig. S7, p.8), kept in context_values and not entered. Microwave S21 of the electrodes: roll-off below 2 dB to 67 GHz, 3.7 dB at 104 GHz and 6 dB bandwidth over 110 GHz (electrical, Supp. pp.7-8); S11 below -18 dB. Fiber-to-fiber 17 dB by end-butt tapered fibers (Fig. 4(b) plots about 17.8 dB); on-chip loss not reported. A 4 um T-rail gap device is also plotted in Fig. 4(b) (loss only), no row. Fig. 4(c) normalised minimum reads about 0.03 (about 15 dB) while the authors give 17 dB from a DC scan. Ridge width 1 um is stated only for the Fig. 1(c) simulation waveguide, not the fabricated device, so rib_width is left empty (see context_values). T-rail geometry (Table S1, p.6): period 50 um, rail length 45 um, stem 5 um, rail width 3 um, unloaded spacing 15 um. Numbers from the arXiv preprint."
liu2023-a,liu2023,Channel #1 FP-cavity modulator (1531 nm design),other,fabry_perot_cavity;multimode_waveguide_grating;wdm;resonant;compact,lithium_niobate,lnoi_rib,monolithic,,,,,c_band,1531,0.1,,,,,,,,1.5,,36,unspecified,,,,,,derived,0.4,"WDM filter stages (mode MUX plus cascaded MWGs) and the FP-cavity modulator, input port to output port",not stated for Fig. 4(b); Fig. 4(a) is normalized to a straight waveguide with two grating couplers,,,20,static,,measured,,,,,,,400,200,2000,200,60,5,,0.15,gold (10 nm titanium adhesion),3,,air,x-cut,,"x-cut LN 400 nm on 3 um buried oxide (NANOLN LNOI); 200 nm ridge etch; sidewall 30 deg from vertical; MWG period 427/434/441/448 nm; filter N = 450, corrugation 640 nm; cavity reflectors N = 180, corrugation 600 nm; air up-cladding",80,"OOK 40 and 80 Gb/s (dynamic ER at 40 Gb/s given); PAM4 100 Gb/s (50 GBd), eye open",100,,11.9,21.1,5450,7,0.0096,,length_mm:approx;q_loaded:approx;fsr_nm:approx;extinction_ratio_db:gt;bw3db_ghz:approx;capacitance_ff:approx;energy_per_bit_fj:approx,data/evidence/liu2023.yaml,"Resonant 2x2 Fabry-Perot cavity between two multimode waveguide gratings (MWG reflectors, reflectivity about 0.85 designed), G-S electrodes beside the cavity. Chip footprint 0.3 x 2.8 mm^2 for four channels; WDM filter excess loss below 0.8 dB, crosstalk below -22 dB, channel spacing 20 nm (Fig. 4a). Tuning slope 9.6 pm/V is one value for the modulators, assigned to every channel row. Bandwidth is the photon-lifetime estimate f0/Q (approximately 36, 31, 31, 29 GHz for channels 1-4), not an EO S21 measurement; RF probe 67 GHz. Dynamic ER at 40 Gb/s OOK: 2.99, 3.11, 2.96, 3.12 dB (channels 1-4). Energy/capacitance stated 'for each FP-cavity modulator'. Channels measured one at a time. Excess loss 0.4 dB (stated for channel 1). Sidewall angle: the authors give 30 deg relative to the vertical axis (p.4); entered as 60 deg from the substrate plane (90 - 30) to match the other rows. The 0.4 dB is an excess loss of the filter-plus-modulator path read from Fig. 4(b), not a defined insertion loss; normalization of Fig. 4(b) not stated; grating-coupler exclusion is inferred from Fig. 4(a) only."
liu2023-b,liu2023,Channel #2 FP-cavity modulator (1551 nm design),other,fabry_perot_cavity;multimode_waveguide_grating;wdm;resonant;compact,lithium_niobate,lnoi_rib,monolithic,,,,,c_band,1551,0.1,,,,,,,,1.5,,31,unspecified,,,,,,derived,,,not stated for Fig. 4(b); Fig. 4(a) is normalized to a straight waveguide with two grating couplers,,,20,static,,,,,,,,,400,200,2000,200,60,5,,0.15,gold (10 nm titanium adhesion),3,,air,x-cut,,"x-cut LN 400 nm on 3 um buried oxide (NANOLN LNOI); 200 nm ridge etch; sidewall 30 deg from vertical; MWG period 427/434/441/448 nm; filter N = 450, corrugation 640 nm; cavity reflectors N = 180, corrugation 600 nm; air up-cladding",80,"OOK 40 and 80 Gb/s (dynamic ER at 40 Gb/s given); PAM4 100 Gb/s (50 GBd), eye open",100,,11.9,21.1,6160,7,0.0096,,length_mm:approx;q_loaded:approx;fsr_nm:approx;extinction_ratio_db:gt;bw3db_ghz:approx;capacitance_ff:approx;energy_per_bit_fj:approx,data/evidence/liu2023.yaml,"Resonant 2x2 Fabry-Perot cavity between two multimode waveguide gratings (MWG reflectors, reflectivity about 0.85 designed), G-S electrodes beside the cavity. Chip footprint 0.3 x 2.8 mm^2 for four channels; WDM filter excess loss below 0.8 dB, crosstalk below -22 dB, channel spacing 20 nm (Fig. 4a). Tuning slope 9.6 pm/V is one value for the modulators, assigned to every channel row. Bandwidth is the photon-lifetime estimate f0/Q (approximately 36, 31, 31, 29 GHz for channels 1-4), not an EO S21 measurement; RF probe 67 GHz. Dynamic ER at 40 Gb/s OOK: 2.99, 3.11, 2.96, 3.12 dB (channels 1-4). Energy/capacitance stated 'for each FP-cavity modulator'. Channels measured one at a time. Channel-2 excess loss not stated individually. Sidewall angle: the authors give 30 deg relative to the vertical axis (p.4); entered as 60 deg from the substrate plane (90 - 30) to match the other rows."
liu2023-c,liu2023,Channel #3 FP-cavity modulator (1571 nm design),other,fabry_perot_cavity;multimode_waveguide_grating;wdm;resonant;compact,lithium_niobate,lnoi_rib,monolithic,,,,,l_band,1571,0.1,,,,,,,,1.5,,31,unspecified,,,,,,derived,,,not stated for Fig. 4(b); Fig. 4(a) is normalized to a straight waveguide with two grating couplers,,,20,static,,,,,,,,,400,200,2000,200,60,5,,0.15,gold (10 nm titanium adhesion),3,,air,x-cut,,"x-cut LN 400 nm on 3 um buried oxide (NANOLN LNOI); 200 nm ridge etch; sidewall 30 deg from vertical; MWG period 427/434/441/448 nm; filter N = 450, corrugation 640 nm; cavity reflectors N = 180, corrugation 600 nm; air up-cladding",80,"OOK 40 and 80 Gb/s (dynamic ER at 40 Gb/s given); PAM4 100 Gb/s (50 GBd), eye open",100,,11.9,21.1,6180,7,0.0096,,length_mm:approx;q_loaded:approx;fsr_nm:approx;extinction_ratio_db:gt;bw3db_ghz:approx;capacitance_ff:approx;energy_per_bit_fj:approx,data/evidence/liu2023.yaml,"Resonant 2x2 Fabry-Perot cavity between two multimode waveguide gratings (MWG reflectors, reflectivity about 0.85 designed), G-S electrodes beside the cavity. Chip footprint 0.3 x 2.8 mm^2 for four channels; WDM filter excess loss below 0.8 dB, crosstalk below -22 dB, channel spacing 20 nm (Fig. 4a). Tuning slope 9.6 pm/V is one value for the modulators, assigned to every channel row. Bandwidth is the photon-lifetime estimate f0/Q (approximately 36, 31, 31, 29 GHz for channels 1-4), not an EO S21 measurement; RF probe 67 GHz. Dynamic ER at 40 Gb/s OOK: 2.99, 3.11, 2.96, 3.12 dB (channels 1-4). Energy/capacitance stated 'for each FP-cavity modulator'. Channels measured one at a time. Channel-3 excess loss not stated individually. Sidewall angle: the authors give 30 deg relative to the vertical axis (p.4); entered as 60 deg from the substrate plane (90 - 30) to match the other rows."
liu2023-d,liu2023,Channel #4 FP-cavity modulator (1591 nm design),other,fabry_perot_cavity;multimode_waveguide_grating;wdm;resonant;compact,lithium_niobate,lnoi_rib,monolithic,,,,,l_band,1591,0.1,,,,,,,,1.5,,29,unspecified,,,,,,derived,0.8,"WDM filter stages (mode MUX plus cascaded MWGs) and the FP-cavity modulator, input port to output port",not stated for Fig. 4(b); Fig. 4(a) is normalized to a straight waveguide with two grating couplers,,,20,static,,measured,,,,,,,400,200,2000,200,60,5,,0.15,gold (10 nm titanium adhesion),3,,air,x-cut,,"x-cut LN 400 nm on 3 um buried oxide (NANOLN LNOI); 200 nm ridge etch; sidewall 30 deg from vertical; MWG period 427/434/441/448 nm; filter N = 450, corrugation 640 nm; cavity reflectors N = 180, corrugation 600 nm; air up-cladding",80,OOK 40 and 80 Gb/s; PAM4 100 Gb/s (50 GBd) eye degraded (grating coupler and EDFA roll-off near 1600 nm),80,,11.9,21.1,6450,7,0.0096,,length_mm:approx;q_loaded:approx;fsr_nm:approx;extinction_ratio_db:gt;bw3db_ghz:approx;capacitance_ff:approx;energy_per_bit_fj:approx,data/evidence/liu2023.yaml,"Resonant 2x2 Fabry-Perot cavity between two multimode waveguide gratings (MWG reflectors, reflectivity about 0.85 designed), G-S electrodes beside the cavity. Chip footprint 0.3 x 2.8 mm^2 for four channels; WDM filter excess loss below 0.8 dB, crosstalk below -22 dB, channel spacing 20 nm (Fig. 4a). Tuning slope 9.6 pm/V is one value for the modulators, assigned to every channel row. Bandwidth is the photon-lifetime estimate f0/Q (approximately 36, 31, 31, 29 GHz for channels 1-4), not an EO S21 measurement; RF probe 67 GHz. Dynamic ER at 40 Gb/s OOK: 2.99, 3.11, 2.96, 3.12 dB (channels 1-4). Energy/capacitance stated 'for each FP-cavity modulator'. Channels measured one at a time. Excess loss 0.8 dB (stated for channel 4); operating near 1600 nm per p.7. Line rate entered as 80 Gb/s OOK because the 100 Gb/s PAM4 eye is described as worse; abstract claims 4 x 100 Gbps. Sidewall angle: the authors give 30 deg relative to the vertical axis (p.4); entered as 60 deg from the substrate plane (90 - 30) to match the other rows. The 0.8 dB is an excess loss of the filter-plus-modulator path read from Fig. 4(b), not a defined insertion loss; normalization of Fig. 4(b) not stated; grating-coupler exclusion is inferred from Fig. 4(a) only."
liu2025c-a,liu2025c,"Free-space LN membrane vertical-cavity modulator, 787 nm",other,free_space;vertical_cavity;photonic_crystal_mirrors;transmission_modulator;membrane;pulsed_measurement,lithium_niobate,other,other,lumped,,,,visible_nir,787,,,,,,,,,,,0.005,unspecified,,,,,,measured,,,,,,,,,,,,,,,,1000,,,,,10,,0.05,gold,,fused silica,,x-cut,"z-polarized light at normal incidence, field along the optic axis (z) across the electrode gap","Fused silica substrate / PhC1 (alternating TiO2 and SiO2, design 65 nm TiO2 / 160 nm SiO2, pair count not given in the main text) / Au electrodes 50 nm, 10 um gap / 1 um x-cut LN membrane / PhC2 (same alternating stack)",,,,,,,611,,,,bw3db_ghz:approx,data/evidence/liu2025c.yaml,"Modulation depth M = 1 - Tmin/Tmax of 43% at 787 nm under a +-50 V square-wave drive (no column; sim 798.5 and 800.6 nm M-shaped peaks). 3 dB bandwidth about 5 MHz measured with a lock-in and stroboscopic delayed sampling on a pulsed 50 kHz laser; the authors say it is limited by the high-voltage amplifier (Falco WMA-300) and the intrinsic bandwidth extends to the GHz regime per a VNA measurement in the Supporting Information (not read), so reference level and true device bandwidth are not stated. Q 611 is the Fano-fit value (FWHM about 1.3 nm) from Fig. 4b. Drive is +-50 V; peak-to-peak value not stated as a number. PhC layer thicknesses are design values (65 nm TiO2, 160 nm SiO2); fabricated values and pair count not in the main text. Transmission resonance near 788 nm (Fig. 3c) is blue-shifted from the 800 nm design. Drive scheme (single-ended or otherwise) is not stated and left empty; electrode_type lumped is the batch classification of the surface electrode pair with a square-wave voltage between them (not stated by the authors). Not reported: Vpi, tuning per volt, insertion loss (peak transmission about 33% in Fig. 4b, not entered), energy per bit."
lotkov2024-a,lotkov2024,9.3 um ITO TM hybrid plasmonic EAM on Si3N4,eam,ito;plasmonic;carrier_accumulation;mos_capacitor;tm_mode;photonic_plasmonic_junction;numbers_from_arxiv_v2,other,sin,monolithic,lumped,,,,c_band,1550,0.0093,,,,,,,,,,1.05,unspecified,,2.3,,,,derived,5.7,scope not defined by the authors: abstract and conclusion call 5.7 dB (at -7 V) the insertion loss of the 9.3 um hybrid modulator,"not stated; the paper calls 14.6 dB the on-chip IL (p.3) and gives 6.3 dB for the TM hybrid modulator; relation between 5.7, 6.3 and 14.6 dB not defined by the authors",,6400,1.5,static,,measured,,,,,,,20,,2900,,,,,,Ti/Al,,Si wafer with 2.8 um thermal SiO2; 300 nm LPCVD Si3N4,air top cladding,,,300 nm x 2900 nm Si3N4 ridge / 20 nm ITO (IBAD) / 20 nm ALD Al2O3 / Ti/Al plasmonic top electrode; 9.3 um hybrid section,,,,,,400,,,,none (DC probes; VNA for S21),,data/evidence/lotkov2024.yaml,"IL scope is uncertain (audit F4, 2026-10-03): abstract and conclusion give 5.7 dB (at -7 V), p.3 gives 6.3 dB and 'on-chip IL = 14.6 dB' for the same device, and the authors never say what each excludes; il_onchip_db holds the headline 5.7 dB, not the 14.6 dB the paper itself labels on-chip. Numbers from arXiv v2 (2412.19306v2, 6 pages); no DOI or journal version found. Mechanism: ITO free-carrier accumulation/depletion in an Al/Al2O3/ITO capacitor (plasmonic enhancement, TM mode), not Pockels; eo_material other (ITO has no enum value). IL: abstract and conclusion give 5.7 dB (at -7 V); p.3 says 6.3 dB 'on-chip IL = 14.6 dB' for the same device (14.6 dB matches the 9.3 um point of the cutback fit y = -0.64x - 8.51, Fig. 3(b), so it likely includes fiber facets and passive waveguide); 5.7 dB entered. Facet coupling 3.5 dB per facet; junction loss 0.6 dB measured (simulation 2.2 dB per junction); passive Si3N4 TM waveguide loss 1.29 dB/cm. Static ER 1.5 dB at +/-12 V and 0.85 dB at +/-7 V (Fig. 3(c)); 3D simulation gives 3.7 and 1.9 dB. Final ITO carrier concentration 3.0e20 cm-3 (1.9e20 after lift-off). Capacitance 400 fF measured (162 fF calculated), resistance 1140 Ohm measured (717 Ohm calculated); simulated electrical 3 dB bandwidth 1.36 GHz. S21 fit: 3 dB at 1.05 GHz and 6 dB at 2.3 GHz (Fig. 4(d), normalized S21, reference level not stated); fit-defined, so bw_basis derived (audit R2-F1). One-port and two-port RF electrodes fabricated; the one-port version is shown. Optimized-geometry bandwidth beyond 260 GHz is an expectation citing Ref. [7], not entered. Wavelength 1550 nm, TM polarization. Metal stack Ti/Al, thicknesses not stated."
lu2020-a,lu2020,"8 mm SPH MZM, high-Tg side-chain polymer on 40 nm silicon strip",mzm,silicon_polymer_hybrid;side_chain_eo_polymer;high_tg;ultrathin_silicon_strip;vertical_poling;terminated;thermal_stability;temperature_tested_to_110C,eo_polymer,other,polymer_backfill,other,unspecified,unspecified,,c_band,1550,8,1.8,,,1.44,,,,1.3,measured,68,dc,,,70,,,measured,,,,,2.2,,,,,,,50,,,,1000,,4000,,,,16,3,"gold strip-line electrodes (signal line); aluminum bottom electrode, 1 um",3,silicon wafer with 2 um oxide and 1 um aluminum bottom electrode,"sol-gel SiO2, 3 um top and 3 um bottom",,,"Layer stack bottom to top: silicon wafer with 2 um oxide; 1 um aluminum bottom electrode; 3 um sol-gel SiO2; 40 nm PECVD silicon strip core, 4 um wide, e-beam patterned and SF6 ICP etched; 1 um side-chain EO polymer layer; 3 um sol-gel SiO2; gold strip-line electrodes 8 mm long. TM0 mode, polymer index 1.67, silicon index 3.48, confinement factor in polymer 73.8 percent (simulated, Supplementary Note 1).",120,"OOK 90, 100, 110, 120 Gbit/s (no error floor down to BER 1e-5 for 90-110 Gbit/s); PAM4 88, 104, 112 Gbit/s (44-56 GBd); Nyquist PAM4 160, 184, 200 Gbit/s (80, 92, 100 GBd, roll-off 0.01)",200,,42,,,,,"OOK: SHF 12104A pattern generator with SHF 2:1 multiplexer and RF amplifier, 2.0 Vpp; PAM4: Keysight M8196A AWG (92 GSa/s) or M8194A AWG (120 GSa/s, Nyquist) with SHF S804B linear driver, 1.3 Vpp; RF probe, 50 ohm termination",bw3db_ghz:approx,data/evidence/lu2020.yaml,"Single device; all numbers from the Nature Communications version of record (cached PDF, 9 pages); the related correction (10.1038/s41467-020-18908-5) and the Supplementary Information are not cached, so Supplementary Notes 1, 2, 3, 5 are not read. Vpi 1.8 V comes from Table 1; text gives the measured Vpi*L of 1.44 V cm at 1.55 um; frequency, wavelength sweep and drive convention of the Vpi measurement are not stated (text calls Vpi a static parameter). Bandwidth: measured 3 dB EO bandwidth around 68 GHz read on a VNA limited to 70 GHz (curve normalized near 0 dB at low frequency, fitted line shown, ripple visible); the 6 dB bandwidth is only 'presumed over 70 GHz' and is not entered. Propagation loss 0.22 dB/mm (2.2 dB/cm) is cited from Supplementary Note 5 and Table 1; no insertion loss, extinction ratio, RF loss, n_RF or optical group index is reported in the main text. Electrode: gold strip line over the arms with a bottom aluminum electrode, G-S-G probe pads (Fig. 1d); Z0 is a design target matched to 50 ohm, not a measured impedance; electrode_type 'other' because no enum fits. In-device n^3 r33 = 1021 pm/V at 1.55 um (author-reported), Tg 172 C, poling 300-400 V near Tg. Energy per bit: authors compute Wbit = (Vpp/2)^2/(B R); 42 fJ/bit is the 200 Gbit/s Nyquist PAM4 point at 1.3 Vpp and 50 ohm (drive_vpp_v 1.3); the same formula gives 151 fJ/bit at 56 Gbit/s OOK, 1.3 Vpp and about 200 fJ/bit at 100 Gbit/s OOK, 2.0 Vpp. Load energy only, not driver energy. Data: 100 Gbit/s OOK eye Q 7.3, 120 Gbit/s OOK Q 5.4 (Fig. 2); 160 and 184 Gbit/s Nyquist PAM4 below pre-HD-FEC (3.8e-3) and pre-KP4-FEC (2.2e-4), 200 Gbit/s below pre-HD-FEC only (Fig. 3g). Temperature (not a separate row, only link performance was measured): OOK 56 Gbit/s Q drops under 0.5 dB from 25 to 110 C, 100 and 110 Gbit/s under 2.5 dB; 200 Gbit/s PAM4 BER rises under one order of magnitude 22-110 C; 100 Gbit/s BER curves show negligible power penalty after 100 h at 90 C (Figs. 4, 5). temperature_class left empty because the static Vpi and bandwidth temperatures are not stated. Internal inconsistency: loss-efficiency product is 3.6 V dB in the text (p.6) but 3.2 V dB in Table 1 (p.7); 0.22 dB/mm x 14.4 V mm gives about 3.2 V dB. Not entered: loss-efficiency product, BVR (38 GHz/V), Tg, r33."
luan2026-a,luan2026,"10 um graphene slot microring, 1.5 um band",ring,graphene;double_layer;slot_waveguide;electro_refraction;racetrack;numbers_from_arxiv_v1,graphene_2d,soi_slot,other,lumped,,resonance_tuning_derived,,c_band,1549.023,0.01,22,,,0.022,,,,2,derived,70,unspecified,,,70,,,measured,1.41,,definition not stated by the authors; grating coupler (4 dB) and MMI (0.2 dB) losses are quoted separately,,,9.21,unspecified,,measured,,,,,,,,,250,,,,,,Ni/Au 10 nm/100 nm,2,"commercial high-resistivity SOI, 220 nm Si on 2 um SiO2 BOX",35 nm ALD Al2O3 gate dielectric over each graphene layer region; top Al2O3 opened over grating and pads,,,"double-layer single-layer CVD graphene with 110 nm partial overlap, separated by 35 nm Al2O3 (1 nm Al seed), over a 50 nm air slot between two 250 nm wide Si strips (220 nm Si); 5-7 nm Al2O3 spacer; PECVD SiO2 planarized by CMP; racetrack ring radius 40 um, bus-ring gap 130 nm, electrode-to-waveguide distance 700 nm",,"binary eye diagram, PRBS 2^15-1, 50 Gbit/s (format name not stated)",50,,10.5,2.5,3226,,,,bw3db_ghz:gt;energy_per_bit_fj:approx;capacitance_ff:approx,data/evidence/luan2026.yaml,"Numbers from arXiv v1 preprint (2604.08472v1); Crossref record 10.1002/lpor.71349 (Laser & Photonics Reviews, e71349, issued 2026-05-27) matches this paper (title, five authors); the journal version was not read. Supplementary Information is not in the cached 9 pages. V_pi L = 220 V um (abstract) = 22 V for 10 um; full pi phase between 20 V and -2 V (Fig. 3(a)); pi phase deduced from ring transmission spectra; p.5 cites resonance shifts (SI V, not cached), hence resonance_tuning_derived and vpi_basis derived. 3 dB BW over 70 GHz is VNA/photodetector limited (Fig. 4(a) axis to 70 GHz), measured at 1549.023 nm (best OMA wavelength, 45 pm detuning from resonance); S21 normalization reference not stated; photon-lifetime limit about 60 GHz at Q 3226. ER 9.21 dB and IL 1.41 dB are from the introduction (p.1); the operating point and loss definition are not stated (resonance depth in Fig. 3(b) is about 13 dB). OMA -1.97 dBm at 3 V swing, 5.5 V bias (Fig. 3(d)). Eye: 2 Vpp with 5 V DC bias (p.6); 10.5 fJ/bit from CV^2/4 (formula given) would imply about 10.5 fF at 2 Vpp, inconsistent with the quoted capacitance of about 2.5 fF (supplementary IV, not cached): both entered as stated. RC-limited BW calculated above 100 GHz. Inconsistencies: bus-ring coupling length 5 um (text p.5, Fig. 5 caption) vs 10 um (Fig. 3 caption). Wavelength entered as the BW measurement wavelength; abstract says 1550 nm. FSR not stated."
luan2026-b,luan2026,"10 um graphene slot microring, 2 um band",ring,graphene;double_layer;slot_waveguide;electro_refraction;racetrack;numbers_from_arxiv_v1,graphene_2d,soi_slot,other,lumped,,,,other,2000,0.01,,,,,,,,2,,20,unspecified,,,20,,,measured,,,,,,,,,,,,,,,,,,250,,,,,,Ni/Au 10 nm/100 nm,2,"commercial high-resistivity SOI, 220 nm Si on 2 um SiO2 BOX",35 nm ALD Al2O3 gate dielectric over each graphene layer region; top Al2O3 opened over grating and pads,,,"double-layer single-layer CVD graphene with 110 nm partial overlap, separated by 35 nm Al2O3 (1 nm Al seed), over a 50 nm air slot between two 250 nm wide Si strips (220 nm Si); 5-7 nm Al2O3 spacer; PECVD SiO2 planarized by CMP; racetrack ring radius 40 um, bus-ring gap 130 nm, electrode-to-waveguide distance 700 nm",,"binary eye diagram, 20 Gbit/s (format name not stated)",20,,,,,,,,bw3db_ghz:gt,data/evidence/luan2026.yaml,"Same physical chip design as luan2026-a with 2 um grating couplers. Numbers from arXiv v1 (2604.08472v1). Phase change only 0.46 pi (20 V and 4 V, Fig. 3(e)), so no V_pi entered. BW over 20 GHz is limited by a 15 GHz photodetector (Discovery DSC2-50S) with TDFA source; OMA -3.36 dBm at 6 V swing; 20 Gbit/s eye at 2 Vpp (abstract) is also photodetector limited. Grating coupler loss 6.3 dB and MMI loss 0.5 dB at 2 um; delta n_eff and delta alpha not extracted at 2 um. Band entered as other (2 um); the paper calls it the mid-infrared 2 um band. Wavelength is the CW laser center (2000 nm) used for S21; the static spectra span about 1951-1958 nm (Fig. 3(e,f))."
luan2026-c,luan2026,"10-device statistics, 1.5 um band",ring,graphene;double_layer;slot_waveguide;electro_refraction;racetrack;numbers_from_arxiv_v1,graphene_2d,soi_slot,other,lumped,,,,c_band,,0.01,,,,,,,,,,40,unspecified,,,,,,measured,5.2,,definition not stated by the authors,,,26.4,unspecified,,measured,,,,,,,,,250,,,,,,Ni/Au 10 nm/100 nm,2,"commercial high-resistivity SOI, 220 nm Si on 2 um SiO2 BOX",35 nm ALD Al2O3 gate dielectric over each graphene layer region; top Al2O3 opened over grating and pads,,,"double-layer single-layer CVD graphene with 110 nm partial overlap, separated by 35 nm Al2O3 (1 nm Al seed), over a 50 nm air slot between two 250 nm wide Si strips (220 nm Si); 5-7 nm Al2O3 spacer; PECVD SiO2 planarized by CMP; racetrack ring radius 40 um, bus-ring gap 130 nm, electrode-to-waveguide distance 700 nm",,,,,,,,,,,bw3db_ghz:gt,data/evidence/luan2026.yaml,"Reproducibility statistics of the 1.5 um band design (Fig. 5): slot 50 nm, coupling length 5 um, bus-ring gap 100-150 nm, graphene length 10 um. Mean ER 26.4 dB and mean IL 5.2 dB, mean OMA -5.3 dBm at 6 V swing, all bandwidths above 40 GHz at the resonance wavelengths (p.6). Text and caption say 10 devices; Fig. 5 shows 9 bars (IDs 1-9). These are resonance-depth values of devices with different coupling gaps, not the operating point of luan2026-a. Numbers from arXiv v1 (2604.08472v1)."
luan2026a-a,luan2026a,"Device A, 6 um graphene slot EAM, 2 um band",eam,graphene;double_layer;slot_waveguide;broadband;numbers_from_arxiv_v1,graphene_2d,soi_slot,other,lumped,,,,other,2000,0.006,,,,,,,,,,40,unspecified,,,40,,,measured,0.6,,definition not stated by the authors; grating coupler (6 dB) and strip-to-slot converter (0.3 dB) quoted separately,,,,,,measured,,,,,,,,,250,,,,,,Ni/Au 10 nm/100 nm,2,"commercial high-resistivity SOI, 220 nm Si on 2 um SiO2 BOX",35 nm ALD Al2O3 gate dielectric (1 nm Al seed); top Al2O3 opened over grating and pads,,,"double-layer single-layer CVD graphene with 110 nm partial overlap over a 50 nm air slot between two 250 nm wide Si strips (220 nm Si); 5-7 nm Al2O3 spacer; PECVD SiO2 planarized by CMP; electrode-to-waveguide distance 700 nm; lumped electrodes, graphene-metal overlap 700 nm",,"NRZ, PRBS 2^15-1, 25 Gbit/s open eye (photodetector limited)",25,,,,,,,,bw3db_ghz:gt,data/evidence/luan2026a.yaml,"Numbers from arXiv v1 preprint (2604.03153v1, 8 pages, 3 Apr 2026); no DOI or journal version found in the cache. Static modulation efficiency 0.22 dB/um over -15 V to 15 V (Fig. 3(c)); no ER value for a stated length is reported. BW over 40 GHz is setup limited: below 20 GHz by 15 GHz photodetector, 20-40 GHz by an OSA sideband method (p.5); the Fig. 3 caption says beyond 22 GHz (inconsistent with the text, text used). IL 0.6 dB appears only in the introduction (p.2); definition not stated. The 6 um length is the stated compact footprint; Fig. 3(a) shows transmission vs graphene length 0-500 um for the same design. Energy about 10 fJ/bit (CV^2/4) is stated for 'this configuration' near the 2 um 25 Gbit/s eye and the 50 Gbit/s 2 V drive (p.5); assignment to a band is ambiguous, so energy and drive amplitude are left empty and recorded here only. Calculated BW up to 150 GHz (p.5, simulation). Dielectric thickness: 50 nm in the design section (Fig. 2(b)) vs 35 nm Al2O3 in Methods."
luan2026a-b,luan2026a,"Device B, 6 um graphene slot EAM, 1.55 um band",eam,graphene;double_layer;slot_waveguide;broadband;numbers_from_arxiv_v1,graphene_2d,soi_slot,other,lumped,,,,c_band,,0.006,,,,,,,,2,,70,unspecified,,,70,,,measured,,,,,,,,,,,,,,,,,,250,,,,,,Ni/Au 10 nm/100 nm,2,"commercial high-resistivity SOI, 220 nm Si on 2 um SiO2 BOX",35 nm ALD Al2O3 gate dielectric (1 nm Al seed); top Al2O3 opened over grating and pads,,,"double-layer single-layer CVD graphene with 110 nm partial overlap over a 50 nm air slot between two 250 nm wide Si strips (220 nm Si); 5-7 nm Al2O3 spacer; PECVD SiO2 planarized by CMP; electrode-to-waveguide distance 700 nm; lumped electrodes, graphene-metal overlap 700 nm",,"NRZ, PRBS 2^15-1, 50 Gbit/s open eye (setup limited)",50,,,,,,,,bw3db_ghz:gt,data/evidence/luan2026a.yaml,"Numbers from arXiv v1 preprint (2604.03153v1). Same slot width, waveguide width and electrical structure as Device A, with 1.55 um grating couplers (4 dB) and strip-to-slot converter 0.45 dB. Modulation efficiency 0.2 dB/um (p.5); Fig. 4(b) shows normalized transmission over 1520-1580 nm. BW over 70 GHz is VNA/photodetector limited (Fig. 4(d) axis to 70 GHz). Eyes at 40 and 50 Gbit/s (Fig. 4(e)); the paper writes the 50 Gbit/s signal was amplified to ""2-V"" (p.5, no ""Vpp""), entered as drive_vpp_v 2. No insertion loss or ER value for this device. About 10 fJ/bit (CV^2/4) stated once for the dual-band configuration; not entered (see Device A). Single-wavelength operating point not stated (wavelength empty)."
mao2024-1310,mao2024,"2.5 mm PLZT MZM, 1310 nm",mzm,poled;sol_gel;spin_coated;high_temperature_stable;poling_dc_free,plzt,other,monolithic,tw_gsg,push_pull,mzm_push_pull,room,o_band,1310,2.5,2.3,,,0.58,,,,0.2,measured,,,,,,,,,,,,,,,,,,,,,,,,300,100,1500,200,,,20,1.5,gold,2.0,silicon,"SiO2, 1 um (CVD)",,,"PLZT 300 nm (Pb1-xLax(ZryTi1-y)1-x/4O3, x/y/(1-y) = 8.0/65/35) on La2O2CO3 interlayer (under 10 nm) on 2.0 um thermal SiO2 on Si",172,OOK 128-172 Gbit/s (BER below HD-FEC without FFE at 172); PAM4 232-304 Gbit/s (BER below HD-FEC 4.5e-3 at 304),304,,,,,,,AWG (80 GHz analog bandwidth) with linear driver (SHF T850C),,data/evidence/mao2024.yaml,"Vpi measured at 1310 nm; text says high-speed performance independent of wavelength (OOK 172 Gbit/s eye Q 3.0, 4.0 with FFE; PAM4 304 Gbit/s below HD-FEC at both wavelengths, Fig. 4(d,e,g,i)). Loss and bandwidth values are not wavelength-attributed in the paper and are entered on the 1550 nm row. VpiL 5.8 V mm (Results, Table 1) versus 5.6 V mm (Introduction): Results value entered."
mao2024-1550,mao2024,"2.5 mm PLZT MZM, 1550 nm",mzm,poled;sol_gel;spin_coated;high_temperature_stable;poling_dc_free,plzt,other,monolithic,tw_gsg,push_pull,mzm_push_pull,room,c_band,1550,2.5,2.8,,,0.7,,,,0.2,measured,70,unspecified,,,70,,,derived,5.6,phase shifter 1.7 dB and other passive components 3.9 dB,not stated by the authors (fiber-to-chip coupling not mentioned),,6.6,,,,author_estimate,,,,,,,300,100,1500,200,,,20,1.5,gold,2.0,silicon,"SiO2, 1 um (CVD)",,,"PLZT 300 nm (Pb1-xLax(ZryTi1-y)1-x/4O3, x/y/(1-y) = 8.0/65/35) on La2O2CO3 interlayer (under 10 nm) on 2.0 um thermal SiO2 on Si",172,OOK 128-172 Gbit/s (BER below HD-FEC without FFE at 172); PAM4 232-304 Gbit/s (BER below HD-FEC 4.5e-3 at 304),304,,,,,,,AWG (80 GHz analog bandwidth) with linear driver (SHF T850C),bw3db_ghz:gt,data/evidence/mao2024.yaml,"Headline row. Bandwidth, on-chip loss and propagation loss are stated without a wavelength; entered on this row only (assumed headline wavelength, not stated). Table 1 (p.6) lists phase-shifter loss 0.6 dB/mm for this work; Methods (p.6) give propagation loss 0.66 dB/mm (entered, 6.6 dB/cm) and phase-shifter loss 1.7 dB (0.68 dB/mm over 2.5 mm). Vpi at 85 C unchanged over 2000 h (Fig. 2(c), delta Vpi within about 0.2 V, error bars) and loss unchanged (Fig. 2(d)); OOK at 100/128/148 Gbit/s shows no BER change from 25 to 70 C, degrades from about 80 C, recovers after 100 C (Fig. 5). In-device r_eff 195 pm/V is the authors' estimate (no column). Authors state no DC poling bias is needed during operation. 70 GHz bound is on the authors' low-frequency-compensated S21 (red, Fig. 3(b)); raw trace peaks at 1-8 GHz; red touches about -3 dB near 55 GHz (visual)."
meng2023-a,meng2023,"5 mm O-band MZM, ITO/Au composite electrode, 3 um ITO gap",mzm,tco;ito_composite_electrode;buffer_oxide;rib_ln,lithium_niobate,lnoi_rib,monolithic,tw_gsg,push_pull,mzm_push_pull,,o_band,1310,5,2.04,,,1.02,,,,,measured,108,unspecified,,,110,,,measured,,,,,,5.34,dynamic,,,,,,,2.29,,500,260,2000,240,,3,,1.4,Au (1.4 um); inner ITO electrodes 180 nm,0.1,Si (Fig. 2(a)); BOX thickness not stated,SiO2 (Fig. 2(a)); thickness not stated,x-cut,,,112,OOK 56/80/112 Gb/s; PAM4 112 Gb/s (56 GBd) and 224 Gb/s (112 GBd),224,,,,,,,"SHF S804B driver (22 dB gain), Keysight M8199A 70 GHz AWG",ng_opt:approx,data/evidence/meng2023.yaml,"Vpi 2.04 V from a 100 kHz sawtooth sweep (Fig. 5(a)); VpiL 1.02 V*cm in abstract/Sec. 3.1, 1.024 in Sec. 1/Table 1 (2.04 V x 0.5 cm = 1.02). Measured at 1310 nm (O-band laser; wavelength explicitly given for IL). EO S21 reaches -3 dB at 108 GHz (Sec. 3.2, Fig. 6); the plotted trace ends near 110 GHz; reference frequency not stated and the trace has a +2 dB peak near 5 GHz; the paper also shows a CST-simulated S21. Insertion loss 2.9 dB at 1310 nm is stated as ""measured insertion loss ... with 3-mm [sic, 3-um] TCO gap"" with grating couplers; whether it is on-chip or fiber-to-fiber is not defined, so neither IL field is filled. ER entered is the dynamic eye ER at 56 Gb/s OOK (5.34 dB, Fig. 7(a)), comparable with meng2023-b/-c; the other eyes give 4.15 (80 Gb/s OOK), 2.81 (112 Gb/s OOK), 2.32 (112 Gb/s PAM4), 1.98 (224 Gb/s PAM4) dB, mapped in text order to Fig. 7(a)-(e). Authors attribute the low ER to asymmetric electrode absorption. 224 Gb/s PAM4 BER is below the HD-FEC threshold 3.8e-3 for received power above -13 dBm (Fig. 7(f)). Termination 23 ohm via gold wire. Film thickness 500 nm is ridge 260 nm + slab 240 nm (not stated; computed by the distiller). Au electrode gap 5 um, ITO gap 3 um; ITO n about 1.5 and k 0.0011 at 1310 nm, conductivity 477 S/m measured (400 S/m assumed in simulation). Not reported: signal/ground widths, BOX and cladding thickness, RF loss, Z0, n_rf, optical input power, temperature."
meng2023-b,meng2023,8 mm MZM with ITO/Au composite electrode (eye-diagram comparison device),mzm,tco;ito_composite_electrode;buffer_oxide;rib_ln,lithium_niobate,lnoi_rib,monolithic,tw_gsg,,,,,,8,,,,,,,,,,,,,,,,,,,,,,,6.0,dynamic,,,,,,,,,,,,,,,,,,,,,,,,,OOK 56 Gb/s,56,,,,,,,,,data/evidence/meng2023.yaml,"Only reported metric is the dynamic eye ER at 56 Gb/s OOK under the same drive voltage as the device without TCO (Fig. 8(b)); wavelength, gap and drive amplitude not stated; Sec. 4 rounds the improvement to about 4.7 dB. Geometry assumed to match meng2023-a but the text does not say so."
meng2023-c,meng2023,8 mm reference MZM without TCO (eye-diagram comparison device),mzm,rib_ln;gold_only_electrode,lithium_niobate,lnoi_rib,monolithic,tw_gsg,,,,,,8,,,,,,,,,,,,,,,,,,,,,,,1.3,dynamic,,,,,,,,,,,,,,,,,,,,,,,,,OOK 56 Gb/s,56,,,,,,,,,data/evidence/meng2023.yaml,"Only reported metric is the dynamic eye ER at 56 Gb/s OOK (Fig. 8(a)); electrode gap, wavelength and drive not stated."
montifiore2026-a,montifiore2026,"Coil MZM, 532 nm, 5 cm PZT",mzm,stress_optic;pzt_actuated;coil;visible;dc_coupled,pzt,sin,monolithic,lumped,single_ended,mzm_single_arm,,visible_nir,532,50,2.8,,,14,,,,,measured,0.0004,dc,,0.0006,,,,measured,,,,,0.24,21.5,static,,measured,,,,,,,,,,,,,,,platinum,,Si,SiO2 upper and lower cladding,,,Si3N4 core 20 nm thick x 2 um wide in SiO2 upper and lower cladding on Si; back-end PZT actuator with Pt electrodes offset 0-5 um from the core,,,,,,19000000,,,,,,data/evidence/montifiore2026.yaml,"PZT actuator on one MZI arm only (coil). Tuning 716 MHz/V (0.68 pm/V). VpiL*alpha 6.71 V*dB (stated) is inconsistent with 14.0 V*cm x 0.24 dB/cm = 3.36 V*dB (implies 0.48 dB/cm); both as printed. 6 dB bandwidth 0.6 MHz, 180 degree phase lag 1 MHz, 90/10 rise time 1.7 us (Fig. 3). Operates as amplitude modulator only near 532 nm (50/50 coupler). PZT driven up to 20 V; hysteresis not discussed for this device. Bandwidth limited by 19 nF actuator capacitance."
montifiore2026-b,montifiore2026,"Coil phase modulator, 493 nm, 5 cm PZT",phase_shifter,stress_optic;pzt_actuated;coil;visible;low_ram,pzt,sin,monolithic,lumped,single_ended,per_arm_phase_shifter,,visible_nir,493,50,2.8,,,,,,,,measured,0.00016,unspecified,,0.0004,,,,extracted_from_figure,,,,,,,,,,,,,,,,,,,,,,,,platinum,,Si,SiO2 upper and lower cladding,,,Si3N4 core 20 nm thick x 2 um wide in SiO2 upper and lower cladding on Si; back-end PZT actuator with Pt electrodes offset 0-5 um from the core,,,,,,,,,,,,data/evidence/montifiore2026.yaml,"Coil MZM with the input splitter diced off; only the PZT-actuated arm used. Vpi 2.8 V appears in abstract and Sec. 1 only (no measurement figure); V_pi L and loss not stated for this device. Bandwidth values are the Fig. 4(a) legend cutoffs (3 dB 0.16 MHz, 6 dB 0.4 MHz, 180 degree phase lag 1 MHz); abstract/Sec. 1 state only the phase-lag point. Measured via an off-chip balanced fiber MZI. RAM -34 dB: abstract says 1 kHz offset, Fig. 4(c) caption says 10 kHz (inconsistent); no column."
montifiore2026-c,montifiore2026,"Bus-coupled ring, 493 nm, 750 um radius",ring,stress_optic;pzt_actuated;ring;visible;critically_coupled;dc_coupled,pzt,sin,monolithic,lumped,single_ended,resonance_tuning_derived,,visible_nir,493,,20.7,,,9.75,,,,,derived,0.0026,dc,,0.0034,,,,measured,,,,,0.24,18.7,static,,measured,,,,,,,,,,,,,,,platinum,,Si,SiO2 upper and lower cladding,,,Si3N4 core 20 nm thick x 2 um wide in SiO2 upper and lower cladding on Si; back-end PZT actuator with Pt electrodes offset 0-5 um from the core,,,,,,,1900000,,0.00075,,,data/evidence/montifiore2026.yaml,"Critically coupled single-bus ring, 750 um radius, 20 nm nitride core. Intrinsic Q 3.4 million (no column), FWHM 324 MHz. Linear tuning 0.92 GHz/V (0.75 pm/V) only outside the hysteresis region (|V| above about 1.5 V; nonlinear below). Vpi, V_pi L (9.75 V cm) and V_pi L alpha (2.34 V dB) as stated; length not stated (would be 2 pi R = 4.7 mm). 6 dB bandwidth 3.4 MHz, 180 degree phase lag 1.8 MHz. Bandwidth limited by actuator capacitance and photon lifetime. Resonance also usable as a phase modulator for PDH locking (Fig. 5(f))."
montifiore2026-d,montifiore2026,"Add-drop ring, 780 nm, 750 um radius",ring,stress_optic;pzt_actuated;ring;add_drop;nir;dc_coupled,pzt,sin,monolithic,lumped,single_ended,resonance_tuning_derived,,visible_nir,780,,18.8,,,8.86,,,,,derived,0.01,dc,,0.012,,,,measured,,,,,0.27,12.1,static,,measured,,,,,,,,,,,,,,,platinum,,Si,SiO2 upper and lower cladding,,,Si3N4 core 120 nm thick x 900 nm wide in SiO2 upper and lower cladding on Si; back-end PZT actuator with Pt electrodes offset 0-5 um from the core,,,,,,,700000,,0.0021,,,data/evidence/montifiore2026.yaml,"Two-bus add-drop ring, 750 um radius, 120 nm x 900 nm nitride core, slightly under-coupled at 780 nm. Intrinsic Q 1.9 million (no column), FWHM 539 MHz. Linear tuning 1.01 GHz/V (2.1 pm/V) outside the 0-3 V hysteresis region. Vpi 18.8 V, V_pi L 8.86 V cm, V_pi L alpha 2.39 V dB as stated; length not stated. 6 dB bandwidth 12 MHz and 180 degree phase point 9 MHz from Fig. 6(d,e); S21 measured with a Red Pitaya (not a VNA)."
navarro2026-a,navarro2026,"DSLG phase shifter, HfO2 spacer, 300 K, SA",phase_shifter,graphene;double_layer_graphene;dslg;theory_only;simulation_only;si3n4_capping;numbers_from_arxiv_v1,graphene_2d,sin,other,lumped,single_ended,mzm_single_arm,room,c_band,1550,0.143,,,,0.0887,,,,,simulated,6.5,dc,,,,,,simulated,0.84,,,,,,,,simulated,,,,,,,,,800,,,,,,Au (edges at least 1.2 um from the core),,2 um SiO2 buried oxide (BOX),air upper cladding; 300 nm Si3N4 capping layer on the core top,,,"hBN-encapsulated SLG / 20 nm HfO2 (er 20) / SLG on 800 nm x 400 nm Si3N4 core; 300 nm Si3N4 capping layer on the core top; gated length about 2 um, ungated about 1 um",,,,,,,,,,,,data/evidence/navarro2026.yaml,"Numbers from arXiv v1 (2605.00112v1, 29 pages, 30 Apr 2026); theory and simulation only (COMSOL, Kubo conductivity), no fabricated device. Values from Table 1 (p.15), single-arm (SA) and push-pull (PP) rows. Graphene mobility 10000 cm2/Vs, contact resistance 150 Ohm um (Fig. 4 caption p.26); speed is the RC 3 dB bandwidth of the first-order low-pass model, identical at 300 K and 10 K (mobility held constant). IL = MPA x L at the bias of the minimum length (stated about 7.3 V at 10 K and 7.9 V at 300 K, p.16, dielectric not named). FOM = VpiL x MPA. Gated EF operating window ends at 11 V (breakdown limit used). Conclusion text (p.19) assigns L = 82 um to HfO2 and 48 um to Al2O3 (VpiL 0.10 and 0.07 V cm), which conflicts with Table 1 and Fig. 4 caption; Table 1 used. Fabrication: none. This row: HfO2 (er 20), 300 K, SA; FOM 5.3. Hint check: abstract 'IL below 0.3 dB and length below 50 um at 10 K' matches the HfO2 PP row only."
navarro2026-b,navarro2026,"DSLG phase shifter, HfO2 spacer, 10 K, SA",phase_shifter,graphene;double_layer_graphene;dslg;theory_only;simulation_only;si3n4_capping;cryogenic_design;numbers_from_arxiv_v1,graphene_2d,sin,other,lumped,single_ended,mzm_single_arm,cryogenic,c_band,1550,0.096,,,,0.0704,,,,,simulated,6.5,dc,,,,,,simulated,0.55,,,,,,,,simulated,,,,,,,,,800,,,,,,Au (edges at least 1.2 um from the core),,2 um SiO2 buried oxide (BOX),air upper cladding; 300 nm Si3N4 capping layer on the core top,,,"hBN-encapsulated SLG / 20 nm HfO2 (er 20) / SLG on 800 nm x 400 nm Si3N4 core; 300 nm Si3N4 capping layer on the core top; gated length about 2 um, ungated about 1 um",,,,,,,,,,,,data/evidence/navarro2026.yaml,"Numbers from arXiv v1 (2605.00112v1, 29 pages, 30 Apr 2026); theory and simulation only (COMSOL, Kubo conductivity), no fabricated device. Values from Table 1 (p.15), single-arm (SA) and push-pull (PP) rows. Graphene mobility 10000 cm2/Vs, contact resistance 150 Ohm um (Fig. 4 caption p.26); speed is the RC 3 dB bandwidth of the first-order low-pass model, identical at 300 K and 10 K (mobility held constant). IL = MPA x L at the bias of the minimum length (stated about 7.3 V at 10 K and 7.9 V at 300 K, p.16, dielectric not named). FOM = VpiL x MPA. Gated EF operating window ends at 11 V (breakdown limit used). Conclusion text (p.19) assigns L = 82 um to HfO2 and 48 um to Al2O3 (VpiL 0.10 and 0.07 V cm), which conflicts with Table 1 and Fig. 4 caption; Table 1 used. Fabrication: none. This row: HfO2 (er 20), 10 K, SA; FOM 4.0. Hint check: abstract 'IL below 0.3 dB and length below 50 um at 10 K' matches the HfO2 PP row only."
navarro2026-c,navarro2026,"DSLG phase shifter, HfO2 spacer, 10 K, PP",phase_shifter,graphene;double_layer_graphene;dslg;theory_only;simulation_only;si3n4_capping;cryogenic_design;numbers_from_arxiv_v1,graphene_2d,sin,other,lumped,push_pull,mzm_push_pull,cryogenic,c_band,1550,0.048,,,,0.0704,,,,,simulated,6.5,dc,,,,,,simulated,0.28,,,,,,,,simulated,,,,,,,,,800,,,,,,Au (edges at least 1.2 um from the core),,2 um SiO2 buried oxide (BOX),air upper cladding; 300 nm Si3N4 capping layer on the core top,,,"hBN-encapsulated SLG / 20 nm HfO2 (er 20) / SLG on 800 nm x 400 nm Si3N4 core; 300 nm Si3N4 capping layer on the core top; gated length about 2 um, ungated about 1 um",,,,,,,,,,,,data/evidence/navarro2026.yaml,"Numbers from arXiv v1 (2605.00112v1, 29 pages, 30 Apr 2026); theory and simulation only (COMSOL, Kubo conductivity), no fabricated device. Values from Table 1 (p.15), single-arm (SA) and push-pull (PP) rows. Graphene mobility 10000 cm2/Vs, contact resistance 150 Ohm um (Fig. 4 caption p.26); speed is the RC 3 dB bandwidth of the first-order low-pass model, identical at 300 K and 10 K (mobility held constant). IL = MPA x L at the bias of the minimum length (stated about 7.3 V at 10 K and 7.9 V at 300 K, p.16, dielectric not named). FOM = VpiL x MPA. Gated EF operating window ends at 11 V (breakdown limit used). Conclusion text (p.19) assigns L = 82 um to HfO2 and 48 um to Al2O3 (VpiL 0.10 and 0.07 V cm), which conflicts with Table 1 and Fig. 4 caption; Table 1 used. Fabrication: none. This row: HfO2 (er 20), 10 K, PP; FOM 4.0. Push-pull: both arms shifted by +pi/2 and -pi/2, length halved, VpiL unchanged (p.16); energy doubles for two capacitive loads. Hint check: abstract 'IL below 0.3 dB and length below 50 um at 10 K' matches the HfO2 PP row only."
navarro2026-d,navarro2026,"DSLG phase shifter, Al2O3 spacer, 300 K, SA",phase_shifter,graphene;double_layer_graphene;dslg;theory_only;simulation_only;si3n4_capping;numbers_from_arxiv_v1,graphene_2d,sin,other,lumped,single_ended,mzm_single_arm,room,c_band,1550,0.383,,,,0.1348,,,,,simulated,15.2,dc,,,,,,simulated,2.3,,,,,,,,simulated,,,,,,,,,800,,,,,,Au (edges at least 1.2 um from the core),,2 um SiO2 buried oxide (BOX),air upper cladding; 300 nm Si3N4 capping layer on the core top,,,"hBN-encapsulated SLG / 20 nm Al2O3 (er 8) / SLG on 800 nm x 400 nm Si3N4 core; 300 nm Si3N4 capping layer on the core top; gated length about 2 um, ungated about 1 um",,,,,,,,,,,,data/evidence/navarro2026.yaml,"Numbers from arXiv v1 (2605.00112v1, 29 pages, 30 Apr 2026); theory and simulation only (COMSOL, Kubo conductivity), no fabricated device. Values from Table 1 (p.15), single-arm (SA) and push-pull (PP) rows. Graphene mobility 10000 cm2/Vs, contact resistance 150 Ohm um (Fig. 4 caption p.26); speed is the RC 3 dB bandwidth of the first-order low-pass model, identical at 300 K and 10 K (mobility held constant). IL = MPA x L at the bias of the minimum length (stated about 7.3 V at 10 K and 7.9 V at 300 K, p.16, dielectric not named). FOM = VpiL x MPA. Gated EF operating window ends at 11 V (breakdown limit used). Conclusion text (p.19) assigns L = 82 um to HfO2 and 48 um to Al2O3 (VpiL 0.10 and 0.07 V cm), which conflicts with Table 1 and Fig. 4 caption; Table 1 used. Fabrication: none. This row: Al2O3 (er 8), 300 K, SA; FOM 8.0. Hint check: abstract 'IL below 0.3 dB and length below 50 um at 10 K' matches the HfO2 PP row only."
navarro2026-e,navarro2026,"DSLG phase shifter, Al2O3 spacer, 10 K, SA",phase_shifter,graphene;double_layer_graphene;dslg;theory_only;simulation_only;si3n4_capping;cryogenic_design;numbers_from_arxiv_v1,graphene_2d,sin,other,lumped,single_ended,mzm_single_arm,cryogenic,c_band,1550,0.164,,,,0.1004,,,,,simulated,15.2,dc,,,,,,simulated,0.94,,,,,,,,simulated,,,,,,,,,800,,,,,,Au (edges at least 1.2 um from the core),,2 um SiO2 buried oxide (BOX),air upper cladding; 300 nm Si3N4 capping layer on the core top,,,"hBN-encapsulated SLG / 20 nm Al2O3 (er 8) / SLG on 800 nm x 400 nm Si3N4 core; 300 nm Si3N4 capping layer on the core top; gated length about 2 um, ungated about 1 um",,,,,,,,,,,,data/evidence/navarro2026.yaml,"Numbers from arXiv v1 (2605.00112v1, 29 pages, 30 Apr 2026); theory and simulation only (COMSOL, Kubo conductivity), no fabricated device. Values from Table 1 (p.15), single-arm (SA) and push-pull (PP) rows. Graphene mobility 10000 cm2/Vs, contact resistance 150 Ohm um (Fig. 4 caption p.26); speed is the RC 3 dB bandwidth of the first-order low-pass model, identical at 300 K and 10 K (mobility held constant). IL = MPA x L at the bias of the minimum length (stated about 7.3 V at 10 K and 7.9 V at 300 K, p.16, dielectric not named). FOM = VpiL x MPA. Gated EF operating window ends at 11 V (breakdown limit used). Conclusion text (p.19) assigns L = 82 um to HfO2 and 48 um to Al2O3 (VpiL 0.10 and 0.07 V cm), which conflicts with Table 1 and Fig. 4 caption; Table 1 used. Fabrication: none. This row: Al2O3 (er 8), 10 K, SA; FOM 5.8. Hint check: abstract 'IL below 0.3 dB and length below 50 um at 10 K' matches the HfO2 PP row only."
navarro2026-f,navarro2026,"DSLG phase shifter, Al2O3 spacer, 10 K, PP",phase_shifter,graphene;double_layer_graphene;dslg;theory_only;simulation_only;si3n4_capping;cryogenic_design;numbers_from_arxiv_v1,graphene_2d,sin,other,lumped,push_pull,mzm_push_pull,cryogenic,c_band,1550,0.082,,,,0.1004,,,,,simulated,15.2,dc,,,,,,simulated,0.47,,,,,,,,simulated,,,,,,,,,800,,,,,,Au (edges at least 1.2 um from the core),,2 um SiO2 buried oxide (BOX),air upper cladding; 300 nm Si3N4 capping layer on the core top,,,"hBN-encapsulated SLG / 20 nm Al2O3 (er 8) / SLG on 800 nm x 400 nm Si3N4 core; 300 nm Si3N4 capping layer on the core top; gated length about 2 um, ungated about 1 um",,,,,,,,,,,,data/evidence/navarro2026.yaml,"Numbers from arXiv v1 (2605.00112v1, 29 pages, 30 Apr 2026); theory and simulation only (COMSOL, Kubo conductivity), no fabricated device. Values from Table 1 (p.15), single-arm (SA) and push-pull (PP) rows. Graphene mobility 10000 cm2/Vs, contact resistance 150 Ohm um (Fig. 4 caption p.26); speed is the RC 3 dB bandwidth of the first-order low-pass model, identical at 300 K and 10 K (mobility held constant). IL = MPA x L at the bias of the minimum length (stated about 7.3 V at 10 K and 7.9 V at 300 K, p.16, dielectric not named). FOM = VpiL x MPA. Gated EF operating window ends at 11 V (breakdown limit used). Conclusion text (p.19) assigns L = 82 um to HfO2 and 48 um to Al2O3 (VpiL 0.10 and 0.07 V cm), which conflicts with Table 1 and Fig. 4 caption; Table 1 used. Fabrication: none. This row: Al2O3 (er 8), 10 K, PP; FOM 5.8. Push-pull: both arms shifted by +pi/2 and -pi/2, length halved, VpiL unchanged (p.16); energy doubles for two capacitive loads. Hint check: abstract 'IL below 0.3 dB and length below 50 um at 10 K' matches the HfO2 PP row only."
nelan2022-a,nelan2022,11 mm folded dual-output SiNx-loaded MZM (UV15-clad CPW),mzm,folded;dual_output;2x2_mmi_combiner;waveguide_crossing;hybrid_sin_ln;index_matching_fluid;thermo_optic_bias,lithium_niobate,lnoi_loaded_sin,monolithic,tw_gsg,push_pull,mzm_push_pull,,c_band,1550,11,2.98,,,3.3,,,,,measured,30,unspecified,,,,,,derived,1.1,"light path through the device, 17 mm total path length; breakdown not stated",fiber-to-chip coupling (4.44 dB per facet) and fiber-array alignment loss (2.02 dB),12.0,0.64,45,static,,measured,,,,2.1,2.14,,300,,2000,,,4,24.5,1,Au (electroplated on a sputtered seed layer),4.7,silicon handle 500 um,"PECVD SiO2 buffer 450 nm (thicker only where Au crosses over the waveguide) with 100 nm PECVD SiNx strip, n = 1.943; UV15 index-matching fluid on the electrodes",x-cut,"light along crystal Y, RF field along Z",Si 500 um / SiO2 4.7 um / x-cut LN 300 nm / SiNx strip 100 nm x 2 um / PECVD SiO2 450 nm / Au 1 um,,,,,,,,,,arbitrary waveform generator via GSG probe (DC response); RF signal generator (EO response),extinction_ratio_db:gt;il_fiber_to_fiber_db:approx;il_onchip_db:approx;bw3db_ghz:approx;n_rf:approx;ng_opt:approx,data/evidence/nelan2022.yaml,"VERSION arXiv v1. Folded layout with waveguide crossing: two 5.5 mm interaction sections (11 mm total), physical length 7.8 mm; output 2x2 MMI gives two complementary outputs. Vpi 2.98 V from a 150 kHz triangular sweep (Fig. 7(f)); abstract says less than 3.0 V; Vpi*L 3.3 V cm is the abstract value (2.98 V x 11 mm = 3.28). EO response measured as optical sidebands 3-40 GHz at 1550 nm with UV15 present (Fig. 11); text: roll-off about 0.1 dB/GHz, 3 dB bandwidth roughly 30 GHz (3 dB divided by the rounded 0.1 dB/GHz slope, entered as derived); low frequencies omitted because of unlevel RF source, so the reference frequency is not defined. Fig. 11 fitted slopes 0.108-0.137 dB/GHz. RF index: UV15-clad about 2.10, air-clad about 1.85 (p.5, Fig. 5(c); these are the values near 40 GHz, UV15 falls from about 2.4 at 1 GHz to about 2.13 at 20 GHz, air-clad from about 2.1 to 1.89 at 10 GHz); optical group index about 2.14 (simulated); electrode impedance 43-53 ohm over 5-40 GHz in Fig. 5(d), not entered (one-line curve). Text says electrode S21 at 40 GHz is roughly -3 dB (air) and -4 dB (UV15), but Fig. 5(a),(b) show S(1,2) about -5.8 dB (air) and -7.2 dB (UV15) at 40 GHz (text and figure disagree); electrode length not stated. ER 45 dB: OSA peak-to-null in Fig. 8 gives 45.5 dB (port 1) and 45.4 dB (port 2); power meter reads higher, the lower OSA value used; reverse operation about 33 dB. Fiber-to-fiber loss 12.0 dB = 2 x 4.44 dB coupling + 1.1 dB path + 2.02 dB alignment (author accounting). Ground width 75 um. Thermo-optic bias P_pi 92 mW. Fabricator not named."
nelan2022a-a,nelan2022a,10 mm segmented-electrode dual-output SiNx-loaded MZM on Si handle,mzm,segmented_electrode;slow_wave;t_electrode;dual_output;2x2_mmi_combiner;silicon_handle;no_substrate_removal;hybrid_sin_ln,lithium_niobate,lnoi_loaded_sin,monolithic,slow_wave,push_pull,mzm_push_pull,,,,10,3.75,,,,,,,,measured,95,1ghz,,,,,,measured,,,,7.47,0.69,45,static,,derived,,,,2.134,2.138,,300,,2000,,,6,50,1,Au (electroplated),4.7,silicon handle 500 um,PECVD SiO2 500 nm (H_SiO2) with 100 nm PECVD SiNx strip; no UV15,x-cut,,"Si 500 um / thermal SiO2 4.7 um / x-cut LN 300 nm / PECVD SiNx 100 nm x 2 um strip / PECVD SiO2 500 nm / Au 1 um with T-segments (W_TOP 45, W_TGAP 5, W_STEM 34 um)",,,,,,,,,,,vpi_dc_v:approx;extinction_ratio_db:gt;bw3db_ghz:approx;il_fiber_to_fiber_db:approx;prop_loss_db_per_cm:approx,data/evidence/nelan2022a.yaml,"VERSION arXiv v1. Operating wavelength not stated. Electrode: T-segments with W_SIG 50, W_GAP 6, W_TOP 45, W_TGAP 5, W_STEM 34, H_TOP 3, H_BASE 3, H_STEM 3, T_AU 1 um (Fig. 1(c)); W_STEM tuned from 10 to 42 um moves n_RF from 2.3 to 2.1; standard CPW n_RF 1.92. n_RF 2.134 at 120 GHz is the value the design was tuned to (text: chosen experimentally); optical group index 2.138 stated without method. Z_l varies +-10 ohm (about 40-55 ohm, Fig. 3(b)); no single Z0 entered. EO response 1-120 GHz sidebands at quadrature, normalised to carrier and RF power, 3 dB point roughly 95 GHz referenced to 1 GHz (Fig. 3(d)); flattening above 70 GHz. Fiber-to-fiber loss about 7.47 dB = 2 x 2.7 dB facet + 2.07 dB propagation of a 30 mm reference waveguide (0.69 dB/cm, Fig. 3(e) label 0.0688 dB/mm); this accounting uses the reference length, not the 10 mm device. UV15 cladding roughly doubles RF loss over 100 GHz versus segmented CPW (Fig. 3(a)). Design map Fig. 2(a) shows Vpi*L about 3.5-4 V cm at the chosen 6 um gap, 500 nm oxide. Vpi*L not reported (3.75 V x 10 mm derived by build). ER roughly 45 dB in abstract, >45 dB in text (Fig. 2(c)). Same stack as nelan2022 with a 500 nm SiO2 top cladding. Fabricator not named. Z_l legend colours differ between Fig. 3(a),(c) and Fig. 3(b), so the 40-55 ohm range cannot be attributed to the segmented line with certainty; no Z0 entered."
nenezic2026-case1,nenezic2026,"Case 1, 7 mm bottom-electrode design",mzm,design_study;variability_aware;monte_carlo;bottom_electrode;gsgsg;heterogeneous_lnoi_on_sin;pilot_line_process,lithium_niobate,lnoi_rib,micro_transfer_printed,tw_gsg,push_pull,mzm_push_pull,,o_band,1310,7,1.78,,,,,,,,simulated,139,unspecified,,,,,,simulated,0.3,propagation loss in the modulating section times length plus twice the SiN-to-LN taper loss,,,,,,,simulated,,,,,,,,,,,,,,,copper,,,oxide,x-cut,,,,,,,,,,,,,,data/evidence/nenezic2026.yaml,"Table I case 1, noted 'BiCMOS driving'; design target Vpi compatible with BiCMOS drive, bandwidth above 110 GHz, low insertion loss. Values are Monte Carlo means with +- as printed (Vpi +-0.04 V, loss +-0.02 dB, bandwidth +-2 GHz). Bandwidth is the electro-optic-electric (EOE) 3 dB bandwidth. Vpi frequency not stated (quasi-static EO simulation); entered as DC-type."
nenezic2026-case2,nenezic2026,"Case 2, 5 mm bottom-electrode design",mzm,design_study;variability_aware;monte_carlo;bottom_electrode;gsgsg;heterogeneous_lnoi_on_sin;pilot_line_process,lithium_niobate,lnoi_rib,micro_transfer_printed,tw_gsg,push_pull,mzm_push_pull,,o_band,1310,5,2.25,,,,,,,,simulated,150,unspecified,,,,,,simulated,0.38,propagation loss in the modulating section times length plus twice the SiN-to-LN taper loss,,,,,,,simulated,,,,,,,,,,,,,,,copper,,,oxide,x-cut,,,,,,,,,,,,,bw3db_ghz:gt,data/evidence/nenezic2026.yaml,"Table I case 2, noted 'BiCMOS driving, smaller devices'; design target bandwidth above 150 GHz with Vpi compatible with BiCMOS drive. Bandwidth printed as '150+', entered as 150 with a gt qualifier. Vpi +-0.16 V, loss +-0.01 dB. Bandwidth is the EOE 3 dB bandwidth. Vpi frequency not stated (quasi-static EO simulation); entered as DC-type."
nenezic2026-case3,nenezic2026,"Case 3, 12 mm bottom-electrode design",mzm,design_study;variability_aware;monte_carlo;bottom_electrode;gsgsg;heterogeneous_lnoi_on_sin;pilot_line_process,lithium_niobate,lnoi_rib,micro_transfer_printed,tw_gsg,push_pull,mzm_push_pull,,o_band,1310,12,1.025,,,,,,,,simulated,95,unspecified,,,,,,simulated,0.82,propagation loss in the modulating section times length plus twice the SiN-to-LN taper loss,,,,,,,simulated,,,,,,,,,,,,,,,copper,,,oxide,x-cut,,,,,,,,,,,,,,data/evidence/nenezic2026.yaml,"Table I case 3, noted 'CMOS driving, low Vpi variance'; design target Vpi compatible with CMOS drive. Vpi +-0.025 V, loss +-0.1 dB, bandwidth +-3 GHz. Bandwidth is the EOE 3 dB bandwidth. Vpi frequency not stated (quasi-static EO simulation); entered as DC-type."
niels2025a-a,niels2025a,1 cm micro-transfer-printed LN-on-SiN push-pull MZM,mzm,micro_transfer_printing;hybrid_ln_on_sin;imbalanced_mzi;resist_tether;heterogeneous_mode;reversed_poling_arms,lithium_niobate,lnoi_loaded_sin,micro_transfer_printed,,push_pull,mzm_push_pull,,c_band,1550,10,3.2,,,3.2,,,,,measured,,,,,35,,,measured,,,,,0.9,31,static,,,,,,,,,300,,,,,6,,1.0,Ti/Au,,,,x-cut,,x-cut LN coupon 30 um wide x 300 nm thick printed on a 1.5 um wide x 300 nm thick SiN strip (hybrid mode),,,,,,,,,,,extinction_ratio_db:gt;prop_loss_db_per_cm:approx,data/evidence/niels2025a.yaml,"Unbalanced MZM with one printed coupon per arm, arms driven 180 degrees out of phase (p.5-6). Frequency response (Fig. 8(b)) falls to about -4.5 dB by 3 GHz then sits near -6 to -7 dB flat to 35 GHz; the authors attribute the early roll-off to probe mismatch and claim a flat response, but give no 3 dB bandwidth, so bw3db_ghz is empty. Propagation loss is from coupon cut-back structures, not the MZM; transition loss 1.8 +- 0.2 dB per facet and 16.9 dB grating-coupler/reference loss have no column. No on-chip IL for the MZM, electrode type (lumped or traveling-wave), electrode width, BOX thickness or substrate stated. Distinct from tan2024 (ring on silicon) and from the 2 mm printed LN-on-SiN MZM vanackere2023, cited here as Vpi 14.8 V. The 1550 nm wavelength is stated for the loss and ER measurements; the wavelength of the 100 Hz Vpi measurement is given only as the quadrature point."
niels2026-a,niels2026,"7 mm hybrid SiN/LiTaO3 MZM (6.6 mm active), O-band",mzm,micro_transfer_printing;gssg;si_pic;numbers_from_arxiv_v1,lithium_tantalate,ltoi_loaded_sin,micro_transfer_printed,other,push_pull,per_arm_phase_shifter,,o_band,1310,6.6,7.0,,,,,3.5,,,measured,70,unspecified,,,70,,,measured,2.9,"Si to SiN/LiTaO3 transitions (0.6 dB), hybrid SiN/LiTaO3 propagation (0.7 dB), metal-misalignment loss (1.6 dB)","1x2 MMI splitters and Si routing inside the MZM (3.8 dB, PDK), grating couplers",,1.0,28,static,,derived,,,,,,,300,,,,,5.5,,1.0,Ti/Au (20 nm / 1 um),,imec iSiPP200 Si-PIC (200 mm SOI); high-resistivity and standard Si substrates compared,,x-cut,,Si 220 nm / oxide / SiN 300 nm x 900 nm waveguide / BCB 50 nm / LiTaO3 300 nm membrane (30 um wide) / Ti-Au electrodes,190,NRZ up to 190 GBd; PAM4 up to 160 GBd (BER below the 15% overhead FEC threshold),320,,,,,,,"arbitrary waveform generator (256 GS/s), differential output; no driver amplifier stated",bw3db_ghz:gt;max_line_rate_gbps:gt,data/evidence/niels2026.yaml,"Numbers from the arXiv v1 manuscript (PDF dated 2025-03-14), not the Nature Photonics 20(2) version. Per-arm Vpi 7.0 V; push-pull 3.5 V and VpiL 2.3 V cm refer to the push-pull value (3.5 V x 6.6 mm), so vpil is left empty to avoid mixing conventions. Simulated Vpi 3.6 V (push-pull, FEM + analytic, Gamma 0.454, n_eff 1.852, gap 5.5 um). Quasi-DC and IL substrate type not stated (HR vs standard Si); EOE response on standard-Si substrate is far worse (no number). 'Estimated 90 GHz' bandwidth is an author estimate. Differential drive in the IMDD demo only; bias-less eye diagrams with FFE. Projected patterned-LT design: gap 3.4 um, Vpi 2.7 V, VpiL 1.8 V cm (simulation, not a device)."
ogiso2016-a,ogiso2016,3 mm CL-TWE n-i-p-n InP MZM,mzm,,inp_mqw,inp,monolithic,cl_twe,series_push_pull,mzm_series_push_pull,,c_band,1550,3,2.0,,,,,,,2.3,measured,67,other,1.5,,67,2.0,67,measured,2,,lensed-fibre coupling loss (4 dB/facet); other inclusions/exclusions not stated,10,,22,static,13,author_estimate,,,,,,,,,,,,,,,,,semi-insulating InP,n-InP,,[011],"n-contact / n-InP cladding / undoped InGaAlAs-InAlAs MQW core / p-InAlAs electron-blocking layer / n-InP cladding / n-contact, grown top to bottom on SI InP substrate by horizontal low-pressure MOVPE",100,NRZ-OOK,100,,,,,,,RF amplifier (type not stated),extinction_ratio_db:gt;bw3db_ghz:gt;il_onchip_db:approx;eo_rolloff_db:approx,data/evidence/ogiso2016.yaml,"n-i-p-n heterostructure; CL-TWE plated on BCB; single-ended 50 ohm design. Vpi 2.0 V set at 1530-1560 nm by adjusting DC bias (bias value not stated, so bias_for_vpi_v empty); EO and S-parameter responses measured at -5 V reverse bias. ER 22 dB is a C-band lower bound (27 dB at 1560 nm). Wavelength of IL and EO-BW measurements not stated. Drive Vpp and optical input power are for the 100 Gb/s demo at 1550 nm. Fig. 2 trace at 1540 nm bottoms near -21 dB although the text states ER above 22 dB over the C-band (internal inconsistency of the source). One row at 1550 nm; Vpi 2.0 V is quoted at 1530-1560 nm with the DC bias adjusted per wavelength."
ogiso2024-a,ogiso2024,"3.6 mm CL-TWE twin-IQ, low-Vpi 1.5 V version",iq_mzm,twin_iq;n_i_p_n;thermo_optic_phase_adjuster,inp_mqw,inp,monolithic,cl_twe,series_push_pull,mzm_series_push_pull,,c_band,1550,3.6,1.5,,,0.54,,,-10,,measured,100,unspecified,,110,110,2,100,measured,3.5,bias absorption loss for the stated Vpi; X+Y polarization combined,optical coupling loss (2.3 dB/facet),11.5,,25,static,,measured,,,60,,,,,,,,,,,,,,,,,,"n-i-p-n heterostructure (layer thicknesses, doping and MQW composition not stated in this paper); inverted-trapezoidal ridge waveguide; capacitance-loaded traveling-wave electrode",,,,,,,,,,,bw3db_ghz:gt;bw6db_ghz:gt;il_onchip_db:lt;il_fiber_to_fiber_db:lt;extinction_ratio_db:gt;z0_ohm:approx;bias_for_vpi_v:approx;eo_rolloff_db:approx,data/evidence/ogiso2024.yaml,"Headline device of the paper (abstract: Vpi 1.5 V, 3 dB EO bandwidth over 100 GHz, on-chip IL below 3.5 dB). Vpi set to 1.5 V by reverse bias of about -10 V over the whole C band (bias-dependent absorption: Vpi 1.4 V costs up to 1.0 dB extra loss, Fig. 1c); Vpi*L 0.54 V*cm from Table 1. Bandwidths are bounds (>100 GHz 3 dB, >110 GHz 6 dB); Fig. 4(c) trace ends at the 110 GHz axis limit (instrument limit not stated, read from the figure); 0 dB reference frequency not stated (trace is normalised at low frequency). On-chip IL 3.5 dB typical (Table 1) is X+Y combined, includes bias absorption, excludes 2.3 dB/facet coupling; the abstract states 'less than 3.5 dB'. Fiber-to-fiber loss of each single polarization below 11.5 dB (includes bias absorption and coupling, 4.5 um lensed-fiber alignment; Fig. 2a). ER over 25 dB across the C band for all child and parent MZIs (Fig. 2b; Table 1). Wavelength 1550 nm is one of three Fig. 2(c) curves (1527, 1550, 1565 nm), Vpi 1.5 V held over the C band. Includes the electrode modification (period 150 to 120 um, Fig. 4b) plus optical-waveguide modification. Z0 around 60 ohm is a design value. Thermo-optic phase adjuster P_pi below 20 mW; die 5.0 x 2.5 mm2. No system demonstration (the beyond-200-GBd claim is inferred from bandwidth). Not reported: RF loss, n_rf, ng, geometry, layer thicknesses, driver, energy."
ogiso2024-b,ogiso2024,"3.6 mm CL-TWE twin-IQ, C+L-band 2.0 V version",iq_mzm,twin_iq;n_i_p_n;thermo_optic_phase_adjuster,inp_mqw,inp,monolithic,cl_twe,series_push_pull,mzm_series_push_pull,,cl_band,,3.6,2.0,,,0.72,,,,,measured,100,unspecified,,110,,,,measured,4.0,bias absorption loss for the stated Vpi; X+Y polarization combined,optical coupling loss (2.3 dB/facet),,,25,static,,measured,,,60,,,,,,,,,,,,,,,,,,"n-i-p-n heterostructure (layer thicknesses, doping and MQW composition not stated in this paper); inverted-trapezoidal ridge waveguide; capacitance-loaded traveling-wave electrode",,,,,,,,,,,bw3db_ghz:gt;bw6db_ghz:gt;extinction_ratio_db:gt;z0_ohm:approx,data/evidence/ogiso2024.yaml,"Wide-wavelength variant (MMI or taper cross waveguide) at Vpi 2.0 V, where bias absorption is sufficiently low over the whole C+L band (Fig. 3). Table 1 values for this column: on-chip IL 4.0 dB typ, EO bandwidth >100 / >110 GHz (3 / 6 dB), Vpi 2.0 V, Vpi*L 0.72 V*cm, ER >25 dB, Z0 60 ohm; arrows in the Table were resolved to the column on their left. Fig. 3(a) shows X+Y fiber-to-fiber loss curves (about 7-10 dB, plotted not stated; not entered); Fig. 3(b) ER over 25 dB across C+L for the MMI type. Wavelength not entered (swept about 1527-1610 nm, Fig. 3 axes). Bias for Vpi 2.0 V not stated. Not reported: bandwidth figure for this variant specifically (Table values only), RF loss, n_rf, geometry, system data."
ogiso2024-c,ogiso2024,"3.6 mm CL-TWE, electrode-modified variant (Fig. 4b)",iq_mzm,twin_iq;n_i_p_n;thermo_optic_phase_adjuster,inp_mqw,inp,monolithic,cl_twe,series_push_pull,mzm_series_push_pull,,,,3.6,,,,,,,,,,90,unspecified,,,,6.5,100,measured,,,,,,,,,,,,60,,,,,,,,,,,,,,,,,,"n-i-p-n heterostructure (layer thicknesses, doping and MQW composition not stated in this paper); inverted-trapezoidal ridge waveguide; capacitance-loaded traveling-wave electrode",,,,,,,,,,,z0_ohm:approx;eo_rolloff_db:approx,data/evidence/ogiso2024.yaml,"Intermediate variant: electrode design and process modified (capacitance-loaded TWE period shortened from 150 to 120 um to raise the Bragg and RC roll-off frequency); optical waveguide unchanged. Only the 3 dB EO bandwidth (90 GHz, Fig. 4b) is given; not sufficient for 200 GBd class per the authors. Vpi, loss, ER, band not reported for this variant. Same 3.6 mm TWE length and Z0 designed near 60 ohm as the other variants."
ogiso2024-d,ogiso2024,"3.6 mm CL-TWE, 130 GBd-class reference PIC (2.0 V)",iq_mzm,twin_iq;n_i_p_n;thermo_optic_phase_adjuster;previous_generation_reference,inp_mqw,inp,monolithic,cl_twe,series_push_pull,mzm_series_push_pull,,,,3.6,2.0,,,0.72,,,,,measured,70,unspecified,,80,,14,100,measured,3.5,bias absorption loss for the stated Vpi; X+Y polarization combined,optical coupling loss (2.3 dB/facet),,,25,static,,measured,,,60,,,,,,,,,,,,,,,,,,"n-i-p-n heterostructure (layer thicknesses, doping and MQW composition not stated in this paper); inverted-trapezoidal ridge waveguide; capacitance-loaded traveling-wave electrode",,,,,,,,,,,bw3db_ghz:approx;bw6db_ghz:gt;extinction_ratio_db:gt;z0_ohm:approx;eo_rolloff_db:approx,data/evidence/ogiso2024.yaml,"Previous-generation 130 GBd-class commercial PIC shown as the reference (Fig. 4a, Table 1 first column; band 'C or L'). Text: 3 dB EO bandwidth around 70 GHz (Table 1 lists >67 GHz at 3 dB and >80 GHz at 6 dB), limited by microwave loss and parasitic capacitance; CL-TWE period 150 um. Table values: on-chip IL 3.5 dB typ, Vpi 2.0 V, Vpi*L 0.72 V*cm, ER >25 dB, Z0 60 ohm. The introduction quotes ref. [1] for the first-generation CDM (EO bandwidth over 80 GHz, IL below 7.0 dB incl. bias absorption); not entered from here. Not reported: wavelength band for this column beyond 'C or L', RF loss, n_rf, geometry."
porto2026-a,porto2026,InP MZM channel of 8-channel DFB/MZM/SOA transmitter PIC,mzm,monolithic_laser;soa;linear_drive;lpo;o_band;sige_driver,inp_mqw,inp,monolithic,,unspecified,unspecified,elevated,o_band,,,,1.5,,,,,,,design_target,,,,,,,,,,,,,,25,unspecified,,,,,,,,,,,,,,,,,,,,,,,,106.25,"PAM4 at 106.25 GBd (212 Gb/s), direct linear drive with SiGe driver, FFE 15 taps at Tx and Rx",212,,,,,,,"Eight-channel open-collector SiGe BiCMOS MZM driver (5-16 dB tunable peaking at 53 GHz), directly driven linear, wire-bonded on an AlN carrier; high-speed DAC source; 15-tap FFE at Tx and Rx",vpi_rf_v:lt;extinction_ratio_db:gt,data/evidence/porto2026.yaml,"Monolithic InP PIC with four O-band DFBs (each feeds two channels), eight traveling-wave MZMs with DC phase adjusters in each arm and integrated 30 ohm metallic load resistors connecting the two arms, eight SOAs and power-monitor taps. MZM metrics are design statements: 'designed for RF Vpi less than 1.5 V while providing over 25 dB of extinction and 53 GHz of bandwidth' (the abstract says Vpi 1.5 V or below). The 53 GHz bandwidth is not defined as a 3 dB value and is not entered. Measured: one channel, 106.25 GBd PAM4 (212 Gb/s) at 60 degC through a SiGe driver with fiber-coupled output +5 dBm (SOA current 57-95 mA across channels), outer ER about 3.5 dB, TDECQ about 3 dB, RLM about 0.97 (Fig. 3 table: 60 mA SOA 2.93 dBm, 160 mA SOA 4.92 dBm average power); SOA NF about 6.5 dB, DFB RIN 0.4% (0.1-18 GHz), SMSR >50 dB. OSFP LPO packaging: 8 channels at 106 GBd PAM4, 2.8-3.0 dBm average output. Wavelength, length, geometry, loss and measured Vpi not reported. Prior work (ref. 1) used the same process without SOAs. EO mechanism (MQW, QCSE) is not stated; inp_mqw is the closest eo_material enum."
powell2024a-a,powell2024a,7.5 mm TFLT MZM (800 nm SiO2 clad),mzm,lithium_tantalate;balanced_2x2;separate_dc_and_rf_electrodes;dc_stability;path_length_balanced,lithium_tantalate,ltoi_rib,monolithic,tw_gsg,push_pull,mzm_push_pull,,c_band,1550,7.5,,,,3.4,,,,,measured,,1ghz,,,50,3,3,measured,0.35,MZM waveguide scattering (0.13 dB) plus remaining MZM loss; breakdown not itemised,"grating couplers, 7.9 dB per coupler (fiber-to-chip)",,,38.8,static,12.1,author_estimate,,,39,,,,500,300,1000,200,60,5,,0.8,Au (800 nm) on Ti (15 nm); termination Pt (5 nm) on Ti (20 nm),2,silicon,"PECVD SiO2 800 nm, removed over the electrode contact areas; DC-drift comparison MZMs uncladded",x-cut,"light along crystal y, field along z","Si / 2 um SiO2 / 500 nm x-cut LT (300 nm etched, 200 nm slab) / 800 nm PECVD SiO2 / Au electrodes",30,NRZ PRBS; BER below SD-FEC at 5 GBd from 0 to 70 C; open eye at 30 GBd,,,,,,,,arbitrary waveform generator (no driver amplifier shown in the Fig. 1(e) setup),eo_rolloff_db:approx,data/evidence/powell2024a.yaml,"VERSION arXiv v1. Cladded device (800 nm SiO2) carries the VpiL, ER, S21 and Z0 numbers; the MZMs used for the 46 h DC-drift comparison with TFLN are uncladded. DC stability (not a column): below 1 dB power change from quadrature in the first two hours, 0.2 dB over the last 44 h, at 12.1 dBm on-chip (20 dBm off-chip) input; an equivalent uncladded TFLN MZM drifted 5 dB (Fig. 1(d)). On-chip loss 0.35 dB total is the authors' estimate (0.13 dB scattering; second-port ER of 15.9 dB attributed to 53:47 couplers and 0.7 dB electrode-misalignment loss). Two outputs: ER 38.8 dB (port with Fig. 1(c) label) and 15.9 dB. EO S21 normalised, falls about 3 dB between 1 and 3 GHz (attributed to the 39 ohm line; entered as eo_rolloff 3 dB at 3 GHz re 1 GHz, read from Fig. 1(e)) then stays near -3 dB with ripple to 50 GHz (VNA limit; dips to about -5 dB at 42-46 GHz); 3 dB bandwidth not claimed. BER below SD-FEC at 5 GBd NRZ from 0 to 70 C (5.1 dBm on-chip); open eyes at 30 GBd with 28 dBm on-chip (SNR 3.3, oscilloscope-limited). Separate 7.5 mm GSG DC and 50 ohm-terminated RF electrodes. Signal and ground widths and a Vpi voltage are not stated (Vpi not entered; VpiL 3.4 V cm over 7.5 mm implies about 4.5 V, derived by build). Propagation loss: the only figure in the paper is 9 dB/m (0.09 dB/cm, incl. bending) for an uncladded racetrack resonator (intrinsic Q 4.04e6, p.2), a different structure from this cladded MZM, so prop_loss_db_per_cm is left empty. Sidewall angle 60 deg is the Fig. 1 caption value; the reference direction (film plane or normal) is not stated."
prountzou2026-a,prountzou2026,"Embedded sol-gel polycrystalline BTO nanopillar metasurface, ITO sandwich, 784 nm",other,free_space;metasurface;polycrystalline;sol_gel;soft_nanoimprint;barium_titanate;transmissive;sandwich_electrodes;RC_limited;low_speed,barium_titanate,other,other,other,,,,visible_nir,783.6,0.05,,,,,,,,1.5,,0.001,unspecified,,,0.005,,,measured,,,,,,,,,,,,,,,,,,,45,,,,0.1,indium tin oxide (ITO),,"fused quartz, 1 mm",SiO2 spin-on glass etched back to the pillar height; 20 nm ALD AlOx,"polycrystalline BTO, randomly oriented grains",,"fused quartz / ITO 100 nm / residual BTO about 45 nm with BTO nanopillars (radius 125 nm, period 500 nm, height about 260 nm; sol-gel, soft-NIL, 800 C anneal) / SiO2 spin-on glass etched to pillar height / AlOx 20 nm / ITO 100 nm",,,,,,,200,,,,bw3db_ghz:approx;slab_thickness_nm:approx,data/evidence/prountzou2026.yaml,"Free-space metasurface, not a waveguide device: no Vpi; relative transmission modulation dT/T = (T(Vpp) - T(0))/T(0) measured with a lock-in at 1.5 V and 400 kHz at the steepest resonance slope. Maximum |dT/T| 0.08% at 1.5 V (text p.10; Fig. 3a); FEM predicts 0.9% (p.11); the gap is attributed to porosity and conduction: device resistance about 10 kohm, only 0.06 V of the 1.5 V drops across the BTO in simulation (p.6). Overlap integral 27% (simulated), electric field in the pillar 1.9 MV/m and delta n 1.8e-4 for r_eff 27 pm/V and n 1.91 (simulated, r_eff from earlier work, p.8). 3 dB drop near 1 MHz; the response is stable to 5 MHz and RC-limited, not intrinsic (p.12). Embedded device DC poling data are in SI section 6 (not cached). Fig. 1 caption quotes a generic SEM with p 500 nm and d 200 nm; the text values (radius 125 nm, period 500 nm) are entered. Not reported: optical input power, loss, extinction, temperature. length_mm is the lateral aperture of the free-space device, not an interaction length (audit F17, 2026-10-03)."
prountzou2026-b,prountzou2026,"Conformal sol-gel polycrystalline BTO nanopillar metasurface, ITO sandwich, 769 nm, poled",other,free_space;metasurface;polycrystalline;sol_gel;soft_nanoimprint;barium_titanate;transmissive;sandwich_electrodes;poled;RC_limited;low_speed,barium_titanate,other,other,other,,,,visible_nir,768.6,0.05,,,,,,,,1.5,,0.001,unspecified,,,0.005,,,measured,,,,,,,,,,,,,,,,,,,55,,,,0.1,indium tin oxide (ITO),,"fused quartz, 500 um","20 nm ALD AlOx, no SiO2 capping layer; ITO conformal on top","polycrystalline BTO, randomly oriented grains",,"fused quartz / ITO 100 nm / residual BTO about 55 nm with BTO nanopillars (radius 100 nm, period 450 nm, height about 225 nm; sol-gel, soft-NIL, 800 C anneal) / AlOx 20 nm (ALD) / ITO 100 nm conformal",,,,,,,115,,,,bw3db_ghz:approx;q_loaded:approx;slab_thickness_nm:approx,data/evidence/prountzou2026.yaml,"Free-space metasurface, not a waveguide device: no Vpi; relative transmission modulation dT/T = (T(Vpp) - T(0))/T(0) measured with a lock-in at 1.5 V and 400 kHz at the steepest resonance slope. Maximum |dT/T| 0.12% at 1.5 V (text p.10; Fig. 3b); FEM predicts 1.8% (p.11). Overlap integral 37% (simulated); electric field in the pillar 2.4 MV/m and delta n 2.3e-4 (simulated, r_eff 27 pm/V from earlier work). Poling: 10 V DC (33 MV/m) for 100 min raised dT/T from about 0.123% to about 0.155% (up to 25% increase, Fig. 4b, p.12-13); the modulation stayed stable for about one hour after bias removal, then declined slightly over a 120 min observation. Q is lower than simulated (204) because the missing SiO2 layer exposes surface granularity. 3 dB drop near 1 MHz, RC-limited (p.12). Not reported: optical input power, loss, extinction, temperature. length_mm is the lateral aperture of the free-space device, not an interaction length (audit F17, 2026-10-03)."
qi2024-a,qi2024,3 mm,mzm,silica_rib_loaded;no_ln_etch,lithium_niobate,other,monolithic,tw_gsg,,unspecified,,c_band,1550,3,,,,,,,,,,110,1ghz,,,110,,,measured,,,,,,,,,,,,,,,,300,,2000,300,,7,20,0.8,titanium 100 nm / gold 700 nm,3,silicon 525 um,air (no cladding),x-cut,,PECVD SiO2 rib 2 um wide x 400 nm high on 300 nm LN slab on 3 um SiO2 on Si,,,,,,,,,,,bw3db_ghz:gt;wavelength_nm:approx,data/evidence/qi2024.yaml,3 dB bandwidth defined relative to 1 GHz. Electrical S21 above -6.41 dB to 110 GHz (Fig. 4(d)). Per-length Vpi not reported for this length.
qi2024-b,qi2024,5 mm,mzm,silica_rib_loaded;no_ln_etch,lithium_niobate,other,monolithic,tw_gsg,,unspecified,,c_band,1550,5,,,,,,,,,,94.171,1ghz,,,,,,measured,,,,,,,,,,,,,,,,300,,2000,300,,7,20,0.8,titanium 100 nm / gold 700 nm,3,silicon 525 um,air (no cladding),x-cut,,PECVD SiO2 rib 2 um wide x 400 nm high on 300 nm LN slab on 3 um SiO2 on Si,,,,,,,,,,,wavelength_nm:approx,data/evidence/qi2024.yaml,Per-length Vpi not reported for this length.
qi2024-c,qi2024,8 mm,mzm,silica_rib_loaded;no_ln_etch,lithium_niobate,other,monolithic,tw_gsg,,unspecified,,c_band,1550,8,,,,,,,,,,80.661,1ghz,,,,,,measured,,,,,,,,,,,,,,,,300,,2000,300,,7,20,0.8,titanium 100 nm / gold 700 nm,3,silicon 525 um,air (no cladding),x-cut,,PECVD SiO2 rib 2 um wide x 400 nm high on 300 nm LN slab on 3 um SiO2 on Si,,,,,,,,,,,wavelength_nm:approx,data/evidence/qi2024.yaml,Per-length Vpi not reported for this length.
qi2024-d,qi2024,12.917 mm,mzm,silica_rib_loaded;no_ln_etch,lithium_niobate,other,monolithic,tw_gsg,,unspecified,,c_band,1550,12.917,1.96,,,2.53,,,,,measured,,,,,,,,,,,,,,,,,,,,,,,,300,,2000,300,,7,20,0.8,titanium 100 nm / gold 700 nm,3,silicon 525 um,air (no cladding),x-cut,,PECVD SiO2 rib 2 um wide x 400 nm high on 300 nm LN slab on 3 um SiO2 on Si,,,,,,,,,,,wavelength_nm:approx,data/evidence/qi2024.yaml,"Only length with a Vpi measurement (5 kHz, to avoid photorefractive effect). Best ER 10.73 dB and best insertion loss 18.3 dB are quoted over all fabricated devices, not tied to a length; IL definition not stated."
qiu2026-a,qiu2026,"1.75 mm differential MZM, O-band DR4 BTO-on-SiPh chip",mzm,dr4;o_band;packaged;rf_driver_packaged;cmos_serdes;bto_on_sip,barium_titanate,bto_on_si,other,,differential,mzm_differential,,o_band,,1.75,6,,,,,,,,measured,55,1ghz,,105,,,,measured,3,not itemised in the text (stated only as 'on-chip IL'),"1x4 laser power splitter (6 dB), fiber edge couplers (1.25 dB each), fiber splices (1-2.5 dB)",,,35,static,,measured,,,,,,,,,,,,,,,,,200 mm silicon photonics wafer (processed; BTO transferred onto it),,,,"BTO grown on silicon wafers by molecular beam epitaxy and transferred onto processed silicon photonic wafers (Si slab/rib waveguides, Ge photodiodes, doped Si resistors and thermal phase shifters, several SiN layers); Si/SiN-to-BTO mode couplers; BEOL high-speed phase shifters with additional oxide, nitride and metal layers",225,"PAM4 at 225 GBd (net 422 Gb/s per lane, BER under HD-FEC, 2 km SSMF); PAM6 at 225 GBd (net 506 Gb/s); PAM8 at 225 GBd (net 540 Gb/s); PAM4 at 112 GBd BER below 1e-6 (DFE only)",,540,,,,,,Differential RF drivers (up to 30 dB gain at 100 GHz) wire-bonded in an OIF-style coherent driver modulator package adapted for IMDD; signals from a 225 GBd 3 nm CMOS SerDes,extinction_ratio_db:gt,data/evidence/qiu2026.yaml,"Four-channel DR4 chip, 5.1 x 3.5 mm2 die, 1.75 mm phase shifters, 50 ohm differential on-chip terminations, thermal phase shifters (P_pi 13 mW), Ge monitor photodiodes. Row values are for the bare BTO die (Vpi, EO S21, DC ER) or system level (all four channels reach 225 GBd PAM4). Vpi 6 V is called 'differential Vpi of the bare die'; whether it is a DC or a low-frequency value is not stated, so it is entered in vpi_dc_v with that caveat. EO S21 normalised to 1 GHz (Fig. 1b caption): 3 dB 55 GHz, 6 dB 105 GHz; the figure itself was not available. Loss: connectorised fiber-to-fiber 12.5-14 dB across channels (includes 1-2.5 dB splice loss), of which the PIC contributes 11.5 dB (6 dB 1x4 laser power splitter, 1.25 dB per fiber edge coupler, 3 dB on-chip IL); no single fiber-to-fiber value is entered because it is a per-channel range; only the 3 dB on-chip figure is entered, excluding the splitter and couplers. A stated 448 Gbps PAM4 line-rate figure (title, Sec. 1, Sec. 5) is deliberately not entered in max_line_rate_gbps (the results give net rates). Wavelength not stated beyond O-band. System: all four channels 225 GBd PAM4 under HD-FEC over 2 km SSMF with Tx pre-emphasis, Rx DFE and 1-tap MLSE (net 422 Gb/s per lane); PAM6 net 506 and PAM8 net 540 Gb/s at 225 GBd; 112 GBd PAM4 BER below 1e-6 (DFE only); stable to 85 degC (TEC limit), slight degradation above 50 degC attributed to driver gain; one channel driven at a time, crosstalk negligible; drivers roll off 15 dB beyond 105 GHz (Fig. 2b); 2 dBm Tx average power; 20 dBm QD DFB laser split on chip. BTO is grown by MBE on silicon and transferred onto processed SiPh wafers; the text also calls the integration monolithic, so integration is entered as other. Not reported: wavelength, Vpi frequency or bias, electrode type/geometry, propagation or RF loss, Z0, n_rf, ng, film thickness, energy per bit."
renaud2023-2p5um-738,renaud2023,"1 cm MZM, 2.5 um gap, 738 nm",mzm,visible_nir;rib_ln;x_cut,lithium_niobate,lnoi_rib,monolithic,tw_gsg,push_pull,mzm_push_pull,,visible_nir,738,10,0.47,,,,,,,,extracted_from_figure,,,,,,,,,,,,,,,,,,,,,,,,300,180,600,120,,2.5,,0.8,Au (10 nm Ti adhesion layer),,Si with 2 um thermal SiO2 (NanoLN),PECVD SiO2 about 1 um (Fig. 1(c)),x-cut,,,,,,,,,,,,,vpi_dc_v:approx,data/evidence/renaud2023.yaml,"Vpi measured at 1 MHz with a triangle waveform (Methods p.5). Push-pull GSG CPW electrodes stated (p.2). Electrode signal and ground widths and whether the Au contacts the LN slab or sits on cladding are not stated. Gap series at 738 nm (Fig. 2(b)); Vpi read from the measured points of the plot (about +-0.02 V), 1 cm so VpiL is numerically equal in V*cm; text states VpiL below 1 V*cm for gaps up to 5 um. "
renaud2023-3um-532,renaud2023,"1 cm MZM, 3 um gap, 532 nm",mzm,visible_nir;rib_ln;x_cut,lithium_niobate,lnoi_rib,monolithic,tw_gsg,push_pull,mzm_push_pull,,visible_nir,532,10,0.42,,,,,,,,measured,,,,,,,,,,,,,,,,,,,,,,,,300,180,600,120,,3,,0.8,Au (10 nm Ti adhesion layer),,Si with 2 um thermal SiO2 (NanoLN),PECVD SiO2 about 1 um (Fig. 1(c)),x-cut,,,,,,,,,,,,,,data/evidence/renaud2023.yaml,"Vpi measured at 1 MHz with a triangle waveform (Methods p.5). Push-pull GSG CPW electrodes stated (p.2). Electrode signal and ground widths and whether the Au contacts the LN slab or sits on cladding are not stated. Wavelength series on one 1 cm, 3 um gap device (Fig. 2(a)); text value. "
renaud2023-3um-638,renaud2023,"1 cm MZM, 3 um gap, 638 nm",mzm,visible_nir;rib_ln;x_cut,lithium_niobate,lnoi_rib,monolithic,tw_gsg,push_pull,mzm_push_pull,,visible_nir,638,10,0.45,,,,,,,,measured,,,,,,,,,,,,,,,,,,,,,,,,300,180,600,120,,3,,0.8,Au (10 nm Ti adhesion layer),,Si with 2 um thermal SiO2 (NanoLN),PECVD SiO2 about 1 um (Fig. 1(c)),x-cut,,,,,,,,,,,,,,data/evidence/renaud2023.yaml,"Vpi measured at 1 MHz with a triangle waveform (Methods p.5). Push-pull GSG CPW electrodes stated (p.2). Electrode signal and ground widths and whether the Au contacts the LN slab or sits on cladding are not stated. Wavelength series on one 1 cm, 3 um gap device (Fig. 2(a)); text value. Fig. 2(a) point reads about 0.47 V (text 0.45 V)."
renaud2023-3um-738,renaud2023,"1 cm MZM, 3 um gap, 738 nm",mzm,visible_nir;rib_ln;x_cut,lithium_niobate,lnoi_rib,monolithic,tw_gsg,push_pull,mzm_push_pull,,visible_nir,738,10,0.55,,,0.55,,,,,measured,35,other,3,,40,,,measured,,,,15,0.7,21,static,,measured,,,,2.22,2.38,,300,180,600,120,,3,,0.8,Au (10 nm Ti adhesion layer),,Si with 2 um thermal SiO2 (NanoLN),PECVD SiO2 about 1 um (Fig. 1(c)),x-cut,,,,,,,,,,,,,bw3db_ghz:approx;il_fiber_to_fiber_db:approx;prop_loss_db_per_cm:approx;extinction_ratio_db:approx;ng_opt:approx,data/evidence/renaud2023.yaml,"Vpi measured at 1 MHz with a triangle waveform (Methods p.5). Push-pull GSG CPW electrodes stated (p.2). Electrode signal and ground widths and whether the Au contacts the LN slab or sits on cladding are not stated. Wavelength series on one 1 cm, 3 um gap device (Fig. 2(a)); text value. Headline device. 3 dB EO bandwidth about 35 GHz with respect to 3 GHz (Bessel-fit of sideband power, Fig. 2(c)); abstract says in excess of 35 GHz; theory 36 GHz from measured CPW S-parameters; limited by RF loss. Plotted data run to about 40 GHz. Insertion loss: on-chip loss about 0.7 +- 0.2 dB/cm from varied-length 3 um gap devices (supplementary, wavelength not stated in main text); total about 15 dB fiber-to-fiber includes about 7 dB/facet lensed-fiber coupling (wavelength and exact definition not stated). ER about 21 dB (Fig. 2(b) inset, 1 cm, 3 um gap, static transmission sweep). RF loss: only the fitted coefficient 1.35 dB/cm/GHz^0.5 is stated (p.3); no point value entered. RF index 2.22 at 50 GHz and optical group index about 2.38 (VNIR) are simulated; Electrodes designed for Z close to 50 ohm (COMSOL, p.2); authors cite a CPW impedance mismatch for the low-frequency roll-off (p.3); fabricated Z0 not reported. Index mismatch about 0.17. MZM is an unbalanced amplitude modulator with Y-splitters (0.2 dB excess loss each). Discussion (p.5) 'on-chip insertion loss as low as 0.7 dB' restates 0.7 dB/cm over 1 cm; il_onchip_db left empty (Y-splitters about 0.2 dB each, p.2)."
renaud2023-3um-838,renaud2023,"1 cm MZM, 3 um gap, 838 nm",mzm,visible_nir;rib_ln;x_cut,lithium_niobate,lnoi_rib,monolithic,tw_gsg,push_pull,mzm_push_pull,,visible_nir,838,10,0.85,,,,,,,,measured,,,,,,,,,,,,,,,,,,,,,,,,300,180,600,120,,3,,0.8,Au (10 nm Ti adhesion layer),,Si with 2 um thermal SiO2 (NanoLN),PECVD SiO2 about 1 um (Fig. 1(c)),x-cut,,,,,,,,,,,,,,data/evidence/renaud2023.yaml,"Vpi measured at 1 MHz with a triangle waveform (Methods p.5). Push-pull GSG CPW electrodes stated (p.2). Electrode signal and ground widths and whether the Au contacts the LN slab or sits on cladding are not stated. Wavelength series on one 1 cm, 3 um gap device (Fig. 2(a)); text value. Fig. 2(a) point reads about 0.81 V (text 0.85 V)."
renaud2023-3um-938,renaud2023,"1 cm MZM, 3 um gap, 938 nm",mzm,visible_nir;rib_ln;x_cut,lithium_niobate,lnoi_rib,monolithic,tw_gsg,push_pull,mzm_push_pull,,visible_nir,938,10,0.8,,,,,,,,extracted_from_figure,,,,,,,,,,,,,,,,,,,,,,,,300,180,600,120,,3,,0.8,Au (10 nm Ti adhesion layer),,Si with 2 um thermal SiO2 (NanoLN),PECVD SiO2 about 1 um (Fig. 1(c)),x-cut,,,,,,,,,,,,,vpi_dc_v:approx,data/evidence/renaud2023.yaml,"Vpi measured at 1 MHz with a triangle waveform (Methods p.5). Push-pull GSG CPW electrodes stated (p.2). Electrode signal and ground widths and whether the Au contacts the LN slab or sits on cladding are not stated. Wavelength series on one 1 cm, 3 um gap device (Fig. 2(a)); no text value; read from plot (y-axis 0.4-0.8 V). "
renaud2023-4um-738,renaud2023,"1 cm MZM, 4 um gap, 738 nm",mzm,visible_nir;rib_ln;x_cut,lithium_niobate,lnoi_rib,monolithic,tw_gsg,push_pull,mzm_push_pull,,visible_nir,738,10,0.79,,,,,,,,extracted_from_figure,,,,,,,,,,,,,,,,,,,,,,,,300,180,600,120,,4,,0.8,Au (10 nm Ti adhesion layer),,Si with 2 um thermal SiO2 (NanoLN),PECVD SiO2 about 1 um (Fig. 1(c)),x-cut,,,,,,,,,,,,,vpi_dc_v:approx,data/evidence/renaud2023.yaml,"Vpi measured at 1 MHz with a triangle waveform (Methods p.5). Push-pull GSG CPW electrodes stated (p.2). Electrode signal and ground widths and whether the Au contacts the LN slab or sits on cladding are not stated. Gap series at 738 nm (Fig. 2(b)); Vpi read from the measured points of the plot (about +-0.02 V), 1 cm so VpiL is numerically equal in V*cm; text states VpiL below 1 V*cm for gaps up to 5 um. "
renaud2023-5um-738,renaud2023,"1 cm MZM, 5 um gap, 738 nm",mzm,visible_nir;rib_ln;x_cut,lithium_niobate,lnoi_rib,monolithic,tw_gsg,push_pull,mzm_push_pull,,visible_nir,738,10,0.93,,,,,,,,extracted_from_figure,,,,,,,,,,,,,,25,static,,,,,,,,,300,180,600,120,,5,,0.8,Au (10 nm Ti adhesion layer),,Si with 2 um thermal SiO2 (NanoLN),PECVD SiO2 about 1 um (Fig. 1(c)),x-cut,,,,,,,,,,,,,vpi_dc_v:approx;extinction_ratio_db:gt,data/evidence/renaud2023.yaml,"Vpi measured at 1 MHz with a triangle waveform (Methods p.5). Push-pull GSG CPW electrodes stated (p.2). Electrode signal and ground widths and whether the Au contacts the LN slab or sits on cladding are not stated. Gap series at 738 nm (Fig. 2(b)); Vpi read from the measured points of the plot (about +-0.02 V), 1 cm so VpiL is numerically equal in V*cm; text states VpiL below 1 V*cm for gaps up to 5 um. ER over 25 dB for 5 um gap devices (p.3 text)."
renaud2023-pm,renaud2023,"1 cm phase modulator, 3 um gap, 737 nm",phase_shifter,visible_nir;rib_ln;x_cut;phase_modulator;eo_comb;spectral_shearing,lithium_niobate,lnoi_rib,monolithic,tw_gsg,single_ended,per_arm_phase_shifter,,visible_nir,737,10,,1,0.1,,,,,,measured,,,,,,,,,,,,,,,,,,,,,,,,,,,,,3,,,,,,,,,,,,,,,,,,,,vpi_rf_v:approx,data/evidence/renaud2023.yaml,"Phase modulator used for the spectral-shearing demonstration (optical pulses at 737 nm, 1 ns, shift +-6.6 GHz, 100 MHz RF tone of about 20 Vpi) and, with the same 3 um gap design, for 30 GHz EO combs with over 50 lines at 638/738/838 nm. Vpi about 1 V at 100 MHz is the only phase-modulator Vpi stated. Drive and Vpi convention for a single phase modulator are assumed, not stated. Cross-section assumed to match the MZMs but not restated for this device, so geometry columns are left empty. Not reported: bandwidth, loss."
sabatti2024-fh,sabatti2024,FH 1536 nm C-band MZM (7.3 mm),mzm,push_pull;ppln_shg_downstream,lithium_niobate,lnoi_rib,monolithic,tw_cpw,push_pull,mzm_push_pull,,c_band,1536,7.3,2.5,,,,,,,,measured,60,other,0.02,,60,,,measured,,,,,,23,static,,,,,,2.17,2.19,,300,235,1150,,,6,30,0.85,Au (5 nm Cr adhesion),2,Si,,,,300 nm 5% MgO-doped LN on 2 um SiO2 on Si handle,,,,,,,,,,,bw3db_ghz:gt,data/evidence/sabatti2024.yaml,"Modulated fundamental harmonic of the upconversion chip. Fiber grating coupler efficiency -4 dB at 1550 nm (design wavelength). Vpi*L left to the build step (7.3 mm is the stated MZI modulator length, electrode length not stated). Etch depth and rib width are the PPLN-waveguide design values applied to the MZM rows. n_rf and ng are the authors FEM design values, not measurements. 3 dB reference: Fig. 3(c) is normalized to 0 dB at the first point (20 MHz) of the sweep, read from the figure and not stated in the text; EO trace stays within about -3 dB to 60 GHz."
sabatti2024-sh,sabatti2024,SH 768 nm via 7 mm PPLN (same chip),mzm,push_pull;shg_upconverted;ppln,lithium_niobate,lnoi_rib,monolithic,tw_cpw,push_pull,mzm_push_pull,,visible_nir,768,7.3,2.5,,,,,,,,measured,40,other,0.02,,40,,,measured,,,,,,46,static,,,,,,,,,300,235,1150,,,6,30,0.85,Au (5 nm Cr adhesion),2,Si,,,,300 nm 5% MgO-doped LN on 2 um SiO2 on Si handle,,,,,,,,,,,,data/evidence/sabatti2024.yaml,"Second harmonic generated in a 7 mm PPLN after the MZI; inherits Vpi and speed, ER doubled in dB by the quadratic SHG. SH RF power 33 dB below FH in the EO measurement; 1 dB EO-response difference FH vs SH from 20 MHz to 20 GHz. Grating coupler -7 dB at 775 nm; whole-device SHG efficiency 35 %/W. Bandwidth is the authors' 40 GHz claim (limit attributed to the VNA noise floor); the SH trace in Fig. 3(c) reaches the -3 dB line near 30 GHz, dips to about -3.9 dB near 35-36 GHz and ends at 40 GHz. Etch depth and rib width are the PPLN-waveguide design values applied to the MZM rows."
sayem2026a-c125,sayem2026a,"1.5 mm coupling modulator, 125 C",ring,coupling_modulator;resonant;temperature_dependence;dc_bias_stability,lithium_tantalate,ltoi_rib,monolithic,,,,elevated,,,1.5,,,,,,,,,,,,,,,,,,,,,,,,,,,,,,,,,,,,,,7,,,,,,,,,,,,,,,,,,0.0014,,tuning_nm_per_v:approx,data/evidence/sayem2026a.yaml,"Resonance tuning of the coupling modulator phase section, 0 to 25 V DC at 125 C. Tuning value is the batch secant at 25 V from the Fig. 4(e) end point (-35.1 pm; authors give no number). The 125 C curve is strongly nonlinear (steeper at low voltage, about 1.5 pm/V over the first 5 V by visual reading). Coupling condition changes with temperature (under- to critically coupled). No Vpi, wavelength, Q or bandwidth reported for this device in this paper; resonances time-stable (20 traces per voltage, 1 min apart)."
sayem2026a-c25,sayem2026a,"1.5 mm coupling modulator, 25 C",ring,coupling_modulator;resonant;temperature_dependence;dc_bias_stability,lithium_tantalate,ltoi_rib,monolithic,,,,room,,,1.5,,,,,,,,,,,,,,,,,,,,,,,,,,,,,,,,,,,,,,7,,,,,,,,,,,,,,,,,,0.00054,,tuning_nm_per_v:approx,data/evidence/sayem2026a.yaml,"Resonance tuning of the coupling modulator phase section, 0 to 25 V DC at 25 C. Tuning value is the batch secant at 25 V from the Fig. 4(e) end point (-13.4 pm; authors give no number). 25 C curve is close to linear. Coupling condition changes with temperature (under- to critically coupled). No Vpi, wavelength, Q or bandwidth reported for this device in this paper; resonances time-stable (20 traces per voltage, 1 min apart)."
sayem2026a-c95,sayem2026a,"1.5 mm coupling modulator, 95 C",ring,coupling_modulator;resonant;temperature_dependence;dc_bias_stability,lithium_tantalate,ltoi_rib,monolithic,,,,elevated,,,1.5,,,,,,,,,,,,,,,,,,,,,,,,,,,,,,,,,,,,,,7,,,,,,,,,,,,,,,,,,0.00137,,tuning_nm_per_v:approx,data/evidence/sayem2026a.yaml,"Resonance tuning of the coupling modulator phase section, 0 to 25 V DC at 95 C. Tuning value is the batch secant at 25 V from the Fig. 4(e) end point (-34.3 pm; authors give no number). The 95 C curve is strongly nonlinear (steeper at low voltage, about 1.5 pm/V over the first 5 V by visual reading). Coupling condition changes with temperature (under- to critically coupled). No Vpi, wavelength, Q or bandwidth reported for this device in this paper; resonances time-stable (20 traces per voltage, 1 min apart)."
sayem2026a-m120,sayem2026a,"7 mm MZM, 120 C",mzm,temperature_dependence;dc_bias_stability;cpo,lithium_tantalate,ltoi_rib,monolithic,tw_gsg,push_pull,mzm_push_pull,elevated,,,7,3.4,,,,,,,,measured,50,unspecified,,,50,,,measured,,,,,,,,,,,,,,,,,,,,,5.5,,,gold,,silicon,,,,,,,,,,,,,,,bw3db_ghz:gt,data/evidence/sayem2026a.yaml,"Same 7 mm MZM measured at hot-plate temperatures 25, 91 and 120 C (Fig. 2(c) legend); Vpi falls about 10 percent at 120 C. Bandwidth statement is common to the three temperatures (Fig. 3(b) legend 28, 92, 119 C) and is repeated on each row. The 50 GHz bound is the authors expectation (beyond 50 GHz even with 1 dB extra low-frequency roll-off) over a measured 3-50 GHz range normalized at low frequency (about -1 to -1.7 dB at 50 GHz in Fig. 3(b)); no 3 dB crossing observed; normalization reference not stated. Measurement wavelength not stated. Q-point transmission stable over 60 min at all three temperatures (Fig. 2(d))."
sayem2026a-m25,sayem2026a,"7 mm MZM, 25 C",mzm,temperature_dependence;dc_bias_stability;cpo,lithium_tantalate,ltoi_rib,monolithic,tw_gsg,push_pull,mzm_push_pull,room,,,7,3.8,,,,,,,,measured,50,unspecified,,,50,,,measured,,,,,,,,,,,,,,,,,,,,,5.5,,,gold,,silicon,,,,,,,,,,,,,,,bw3db_ghz:gt,data/evidence/sayem2026a.yaml,"Same 7 mm MZM measured at hot-plate temperatures 25, 91 and 120 C (Fig. 2(c) legend); Vpi falls about 10 percent at 120 C. Bandwidth statement is common to the three temperatures (Fig. 3(b) legend 28, 92, 119 C) and is repeated on each row. The 50 GHz bound is the authors expectation (beyond 50 GHz even with 1 dB extra low-frequency roll-off) over a measured 3-50 GHz range normalized at low frequency (about -1 to -1.7 dB at 50 GHz in Fig. 3(b)); no 3 dB crossing observed; normalization reference not stated. Measurement wavelength not stated. Q-point transmission stable over 60 min at all three temperatures (Fig. 2(d))."
sayem2026a-m91,sayem2026a,"7 mm MZM, 91 C",mzm,temperature_dependence;dc_bias_stability;cpo,lithium_tantalate,ltoi_rib,monolithic,tw_gsg,push_pull,mzm_push_pull,elevated,,,7,3.6,,,,,,,,measured,50,unspecified,,,50,,,measured,,,,,,,,,,,,,,,,,,,,,5.5,,,gold,,silicon,,,,,,,,,,,,,,,bw3db_ghz:gt,data/evidence/sayem2026a.yaml,"Same 7 mm MZM measured at hot-plate temperatures 25, 91 and 120 C (Fig. 2(c) legend); Vpi falls about 10 percent at 120 C. Bandwidth statement is common to the three temperatures (Fig. 3(b) legend 28, 92, 119 C) and is repeated on each row. The 50 GHz bound is the authors expectation (beyond 50 GHz even with 1 dB extra low-frequency roll-off) over a measured 3-50 GHz range normalized at low frequency (about -1 to -1.7 dB at 50 GHz in Fig. 3(b)); no 3 dB crossing observed; normalization reference not stated. Measurement wavelength not stated. Q-point transmission stable over 60 min at all three temperatures (Fig. 2(d))."
sayem2026b-cm,sayem2026b,2 mm coupling modulator,ring,coupling_modulator;resonant;dc_bias_stability;annealed,lithium_tantalate,ltoi_rib,monolithic,,,unspecified,,c_band,,2,3,,,0.6,,,,,measured,,,,,,,,,,,,,,15,static,,,,,,,,,,,,,,5.5,,,,4.7,silicon,"PECVD SiO2, 1.5 um",,,,,,,,,,,,,,extinction_ratio_db:gt,data/evidence/sayem2026b.yaml,"Resonant coupling modulator (tunable directional couplers designed 50:50 near C-band), DC bias only: no RF/bandwidth, loss, Q or wavelength reported for this device; design and system results deferred to a separate work. Vpi 3 V is the voltage that takes the resonator from critical coupling at 0 V to no coupling, so its convention is not a phase-shifter or MZM Vpi. Bias stable over 40 min at 0 to 3 V in 1 V steps (Fig. 2(c)); resonator-arm voltage -50 to 50 V gives resonance drift below 0.1 pm over 25 min (Fig. 3). Electrode is described as coplanar waveguide; electrode_type left empty (traveling-wave operation not stated for this device)."
schwarzenberger2026-a,schwarzenberger2026,"280 um SOH MZM, SOXD-100, multi-level doping",mzm,soh;poled;multilevel_doping;foundry_silicon_photonics_feol;edge_coupled;terminated;sub_1dB_phase_shifter_loss,eo_polymer,soi_slot,polymer_backfill,tw_gsg,push_pull,mzm_push_pull,,c_band,1550,0.28,2.4,,,0.067,,,,,measured,74,other,0.00007,110,110,,,measured,2.7,"two 2x2 MMI couplers (0.4 dB), strip-to-slot and slot-to-strip converters (0.8 dB), 3 mm access strip waveguide (0.6 dB), slot-waveguide phase shifter (0.9 dB, by subtraction)",grating couplers (removed with a reference structure); fiber-to-chip edge-coupler loss (about 3 dB per interface in the data experiment),,32,38,static,,measured,,,49.2,,,,,,240,75,10,15,,,aluminum,,silicon-on-insulator,SOXD-100 organic electro-optic material in a local opening of the top oxide (TOX); not encapsulated or cross-linked,,,"Silicon slot waveguide on SOI: rails nominally 240 nm wide and 220 nm high, slot 160 nm, slab 90 nm (design); TEM of a raw device gives rail height 205 nm, rail width 250 nm at the BOX interface (caption: about 230 nm), slab 75 nm, slot 130 nm at the base and about 160 nm average, sidewall angle about 10 deg, about 220 nm deep trench into the BOX; rails weakly n-doped (width of weakly doped region 340 nm), n+ and n++ slabs and contacts; SOXD-100 organic electro-optic material (index 1.8) deposited into a 5 um wide top-oxide opening; arm length imbalance 40 um; 320 um long RF line; push-pull poling via floating ground electrodes",204,"PAM4 up to 204 GBd (408 Gbit/s) and 192 GBd (384 Gbit/s); PAM6 up to 176 GBd (455 Gbit/s), highest below the 20 percent SD-FEC limit 180 GBd (465 Gbit/s) or 184 GBd (476 Gbit/s) as stated in different places; PAM8 176 GBd (528 Gbit/s); all measured BER below the 20 percent SD-FEC limit at the quoted maxima",528,412.5,,,,,,"Keysight M8199B AWG (80 GHz 6 dB bandwidth) with SHF T850B RF amplifier, 20 cm cable, 110 GHz MPI Titan probe, 50 ohm termination, MMSE predistortion; Finisar BPDV4120R 90 GHz photodiode behind an EDFA; Keysight UXR1104A 256 GSa/s oscilloscope",bw6db_ghz:gt;z0_ohm:approx;sidewall_angle_deg:approx;electrode_gap_um:approx,data/evidence/schwarzenberger2026.yaml,"Single device. All numbers from the publisher-formatted KIT repository copy of the JLT article (17 PDF pages, 2026 IEEE notice; license not verifiable from the copy or from Crossref, so redistribution stays restricted_local_only). Vpi 2.4 V measured, 0.67 V mm reported (stored as 0.067 V cm); measurement frequency and wavelength of the Vpi value not stated; MZM in push-pull (Appendix, p.15). Bandwidth: 3 dB 74 GHz and 6 dB beyond 110 GHz from the EO transfer function normalized to 70 kHz, smoothed with a 10 GHz moving average, calibrated 110 GHz photodiode, probe and cables removed, 50 ohm termination, measured to 110 GHz (Fig. 3c); no gate voltage is mentioned. The simulated response (Fig. 3c) is not entered. On-chip IL 2.7 dB at 1550 nm from fringe fits of a 40 um imbalanced MZM, grating coupler removed; phase-shifter loss 0.9 dB (author deduction by subtraction, Table I) equals 3.2 dB/mm over 0.28 mm, stored as 32 dB/cm with derived basis. ER 38 dB from the same spectrum (static). Z0 about 49.2 ohm is the real part of the simulated line impedance (frequency not stated); RF line S21 -5.5 dB at 110 GHz over the 320 um line, S11 below -15 dB to 110 GHz (measured, not converted to dB/cm). Author-derived: field-interaction factor 0.185 (simulated, TEM geometry), in-device r33 158 pm/V; nOEO 1.8. Geometry cells: rib width 240 nm is the design value (TEM 250 nm at base or about 230 nm per caption), slab 75 nm and sidewall angle about 10 deg are TEM values of a raw device; the 3 um BOX appears only in the generic platform schematic Fig. 1c and is not entered. Data experiment at 1556 nm, 13 dBm laser (not on-chip power), 1.7 dBm fiber output power, drive voltage not stated; BER examples: PAM4 192 GBd 4.8e-3, PAM6 176 GBd 1.9e-2, PAM8 176 GBd 3.4e-2 (electrical back-to-back 2.2e-2). Net data rates by authors from FEC implementations of ref. [59]: 412.5 Gbit/s at 160 GBd PAM8 (line rate 480 Gbit/s), 410 Gbit/s at 176 GBd PAM8, 375.9 Gbit/s PAM6 176 GBd, 356.5 Gbit/s PAM4 192 GBd. PAM6 maximum symbol rate is stated as 180 GBd (abstract, summary, 465 Gbit/s) and as 184 GBd (Sec. IV, 476 Gbit/s); max_baud uses the PAM4 value 204 GBd. Foundry not named, so foundry_or_fab is empty. Not reported: RF Vpi, n_RF, optical group index, energy per bit, drive amplitude, on-chip optical input power, signal-electrode width and thickness, doping levels."
shamsansari2021-a,shamsansari2021,5 mm segmented TWE MZM with flip-chip DFB laser,mzm,segmented;laser_integrated;flip_chip_dfb,lithium_niobate,lnoi_rib,monolithic,segmented,,unspecified,,,,5,4.3,,,,,,,,measured,50,unspecified,,,50,,,measured,,,,,,,,,,,,,,,,600,300,800,300,,4,,,,4.7,Si,SiO2 800 nm PECVD,x-cut,,,,,,,,,,,,,bw3db_ghz:approx;electrode_gap_um:approx,data/evidence/shamsansari2021.yaml,"Intensity modulator on the same chip as a flip-chip bonded DFB laser (transmitter); on-chip power after the MZI about 25 mW (estimate) at about 0.8 A. Vpi*L (2.15 V cm for 5 mm) left to the build step. Etch depth 300 nm derived. 50 ohm termination, GGB 50A GSG probe. Vpi measurement wavelength not stated. Fig. 4(d): the trace falls below -3 dB beyond about 43 GHz; the authors attribute this to the 45 GHz photodiode (VNA sweep ends at 50 GHz). bw_measured_to_ghz 50 = VNA sweep and plotted trace end; photodiode response is de-embedded (p.3)."
shen2021-a,shen2021,"10 um radius L-shaped PN MRM at 1960 nm, -2 V bias",ring,microring;pn_depletion;l_shaped_junction;tin_heater;2um_waveband,silicon_plasma_dispersion,soi_rib,foundry_native,lumped,,resonance_tuning_derived,,other,1960,0.0628,,,,0.975,,,,2.5,derived,15,dc,,,,,,measured,8,insertion loss of the MRM at the operating point; the paper gives no further definition,,,,15,static,,measured,,,,,,,220,,600,90,,,,,"Al (contact lines); TiN (heater, 150 nm)",2,"SOI wafer, 220 nm Si, 2 um buried oxide",,,,"L-shaped PN junction around the whole ring; doping n 4e18, p 1.5e18, n++ 1e20, p++ 1e20 cm^-3; heavily doped regions 0.5 um from the waveguide; Al strips 10 um apart; 150 nm TiN heater; ring radius 10 um",45,NRZ-OOK; 40 Gb/s BER under the 7% FEC threshold 3.8e-3 above 0 dBm received power; 45 Gb/s BER 8.85e-4 at 3 dBm with RRC filter and FFE,45,,,,,16.29,0.0525,Arbitrary waveform generator (64 GSa/s) with RF amplifier (about 2.5 Vpp) and bias tee; thulium-doped fiber amplifier at the receiver,wavelength_nm:approx;bw3db_ghz:gt;il_onchip_db:approx;extinction_ratio_db:gt;drive_vpp_v:approx,data/evidence/shen2021.yaml,"Version: all values from arXiv 2104.01163v1 (5 pp, short preprint titled 'High-speed silicon microring modulator at 2-um waveband'), not the Photonics Research 10(3) A35 (2022) version of record (Crossref title adds 'with analysis and observation of optical bistability'; same six authors). The cached abstract says 15 GHz and 45 Gbps with 'less than 1 V cm'; the body gives 0.975 V cm. The 18 GHz, 50 Gbps and 0.85 V cm quoted in the batch hint are not in the cached text and are not used. 3 dB bandwidth: Fig. 4(a) -2 V trace crosses -3 dB near 15 to 16 GHz (-1 V trace near 13.5 GHz); the text says 'beyond 15 GHz', so 15 with qualifier gt; response normalized at the 0 GHz plot start (reference dc, derived). VNA is 67 GHz, plot shows to 40 GHz. Vpi*L 0.975 V cm is the resonance-shift figure (checks to 0.974 with FSR 16.29 nm, 52.5 pm/V and L = 2*pi*R = 62.8 um); reverse bias for the 52.5 pm/V point not stated. IL about 8 dB is the MRM at its operating point (relation to the about 6 dB/facet fiber coupling loss not stated). Laser output about 10 dBm (not on-chip power). Data: eyes 20 to 35 Gb/s with pre-equalization (35 Gb/s almost closed); 40 Gb/s BER under 3.8e-3 above 0 dBm received power; 45 Gb/s BER 8.85e-4 at 3 dBm with RRC filter and FFE. Not reported: Q, coupling gap, junction length, energy per bit, capacitance, temperature."
shen2024-a,shen2024,"1.0 m total SEOM (0.5 m per arm), 300 K",mzm,superconducting;niobium_electrodes;spiral;jump_over;meter_scale;hsq_cladding,lithium_niobate,lnoi_rib,monolithic,tw_gsg,push_pull,mzm_push_pull,room,,,500,0.042,,,2.2,,,,0.001,measured,,,,,,,,,,,,,,,,,,,,,,,,600,350,2000,250,,5.2,,,niobium,4.7,500 um high-resistivity silicon,"annealed HSQ (SiO2), 900 nm",x-cut,straight sections along crystal y axis,,,"eye diagrams at Vpp 1 mV and 3 mV, 200 kb/s, room temperature (normal-metal RC limited)",0.0002,,,,,,,,vpil_dc_vcm:approx,data/evidence/shen2024.yaml,"Vpi and length refer to push-pull MZM with the total modulation length split over two spiral arms (convention and drive inferred: GSG line between the two arms, authors do not say push-pull). Length column is the per-arm length. Vpi 42 mV measured with a voltage sweep at room temperature (Fig. 2d); authors quote VpiL around 2.2 V cm for the three devices using the one-arm length (entered; 42 mV x 50 cm = 2.1 V cm). Eye diagrams (Fig. 2e) at 1 mV and 3 mV with 200 kb/s limited by about 1 kOhm/cm electrode resistance. Bit rate stated as speed (200 kbps), format not stated. Wavelength not stated. Chip area 14 mm x 4 mm for the 1 m modulator (p.3). Not reported: bandwidth at room temperature (a few MHz class estimated for the 0.2 m device only), IL, ER. Rib width 2 um (modelled cross-section) and gap 5.2 um are design values (design_target)."
shen2024-b,shen2024,"0.4 m total SEOM (0.2 m per arm), 300 K",mzm,superconducting;niobium_electrodes;spiral;jump_over;meter_scale;hsq_cladding,lithium_niobate,lnoi_rib,monolithic,tw_gsg,push_pull,mzm_push_pull,room,,,200,0.11,,,2.2,,,,,measured,,,,,,,,,,,,,,,,,,,,,,,,600,350,2000,250,,5.2,,,niobium,4.7,500 um high-resistivity silicon,"annealed HSQ (SiO2), 900 nm",x-cut,straight sections along crystal y axis,,,,,,,,,,,,vpil_dc_vcm:approx,data/evidence/shen2024.yaml,"Vpi and length refer to push-pull MZM with the total modulation length split over two spiral arms (convention and drive inferred: GSG line between the two arms, authors do not say push-pull). Length column is the per-arm length. Vpi 110 mV at room temperature (Fig. 2d); 0.2 m per arm x 110 mV = 2.2 V cm (matches the authors VpiL). Area 10 mm x 2.5 mm (0.4 m device per text). Wavelength not stated. Rib width 2 um (modelled cross-section) and gap 5.2 um are design values (design_target)."
shen2024-c,shen2024,"0.2 m total SEOM (0.1 m per arm), 300 K",mzm,superconducting;niobium_electrodes;spiral;jump_over;meter_scale;hsq_cladding,lithium_niobate,lnoi_rib,monolithic,tw_gsg,push_pull,mzm_push_pull,room,,,100,0.23,,,2.2,,,,,measured,,,,,,,,,,,,,,,,,,,,,,,,600,350,2000,250,,5.2,,,niobium,4.7,500 um high-resistivity silicon,"annealed HSQ (SiO2), 900 nm",x-cut,straight sections along crystal y axis,,,,,,,,,,,,vpil_dc_vcm:approx,data/evidence/shen2024.yaml,"Vpi and length refer to push-pull MZM with the total modulation length split over two spiral arms (convention and drive inferred: GSG line between the two arms, authors do not say push-pull). Length column is the per-arm length. Vpi 230 mV at room temperature (Fig. 2d); 0.1 m per arm x 230 mV = 2.3 V cm (authors quote about 2.2 for the three devices). A packaged 0.2 m device gives 220 mV at 300 K (p.5, Fig. S5): different device or measurement, entered on row e. Normal-metal eye closes between 5 and 10 Mb/s at Vpp 10 mV (p.4, Fig. 2f; not entered). Rib width 2 um (modelled cross-section) and gap 5.2 um are design values (design_target)."
shen2024-d,shen2024,"0.2 m total SEOM (0.1 m per arm), cryogenic EO bandwidth",mzm,superconducting;niobium_electrodes;spiral;jump_over;meter_scale;hsq_cladding,lithium_niobate,lnoi_rib,monolithic,tw_gsg,push_pull,mzm_push_pull,cryogenic,,,100,,,,,,,,0.01,,17.5,unspecified,,,,,,derived,,,,,,,,,,,,,,2.25,,600,350,2000,250,,5.2,2,0.275,niobium,4.7,500 um high-resistivity silicon,"annealed HSQ (SiO2), 900 nm",x-cut,straight sections along crystal y axis,,,"eye diagrams at Vpp 10 mV, 2 and 4 Gb/s, cryogenic (format not stated; 6 GHz oscilloscope)",4,,,,,,,,ng_opt:approx,data/evidence/shen2024.yaml,"Vpi and length refer to push-pull MZM with the total modulation length split over two spiral arms (convention and drive inferred: GSG line between the two arms, authors do not say push-pull). Length column is the per-arm length. 3 dB EO bandwidth is derived by the authors from fitted S21 curves of a 0.2 m SEOM below Tc of Nb (about 8 K): 13.5 GHz at 4.8 K, 17.5 GHz at 5.6 K (headline), 16.8 GHz at 6.4 K, 11.0 GHz at 6.8 K (Fig. 3d caption); above Tc bandwidth is tens of MHz (9.0 K). Reference level of the 3 dB drop not stated (curves offset in Fig. 3d). Signal width about 2 um and Nb thickness about 275 nm are the matching-optimum values of the modelled line in Fig. 3a-c (design_target, entered on this row only); gap 5.2 um and waveguide 2 um are the design values applied to all rows; as-built signal electrodes elsewhere stated as 1-2 um wide and 200-300 nm thick. Optical ng 2.25 entered (simulated); fitted 2.28 on a mismatched sibling device (SI) not entered. Simulated microwave line index and impedance matched to about 50 ohm near these dimensions; measured microwave group index vs temperature in Fig. S6b not entered. Vpi of this device at 4 K not stated separately (see row e). Eye diagrams (Fig. 2g) are labelled 0.2 m SEOM at cryogenics, identity with the bandwidth device not stated. Wavelength not stated."
shen2024-e,shen2024,"0.2 m packaged SEOM at 4 K, RSFQ optical readout",mzm,superconducting;niobium_electrodes;spiral;jump_over;meter_scale;hsq_cladding,lithium_niobate,lnoi_rib,monolithic,tw_gsg,push_pull,mzm_push_pull,cryogenic,,,100,0.38,,,3.8,,,,0.005,measured,,,,,,,,,8,on-chip insertion loss stated as an additional 8 dB beyond 12 dB coupling loss (p.6); contents not itemized by the authors,"fiber-to-grating coupling (12 dB total; 6 dB per facet, SI p.21)",20,0.8,,,17,measured,,,,,,,600,350,2000,250,,5.2,,,niobium,4.7,500 um high-resistivity silicon,"annealed HSQ (SiO2), 900 nm",x-cut,straight sections along crystal y axis,,1,"NRZ PRBS7 at 1 Gb/s: RSFQ 5 mV Vpp (SNR 3.1 dB, BER 2.2e-2 calculated); AWG 10 mV (7.0 dB, 7.7e-4) and 20 mV (10.4 dB, 1.4e-6)",1,,0.125,,,,,"on-chip RSFQ SQUID-stack driver (5 mV Vpp into 50 ohm), no electrical amplification",prop_loss_db_per_cm:approx,data/evidence/shen2024.yaml,"Vpi and length refer to push-pull MZM with the total modulation length split over two spiral arms (convention and drive inferred: GSG line between the two arms, authors do not say push-pull). Length column is the per-arm length. Packaged module with grating couplers and wire-bonded PCB. Vpi 220 mV at 300 K and 380 mV at 4 K (70% increase, Fig. S5, p.17); 4 K value entered. Total optical loss 20 dB = 12 dB coupling + 8 dB on-chip; propagation about 0.8 dB/cm after electron-beam-induced damage (Supplementary Sec. VIII, pp.21-23; 0.2 dB/cm before metal). Laser 17 dBm; calculated transduction efficiency 1.4e-4. Energy 0.125 fJ/bit (125 aJ) is the author-computed microwave dissipation V^2/Z0 at 5 mV Vpp, 1 Gb/s (V = Vpp/2, Z0 = 50 ohm); optical dissipation about 50 pJ/bit is excluded. 20% overhead FEC tolerance 2.7e-2. Bias near transmission null. Bandwidth not measured on this module. Cryogenic VpiL 3.8 V cm = 0.38 V x 10 cm per arm (Fig. 5 caption). Rib width 2 um (modelled cross-section) and gap 5.2 um are design values (design_target)."
sia2022-a,sia2022,"Ring-assisted MZM at 2 um, Vbias = 1 V reverse",mzm,ring_assisted_mzm;racetrack_phase_shifter;pn_depletion;linearity;sfdr;2um_waveband;overcoupled,silicon_plasma_dispersion,soi_rib,other,lumped,single_ended,unspecified,,other,1970,,,,,0.7,,,-1,,measured,16.2,unspecified,,,17.5,,,measured,,,,,,21.5,static,,,,,,,,,220,,600,,,,,,,,,,,,"Racetrack phase shifter with lateral P-N junction, P and N doping about 5e17 cm^-3 at the rib center, P++/N++ 1.0 um from the center; 90 nm rib height (as stated), 10 um wide rib over 30 um taper; overcoupled racetrack (gap 0.2 um, 2.25 um straight)",,,,,,,,7.7,,,wavelength_nm:approx,data/evidence/sia2022.yaml,"Version: arXiv 2210.06994v1 (9 pp, IEEE template placeholder header), no journal DOI located. Ring-assisted MZM (racetrack phase shifter on one arm of a symmetric MZI), measured at Vbias = 1 V reverse (paper quotes the magnitude; negative sign here follows the repo reverse-bias convention). SFDR 75 dB Hz^(2/3) (Fig. 9(a), carrier-injection-like nonlinearity). Vpi*L 0.70 V cm is the low end of the stated range. Bandwidth is measured with a 17.5 GHz photodetector; the response shows optical peaking and is normalized at the lowest frequency (about 1 GHz), reference unspecified. Static ER 21.5 dB and FSR 7.7 nm are measured at Vbias = 0 V (Fig. 4(a)) and are carried on the 1 V row only. Racetrack straight 2.25 um, gap 0.2 um, power coupling 0.77 (simulated, overcoupled by design); MZI arm 375 um (not the phase-shifter length); PN junction covers 44 percent of the 180-degree bends; 99 percent of the mode lies in the P/N regions (overlap analysis). Vpi*L definition and active length are not stated, so no length or Vpi is entered. Fabricator not named (platform said to be commercially available; one author is at CompoundTek). Not reported: insertion loss, Vpi in volts, active length, energy, optical power, wavelength tolerance. No 0 V row exists: the static ER 21.5 dB and FSR 7.7 nm are Vbias = 0 V values although bias_for_vpi_v here is -1 V."
sia2022-b,sia2022,"Ring-assisted MZM at 2 um, Vbias = 3 V reverse",mzm,ring_assisted_mzm;racetrack_phase_shifter;pn_depletion;linearity;sfdr;2um_waveband;overcoupled,silicon_plasma_dispersion,soi_rib,other,lumped,single_ended,unspecified,,other,1970,,,,,0.8,,,-3,,extracted_from_figure,17.5,unspecified,,,17.5,,,measured,,,,,,,,,,,,,,,,220,,600,,,,,,,,,,,,"Racetrack phase shifter with lateral P-N junction, P and N doping about 5e17 cm^-3 at the rib center, P++/N++ 1.0 um from the center; 90 nm rib height (as stated), 10 um wide rib over 30 um taper; overcoupled racetrack (gap 0.2 um, 2.25 um straight)",,,,,,,,,,,wavelength_nm:approx;vpil_dc_vcm:approx;bw3db_ghz:gt,data/evidence/sia2022.yaml,"Version: arXiv 2210.06994v1 (9 pp, IEEE template placeholder header), no journal DOI located. Ring-assisted MZM (racetrack phase shifter on one arm of a symmetric MZI), measured at Vbias = 3 V reverse (paper quotes the magnitude; negative sign here follows the repo reverse-bias convention). SFDR 91 dB Hz^(2/3) (Fig. 9(b)). Bandwidth is measured with a 17.5 GHz photodetector; the response shows optical peaking and is normalized at the lowest frequency (about 1 GHz), reference unspecified. Static ER 21.5 dB and FSR 7.7 nm are measured at Vbias = 0 V (Fig. 4(a)) and are carried on the 1 V row only. Racetrack straight 2.25 um, gap 0.2 um, power coupling 0.77 (simulated, overcoupled by design); MZI arm 375 um (not the phase-shifter length); PN junction covers 44 percent of the 180-degree bends; 99 percent of the mode lies in the P/N regions (overlap analysis). Vpi*L definition and active length are not stated, so no length or Vpi is entered. Fabricator not named (platform said to be commercially available; one author is at CompoundTek). Not reported: insertion loss, Vpi in volts, active length, energy, optical power, wavelength tolerance."
sia2022-c,sia2022,"Ring-assisted MZM at 2 um, Vbias = 5 V reverse",mzm,ring_assisted_mzm;racetrack_phase_shifter;pn_depletion;linearity;sfdr;2um_waveband;overcoupled,silicon_plasma_dispersion,soi_rib,other,lumped,single_ended,unspecified,,other,1970,,,,,0.93,,,-5,,extracted_from_figure,17.5,unspecified,,,17.5,,,author_estimate,,,,,,,,,,,,,,,,220,,600,,,,,,,,,,,,"Racetrack phase shifter with lateral P-N junction, P and N doping about 5e17 cm^-3 at the rib center, P++/N++ 1.0 um from the center; 90 nm rib height (as stated), 10 um wide rib over 30 um taper; overcoupled racetrack (gap 0.2 um, 2.25 um straight)",,,,,,,,,,,wavelength_nm:approx;vpil_dc_vcm:approx;bw3db_ghz:gt,data/evidence/sia2022.yaml,"Version: arXiv 2210.06994v1 (9 pp, IEEE template placeholder header), no journal DOI located. Ring-assisted MZM (racetrack phase shifter on one arm of a symmetric MZI), measured at Vbias = 5 V reverse (paper quotes the magnitude; negative sign here follows the repo reverse-bias convention). SFDR 95 dB Hz^(2/3) (Fig. 9(c)), the abstract headline value, best of the biases measured. Bandwidth is measured with a 17.5 GHz photodetector; the response shows optical peaking and is normalized at the lowest frequency (about 1 GHz), reference unspecified. Static ER 21.5 dB and FSR 7.7 nm are measured at Vbias = 0 V (Fig. 4(a)) and are carried on the 1 V row only. Racetrack straight 2.25 um, gap 0.2 um, power coupling 0.77 (simulated, overcoupled by design); MZI arm 375 um (not the phase-shifter length); PN junction covers 44 percent of the 180-degree bends; 99 percent of the mode lies in the P/N regions (overlap analysis). Vpi*L definition and active length are not stated, so no length or Vpi is entered. Fabricator not named (platform said to be commercially available; one author is at CompoundTek). Not reported: insertion loss, Vpi in volts, active length, energy, optical power, wavelength tolerance."
sia2022-d,sia2022,"Ring-assisted MZM at 2 um, Vbias = 7 V reverse",mzm,ring_assisted_mzm;racetrack_phase_shifter;pn_depletion;linearity;sfdr;2um_waveband;overcoupled,silicon_plasma_dispersion,soi_rib,other,lumped,single_ended,unspecified,,other,1970,,,,,1.13,,,-7,,extracted_from_figure,17.5,unspecified,,,17.5,,,author_estimate,,,,,,,,,,,,,,,,220,,600,,,,,,,,,,,,"Racetrack phase shifter with lateral P-N junction, P and N doping about 5e17 cm^-3 at the rib center, P++/N++ 1.0 um from the center; 90 nm rib height (as stated), 10 um wide rib over 30 um taper; overcoupled racetrack (gap 0.2 um, 2.25 um straight)",,,,,,,,,,,wavelength_nm:approx;vpil_dc_vcm:approx;bw3db_ghz:gt,data/evidence/sia2022.yaml,"Version: arXiv 2210.06994v1 (9 pp, IEEE template placeholder header), no journal DOI located. Ring-assisted MZM (racetrack phase shifter on one arm of a symmetric MZI), measured at Vbias = 7 V reverse (paper quotes the magnitude; negative sign here follows the repo reverse-bias convention). SFDR 82 dB Hz^(2/3) (Fig. 9(d)). At Vbias = 8 V the stated upper end of the range is 1.25 V cm (Fig. 4(d)); no separate row because no bandwidth or SFDR is shown for 8 V. Bandwidth is measured with a 17.5 GHz photodetector; the response shows optical peaking and is normalized at the lowest frequency (about 1 GHz), reference unspecified. Static ER 21.5 dB and FSR 7.7 nm are measured at Vbias = 0 V (Fig. 4(a)) and are carried on the 1 V row only. Racetrack straight 2.25 um, gap 0.2 um, power coupling 0.77 (simulated, overcoupled by design); MZI arm 375 um (not the phase-shifter length); PN junction covers 44 percent of the 180-degree bends; 99 percent of the mode lies in the P/N regions (overlap analysis). Vpi*L definition and active length are not stated, so no length or Vpi is entered. Fabricator not named (platform said to be commercially available; one author is at CompoundTek). Not reported: insertion loss, Vpi in volts, active length, energy, optical power, wavelength tolerance."
soma2025-a,soma2025,"60 um square SOH dimerized-grating metasurface, reflective, 1563 nm",other,free_space;metasurface;quasi_BIC;dimerized_grating;silicon_organic_hybrid;reflective;poled;RC_limited,eo_polymer,other,other,lumped,,,,c_band,1563.15,0.06,,,,,,,,0.2,,0.046,unspecified,,,,,,measured,2,"free-space reflection insertion loss at the high-reflectance state, as stated by the authors (2 dB at 3.3 V operating point)","measurement-system transmission loss, calibrated out with a reference aluminium mirror on the same chip (Methods p.11); exact definition of the 2 dB not stated",,,11,static,,measured,,,,,,,,,,,,0.15,,,n-doped silicon bars (interdigitated electrodes); aluminium contact pads,,"SOI: 400 nm Si, 2 um BOX, 725 um Si",,,,"400 nm n-Si dimerized grating (px 500 nm, py 700 nm, delta 0.02, wx 100 nm) with 150 nm slots filled with JRD1 EO polymer (NLM Photonics, spin-coated), on 2 um BOX",0.05,NRZ 50 Mbps (Vpp 0.2 V); PAM4 100 Mbps (Vpp 0.8 V); PRBS 2^9-1; BER below 7% HD-FEC,0.1,,,,2400,,0.26,waveform generator (no amplifier stated),q_loaded:approx,data/evidence/soma2025.yaml,"Free-space metasurface, not a waveguide device: no Vpi. Authors' required voltage Vreq = 2.5 V (voltage that shifts the resonance by one linewidth, lambda_res/Q/S, p.5) and efficiency eta = dR/Vreq = 0.25 1/V; reflectance swing dR = 0.63 between Rmax and Rmin over 3.3 V at 1563.15 nm (Fig. 3d). Resonance shift 5.1 nm at +-10 V; in-device r33 estimated by the authors at 58 pm/V from simulated confinement factor 0.25 (author estimate). EO-polymer JRD1 poled at 100 V/um, about 85 C. 3 dB bandwidth 46 MHz is RC-limited (p.6). 50 Mbps NRZ at Vpp 0.2 V and 100 Mbps PAM4 at Vpp 0.8 V (PRBS 2^9-1, BER below 7% HD-FEC per text, Fig. 3f,g). Not reported: optical input power, temperature, device capacitance, wafer supplier. ER 11 dB is static (voltage sweep, Fig. 3d). length_mm is the lateral aperture of the free-space device, not an interaction length; il_onchip_db is a free-space reflection or excess loss, not a waveguide insertion loss (audit F17, 2026-10-03)."
soma2025-b,soma2025,"10 um square SOH dimerized resonator with 20-layer DBR, reflective, 1563 nm",other,free_space;metasurface;quasi_BIC;dimerized_grating;DBR;silicon_organic_hybrid;reflective;poled;RC_limited,eo_polymer,other,other,lumped,,,,c_band,1562.7,0.01,,,,,,,,1.0,,0.38,unspecified,,,,,,measured,,,,,,20,unspecified,,,,,,,,,,,,,,,,,n-doped silicon bars (interdigitated electrodes); aluminium contact pads,,"SOI: 400 nm Si, 2 um BOX, 725 um Si",,,,"10 um square dimerized n-Si resonator with 20-layer DBR (dh 154 nm, dl 198 nm) on each side, electrical isolation trenches, JRD1 EO polymer fill, on 2 um BOX",1.0,"NRZ 1.0 Gbps (no DSP); PAM4 up to 1.6 Gbps (0.8 GBd, with DSP equalization); Vpp 1 V; PRBS",1.6,,,,665,,0.18,"arbitrary waveform generator (Tektronix AWG7102), Vpp 1 V, GS RF probe",,data/evidence/soma2025.yaml,"Free-space metasurface, not a waveguide device: no Vpi. Authors' Vreq = 11.2 V and S = 0.18 nm/V; the quoted Vreq is not reproduced by lambda/Q/S from the rounded S and Q (about 13 V), cause not stated. Reflectance swing dR = 0.68 only in Extended Data Table I (eta 0.061 1/V). Q 665 is the Fig. 4d label; Extended Data Table I lists 655. Extinction 20 dB is the passive 0 V reflection dip (Fig. 4d inset), not a voltage-switched ratio, so er_type is unspecified. 3 dB bandwidth 0.38 GHz is measured by VNA and fits an RC model; the authors expect about 2.6 GHz and blame >1 kohm Schottky-like contact resistance (p.7). Data: 1.0 Gbps NRZ without DSP and 1.6 Gbps PAM4 with DSP equalization (0.8 GBd) at Vpp 1 V, PRBS pattern, 1560.2 nm; BER read from Fig. 4g is about 2e-3 for 1.0 Gbps NRZ (below the 7% HD-FEC line) and about 1e-2 for 1.6 Gbps PAM4 (between the 7% HD-FEC and 20% SD-FEC lines, text says below the FEC threshold). Full parameter list (Supplementary Table 1) not in cache. IL not reported for this device. length_mm is the lateral aperture of the free-space device, not an interaction length (audit F17, 2026-10-03)."
steckler2025-a,steckler2025,GeSi EAM 40 um,eam,franz_keldysh;lateral_pin;ge_fin;butt_coupled;wafer_probed,germanium_silicon_eam,,monolithic,lumped,single_ended,,room,c_band,1580,0.04,,,,,,,,2.4,,100,unspecified,,,,,,measured,10,"Si-waveguide to GeSi coupling and propagation in the EAM (free-carrier, scattering, direct-gap absorption)",grating-coupler normalization not stated,,,4.7,static,,measured,,,,,,,400,,400,30,,,,,AlCu (five-layer BEOL) with W plugs; NiPt silicide contacts,,"SOI, 220 nm Si waveguide layer on buried oxide (BOX thickness not stated)",SiO2,,,"400 nm GeSi (16 Si delta layers of 2 monolayers, 750 C anneal, about 1% Si) on 30 nm Si; lateral in-situ doped Si n=p=1E18 cm^-3, n+=p+ >5E19 cm^-3",160,"NRZ-OOK; eye diagrams at 120, 140 and 160 Gbit/s (1575 nm)",160,,,16.3,,,,"AWG (Keysight 8199B) through 110 GHz bias tee, no pre-equalization; receiver-side linear equalization; fiber-to-chip grating couplers",bw3db_ghz:approx;il_onchip_db:approx,data/evidence/steckler2025.yaml,"Headline device for the 140 Gbit/s result. Bandwidth at -3 V bias, 1580 nm, 2 dBm at fiber tip; response normalized in Fig. 3(f) (reference frequency not stated), measured 0.1-110 GHz on a 110 GHz LCA; the -3 dB crossing is seen near 100 GHz. RC estimate about 108 GHz from R=40.2 ohm and C=16.3 fF with 50 ohm load. Static ER 4.7 dB at -3 V and 1575 nm; dynamic ER 2.9 / 2.25 / 1.6 dB at 120 / 140 / 160 Gbit/s (Vbias -1.5 V, 2.4 Vpp, 1575 nm; 8-tap, 8-tap, 16-tap equalizers); 140 Gbit/s eyes also at 1555-1565 nm (1.5 / 1.9 / 2.15 dB). Eyes with a commercial 100 GHz photodiode; 120 and 140 Gbit/s also with the co-integrated 250 nm GeSi-fin photodiode (-4 V). BER below FEC threshold 80-160 Gbit/s per supplementary table (not read). Dark current about 800 nA at -2 V. Static measurements at -3 dBm optical power at the fiber tip (p.3); S21 at 2 dBm at the fiber tip; neither is on-chip power. Table 1 lists 1.8 Vpp for the same dynamic ER."
steckler2025-b,steckler2025,GeSi EAM 20 um,eam,franz_keldysh;lateral_pin;ge_fin;butt_coupled;wafer_probed,germanium_silicon_eam,,monolithic,lumped,single_ended,,room,c_band,1580,0.02,,,,,,,,,,110,unspecified,,,110,,,measured,9,"Si-waveguide to GeSi coupling and propagation in the EAM (free-carrier, scattering, direct-gap absorption)",grating-coupler normalization not stated,,,2.3,static,,measured,,,,,,,400,,400,30,,,,,AlCu (five-layer BEOL) with W plugs; NiPt silicide contacts,,"SOI, 220 nm Si waveguide layer on buried oxide (BOX thickness not stated)",SiO2,,,"400 nm GeSi (16 Si delta layers of 2 monolayers, 750 C anneal, about 1% Si) on 30 nm Si; lateral in-situ doped Si n=p=1E18 cm^-3, n+=p+ >5E19 cm^-3",,,,,,7.88,,,,,bw3db_ghz:gt;il_onchip_db:approx,data/evidence/steckler2025.yaml,"Bandwidth exceeds the 110 GHz instrument limit at -3 V, 1580 nm (Fig. 3(e) response about -2.4 dB at 110 GHz, read by eye, not entered); Table 1 gives >110 (approx 140) as an estimate, not entered. RC estimate about 150 GHz from R=84.8 ohm and C=7.88 fF with 50 ohm load. Static ER 2.3 dB at -3 V and 1575 nm. No eye-diagram data for this length (40 um chosen for higher ER). Dark current about 800 nA at -2 V. Optical power at the fiber tip: -3 dBm (static, p.3), 2 dBm (S21, Fig. 3 caption); neither is on-chip power, so optical_input_power_dbm is empty."
steckler2025-c,steckler2025,Pure Ge EAM 40 um (comparison),eam,franz_keldysh;lateral_pin;ge_fin;pure_ge;comparison_device;wafer_probed,germanium_silicon_eam,,monolithic,lumped,single_ended,,room,l_band,1635,0.04,,,,,,,,,,,,,,,,,,,,,,,9,static,,,,,,,,,400,,400,30,,,,,AlCu (five-layer BEOL) with W plugs; NiPt silicide contacts,,"SOI, 220 nm Si waveguide layer on buried oxide (BOX thickness not stated)",SiO2,,,"400 nm Ge on 30 nm Si; lateral in-situ doped Si n=p=1E18 cm^-3, n+=p+ >5E19 cm^-3",,,,,,,,,,,wavelength_nm:approx;extinction_ratio_db:approx,data/evidence/steckler2025.yaml,"Pure-Ge comparison EAM of identical geometry; maximum extinction near 1635 nm in the L-band. Dynamic response not measured (EDFA limited to about 1600 nm). Insertion loss only in Fig. 3(a,b) curves, not entered. Dark current about 50 nA at -2 V. eo_material set to the closest enum value (no pure-Ge value exists)."
steckler2025-d,steckler2025,Pure Ge EAM 20 um (comparison),eam,franz_keldysh;lateral_pin;ge_fin;pure_ge;comparison_device;wafer_probed,germanium_silicon_eam,,monolithic,lumped,single_ended,,room,l_band,1635,0.02,,,,,,,,,,,,,,,,,,,,,,,5,static,,,,,,,,,400,,400,30,,,,,AlCu (five-layer BEOL) with W plugs; NiPt silicide contacts,,"SOI, 220 nm Si waveguide layer on buried oxide (BOX thickness not stated)",SiO2,,,"400 nm Ge on 30 nm Si; lateral in-situ doped Si n=p=1E18 cm^-3, n+=p+ >5E19 cm^-3",,,,,,,,,,,wavelength_nm:approx;extinction_ratio_db:approx,data/evidence/steckler2025.yaml,"Pure-Ge comparison EAM of identical geometry; maximum extinction near 1635 nm in the L-band. Dynamic response not measured (EDFA limited to about 1600 nm). Insertion loss only in Fig. 3(a,b) curves, not entered. Dark current about 50 nA at -2 V. eo_material set to the closest enum value (no pure-Ge value exists)."
sun2026a-a,sun2026a,"2 mm x 2 mm hybrid BTO/TiO2 GMR metasurface, transmissive, 1579 nm",other,free_space;metasurface;guided_mode_resonance;barium_titanate;sputtered_BTO;TiO2_metasurface;transmissive;poled;ferroelectric_hysteresis;DC_characterization,barium_titanate,other,other,lumped,,,,l_band,1579.2,2,,,,,,,,,,,,,,,,,,,,,,,,,,,,,,,,,280,,,,,7,,0.24,gold,3,silicon (BTO / SrTiO3 / SiO2 / Si multilayer from Soitec SOI),,"a-oriented BTO film: c axis in plane, two orthogonal domain types",x-polarized normal incidence; static field along x in the active region; ferroelectric polarization directions at 45 deg to x; electrode pattern at 45 deg to chip edge,"Si / 3 um SiO2 / 6.4 nm SrTiO3 (MBE) / 280 nm BaTiO3 (off-axis RF sputtered, 700 C) / TiO2 nanopillars (200 nm cubes, ALD damascene, Px 990 nm, Py 865 nm) with 1 um wide gold interdigitated electrodes at 8 um pitch",,,,,,,1370,,0.057,,q_loaded:approx;tuning_nm_per_v:approx,data/evidence/sun2026a.yaml,"Free-space metasurface, not a waveguide device: no Vpi. Transmittance modulation efficiency eta_mod = absolute dT per volt at the operating wavelength, maximum about 0.014 1/V over 9-16 V (Fig. 3e, p.8); transmittance contrast about 0.25. Resonance shift 5.7 nm at 100 V (p.15). Effective Pockels coefficient r_eff estimated by the authors at 118 pm/V (comparison to simulation with r_eff,sim 130 pm/V) and 126 pm/V (perturbation theory), author estimates. Confinement factor 0.8 (simulated), mean static field 6.92 V/um at 50 V. Poled at 50 V for 15 min; butterfly hysteresis, coercive voltage about 20 V (about 2.8 V/um, Fig. 3f). No EO bandwidth is reported for this device; Fig. 4a shows only electrical S21 of 55 nm-electrode devices of several sizes (not entered). BTO is a-oriented with two orthogonal domain types (r42 mediated). Not reported: optical input power, insertion loss, extinction, temperature. length_mm is the lateral aperture of the free-space device, not an interaction length (audit F17, 2026-10-03)."
sun2026a-b,sun2026a,"0.3 mm x 0.3 mm hybrid BTO/TiO2 GMR metasurface, transmissive, GHz EO response",other,free_space;metasurface;guided_mode_resonance;barium_titanate;sputtered_BTO;TiO2_metasurface;transmissive;poled;RC_limited;GHz_speed,barium_titanate,other,other,lumped,,,,,,0.3,,,,,,,,,,0.8,unspecified,,,,,,measured,,,,,,,,,,,,,,,,280,,,,,7,,0.055,gold,3,silicon (BTO / SrTiO3 / SiO2 / Si multilayer from Soitec SOI),,"a-oriented BTO film: c axis in plane, two orthogonal domain types",x-polarized normal incidence; static field along x in the active region; ferroelectric polarization directions at 45 deg to x; electrode pattern at 45 deg to chip edge,"Si / 3 um SiO2 / 6.4 nm SrTiO3 (MBE) / 280 nm BaTiO3 (off-axis RF sputtered, 700 C) / TiO2 nanopillars (200 nm cubes, ALD damascene, Px 990 nm, Py 865 nm) with 1 um wide gold interdigitated electrodes at 8 um pitch",,,,,,4330,1320,,0.071,"VNA port 1 at 10 dBm with bias tee, 7 V DC bias, 50 ohm termination",bw3db_ghz:approx;q_loaded:approx;tuning_nm_per_v:approx;capacitance_ff:approx,data/evidence/sun2026a.yaml,"Free-space metasurface, not a waveguide device: no Vpi. Headline device: eta_mod about 0.020 1/V (calculated from the Fano-fit maximum slope 0.303 1/nm times the 0-20 V shift rate 0.065 nm/V, Supp. Note 6 p.33), r_eff about 151 pm/V (mean of 147 and 156 pm/V, author estimates; the two wafers give 122-151 pm/V per p.3), transmittance contrast about 0.24 at 0 V. Resonance shift rate 0.071 nm/V is the value at 100 V (p.10). -3 dB EO bandwidth about 0.8 GHz at 7 V DC bias and the point of maximum resonance slope, versus about 1 GHz electrical; RC estimate 1.47 GHz terminated (C 4.33 pF, 25 ohm), 0.74 GHz unterminated (EO measured about 0.6 GHz, Supp. Fig. S11d). The 7 V across 50 ohm dissipates about 1 W static power (avoidable by AC coupling). Operating wavelength not stated numerically (resonance near 1580-1590 nm in Fig. 4c). Not reported: optical input power, insertion loss, extinction, energy per bit. length_mm is the lateral aperture of the free-space device, not an interaction length (audit F17, 2026-10-03)."
taghavi2022a-a,taghavi2022a,"1 mm 40 nm slot SOH MZM, 5 nm TiO2",mzm,soh;slot;ultra_narrow_slot;tio2_barrier;air_bridge;poled;directional_coupler;numbers_from_arxiv_v2,eo_polymer,soi_slot,polymer_backfill,,,,,l_band,1620,1,,,,,,,,,,,,,,,,,,,,,,,20,static,,,,,,,,,,,,,,,,,"copper (250 nm on 10 nm titanium adhesion, contact pads; sputtered Cu air bridges)",3,"SOI chip, 250 nm silicon device layer on 3 um buried oxide","SEO125B electro-optic polymer (Soluxra), about 450 nm over the chip; 5 nm ALD TiO2 on slot sidewalls",,,"40 nm vertical slot between two 250 nm wide, 250 nm high silicon rails (Table 1); 50 nm pedestal named in the poling paragraph; 5 nm TiO2 (ALD, 150 C) on all surfaces including the slot; air-bridge interconnects over the waveguide (1.3 um MaN 2410 reflow support); tunable directional couplers protected by FoX; lightly doped silicon",,,,,,,,,,,wavelength_nm:approx;extinction_ratio_db:gt,data/evidence/taghavi2022a.yaml,"VPI CONTRADICTION kept visible (audit F1, 2026-10-03): the abstract (p.1) says measurement results indicate VpiL below 1.2 V.mm 'are possible' for balanced MZMs with this slot, but the only measurement of this 1 mm device, Fig. 11 (p.12), is a spectral shift of about 120 pm for 1 V with FSR about 1.15 nm. That gives Vpi = FSR / (2 x 0.12 nm/V) = 4.8 V, i.e. VpiL = 4.8 V.mm (0.48 V.cm), a factor of 4.0 above the abstract bound; reading the two nulls in the Fig. 11 render gives a spacing of about 1.3 nm (marker labelled 1.15 nm), which would give about 5.4 V.mm. The body states no measured Vpi, drive or convention and the authors do not reconcile the two, so vpil_dc_vcm, vpi_basis and vpi_convention are left empty instead of entering either number. Measured spectral shift 120 pm for 1 V with FSR about 1.15 nm (Fig. 11, p.12). Peak poling current 206 nA with TiO2, below one third of the untreated slot (Fig. 10(b), p.11-12); poling at 100 V/um minimum, 80 to 150 C ramp, Tg about 145 C. Prior work cited by the paper (CLEO 2018) gave VpiL 3.125 V.mm without TiO2 and 2.39 V.mm with 5 nm TiO2 (40 nm slots), not entered. Fig. 12 (simulation) shows VpiL about 0.46 V.mm (no TiO2) falling to about 0.23 V.mm (10 nm TiO2) for a 40 nm slot, read by eye, not entered. Electrode type, drive and measurement temperature are not stated; focus is poling and infiltration, not high-speed modulation."
taghavi2022a-sim,taghavi2022a,"40 nm slot, doped-silicon projection (COMSOL)",mzm,soh;slot;ultra_narrow_slot;tio2_barrier;simulated;doped_silicon_projection;numbers_from_arxiv_v2,eo_polymer,soi_slot,polymer_backfill,,,unspecified,,,,,,,,0.035,,,,,simulated,39,unspecified,,,,,,simulated,,,,,,,,,,,,,,,,,,,,,,,,,,,,,,,,,,,,,,,,,vpil_dc_vcm:approx,data/evidence/taghavi2022a.yaml,"Projection, not a fabricated device: the measured devices use lightly doped silicon. Model parameters in Table 1 (p.5): r33 100 pm/V assumed, arm length 0.5 mm, slot 40 nm, TiO2 5 nm. Fig. 12 VpiL panel (left in the render; the caption labels it (b)) reads about 0.36-0.37 V.mm at 5 nm TiO2 for the 40 nm slot (by eye, not entered). Convention (per-arm vs MZM) and operating wavelength not stated for the projection."
taghavi2024-a,taghavi2024,0.5 mm finger-loaded strip FN-LC MZM (push-pull),mzm,soh;ferroelectric_nematic;finger_loaded_strip;sub_wavelength;poling_free;lumped;dual_mechanism;numbers_from_arxiv_v3,ferroelectric_nematic_lc,other,polymer_backfill,lumped,push_pull,mzm_push_pull,room,l_band,,0.5,0.5,51.4,,0.025,2.57,,,,measured,,,,4.18,4.18,,,measured,2.6,"finger-loaded strip waveguide propagation loss (about 1.6 dB), FN-LC absorption (about 0.5 dB), bias-point loss at Vpi/2 (about 0.5 dB); mode-converter handling not separated",grating couplers (Fig. 3(d) spectra normalized versus grating-coupler loss),,42,26,static,,author_estimate,,,,,3.9,,,,300,,,,,0.1,gold (100 nm) on 5 nm titanium adhesion,3.5,"SOI, 220 nm silicon device layer on 3.5 um buried oxide","FN-LC PM-158 (Polaris Electro-Optics, Inc.), glass-capillary application at 70-80 C, cooled to 25 C",,,"Finger-loaded strip (FLS) waveguide: core 300 nm wide between 80 nm wide fingers, finger-to-core gap 100 nm, 2 um trench around the waveguide, 10 um adiabatic strip-to-finger mode converters at each end; fingers weakly doped (about 5e14 cm^-3, Fig. 2(h)); Au electrodes 4.85 um from the core; 100 um path-length difference in one arm (FSR about 6.6 nm); 108 MZMs on one chip (Fig. 5)",,,,,,,,,,"18 GHz Keysight FieldFox VNA port 1 with SHF S807 microwave amplifier, bias tee",vpi_dc_v:approx;vpil_dc_vcm:approx;vpil_rf_vcm:approx;bw6db_ghz:gt;il_onchip_db:approx;prop_loss_db_per_cm:approx;extinction_ratio_db:approx;ng_opt:approx,data/evidence/taghavi2024.yaml,"DC and AC operating points of one 0.5 mm push-pull MZM (Table 2, p.22: Vpi 0.5 V DC and 51.4 V AC, VpiLalpha 1.05 and 107.94 V.dB, dn/dV 4.04e-3 per V, dkappa/dV 4.54e-5 per V, ER 26 dB). The AC result is an estimate (S21 plus analytical post-processing, r33 about 24 pm/V), not a direct Vpi measurement; its frequency is ambiguous (text p.11 'f = 4.18 MHz'; Fig. 4(d) plots VpiL against frequency from about 0.1 GHz). Vpi,DC is stated at Vbias = Vpi/2 operation for RF. Wavelength not stated numerically (Fig. 3(d) spectra span 1566-1574 nm, above the 1565 nm C/L boundary used in these batches, hence band l_band; the paper names no band); wavelength_nm left empty. Alignment: unipolar DC at 1-5 V (field about 10 V/um at 2 V across the 100 nm gaps), room temperature, about 100 s settling; leakage about 0.5 nA at 2 V (static power about 1 nW, Fig. 3(a)); no aging over about 150 h at 25 C with 8 dBm input and 1.59 V RF (p.14). RC-limited -3 dB bandwidth anticipated about 1.41 GHz (R about 1.6 kOhm, C about 70.29 fF, Fig. 2 caption); fm 59 MHz tone test in Fig. 4(e). Pure phase efficiency dn/dkappa about 88.9 (p.8). Slot-waveguide FN-LC data overlaid in Fig. 4(d) come from another work (ref. 67) and are not entered."
taghavi2026-a,taghavi2026,40 um radius FN-LC semi-ridge microring,ring,soh;ferroelectric_nematic;microring;semi_ridge;oxide_open;dual_mechanism;dual_mechanism_dc_vpi;post_foundry_infiltration;numbers_from_arxiv_v1,ferroelectric_nematic_lc,soi_rib,polymer_backfill,lumped,unspecified,resonance_tuning_derived,,c_band,,,13.25,,,0.333,,,,,author_estimate,,,,7.8,11,,,measured,0.78,,,,,10,static,,measured,,,,,,,,,500,90,,6,,,Al (with W vias),,standard SOI wafer,SiO2 with 5 um wide oxide opening; FN-LC (pm-158) infiltrated,,,"220 nm undoped Si core, one-sided 90 nm n-Si slab (3e17 cm-3) to n++ (1e20 cm-3) contact; ring radius 40 um; FN-LC pm-158",,,,,1.65,0.63,15340,,0.15,,vpi_dc_v:approx;vpil_dc_vcm:approx;bw6db_ghz:approx;il_onchip_db:approx;extinction_ratio_db:approx;q_loaded:approx;tuning_nm_per_v:approx;energy_per_bit_fj:approx;capacitance_ff:approx;slab_thickness_nm:approx,data/evidence/taghavi2026.yaml,"Numbers from arXiv v1 (2602.20406v1, 16 pages, 23 Feb 2026); journal version (Optica 13(7) 1368, issued 2026-07-15, print 2026-07-20) not read. Coupling loss is reported separately for the PIC (average about 12 dB per photonic-wire-bond channel, about 10.5 dB per grating coupler, p.7); the definition of the 0.78 dB is not stated. Resonance near 1534.5 nm (Fig. 3(c)); operating wavelength not stated, wavelength_nm left empty. Phase-shifter length not stated; ring radius 40 um; V_pi L uses ring circumference. Single GSG-fed ring; RF and DC bias on the same electrodes; drive left unspecified (convention (f) is defined for MZM arms). Two phase-shift mechanisms: slow birefringence response (f-6dB 119 kHz, strong) and fast Pockels response (f-6dB 7.8 GHz, about 30 dB weaker in S21); DC tuning 150 pm/V (abstract, text, Fig. 3(e)) vs 250 pm/V (Fig. 3(c) caption). Fig. 3(c) graphic also annotates about 0.65 dB off-resonance loss and FWHM about 150 pm at 1534.5 nm (Q about 10k by arithmetic), versus 0.78 dB and Q 15340 in caption and abstract; the paper is internally inconsistent on IL, FWHM/Q and tuning efficiency, and the caption/abstract values are entered. Vpi, V_pi L and tuning efficiency are DC/slow (about 119 kHz) birefringence-dominated values, not the 7.8 GHz Pockels response that bw6db_ghz refers to. Static power 4.77 nW/pi (text, = V_pi x 0.36 nA) vs 4.5 nW/pi (abstract). AC drive 2.83 Vpp (S21 measurement); ER at 7.8 GHz called modest, value not stated. Fig. 6 caption lists 'experimentally obtained' eta_ps 0.69e-5 /V, Vpp 368 V and f-3dB 2.1 GHz that are not consistent with the main text; not used. 3 dB bandwidth not reported. Footprint about 0.084 mm2 (8400 um2). Fabricated at Advanced Micro Foundry (DUV, SOI); FN-LC (pm-158, Polaris Electro-Optics) hand-coated post-foundry; no passivation step in the PIC demo. electrode_gap_um = d1, metal electrode to waveguide core distance (Fig. 2(a), p.8); counter-contact is through the doped Si slab."
tan2024-a,tan2024,TFLN-on-Si racetrack ring modulator,ring,micro_transfer_printing;hybrid_si_ln;racetrack;all_pass;resonant;photon_lifetime_limited,lithium_niobate,lnoi_loaded_si,micro_transfer_printed,,unspecified,per_arm_phase_shifter,,c_band,1566,0.8,,,,7,,,,2.6,simulated,16,unspecified,,,,,,measured,1.5,,grating couplers and straight-waveguide loss (normalised out against a 500 nm straight waveguide with an LN coupon),,,37,static,,measured,,,,,,,600,,,,,3.7,,0.7,Ti/Au,2,,SiO2 1 um,x-cut,,"220 nm SOI racetrack (370 nm wide, R = 15 um, 400 um straights) under a 600 nm x-cut TFLN coupon, 1 um SiO2 cladding",45,"NRZ-OOK, PRBS7, 32-45 Gbit/s eyes",45,,,,11180,,0.00389,,il_onchip_db:approx;q_loaded:approx,data/evidence/tan2024.yaml,"Resonant device: no Vpi voltage; vpil is the simulated phase-shifter VpiL (per hybrid waveguide, E field in the same direction in both straights). Tuning 3.89 pm/V measured at about 1566 nm vs 3.81 pm/V simulated at 1550 nm. Ring: straights 400 um each, bend radius 15 um, phase-shifter coverage f = 0.894 (p.3-4); total phase-shifter length 0.8 mm is derived. ER 20-37 dB across resonances. Journal version of record (ACS Photonics 11, 1920) not read. Shares the Ghent/imec micro-transfer-printing line with niels2025a (different device: ring on SOI vs MZM on SiN, 600 nm vs 300 nm LN) and vanackere2023. No electrode type or drive stated. ER 37 dB is the best resonance in the transmission spectrum (Fig. 6(a), dips about 37-39 dB near 1548-1550 nm); the 1566 nm resonance used for tuning and Q is shallower in Fig. 6(a), so ER and wavelength come from different resonances. Eye open at 45 Gbit/s; BER about 2e-4 at 44-45 Gbit/s (Fig. 8(b)), above the 1e-4 bound the text gives up to 40 Gbit/s."
tanaka2026-a,tanaka2026,"2 mm RF section, 60% filling factor (Fig. 5)",iq_mzm,inp_on_soi;chip_on_wafer_bonding;qcse;segmented;odac;msb_lsb;cl_electrode,inp_mqw,inp,wafer_bonded_iii_v,cl_twe,push_pull,mzm_differential,,,,2,3.6,,,0.43,,,-8,,extracted_from_figure,,,,,,,,,,,,,,30,static,,,,,,,,,,,,,,,,,Au,,"Si substrate (SOI wafer, SiO2 BOX)",,,,p-InP / InGaAsP MQW / n-InP ridge on SiO2 over Si waveguide layer on Si substrate (chip-on-wafer bonded InP on SOI); layer thicknesses and doping not stated,,,,,,,,,,,vpi_dc_v:approx;extinction_ratio_db:gt,data/evidence/tanaka2026.yaml,"IQ modulator of four RF sections (I-LSB, I-MSB, Q-LSB, Q-MSB; two segments per quadrature for optical DAC), InP MQW (QCSE) bonded on SOI by chip-on-wafer bonding, capacitively loaded electrodes with filling factor (FF) setting the impedance. Vpi*L 0.43 V*cm measured under push-pull drive at a centre bias of -8 V on a 2 mm, FF 60% section (Fig. 5; x axis is Vp_arm - Vn_arm); Fig. 5 shows a maximum-to-null span of about 3.6 V (entered as Vpi, read from the figure); Vpi x physical length (0.72 V*cm) therefore differs from the stated 0.43 V*cm, which is consistent with an effective length of FF x length = 1.2 mm (inference, the authors do not state the length used). ER above 30 dB is from the heater sweep of Fig. 4 (P_pi 20 mW; MMI splits evenly between the arms), device of the sweep not specified. Wavelength not stated. Not reported: IL, wavelength, bandwidth of this section, RF loss, Z0, n_rf, geometry, layer thicknesses."
tanaka2026-b,tanaka2026,"1.0 mm RF section, 80% filling factor, Vpi 5.4 V, 64 GBd 16QAM oDAC",iq_mzm,inp_on_soi;chip_on_wafer_bonding;qcse;segmented;odac;msb_lsb;cl_electrode,inp_mqw,inp,wafer_bonded_iii_v,cl_twe,unspecified,unspecified,,,,1.0,5.4,,,,,,,,measured,60,unspecified,,,,11,110,measured,,,,,,,,,,,,,,,,,,,,,,,,Au,,"Si substrate (SOI wafer, SiO2 BOX)",,,,p-InP / InGaAsP MQW / n-InP ridge on SiO2 over Si waveguide layer on Si substrate (chip-on-wafer bonded InP on SOI); layer thicknesses and doping not stated,64,16QAM (optical DAC: QPSK on MSB and LSB segments) at 64 GBd,,,,,,,,Driver IC (type not stated) and AWG; this demonstration used a driver IC and AWG instead of CMOS inverter drivers and DSP without DAC,bw3db_ghz:approx;eo_rolloff_db:approx,data/evidence/tanaka2026.yaml,"EO response (Fig. 6a) of all four RF sections (I-LSB, I-MSB, Q-LSB, Q-MSB) measured at a bias where Vpi is 5.4 V (1.0 mm, FF 80%); about 60 GHz 3 dB bandwidth (abstract 'electrical/optical 3-dB bandwidth is approximately 60 GHz'), response normalised near 0 dB at low frequency (reference not stated); it passes -3 dB near 55-60 GHz and is near -11 dB at 110 GHz. With the driver IC integrated (Fig. 6b) the response peaks by more than 3 dB between 40 and 50 GHz and falls steeply near 60 GHz. Vpi 5.4 V convention and bias not stated (entered in vpi_dc_v with convention unspecified). System: 16QAM at 64 GBd by the optical DAC (QPSK on MSB and LSB segments), constellation Fig. 7, symbol segregation seen on an optical modulation analyser; no BER or net rate given. Vpi*L for this row is not stated; 5.4 V x 0.8 x 1.0 mm = 0.43 V*cm (same as row a, FF-weighted length is an inference), whereas 5.4 V x 1.0 mm = 0.54 V*cm. Not reported: IL, wavelength, ER, RF loss, Z0, n_rf, energy per bit."
thiele2022-a,thiele2022,"Phase modulator, 12 mm electrode, 296 K",phase_shifter,titanium_indiffused;senarmont;broadband;polarisation_difference,lithium_niobate,other,,,,,room,,,12,,,,,,,,,,,,,,,,,,,,,,0.15,,,,measured,,,,,,,,,,,,9,100,0.3,Au (10 nm Cr adhesion),0.4,"congruent z-cut lithium niobate (bulk, Ti in-diffused waveguides)",,z-cut,,,,,,,,,,,,,prop_loss_db_per_cm:lt,data/evidence/thiele2022.yaml,"Senarmont read-out of the TE/TM phase difference (two polarisations), z-cut with top electrode and adjacent ground (p.6-8). V_pi/2 (min-to-max swing of the Senarmont output, not a Vpi; Vpi columns left empty): 23.3 V at 296 K (Table 3 p.14, Fig. 3b-c p.9), V_pi/2/(lambda L) 12.4 V/(um cm); 1440-1640 nm operating range, V_pi/2 rising linearly with wavelength (Fig. 3c); waveguide 5 um Ti width, 22 mm chip, DC drift not observed over a day (p.9). Wavelength left empty (range); Ti thickness not disclosed. Table 1 prints the electrode gap unit as mm; entered in um as an assumed typo (the other columns are um and a mm gap is not physical)."
thiele2022-b,thiele2022,"Phase modulator, 12 mm electrode, 8.5 K",phase_shifter,titanium_indiffused;senarmont;broadband;polarisation_difference;cryogenic,lithium_niobate,other,,,,,cryogenic,,,12,,,,,,,,,,,,,,,,,,,,,,0.15,,,,measured,,,,,,,,,,,,9,100,0.3,Au (10 nm Cr adhesion),0.4,"congruent z-cut lithium niobate (bulk, Ti in-diffused waveguides)",,z-cut,,,,,,,,,,,,,prop_loss_db_per_cm:lt,data/evidence/thiele2022.yaml,"Senarmont read-out of the TE/TM phase difference (two polarisations), z-cut with top electrode and adjacent ground (p.6-8). V_pi/2 (min-to-max swing of the Senarmont output, not a Vpi; Vpi columns left empty): 40 V at 8.5 K (Table 3 p.14), V_pi/2/(lambda L) 21.5 V/(um cm); operating temperature 8.5 K because of electrical heat load (p.9, Table 2 p.7); 74 percent increase after wavelength and length normalisation (abstract p.1; p.13). Same physical device as row a. The Fig. 3c data show about 35 V near 1550 nm at 8.5 K versus 40 V in the table, which is quoted from the table. Table 1 prints the electrode gap unit as mm; entered in um as an assumed typo (the other columns are um and a mm gap is not physical)."
thiele2022-c,thiele2022,"Directional coupler, 12 mm electrode, 296 K",other,titanium_indiffused;directional_coupler;switch;opposing_fields,lithium_niobate,other,,,,,room,,,12,,,,,,,,,,,,,,,,,,,,,,0.15,,,,measured,,,,,,,,,,,,6,100,0.1,Au (10 nm Cr adhesion),0.4,"congruent z-cut lithium niobate (bulk, Ti in-diffused waveguides)",,z-cut,,,,,,,,,,,,,prop_loss_db_per_cm:lt,data/evidence/thiele2022.yaml,"Coupling parameter V_pi/2 (Phi = pi/2 for full cross-state transfer) is a switching voltage, not a Vpi; Vpi columns left empty. Bar-state wavelength left empty because the sources conflict: Table 3 (p.14) lists 1460 nm at 296 K and 1545 nm at 5 K, whereas the abstract and p.11 give 1545 nm at ambient and 1460 nm at cryogenic temperatures (85 nm shift; Sec. 6 says 84 nm), and Fig. 4(b),(c) show the bright bar state near 1540 nm at 296 K and near 1440-1470 nm at 5 K, supporting the text. The Table 3 normalised V_pi/2/(lambda L) and the 84 percent increase reproduce only with the table order. V_pi/2 18 V (Table 3; text p.11: at 1550 nm, TM polarisation), V_pi/2/(lambda L) 10.2 V/(um cm) as printed. Waveguide 7 um Ti width, 27 mm chip; electrodes over the coupling region with opposing fields in the two waveguides (p.10). Voltage sweep range +-55 V (Table 2). Table 1 prints the electrode gap unit as mm; entered in um as an assumed typo (the other columns are um and a mm gap is not physical)."
thiele2022-d,thiele2022,"Directional coupler, 12 mm electrode, 5 K",other,titanium_indiffused;directional_coupler;switch;opposing_fields;cryogenic,lithium_niobate,other,,,,,cryogenic,,,12,,,,,,,,,,,,,,,,,,,,,,0.15,,,,measured,,,,,,,,,,,,6,100,0.1,Au (10 nm Cr adhesion),0.4,"congruent z-cut lithium niobate (bulk, Ti in-diffused waveguides)",,z-cut,,,,,,,,,,,,,prop_loss_db_per_cm:lt,data/evidence/thiele2022.yaml,"Coupling parameter V_pi/2 (Phi = pi/2 for full cross-state transfer) is a switching voltage, not a Vpi; Vpi columns left empty. Bar-state wavelength left empty because the sources conflict: Table 3 (p.14) lists 1460 nm at 296 K and 1545 nm at 5 K, whereas the abstract and p.11 give 1545 nm at ambient and 1460 nm at cryogenic temperatures (85 nm shift; Sec. 6 says 84 nm), and Fig. 4(b),(c) show the bright bar state near 1540 nm at 296 K and near 1440-1470 nm at 5 K, supporting the text. The Table 3 normalised V_pi/2/(lambda L) and the 84 percent increase reproduce only with the table order. V_pi/2 35 V (Table 3; text p.11: about 35 V at 1550 nm), V_pi/2/(lambda L) 18.8 V/(um cm) as printed, an 84 percent increase after normalisation; bar-state wavelength shift 85 nm on cooling to 5 K (abstract and p.11; Sec. 6 p.14 says 84 nm); DC shift 42 V attributed to pyroelectric charge (p.11). Same physical device as row c. Table 1 prints the electrode gap unit as mm; entered in um as an assumed typo (the other columns are um and a mm gap is not physical)."
thiele2022-e,thiele2022,"Polarisation converter, 15 mm electrode, 296 K",other,titanium_indiffused;polarisation_converter;periodic_poling;horizontal_field,lithium_niobate,other,,,,,room,,1472,15,,,,,,,,,,,,,,,,,,,,,,0.15,,,,measured,,,,,,,,,,,,15,400,0.1,Au (10 nm Cr adhesion),0.4,"congruent z-cut lithium niobate (bulk, Ti in-diffused waveguides)",,z-cut,,,,,,,,,,,,,prop_loss_db_per_cm:lt,data/evidence/thiele2022.yaml,"V_pi/2 11.1 V at the 1472 nm phase-matched wavelength (Table 3 p.14, Fig. 5b p.12), V_pi/2/(lambda L) 5 V/(um cm); r24 conversion, periodic poling period 19.9 um, waveguide 6 um Ti width, 22 mm chip, electrodes placed symmetrically next to the waveguide; sweeps 1464-1480 nm at 296 K (Table 2). Vpi columns left empty (conversion voltage, not a Vpi). Table 1 prints the electrode gap unit as mm; entered in um as an assumed typo (the other columns are um and a mm gap is not physical)."
thiele2022-f,thiele2022,"Polarisation converter, 15 mm electrode, 5 K",other,titanium_indiffused;polarisation_converter;periodic_poling;horizontal_field;cryogenic,lithium_niobate,other,,,,,cryogenic,,1584,15,,,,,,,,,,,,,,,,,,,,,,0.15,,,,measured,,,,,,,,,,,,15,400,0.1,Au (10 nm Cr adhesion),0.4,"congruent z-cut lithium niobate (bulk, Ti in-diffused waveguides)",,z-cut,,,,,,,,,,,,,prop_loss_db_per_cm:lt,data/evidence/thiele2022.yaml,"V_pi/2 16.1 V at the 1584 nm phase-matched wavelength (Table 3 p.14, Fig. 5c p.12-13), V_pi/2/(lambda L) 6.73 V/(um cm), a 35 percent increase after normalisation; phase-matched wavelength shift 112 nm on cooling from 295 K to 5 K for the 19.9 um period; DC offset about 2.1 V (p.13). Same physical device as row e. Vpi columns left empty. Table 1 prints the electrode gap unit as mm; entered in um as an assumed typo (the other columns are um and a mm gap is not physical)."
tiberi2025-a,tiberi2025,"40 um DSLG EAM, 40 nm Al2O3 gate, C-band",eam,graphene;double_layer_graphene;dslg;wafer_scale;hbn_encapsulated;structured_cladding;numbers_from_arxiv_v1,graphene_2d,soi_rib,other,lumped,,,,c_band,1550,0.04,,,,,,,,7,,67,unspecified,,,67,,,derived,0.9,,"grating couplers (about 6 dB each, extracted from reference waveguides, p.11); transmission normalized to device optical loss before fabrication (Fig. 8 caption)",,,4,static,,measured,,,,,,,,,450,,,,,,Au (100 nm Au/SLG contacts); probe pads 3 nm Cr / 100 nm Au,,"SOI: 220 nm Si on 2 um buried oxide, 200 mm wafer; fully etched Si waveguide","structured SiO2 cladding: effective about 10 nm over the active region (<30 nm), 1 um over passive waveguides",,,SLG1 / 3.5 nm MOCVD hBN (wet transfer) / 40 nm PE-ALD Al2O3 / SLG2,80,NRZ,80,,58,,,,,"100 GS/s DAC (Micram DAC4) with RF amplifier (Centellax UA1L65VM), pre-emphasis, FFE and CTLE",il_onchip_db:approx;drive_vpp_v:approx;bw3db_ghz:approx,data/evidence/tiberi2025.yaml,"Numbers from arXiv v1 (2506.03281v1, 21 pages, 3 Jun 2025); no DOI or journal version found. Static optical transmission measured on grating-coupler test structures (about 6 dB per coupler, extracted from reference waveguides; p.11) with 1 mW laser input; IL is relative to the device loss before fabrication. Graphene mobility about 8000 cm2/Vs, Au/SLG contact resistance 215 to 995 Ohm um (p.11). Fabricating fab not named in the text; the 200 mm SOI process is cited to Ref. [103] (Littlejohns et al., Appl. Sci. 10, 2020, with a CORNERSTONE URL), so foundry_or_fab is left empty. Headline device: f3dB 67 GHz (S21, 40 nm gate dielectric), NRZ up to 80 Gbit/s. f3dB is extrapolated from -55.5 to -58.5 dB on an upper-envelope fit of S21 (p.15), so bw_basis is derived (authors' extrapolation of a fit) with an approx qualifier; the reference level is the low-frequency plateau at about -55.5 dB, not DC. Approximate reading of Fig. 9(b) (log axis, p.14): the envelope fit meets the -58.5 dB line near 66 GHz and the trace ends near 67 GHz, which is also the probe and bias-tee rating, so the value rests on the fit at the end of the measured range and no data point is clearly beyond it. Dynamic ER about 1.2 dB at 80 Gbit/s with Vpp about 7 V (Table IV; modulation efficiency about 0.01 dB/V/um between 10.5 and 13 V). Table I active area 40 x 0.55 um (about 22 um2). Table IV (CTLE-filtered): BER 1.2e-7 at 50, 2.9e-5 at 60, 8.5e-3 at 80 Gbit/s for 40 um; 80 um and 100 um devices (gate dielectric not stated) also shown at 80 Gbit/s with BER 1.9e-2 and 1e-2. Static ER slope 0.09 dB/um (Fig. 8(d)). Simulated EO-BW for 40 um in the 40 nm design is about 70 GHz (Fig. 2(e)). Energy per bit is the authors' CVpp^2/4 figure; C and Vpp behind it are not stated. Energy check (reader arithmetic, approximate): 58 fJ/bit = C Vpp^2/4 with the 7 V of the eye measurement would need C about 4.7 fF, whereas eps0 eps_r A/d with eps_r 6.8, d 40 nm and A about 22 um2 gives about 33 fF, which would correspond to Vpp near 2.7 V; the authors give neither C nor V for the 58 fJ/bit, so the cell is unchanged. Gate dielectric: Methods (p.9) give 3.5 nm hBN plus 40 nm PE-ALD Al2O3, while the Fig. 2 caption and Table I call 40 nm the gate oxide; the 40 nm label may be the Al2O3 only or the total."
tiberi2025-b,tiberi2025,"20 um DSLG EAM, 20 nm Al2O3 gate, C-band",eam,graphene;double_layer_graphene;dslg;wafer_scale;hbn_encapsulated;structured_cladding;numbers_from_arxiv_v1,graphene_2d,soi_rib,other,lumped,,,,c_band,1550,0.02,,,,,,,,,,17,unspecified,,,,,,author_estimate,1.1,,"grating couplers (about 6 dB each, extracted from reference waveguides, p.11); transmission normalized to device optical loss before fabrication (Fig. 8 caption)",,,3,static,,measured,,,,,,,,,450,,,,,,Au (100 nm Au/SLG contacts); probe pads 3 nm Cr / 100 nm Au,,"SOI: 220 nm Si on 2 um buried oxide, 200 mm wafer; fully etched Si waveguide","structured SiO2 cladding: effective about 10 nm over the active region (<30 nm), 1 um over passive waveguides",,,SLG1 / 3.5 nm MOCVD hBN (wet transfer) / 20 nm PE-ALD Al2O3 / SLG2,20,NRZ,20,,26,,,,,,il_onchip_db:approx;extinction_ratio_db:approx,data/evidence/tiberi2025.yaml,"Numbers from arXiv v1 (2506.03281v1, 21 pages, 3 Jun 2025); no DOI or journal version found. Static optical transmission measured on grating-coupler test structures (about 6 dB per coupler, extracted from reference waveguides; p.11) with 1 mW laser input; IL is relative to the device loss before fabrication. Graphene mobility about 8000 cm2/Vs, Au/SLG contact resistance 215 to 995 Ohm um (p.11). Fabricating fab not named in the text; the 200 mm SOI process is cited to Ref. [103] (Littlejohns et al., Appl. Sci. 10, 2020, with a CORNERSTONE URL), so foundry_or_fab is left empty. High-efficiency device: modulation efficiency about 0.037 dB/V/um between +0.1 and -1.8 V (ER about 1.4 dB, normalized to 20 um; p.12), the authors' best graphene value (about 0.037 dB/V/um in the abstract); static ER about 0.12 dB/um slope (Fig. 8(d)). Static sweep about 10 V; EF tuned up to 0.64 eV, breakdown field 0.95 V/nm (p.13). Table I active area 20 x 0.65 um (about 13 um2). f3dB 17 GHz, 20 Gbit/s NRZ, dynamic ER 1 dB and 26 fJ/bit appear only in Table I and the p.3 intro sentence: no S21 trace, eye diagram or method is shown for this device (Fig. 9b and Table IV are the 40 nm device), and the paper's own simulation for this design gives about 24 to 28 GHz, so the bandwidth, rate and format cells carry basis author_estimate (authors' table figure, provenance unstated), not measured (audit F2, 2026-10-03); 26 fJ/bit is the authors' CVpp^2/4 figure (basis derived), C and Vpp not stated."
tiberi2025-c,tiberi2025,"40 um DSLG EAM, O-band (400 nm Si width)",eam,graphene;double_layer_graphene;dslg;wafer_scale;hbn_encapsulated;structured_cladding;numbers_from_arxiv_v1;o_band,graphene_2d,soi_rib,other,lumped,,,,o_band,,0.04,,,,,,,,,,,,,,,,,,,,,,,,,,,,,,,,,,,400,,,,,,,,"SOI: 220 nm Si on 2 um buried oxide, 200 mm wafer; fully etched Si waveguide",,,,,40,NRZ,40,,,,,,,O-band laser with SOA in place of EDFA; DAC drive,,data/evidence/tiberi2025.yaml,"Numbers from arXiv v1 (2506.03281v1, 21 pages, 3 Jun 2025); no DOI or journal version found. Static optical transmission measured on grating-coupler test structures (about 6 dB per coupler, extracted from reference waveguides; p.11) with 1 mW laser input; IL is relative to the device loss before fabrication. Graphene mobility about 8000 cm2/Vs, Au/SLG contact resistance 215 to 995 Ohm um (p.11). Fabricating fab not named in the text; the 200 mm SOI process is cited to Ref. [103] (Littlejohns et al., Appl. Sci. 10, 2020, with a CORNERSTONE URL), so foundry_or_fab is left empty. Different 40 um modulator on the same chip as the headline device, Si waveguide width 400 nm instead of 450 nm (p.15), NRZ eye diagrams at 32 and 40 Gbit/s in the O-band (Fig. 9(c)); a SOA replaces the EDFA. Gate dielectric, wavelength (O-band laser), IL, ER, bandwidth and Vpp are not stated for this device."
tran2026-a,tran2026,"InP MZM + 20 dB differential driver, co-packaged engine",mzm,inp;co_packaged_driver;traveling_wave;differential_drive;spot_size_converter,inp_mqw,inp,monolithic,,differential,unspecified,,o_band,1310,,3.1,,,0.62,,,5,,author_estimate,76,10ghz,,,,,,author_estimate,,,,,,18,static,15,,,,,,,,,,,,,,,,,,,,,,p-i-n heterostructure on InP (layer details not given),180,"PAM4, 150-200 GBd measured; BER below 20% HD-FEC (1.4e-2) at 180 GBd, 0.4 Vppd driver input",360,,1450,,,,,"MACOM 20 dB-gain linear differential EML driver (224 GBd class), co-packaged on ceramic",,data/evidence/tran2026.yaml,"Single device: HHI InP p-i-n MZM (traveling-wave electrode, on-chip 85 ohm termination, spot size converters) co-packaged with the driver. Vpi 3.1 V in text and conclusion; the Fig. 1 center label reads Vp=3.4 V (kept out of the column). Length not reported (0.62 V*cm / 3.1 V would imply about 2 mm; not entered). Bandwidth 76 GHz is an estimate after normalizing the measured EO response at 10 GHz beyond the low-frequency dip (85 ohm termination vs 50 ohm instrument); the 3D EM simulation (impedance matched) is a separate curve. Vpi 3.1 V is the text/conclusion value at 5 V bias (method not stated); the static DC transfer curve (Fig. 1 center) is labelled 3.4 V. 15 dBm optical input: reference plane (fiber or chip) not stated. Driver input 0.4 Vppd (DAC output); the driver output swing (> 2 Vppd, Fig. 1 right) is a driver capability, so drive_vpp_v is left empty. Energy 1.45 pJ/bit = 525 mW engine power (driver + MZM + RF signal; excludes DSP, laser, TEC) / 360 Gb/s, as the paper estimates. System measurements at 40 degC (TEC); chip EO test temperature not stated. Differential drive is stated (termination and TWE optimized for differential operation); the arm-drive topology (series push-pull or other) is not."
ulrich2025-mzi,ulrich2025,"15.37 mm meandered MZI, 105 nm SrTiO3, 4 K",mzm,cryogenic;ferroelectric;poled;relaxor;meandered_electrodes;pmma_loaded;quasi_static;bw_indirect_method,strontium_titanate,other,other,lumped,single_ended,mzm_single_arm,cryogenic,other,1470,15.37,,,,1.04,,,,,derived,0.001,unspecified,,,0.001,,,measured,,,,,,,,,,,,,,1.84,,105,,1700,,,10,,,Cr/Pt (about 30 nm / about 140 nm),2,silicon (001),"PMMA (about 480 nm), loads the waveguide",,"straight sections at 45, 135 and 225 deg to the in-plane crystal axes; 400 um bend radius","105 nm MBE SrTiO3 (Sr/Ti 0.96 +/- 0.03, in-plane multidomain) bonded onto 2 um SiO2 on Si; PMMA-loaded waveguide, about 43% energy confinement in SrTiO3; 200 um arm unbalance",,,,,,,,,,"Keysight 33512B AWG (to 20 MHz, 10 V peak) and B2910BL source-measure unit (to 1 kHz, 40 V peak)",wavelength_nm:approx;length_mm:approx;bw3db_ghz:gt;vpil_dc_vcm:approx,data/evidence/ulrich2025.yaml,"Quasi-static ferroelectric operation: Vpi*L is the author-computed value for the effective Pockels coefficient r_eff 345 +/- 30 pm/V (4 K, remanent zero-field point after poling; r_eff 140 +/- 30 pm/V at 1.6 V/um) and depends on bias history; only the lower MZI arm is modulated (Fig. 3b), 20 Hz, 16 V amplitude over the 10 um gap. A phase shift of pi corresponds to a field change of 0.084 V/um (p.6); VpiL quoted as 1.04 +/- 0.08 V cm; no Vpi in volts is stated and none is derived here. VpiL 1.04 uses meander-corrected r_eff 345 pm/V (280 pm/V measured / 0.81, Supplement Eq. 20-22); measured device: 0.084 V/um x 10 um x 1.537 cm = about 1.29 V cm. Bandwidth: response flat from about 20 Hz to 1 MHz by an indirect time-averaged power method (response drops below about 20 Hz, attributed to DC screening); setup resonance near 5 MHz; no 3 dB crossing observed, so 1 MHz = 0.001 GHz is a bound and the measurement limit (convention (c)); it is not a measured 3 dB bandwidth and is tagged bw_indirect_method. Electrode type 'lumped' and single-ended drive are inferred from the quasi-static wire-bonded drive and the Fig. 3b caption (authors do not name the electrode type). Waveguide platform 'other' (PMMA-loaded SrTiO3 on SiO2/Si); integration 'other' (MBE on Si, wafer bonded, Si removed). Wavelength 'around 1470 nm' (Supplement 4.1); 1.84 +/- 0.04 group index at 4 K from the FSR (Supplement p.29, formula in paper). Waveguide propagation loss and insertion loss are not given for the cryogenic MZI (extinction ratio limited by asymmetric splitting, no number); room-temperature cut-back loss is in the papers.csv notes."
ummethala2021-a,ummethala2021,"1 mm CC-SOH MZM, BaTiO3 high-k slotline",mzm,soh;capacitively_coupled;high_k_slotline;poled;terminated;device_identity_unresolved,eo_polymer,soi_slot,polymer_backfill,tw_gsg,push_pull,mzm_push_pull,,c_band,1550,1,1.3,,,0.13,,,,1,measured,76,dc,,110,110,,,measured,,,,19,60,,,,derived,45,50,,2.2,2.8,,,,,,,,,0.15,gold,2,silicon-on-insulator,YLD124 organic electro-optic polymer,,,"Si slot waveguide on 220 nm SOI: rails 200 nm wide, slot 100 nm, strip waveguide 500 nm wide; amorphous BaTiO3 slabs 150 nm thick, 1 um wide between slot waveguide and gold electrodes (n 1.85 at 1550 nm); 2 um buried oxide",100,OOK (64 and 100 GBd); PAM4 (64 and 100 GBd),200,,,,,,,120 GSa/s AWG (45 GHz analog bandwidth) with RF amplifier (Centellax UA1L65VM); 50 ohm termination; digital pre-compensation,wavelength_nm:approx;electrode_thickness_um:approx;bw3db_ghz:approx;bw6db_ghz:approx;il_fiber_to_fiber_db:approx;prop_loss_db_per_cm:approx;drive_vpp_v:approx,data/evidence/ummethala2021.yaml,"Single device characterized; the paper does not explicitly restate that the Sec. 4 data chip is the Fig. 2 chip (tag device_identity_unresolved), so system results sit on this row. Bandwidth: 3 dB on detected RF power (phase-modulation index down by 1/sqrt2), referenced to zero frequency, 50 ohm terminated, photodiode/probes de-embedded; 6 dB means photocurrent power down by 4; 3 dB value read on a noisy plateau. Wavelength 1550 nm is nominal (Eq. S13; data run near 1550 nm); wavelength of the Vpi and EO-response measurements is not stated. Drive about 1 Vpp: reference plane (amplifier output vs device) not stated; do not rank across rows without a plane tag. BER: 64 GBd OOK below 1e-6 (no errors in about 1e6 symbols); 100 GBd OOK 4e-6; 64 GBd PAM4 5e-5; 100 GBd PAM4 9e-3 (electrical back-to-back 1.7e-3). Operating point set by wavelength via 80 um arm imbalance, DC bias fine-tuning; EO response corrected for photodiode, probes, cables. Vpi measured at low frequency; no RF Vpi. Fiber-to-fiber loss includes grating couplers (about 5 dB each) and about 3 dB other passive loss; no on-chip-only number stated. In-device r33 about 34 pm/V (authors, from Vpi*L). Measured BTO film: eps_r about 18, tan delta about 0.05 at 60 GHz; BTO dielectric loss 0.58 dB/mm at 50 GHz. Authors' predictions not entered: velocity-mismatch 3 dB bandwidth about 220 GHz (derived), 1 um gold line bandwidth far beyond 100 GHz (simulated). Not reported: extinction ratio, on-chip optical power, Z0 value, electrode gap, energy per bit, RF Vpi, temperature."
valdez2022-a,valdez2022,"5 mm hybrid Si/LN MZM, inductively loaded slow-wave electrode, 1550 nm",mzm,hybrid_si_ln;slow_wave;inductive_slot;unetched_ln;high_optical_power;direct_bond,lithium_niobate,lnoi_loaded_si,bonded_heterogeneous,slow_wave,push_pull,mzm_push_pull,,c_band,1550,5,,,,3.1,,,,,measured,110,unspecified,,,110,,,measured,1.8,"two 3 dB MMI couplers, wide-Si transition sections, narrow-Si hybrid section, LN-edge transitions (0.1 dB each assumed), electrode interaction loss (0.4 dB over 5 mm)","fiber-to-chip edge coupling (5.2 dB/facet, lensed fiber 2.5 um nominal MFD)",12.2,,28,static,,derived,,,,2.34,2.32,20.4,600,,,,,9,55,0.75,Au (20 nm Ti adhesion layer),,"SOI: 150 nm Si on 3 um SiO2 on 725 um high-resistivity Si; LN film bonded on top, LNOI handle removed","air above LN and electrodes (Fig. 1(c,d)); CMP SiO2 about 40 nm between Si waveguide and LN",x-cut,,"Si handle / 3 um SiO2 / 150 nm Si strip (275 nm wide in hybrid section, 650 nm in transition) / CMP SiO2 about 40 nm / 600 nm x-cut LN (unetched) / Au electrodes directly on LN",,,,,,,,,,,,data/evidence/valdez2022.yaml,"Hybrid mode: 2% of power in Si, 84% in LN (Fig. 1(d)); TE, x-cut, unetched LN. VpiL 3.1 V*cm is the average over 0.1-10 MHz of a trapezoid-overdrive measurement (Fig. 4(b), about 3.0-3.15 V*cm); wavelength of that measurement not stated; implied Vpi 6.2 V (3.1/0.5 cm), not entered. Bandwidth: abstract says greater than 110 GHz, body/Fig. 5 caption/Table 1 say measured 3 dB bandwidth of 110 GHz; the 3 dB level is reached at the 110 GHz limit of the stitched OSA/LCA data; response normalized near the lowest plotted frequency (about 1 GHz, reference not stated by the authors); same 110 GHz at 4 mW CW and 110 mW quasi-CW (1 us pulses, 100 us period). Theory (linear model) predicts about 156 GHz. Optical power: 110 mW (20.4 dBm) is the maximum on-chip peak power tested in the feeder waveguide, no EO degradation; edge couplers (not the MZM) were damaged above 150 mW. IL measured at 1 mW low power. ER is the mean of the unmodulated asymmetric-MZI fringes over 50 nm (max 31 dB at 1560 nm), FSR 2.3 nm. Drive and Vpi convention are inferred from the GSG geometry with one arm per 9 um gap (Fig. 1(a), 3(c)); authors do not state them. Z0 42 ohm (9 um gap) is stated without saying whether simulated or measured: not entered. RF index 2.34 at 110 GHz and ng 2.32 are simulated. Propagation loss 0.6 dB/cm (hybrid, cited from earlier work) and 0.8 dB/cm (transition) are in the text but not entered. Total chip 1.7 cm; hybrid region 1.4 cm; electrode 5 mm. Not reported: RF loss, ground electrode width, waveguide lateral position, bias, temperature. The Fig. 5(a) LCA trace (cyan) is a second, identically designed MZM on a different chip (p.8); S21 trace only, no separate row. No data modulation reported (small-signal EO S21 and Vpi only)."
valdez2023-cn1,valdez2023,"CN1: C-band narrow Si (275 nm), slot (L=t=20 um) SWE, G=8 um, 1 cm",mzm,hybrid_si_ln;slow_wave;unetched_ln;direct_bond;inductive_slot,lithium_niobate,lnoi_loaded_si,bonded_heterogeneous,slow_wave,push_pull,mzm_push_pull,,c_band,1550,10.0,3.11,,,,,,,,measured,69,1ghz,,,110,,,extracted_from_figure,2.1,"phase-shifter section, 3 dB MMI couplers, LN-edge transitions","edge coupling (estimated 4.2 dB/edge, C-band) and wide-Si feeder sections (1.2 dB, attributed separately)",,1.5,,,9,derived,9,110,40,,2.31,,580,,,,,8,,0.75,Au,0,HR Si; BOX thickness not stated; CMP SiO2 about 40 nm between Si waveguide and LN,none above LN (Au electrodes patterned directly on LN),,,"HR Si / SiO2 (BOX, thickness not stated) / 150 nm Si strip (275 nm wide in phase shifter) / CMP SiO2 about 40 nm / about 580 nm LN (unetched) / 0.75 um Au electrodes directly on LN",,,,,,,,,,,bw3db_ghz:approx;rf_loss_db_per_cm:lt;z0_ohm:approx;eo_film_thickness_nm:approx,data/evidence/valdez2023.yaml,"1.0 cm electrode. Vpi from a 1 kHz cosine-squared fit (Fig. 7); no DC bias used (wavelength tuned to quadrature on an asymmetric MZM). Push-pull stated for the VpiL equation (Eq. 2, p.10). Wavelength is the nominal band (1550/1310 nm); actual laser wavelength at quadrature not stated; optical input power is the laser output, not on-chip. 3 dB bandwidth is read from the Fig. 9(b) bar chart (about +-1 GHz), referenced to 1 GHz, measured to 110 GHz without a clean cutoff; the text instead states groups of devices as greater than 100 GHz (0.54 cm) and greater than 60 GHz (1.0 cm), which several bars contradict. RF loss (less than 9 dB/cm at 110 GHz) and Z0 (about 40 ohm) are text statements covering all eight devices; per-device curves are in Fig. 4 and were not read. VpiL not entered per device (Fig. 9(a) bars only); build derives Vpi x L. Not reported: ER, bias, temperature, signal width, BOX thickness. IL: 1.6 dB (0.54 cm) and 2.1 dB (1.0 cm) are stated for the phase-shifter section, MMIs and LN transitions; the text derives them from CN1 vs CN2 and does not say whether they apply to other designs, so they are entered on CN rows only. The 1.5 dB/cm phase-shifter loss (CN1 vs CN2 comparison, assuming other losses common) does not equal (2.1-1.6)/0.46 cm = 1.1 dB/cm; both are as stated. No data modulation reported (small-signal EO S21 and Vpi only)."
valdez2023-cn2,valdez2023,"CN2: C-band narrow Si (275 nm), slot (L=t=20 um) SWE, G=8 um, 0.54 cm",mzm,hybrid_si_ln;slow_wave;unetched_ln;direct_bond;inductive_slot,lithium_niobate,lnoi_loaded_si,bonded_heterogeneous,slow_wave,push_pull,mzm_push_pull,,c_band,1550,5.4,5.78,,,,,,,,measured,109,1ghz,,,110,,,extracted_from_figure,1.6,"phase-shifter section, 3 dB MMI couplers, LN-edge transitions","edge coupling (estimated 4.2 dB/edge, C-band) and wide-Si feeder sections (1.2 dB, attributed separately)",,1.5,,,9,derived,9,110,40,,2.31,,580,,,,,8,,0.75,Au,0,HR Si; BOX thickness not stated; CMP SiO2 about 40 nm between Si waveguide and LN,none above LN (Au electrodes patterned directly on LN),,,"HR Si / SiO2 (BOX, thickness not stated) / 150 nm Si strip (275 nm wide in phase shifter) / CMP SiO2 about 40 nm / about 580 nm LN (unetched) / 0.75 um Au electrodes directly on LN",,,,,,,,,,,bw3db_ghz:approx;rf_loss_db_per_cm:lt;z0_ohm:approx;eo_film_thickness_nm:approx,data/evidence/valdez2023.yaml,"0.54 cm electrode. Vpi from a 1 kHz cosine-squared fit (Fig. 7); no DC bias used (wavelength tuned to quadrature on an asymmetric MZM). Push-pull stated for the VpiL equation (Eq. 2, p.10). Wavelength is the nominal band (1550/1310 nm); actual laser wavelength at quadrature not stated; optical input power is the laser output, not on-chip. 3 dB bandwidth is read from the Fig. 9(b) bar chart (about +-1 GHz), referenced to 1 GHz, measured to 110 GHz without a clean cutoff; the text instead states groups of devices as greater than 100 GHz (0.54 cm) and greater than 60 GHz (1.0 cm), which several bars contradict. RF loss (less than 9 dB/cm at 110 GHz) and Z0 (about 40 ohm) are text statements covering all eight devices; per-device curves are in Fig. 4 and were not read. VpiL not entered per device (Fig. 9(a) bars only); build derives Vpi x L. Not reported: ER, bias, temperature, signal width, BOX thickness. IL: 1.6 dB (0.54 cm) and 2.1 dB (1.0 cm) are stated for the phase-shifter section, MMIs and LN transitions; the text derives them from CN1 vs CN2 and does not say whether they apply to other designs, so they are entered on CN rows only. The 1.5 dB/cm phase-shifter loss (CN1 vs CN2 comparison, assuming other losses common) does not equal (2.1-1.6)/0.46 cm = 1.1 dB/cm; both are as stated. No data modulation reported (small-signal EO S21 and Vpi only)."
valdez2023-cw1,valdez2023,"CW1: C-band wide Si (300 nm), T-rail (L=20 um, t=10 um) SWE, G=7 um, 1 cm",mzm,hybrid_si_ln;slow_wave;unetched_ln;direct_bond;t_rail,lithium_niobate,lnoi_loaded_si,bonded_heterogeneous,slow_wave,push_pull,mzm_push_pull,,c_band,1550,10.0,2.93,,,,,,,,measured,54,1ghz,,,110,,,extracted_from_figure,,,,,,,,9,,9,110,40,,2.38,,580,,,,,7,,0.75,Au,0,HR Si; BOX thickness not stated; CMP SiO2 about 40 nm between Si waveguide and LN,none above LN (Au electrodes patterned directly on LN),,,"HR Si / SiO2 (BOX, thickness not stated) / 150 nm Si strip (300 nm wide in phase shifter) / CMP SiO2 about 40 nm / about 580 nm LN (unetched) / 0.75 um Au electrodes directly on LN",,,,,,,,,,,bw3db_ghz:approx;rf_loss_db_per_cm:lt;z0_ohm:approx;eo_film_thickness_nm:approx,data/evidence/valdez2023.yaml,"1.0 cm electrode. Vpi from a 1 kHz cosine-squared fit (Fig. 7); no DC bias used (wavelength tuned to quadrature on an asymmetric MZM). Push-pull stated for the VpiL equation (Eq. 2, p.10). Wavelength is the nominal band (1550/1310 nm); actual laser wavelength at quadrature not stated; optical input power is the laser output, not on-chip. 3 dB bandwidth is read from the Fig. 9(b) bar chart (about +-1 GHz), referenced to 1 GHz, measured to 110 GHz without a clean cutoff; the text instead states groups of devices as greater than 100 GHz (0.54 cm) and greater than 60 GHz (1.0 cm), which several bars contradict. RF loss (less than 9 dB/cm at 110 GHz) and Z0 (about 40 ohm) are text statements covering all eight devices; per-device curves are in Fig. 4 and were not read. VpiL not entered per device (Fig. 9(a) bars only); build derives Vpi x L. Not reported: ER, bias, temperature, signal width, BOX thickness. No data modulation reported (small-signal EO S21 and Vpi only)."
valdez2023-cw2,valdez2023,"CW2: C-band wide Si (300 nm), T-rail (L=20 um, t=10 um) SWE, G=7 um, 0.54 cm",mzm,hybrid_si_ln;slow_wave;unetched_ln;direct_bond;t_rail,lithium_niobate,lnoi_loaded_si,bonded_heterogeneous,slow_wave,push_pull,mzm_push_pull,,c_band,1550,5.4,5.59,,,,,,,,measured,79,1ghz,,,110,,,extracted_from_figure,,,,,,,,9,,9,110,40,,2.38,,580,,,,,7,,0.75,Au,0,HR Si; BOX thickness not stated; CMP SiO2 about 40 nm between Si waveguide and LN,none above LN (Au electrodes patterned directly on LN),,,"HR Si / SiO2 (BOX, thickness not stated) / 150 nm Si strip (300 nm wide in phase shifter) / CMP SiO2 about 40 nm / about 580 nm LN (unetched) / 0.75 um Au electrodes directly on LN",,,,,,,,,,,bw3db_ghz:approx;rf_loss_db_per_cm:lt;z0_ohm:approx;eo_film_thickness_nm:approx,data/evidence/valdez2023.yaml,"0.54 cm electrode. Vpi from a 1 kHz cosine-squared fit (Fig. 7); no DC bias used (wavelength tuned to quadrature on an asymmetric MZM). Push-pull stated for the VpiL equation (Eq. 2, p.10). Wavelength is the nominal band (1550/1310 nm); actual laser wavelength at quadrature not stated; optical input power is the laser output, not on-chip. 3 dB bandwidth is read from the Fig. 9(b) bar chart (about +-1 GHz), referenced to 1 GHz, measured to 110 GHz without a clean cutoff; the text instead states groups of devices as greater than 100 GHz (0.54 cm) and greater than 60 GHz (1.0 cm), which several bars contradict. RF loss (less than 9 dB/cm at 110 GHz) and Z0 (about 40 ohm) are text statements covering all eight devices; per-device curves are in Fig. 4 and were not read. VpiL not entered per device (Fig. 9(a) bars only); build derives Vpi x L. Not reported: ER, bias, temperature, signal width, BOX thickness. No data modulation reported (small-signal EO S21 and Vpi only)."
valdez2023-on1,valdez2023,"ON1: O-band narrow Si (225 nm), slot (L=t=20 um) SWE, G=8 um, 1 cm",mzm,hybrid_si_ln;slow_wave;unetched_ln;direct_bond;inductive_slot,lithium_niobate,lnoi_loaded_si,bonded_heterogeneous,slow_wave,push_pull,mzm_push_pull,,o_band,1310,10.0,2.6,,,,,,,,measured,66,1ghz,,,110,,,extracted_from_figure,,,,,,,,12,,9,110,40,,2.3,,580,,,,,8,,0.75,Au,0,HR Si; BOX thickness not stated; CMP SiO2 about 40 nm between Si waveguide and LN,none above LN (Au electrodes patterned directly on LN),,,"HR Si / SiO2 (BOX, thickness not stated) / 150 nm Si strip (225 nm wide in phase shifter) / CMP SiO2 about 40 nm / about 580 nm LN (unetched) / 0.75 um Au electrodes directly on LN",,,,,,,,,,,bw3db_ghz:approx;rf_loss_db_per_cm:lt;z0_ohm:approx;eo_film_thickness_nm:approx,data/evidence/valdez2023.yaml,"1.0 cm electrode. Vpi from a 1 kHz cosine-squared fit (Fig. 7); no DC bias used (wavelength tuned to quadrature on an asymmetric MZM). Push-pull stated for the VpiL equation (Eq. 2, p.10). Wavelength is the nominal band (1550/1310 nm); actual laser wavelength at quadrature not stated; optical input power is the laser output, not on-chip. 3 dB bandwidth is read from the Fig. 9(b) bar chart (about +-1 GHz), referenced to 1 GHz, measured to 110 GHz without a clean cutoff; the text instead states groups of devices as greater than 100 GHz (0.54 cm) and greater than 60 GHz (1.0 cm), which several bars contradict. RF loss (less than 9 dB/cm at 110 GHz) and Z0 (about 40 ohm) are text statements covering all eight devices; per-device curves are in Fig. 4 and were not read. VpiL not entered per device (Fig. 9(a) bars only); build derives Vpi x L. Not reported: ER, bias, temperature, signal width, BOX thickness. No data modulation reported (small-signal EO S21 and Vpi only). Vpi x L = 2.6 V*cm (Fig. 7(d)) is above the p.12 text O-band range of 2.0-2.3 V*cm."
valdez2023-on2,valdez2023,"ON2: O-band narrow Si (225 nm), slot (L=t=20 um) SWE, G=8 um, 0.54 cm",mzm,hybrid_si_ln;slow_wave;unetched_ln;direct_bond;inductive_slot,lithium_niobate,lnoi_loaded_si,bonded_heterogeneous,slow_wave,push_pull,mzm_push_pull,,o_band,1310,5.4,4.37,,,,,,,,measured,102,1ghz,,,110,,,extracted_from_figure,,,,,,,,12,,9,110,40,,2.3,,580,,,,,8,,0.75,Au,0,HR Si; BOX thickness not stated; CMP SiO2 about 40 nm between Si waveguide and LN,none above LN (Au electrodes patterned directly on LN),,,"HR Si / SiO2 (BOX, thickness not stated) / 150 nm Si strip (225 nm wide in phase shifter) / CMP SiO2 about 40 nm / about 580 nm LN (unetched) / 0.75 um Au electrodes directly on LN",,,,,,,,,,,bw3db_ghz:approx;rf_loss_db_per_cm:lt;z0_ohm:approx;eo_film_thickness_nm:approx,data/evidence/valdez2023.yaml,"0.54 cm electrode. Vpi from a 1 kHz cosine-squared fit (Fig. 7); no DC bias used (wavelength tuned to quadrature on an asymmetric MZM). Push-pull stated for the VpiL equation (Eq. 2, p.10). Wavelength is the nominal band (1550/1310 nm); actual laser wavelength at quadrature not stated; optical input power is the laser output, not on-chip. 3 dB bandwidth is read from the Fig. 9(b) bar chart (about +-1 GHz), referenced to 1 GHz, measured to 110 GHz without a clean cutoff; the text instead states groups of devices as greater than 100 GHz (0.54 cm) and greater than 60 GHz (1.0 cm), which several bars contradict. RF loss (less than 9 dB/cm at 110 GHz) and Z0 (about 40 ohm) are text statements covering all eight devices; per-device curves are in Fig. 4 and were not read. VpiL not entered per device (Fig. 9(a) bars only); build derives Vpi x L. Not reported: ER, bias, temperature, signal width, BOX thickness. No data modulation reported (small-signal EO S21 and Vpi only). Vpi x L = 4.37 V x 0.54 cm = 2.36 V*cm (Fig. 7(d)) is above the p.12 text O-band range of 2.0-2.3 V*cm."
valdez2023-ow1,valdez2023,"OW1: O-band wide Si (250 nm), T-rail (L=20 um, t=5 um) SWE, G=6 um, 0.54 cm",mzm,hybrid_si_ln;slow_wave;unetched_ln;direct_bond;t_rail,lithium_niobate,lnoi_loaded_si,bonded_heterogeneous,slow_wave,push_pull,mzm_push_pull,,o_band,1310,5.4,3.78,,,,,,,,measured,94,1ghz,,,110,,,extracted_from_figure,,,,,,,,12,,9,110,40,,2.43,,580,,,,,6,,0.75,Au,0,HR Si; BOX thickness not stated; CMP SiO2 about 40 nm between Si waveguide and LN,none above LN (Au electrodes patterned directly on LN),,,"HR Si / SiO2 (BOX, thickness not stated) / 150 nm Si strip (250 nm wide in phase shifter) / CMP SiO2 about 40 nm / about 580 nm LN (unetched) / 0.75 um Au electrodes directly on LN",,,,,,,,,,,bw3db_ghz:approx;rf_loss_db_per_cm:lt;z0_ohm:approx;eo_film_thickness_nm:approx,data/evidence/valdez2023.yaml,"0.54 cm electrode. Vpi from a 1 kHz cosine-squared fit (Fig. 7); no DC bias used (wavelength tuned to quadrature on an asymmetric MZM). Push-pull stated for the VpiL equation (Eq. 2, p.10). Wavelength is the nominal band (1550/1310 nm); actual laser wavelength at quadrature not stated; optical input power is the laser output, not on-chip. 3 dB bandwidth is read from the Fig. 9(b) bar chart (about +-1 GHz), referenced to 1 GHz, measured to 110 GHz without a clean cutoff; the text instead states groups of devices as greater than 100 GHz (0.54 cm) and greater than 60 GHz (1.0 cm), which several bars contradict. RF loss (less than 9 dB/cm at 110 GHz) and Z0 (about 40 ohm) are text statements covering all eight devices; per-device curves are in Fig. 4 and were not read. VpiL not entered per device (Fig. 9(a) bars only); build derives Vpi x L. Not reported: ER, bias, temperature, signal width, BOX thickness. No data modulation reported (small-signal EO S21 and Vpi only)."
valdez2023-ow2,valdez2023,"OW2: O-band wide Si (250 nm), T-rail (L=20 um, t=5 um) SWE, G=6 um, 1 cm",mzm,hybrid_si_ln;slow_wave;unetched_ln;direct_bond;t_rail,lithium_niobate,lnoi_loaded_si,bonded_heterogeneous,slow_wave,push_pull,mzm_push_pull,,o_band,1310,10.0,2.01,,,,,,,,measured,54,1ghz,,,110,,,extracted_from_figure,,,,,,,,12,,9,110,40,,2.43,,580,,,,,6,,0.75,Au,0,HR Si; BOX thickness not stated; CMP SiO2 about 40 nm between Si waveguide and LN,none above LN (Au electrodes patterned directly on LN),,,"HR Si / SiO2 (BOX, thickness not stated) / 150 nm Si strip (250 nm wide in phase shifter) / CMP SiO2 about 40 nm / about 580 nm LN (unetched) / 0.75 um Au electrodes directly on LN",,,,,,,,,,,bw3db_ghz:approx;rf_loss_db_per_cm:lt;z0_ohm:approx;eo_film_thickness_nm:approx,data/evidence/valdez2023.yaml,"1.0 cm electrode. Vpi from a 1 kHz cosine-squared fit (Fig. 7); no DC bias used (wavelength tuned to quadrature on an asymmetric MZM). Push-pull stated for the VpiL equation (Eq. 2, p.10). Wavelength is the nominal band (1550/1310 nm); actual laser wavelength at quadrature not stated; optical input power is the laser output, not on-chip. 3 dB bandwidth is read from the Fig. 9(b) bar chart (about +-1 GHz), referenced to 1 GHz, measured to 110 GHz without a clean cutoff; the text instead states groups of devices as greater than 100 GHz (0.54 cm) and greater than 60 GHz (1.0 cm), which several bars contradict. RF loss (less than 9 dB/cm at 110 GHz) and Z0 (about 40 ohm) are text statements covering all eight devices; per-device curves are in Fig. 4 and were not read. VpiL not entered per device (Fig. 9(a) bars only); build derives Vpi x L. Not reported: ER, bias, temperature, signal width, BOX thickness. No data modulation reported (small-signal EO S21 and Vpi only)."
vanackere2023-a,vanackere2023,2 mm micro-transfer-printed LN-on-SiN MZM (GSSG),mzm,micro_transfer_printing;hybrid_ln_on_sin;gssg;differential_line;imbalanced_mzi,lithium_niobate,lnoi_loaded_sin,micro_transfer_printed,other,push_pull,mzm_push_pull,,c_band,1550,2,14.8,,,,,,,4.4,measured,50,unspecified,,,55,,,measured,3.3,printed LN coupon with its two adiabatic tapers (2.7 dB) and two 1x2 MMIs (0.3 dB each),"grating couplers (about 18 dB combined, p.5); referenced to a SiN reference waveguide without coupons",,,39,static,,measured,20,,100,,,,300,,,,,6,35,1,gold (15 nm titanium adhesion),3.3,silicon (resistivity not stated; substrate ohmic loss reported),,x-cut,,x-cut LN slab 300 nm on SiN strip 300 nm thick x 1 um wide; Ti 15 nm / Au 1 um electrodes on both sides of each waveguide; LN coupon 2 mm x 30 um with 45 um long bilinear tapers,70,"NRZ (raised cosine), 56 and 70 Gb/s eyes, BER below KP4-FEC after equalization of the electrical drive chain",70,,,,,,,arbitrary waveform generator (Keysight M8196A) with electrical amplification (model not stated); differential GSSG probe; 50 ohm terminations,bw3db_ghz:gt;bw_measured_to_ghz:approx;z0_ohm:approx;rf_loss_db_per_cm:approx,data/evidence/vanackere2023.yaml,"First micro-transfer-printed LN modulator on SiN. Vpi 14.8 V x 0.2 cm = 2.96 V cm, close to the authors' simulated 3.0 V cm for the push-pull MZM (6.0 V cm per phase section, COMSOL, p.3); the simulated values are not entered and vpil is left for the build step. 3 dB bandwidth is a lower bound (not crossed, equipment limit; piezo-electric feature near 11.8 GHz, p.5); EO S21 calibrated to cables, probe and diode subtracted in post-processing. Electrode GSSG, 100 ohm differential design, 50 ohm terminations on probes. Printed coupons: 27 of 32 transferred successfully; taper tip about 300 nm vs 200 nm design; simulated ideal transition loss 0.25 dB vs 2.7 dB measured. Optical power: 20 mW laser output (not on-chip). Grating couplers about 18 dB combined, EDFA needed. Electrodes slightly misaligned after fabrication (p.4). Fiber-to-fiber loss not stated as a single number. length_mm = 2 is the device (coupon) length; the active electrode length is not stated. Z0 about 100 ohm holds from about 10 to about 40 GHz in Fig. 3(a) and rises to about 130-150 ohm by 50-60 GHz; attenuation about 2 dB/mm rising to about 3 dB/mm near 55 GHz."
wang2018-mzi,wang2018,"2 mm MZI, lumped electrodes, etched x-cut LN in SiO2",mzm,lumped_electrode;rib_etched_ln;sio2_clad;microring_companion,lithium_niobate,lnoi_rib,monolithic,lumped,push_pull,mzm_push_pull,,,,2,9,,,1.8,,,,5.66,measured,15,unspecified,,,,,,measured,2,,"fiber coupling, about 5 dB per facet",,3,10,static,,author_estimate,,,,,,,,400,900,300,,3.5,,,gold,,,SiO2,x-cut,,,22,"NRZ OOK, 2^7-1 PRBS; eye diagrams at 5, 12.5 and 22 Gb/s",22,,1600,200,,,,,bw3db_ghz:approx;il_onchip_db:approx;prop_loss_db_per_cm:approx;capacitance_ff:approx,data/evidence/wang2018.yaml,"Numbers from arXiv v1 (23 Jan 2017); the Optics Express version of record was not read. Etched x-cut LN waveguide (TE, r33) in SiO2 with gold electrodes either side; Vpi is the on-off voltage of the MZI with phase delay in one arm and advance in the other (p.3). Fig. 2(b) SEM annotation reads 'Length 1 mm' for each electrode section; text and Fig. 3c caption say 2 mm and are used. Optical wavelength of the MZI measurements, film thickness (rib 400 nm + slab 300 nm not summed by the authors), electrode width/thickness, BOX and cladding thickness, sidewall angle not reported. Rib height h taken as etch depth (slab remaining 300 nm). Geometry values are stated for the platform optical waveguides (Fig. 2c); on-chip IL ~2 dB and loss ~3 dB/cm are platform-typical statements, method not given. Dynamic ER 8 dB (eye diagrams, Fig. 4d/e); data rate 22 Gb/s = 1.5 x the 15 GHz bandwidth. 5.66 Vpp drive common to MZI and racetrack eyes."
wang2018-rt-eye,wang2018,"racetrack, eye-diagram device (Q not identified)",ring,racetrack;rib_etched_ln;sio2_clad,lithium_niobate,lnoi_rib,monolithic,,,,,,,,,,,,,,,5.66,,,,,,,,,,,,,,,3,dynamic,,,,,,,,,,400,900,300,,,,,gold,,,SiO2,x-cut,,,40,"NRZ OOK, 2^7-1 PRBS; eye diagrams at 22, 30 and 40 Gb/s",40,,240,,,,,,,data/evidence/wang2018.yaml,"Numbers from arXiv v1 (23 Jan 2017); the Optics Express version of record was not read. Separate row because the paper does not say which racetrack (Q) produced the 40 Gb/s eyes, 3 dB ER and 240 fJ/bit; not merged into the Q ~8,000 row. Data rate 40 Gb/s = 1.5 x the paper's 3 dB bandwidth rule of thumb (p.5). Cut, cladding, electrode metal and waveguide w/h/s from the p.3 platform statement; electrode gap not entered (Q set by electrode distance, p.4)."
wang2018-rt-q18k,wang2018,"racetrack, Q 18,000, EO bandwidth",ring,racetrack;rib_etched_ln;sio2_clad;photon_lifetime_limited,lithium_niobate,lnoi_rib,monolithic,,,,,,,,,,,,,,,,,11,unspecified,,,,,,measured,,,,,,,,,,,,,,,,,400,900,300,,,,,gold,,,SiO2,x-cut,,,,,,,,,18000,,,,,data/evidence/wang2018.yaml,"Numbers from arXiv v1 (23 Jan 2017); the Optics Express version of record was not read. Text-only data point (no curve shown). Cut, cladding, electrode metal and waveguide w/h/s from the p.3 platform statement; electrode gap not entered (Q set by electrode distance, p.4)."
wang2018-rt-q50k,wang2018,"racetrack, loaded Q ~50,000, DC tuning",ring,racetrack;rib_etched_ln;sio2_clad,lithium_niobate,lnoi_rib,monolithic,,,,,,1576,,,,,,,,,,,,,,,,,,,,,,,,,,,,,,,,,,,400,900,300,,,,,gold,,,SiO2,x-cut,,,,,,,,,50000,,0.007,,wavelength_nm:approx;q_loaded:approx,data/evidence/wang2018.yaml,"Numbers from arXiv v1 (23 Jan 2017); the Optics Express version of record was not read. Resonance near 1576 nm read from the Fig. 3a wavelength axis. 7.0 pm/V linear shift (Fig. 3b), no change of ER or linewidth. On-chip insertion loss of racetrack structures stated as ~1 dB (platform-typical, device not identified). Cut, cladding, electrode metal and waveguide w/h/s from the p.3 platform statement; electrode gap not entered (Q set by electrode distance, p.4)."
wang2018-rt-q5p7k,wang2018,"racetrack, Q 5,700, EO bandwidth",ring,racetrack;rib_etched_ln;sio2_clad;photon_lifetime_limited,lithium_niobate,lnoi_rib,monolithic,,,,,,,,,,,,,,,,,40,unspecified,,,,,,measured,,,,,,,,,,,,,,,,,400,900,300,,,,,gold,,,SiO2,x-cut,,,,,,,,,5700,,,,,data/evidence/wang2018.yaml,"Numbers from arXiv v1 (23 Jan 2017); the Optics Express version of record was not read. Text-only data point (no curve shown); confirms lifetime-limited bandwidth. Cut, cladding, electrode metal and waveguide w/h/s from the p.3 platform statement; electrode gap not entered (Q set by electrode distance, p.4)."
wang2018-rt-q8k,wang2018,"racetrack, Q ~8,000, EO bandwidth",ring,racetrack;rib_etched_ln;sio2_clad;photon_lifetime_limited,lithium_niobate,lnoi_rib,monolithic,,,,,,,,,,,,,,,,,30,unspecified,,,,,,measured,,,,,,,,,,,,,,,,,400,900,300,,,,,gold,,,SiO2,x-cut,,,,,,,,,8000,,,,q_loaded:approx,data/evidence/wang2018.yaml,"Numbers from arXiv v1 (23 Jan 2017); the Optics Express version of record was not read. 3 dB EO bandwidth limited by cavity photon lifetime (~6 ps), Fig. 4b; 0 dB reference frequency not stated. Text says 'Q factor' without 'loaded'; Q set by electrode-waveguide distance. Cut, cladding, electrode metal and waveguide w/h/s from the p.3 platform statement; electrode gap not entered (Q set by electrode distance, p.4)."
wang2022a-a,wang2022a,1.2 cm DP-IQ,iq_mzm,dual_polarization;iq;spot_size_converter;polarization_rotator_combiner;thermo_optic_bias,lithium_niobate,lnoi_rib,monolithic,tw_gsg,push_pull,mzm_push_pull,,,,12,2.18,,,2.6,,,,,measured,,unspecified,,67,67,5,67,measured,,,,12,,24,unspecified,,measured,,,,,,,500,260,1500,240,70,5,40,1.2,gold,4.7,silicon 500 um,"SiO2 2 um (whole chip)",x-cut,,,136,"DP-PS-256QAM, entropy about 7.0 bit/symbol",,1600,,,,,,"SHF S804 B single-ended RF amplifiers (60 GHz 3 dB BW, 22 dB gain) behind a Keysight 8199A AWG (224 GSa/s)",bw6db_ghz:gt;eo_rolloff_db:approx;extinction_ratio_db:approx,data/evidence/wang2022a.yaml,"arXiv v1 numbers. X, Y polarization IQ chips with PRC; XI/XQ/YI/YQ MZMs share the 1.2 cm GSGSG line; 38 ohm termination. Polarization ER above 33 dB at 1550 nm. S11 below -14 dB; S11/S21 include RF probes. Fig. 3(c) 3 dB point not stated (trace passes -3 dB below 67 GHz). Wavelength of the Vpi sweep not stated. Net rate 1.6 Tb/s assumes the stated FEC overhead. The 12 dB insertion loss is fibre-to-fibre, per polarization."
wang2026b-am,wang2026b,"2x2 amplitude modulator unit (AM 3-1) of the 2x8 switch, about 1.1 cm",mzm,flip_chip_packaged;switch_unit;mzi_2x2;thermal_bias;on_chip_termination;cu_au_electrodes,lithium_niobate,lnoi_rib,monolithic,tw_gsg,unspecified,unspecified,,,,11,2.2,3.7,50,2.4,,,,,measured,30,unspecified,,,,,,measured,,,,,,,,,,,,,,,,500,,,,,,,1.0,Cu/Au,,,SiO2 3 um,,,,,,,,,,,,,,length_mm:approx;vpi_rf_v:approx;bw3db_ghz:approx,data/evidence/wang2026b.yaml,"Packaging paper: this row is the modulator unit inside the 2x8 switch. Fig. 2(f) AM (chip-level EO S21, about 30 GHz) is taken to be the same design as AM 3-1 because the RF Vpi extraction combines the DC Vpi with that curve; the paper does not label it. After flip-chip bonding the packaged EO S21 shows 'a similar roll-off' (no number); FC bond loss average below 1 dB DC-53 GHz, crosstalk below -22 dB; these package metrics have no column. Batch hint '50 GHz bandwidth' refers to the packaging interface, not EO bandwidth."
wang2026b-am2,wang2026b,AM 2 of the EO-comb transmitter (data modulation),mzm,flip_chip_packaged;system_demo;ook,lithium_niobate,lnoi_rib,monolithic,tw_gsg,,unspecified,,,,11,,,,,,,,,,,,,,,,,,,,,,,,,,,,,,,,,,,,,,,,,,,,,,,,20,"OOK at 5, 10, 20 Gbaud on the left first comb sideband",20,,,,,,,,length_mm:approx,data/evidence/wang2026b.yaml,"Rate is oscilloscope-limited (demonstrated maximum, entered without a bound qualifier); authors estimate at least 40 Gbaud per channel (assuming 90 percent spectral efficiency, not entered). No Vpi, bandwidth or drive amplitude reported for AM 2 itself."
wang2026b-pm,wang2026b,Double-pass phase modulator of the EO comb generator,phase_shifter,flip_chip_packaged;eo_comb;double_pass,lithium_niobate,lnoi_rib,monolithic,tw_gsg,unspecified,unspecified,,,,,,3.9,50,,,,,,author_estimate,,,,,,,,,,,,,,,,,,,,,,,,,,,,,,,,,,,,,,,,,,,,,,,,,vpi_rf_v:approx,data/evidence/wang2026b.yaml,"Comb with PM only: 13 lines, flatness 15 dB; PM plus AM 1 at 24.5 and 9 dBm gives 7 lines with 2.8 dB flatness (Fig. 4(c)). Optical length of the double-pass PM not stated, so length_mm is empty."
wang2026b-switch,wang2026b,"2x8 optical switch, three stages of 7 AM units",other,optical_switch;2x8;flip_chip_packaged;system_demo,lithium_niobate,lnoi_rib,monolithic,,,,,,,,,,,,,,,,,,,,,,,,,3,three cascaded stages of 2x2 AM units on the path,fiber-to-chip coupling (about 5 dB per facet),,,,,,measured,,,,,,,,,,,,,,,,,,,,,,,,,,,,,,,,il_onchip_db:approx,data/evidence/wang2026b.yaml,"Circuit-level metrics: optical crosstalk below -20 dB over 1540-1595 nm, rise/fall 33/34 ps limited by a 13 GHz oscilloscope (about 12 ps estimated at package-level bandwidth). No column for switching time or optical crosstalk."
weigel2018-a,weigel2018,"5 mm bonded TFLN on Si photonics, Al CPW, push-pull test electrodes",mzm,hybrid_si_ln;unpatterned_ln;foundry_si;room_temperature_bonding;aluminum_electrodes,lithium_niobate,lnoi_loaded_si,bonded_heterogeneous,tw_cpw,push_pull,mzm_push_pull,,c_band,1560,5,,,,6.7,,,,,measured,106,unspecified,,,106,,,measured,7.6,"Si routing, directional couplers, tapers, hybrid LN-Si region, electrode lines over the mode","edge couplers, about 3 dB per edge",13.6,0.6,20,static,,derived,7.7,100,,2.25,,,,,,,,,,1.6,aluminum,0.05,"high-resistivity silicon handle (about 6e3 ohm cm measured after HF); SOI with 3 um oxide, Si thinned to 150 nm",,x-cut,,"unpatterned x-cut LN film (thickness not stated) bonded over Si rib waveguides (150 nm thick; 320 nm wide in the phase-shifter, 650 nm elsewhere) in planarized SOI (3 um oxide); 50 nm SiO2 between LN and Al electrodes",,,,,,,,,,,bw3db_ghz:gt;extinction_ratio_db:gt;il_onchip_db:approx,data/evidence/weigel2018.yaml,"Numbers from the author manuscript in the cache (single-column manuscript with figures at the end); the Optics Express version of record was not read. One device (test electrodes for push-pull were fabricated on one EOM only, Fig. 1c caption). VpiL 6.7 V*cm at DC for L = 0.5 cm (fit to Fig. 3a); Vpi not stated (null spacing in Fig. 3a is about 26 V, i.e. 2 Vpi, consistent with 13.4 V). EO 3 dB bandwidth was not crossed: sideband measurement 2-106 GHz (OSA 0.18 GHz resolution; multipliers above 67 GHz), response flat; paper bound 'well beyond 106 GHz' (title says 100 GHz); 0 dB reference frequency not stated; peak-to-peak RF drive about 1 V. On-chip IL 7.6 dB (author: 13.6 dB fiber-to-fiber minus about 3 dB per edge twice); the paper's own calculated intrinsic loss was 2.9 dB, excess attributed to couplers and tapers. RF line values are fitted from measured S-parameters: n_m = 2.25 (power-law fit), alpha_m about f^(1/4) with 7.7 dB/cm at 100 GHz, Z_c from 53.4 to 55.1 ohm over dc-110 GHz (Z0 left empty: single column, range given). Not reported: LN thickness, CPW gap and signal width, optical input power, optical group index (simulated n_m - n_o about 0.07 only). Edge coupling about 3 dB per edge for lightly polished, unpackaged edges."
witmer2020-converter,witmer2020,"Unslotted fishbone cavity, EO converter device (SEO100C)",other,soh;quantum_transduction;photonic_crystal_cavity;fishbone_reflector;poled;resonant;numbers_from_arxiv_v1;microwave_resonator;cryogenic_conversion,eo_polymer,other,polymer_backfill,lumped,,,,c_band,1558,0.45,,,,,,,,,,,,,,,,,,,,,,,,,,,,,,,,,,,290,,,2.7,,0.2,aluminum,3,"float-zone SOI (Shin-Etsu), 220 nm silicon device layer, 3 um buried oxide, substrate resistivity > 3 kOhm cm","SEO100C electro-optic polymer (Soluxra), 500-1000 nm thick",,,"Unperturbed silicon strip 290 nm wide, 220 nm tall, 420 um long between sinusoidally width-modulated (fishbone) photonic-crystal reflectors (5-10 full-strength periods plus 10 ramp periods each side); capacitor of a lambda/4 coplanar-waveguide resonator: two 3 um wide Al electrodes, gap 2.7 um, length 450 um; about 35 percent of the mode energy in the polymer",,,,,,,19900,2.3,0.0037,,wavelength_nm:approx,data/evidence/witmer2020.yaml,"Q and temperature: loaded Q 19,900 and Fano fit at about 7 mK (Fig. 7(a,b)); EO tuning 3.70 pm/V measured at room temperature on the same resonance (Fig. 7(c,d)); temperature_class left empty (mixed). Tuning stable up to 10 MHz (generator limit). Transduction (not columns): microwave resonance 6.672 GHz (lambda/4 CPW, about 100 ohm, 5200 um), conversion efficiency 2.2e-9 at -26 dBm pump and -31 dBm RF, conversion bandwidth 20.3 MHz, sideband contrast 9.5 dB, g0/2pi 330 +/- 60 Hz inferred and 400 Hz predicted (Table 1, p.19). After UV fiber gluing the tuning fell from 3.7 to 1.1 pm/V, lowering efficiency about 11x (p.13). The poled polymer has ne 1.70 and no 1.65; poling at about 300 V (100 V/um) up to Tg about 135 C (p.6). Wavelength value is the abstract's; Table 1 gives 192.6 THz (about 1556.6 nm), Fig. 7(b) about 1557.9 nm."
witmer2020-slot,witmer2020,Fully etched slotted photonic-crystal cavity (180 nm slot) test device,other,soh;quantum_transduction;photonic_crystal_cavity;fishbone_reflector;poled;resonant;numbers_from_arxiv_v1;slot;test_device;lightly_doped_silicon,eo_polymer,soi_slot,polymer_backfill,lumped,,,,,,,,,,,,,,,,2e-05,unspecified,,,,,,measured,,,,,,,,,,,,,,,,,,,,,,,,,,,,,,"Fully etched slotted waveguide, slot 180 nm (Fig. 4 caption); metal leads contact each side of the slot at the far tip of the mode converters; lightly p-doped silicon device layer (10-15 ohm cm); SEO100C cladding; no strong doping or partial slab",,,,,,,,,0.08,,tuning_nm_per_v:approx;bw3db_ghz:approx,data/evidence/witmer2020.yaml,"Test device used to evaluate the slot geometry; total Q about 30,000-60,000 after poling (range, not entered as a single value). Operating wavelength not stated (Fig. 4(d) axis spans 1569.4-1570 nm); band left empty. Slot geometry was not used for the converter because doping the slab to reach the roll-off needed for microwave signals (resistivity below about 0.2 ohm cm) would load the microwave and optical Q (Fig. 5, simulated design study, not entered)."
witmer2020-unslotted,witmer2020,Fully etched unslotted strip photonic-crystal cavity (3 um electrode gap) test device,other,soh;quantum_transduction;photonic_crystal_cavity;fishbone_reflector;poled;resonant;numbers_from_arxiv_v1;test_device,eo_polymer,other,polymer_backfill,lumped,,,,,,,,,,,,,,,,,,,,,,,,,,,,,,,,,,,,,,,,,,,,3,,,,,,,,,Fully etched silicon strip with periodically modulated width (fishbone reflector); external electrodes 3 um apart; SEO100C cladding,,,,,,,,,0.0039,,,data/evidence/witmer2020.yaml,"Comparison device for Fig. 4(e-h); Fig. 4(h) axis spans 1546.8-1547.4 nm (wavelength not stated in text, not entered). Same family as the converter device, whose 3.70 pm/V is on its own row."
wolf2018a-gated,wolf2018a,1.1 mm SEO100: gated response and OOK,mzm,soh;poled;gated;terminated;numbers_from_arxiv_v1,eo_polymer,soi_slot,polymer_backfill,tw_gsg,push_pull,,,,1550,1.1,,,,,,,,1.4,,,,,25,,,,measured,,,,,,,,,,,,,,,,,,,,,,,,,,,,,,,,NRZ OOK (100 Gb/s back-to-back; 80 and 100 Gb/s over 10 km),100,,98,,,,,Keysight M8195A AWG; SHF 603A multiplexer; SHF 827 RF amplifier,wavelength_nm:approx;bw6db_ghz:approx,data/evidence/wolf2018a.yaml,"6 dB EOE convention retained; bw3db blank. Gate field 0.1 V/nm stated for frequency response and linked to the 100 Gb/s transmission experiment on p.7. Initial BER values estimated from Q: 3.2e-4 back-to-back and 3.0e-3 over 10 km at 100 Gb/s. External 50-ohm load is not measured Z0. Authors equate the 6 dB detected-RF spectral-power drop with halved optical modulation power and photocurrent amplitude. The 1.4 Vpp is amplifier output before the probe into a terminated line, without stated probe-loss correction."
wolf2018a-static,wolf2018a,1.1 mm SEO100: static characterization,mzm,soh;poled;numbers_from_arxiv_v1;phase_only_loss,eo_polymer,soi_slot,polymer_backfill,tw_gsg,push_pull,mzm_push_pull,,,1550,1.1,0.9,,,0.1,,,2,,measured,,,,,,,,,8,active slot-waveguide phase-shifter section only,grating couplers; access strip waveguides; MMI splitters/combiners; strip-slot converters,20,73,14,static,,derived,,,,,,,,,,,,,,,aluminum,,silicon-on-insulator,SEO100 organic electro-optic polymer,,,Silicon rails 240 nm wide; optical slot 160 nm with SEO100; 2 um buried oxide. Rail/slab thickness unresolved in Fig. 1 caption.,,,,,,,,,,,bias_for_vpi_v:gt;il_onchip_db:approx;il_fiber_to_fiber_db:gt;prop_loss_db_per_cm:approx;extinction_ratio_db:approx,data/evidence/wolf2018a.yaml,Static characterization of the transmission-device design; gate condition not stated here. Losses describe this fabrication generation; Ge contamination reported. Phase-only loss is not whole-chip IL. Fiber loss >=20 dB uses available gt qualifier. Caption labels hRail=70 nm while drawing labels hSlab; neither thickness inferred.
wolf2018a-ungated,wolf2018a,1.1 mm SEO100: ungated OOK,mzm,soh;poled;ungated;numbers_from_arxiv_v1,eo_polymer,soi_slot,polymer_backfill,tw_gsg,push_pull,,,,,1.1,,,,,,,,,,,,,,,,,,,,,,,,,,,,,,,,,,,,,,,,,,,,,,,,,NRZ OOK (60-80 Gb/s AWG back-to-back; 60-70 Gb/s over 10 km; 100 Gb/s DAC back-to-back),100,,,,,,,MICRAM DAC4 100 GSa/s with RF amplifier for maximum-rate test; earlier AWG/MUX setup at lower rates,,data/evidence/wolf2018a.yaml,"No gate field. Same modulator, alternate drive setup; no separate static metrics duplicated. Directly measured BER 4.2e-3 without post-equalization and 6.6e-6 with it; Q-estimated BER 8.2e-3 and 5.4e-6. DAC experiment does not restate calibrated drive swing or wavelength. No 25 GHz gated bandwidth assigned. External termination is stated for earlier AWG runs only; not restated for the DAC run."
wu2023-a,wu2023,"Wafer D, 25 um graphene GOS EAM",eam,graphene;gos;cmos_300mm;wafer_scale;wafer_D;numbers_from_arxiv_v1,graphene_2d,soi_rib,foundry_native,lumped,,,,c_band,1550,0.025,,,,,,,,,,15.1,unspecified,,,,,,measured,2.1,unbiased graphene-on-Si active section of the stated length,grating couplers (normalized to a neighboring straight waveguide),,,1.2,static,,measured,,,,,,,,,500,70,,,,,Ti/TiN/W damascene contacts; Cu metal-1 routing,,"300 mm SOI wafer, 220 nm Si on 2 um BOX","Al2O3 capping on graphene (ALD, thickness not stated) under PMD oxide",,,single-layer CVD graphene on 5 nm thermally grown gate oxide on doped Si rib waveguide (graphene-oxide-semiconductor); 6-inch graphene transferred to wafer center; 250 nm diameter damascene edge contacts to graphene; p++ Si contacts,,,,,,26.7,,,,,,data/evidence/wu2023.yaml,"Numbers from arXiv v1 preprint (2304.02646v1). Wafer D (optimized: extra CMP planarization, long TMA soak, no contact delay). Table 2/3 entries are mean +- std (IL +-0.4 dB, ER +-0.2 dB, EO BW +-1.8 GHz); text medians at 1550 nm: ER 1.3 dB, EO BW 15.3 GHz. ER at 6 Vpp drive (Fig. 4(d)); EO BW from S21 100 MHz to 30 GHz at 1 V DC bias, reference level of the 3 dB drop not stated; EO BW devices observed: 29 (Table 3), IL/ER devices: 400 (Table 2, wafer D row; p.6 and p.7 also say 400 tested devices). C_gos from S11 equivalent-circuit fit (Table 3). Modulation depth 50 +- 4 dB/mm (Table 2, wafer D), normalized IL 87 +- 8 dB/mm; yield above 95% (conclusion). Wafers A-C (different process DoE) are in Table 2 and not entered; wafer C bandwidth is contact-delay limited (Fig. 5(b) inset medians 4.2-5.5 GHz; 3.8 GHz is the representative curve of Fig. 5(a), p.9). Fitted RC: R_gos 280 +- 61 ohm, final estimated BW incl. parasitics 16.8 GHz (Table 3). Temperature not stated. Doping levels of the Si rib not stated; implant details not given. IL is the peak transmission of each curve, wavelength not stated (p.6); wavelength_nm 1550 applies to ER (p.7)."
wu2023-b,wu2023,"Wafer D, 50 um graphene GOS EAM",eam,graphene;gos;cmos_300mm;wafer_scale;wafer_D;numbers_from_arxiv_v1,graphene_2d,soi_rib,foundry_native,lumped,,,,c_band,1550,0.05,,,,,,,,,,14.1,unspecified,,,,,,measured,4.4,unbiased graphene-on-Si active section of the stated length,grating couplers (normalized to a neighboring straight waveguide),,,2.5,static,,measured,,,,,,,,,500,70,,,,,Ti/TiN/W damascene contacts; Cu metal-1 routing,,"300 mm SOI wafer, 220 nm Si on 2 um BOX","Al2O3 capping on graphene (ALD, thickness not stated) under PMD oxide",,,single-layer CVD graphene on 5 nm thermally grown gate oxide on doped Si rib waveguide (graphene-oxide-semiconductor); 6-inch graphene transferred to wafer center; 250 nm diameter damascene edge contacts to graphene; p++ Si contacts,,,,,,62.1,,,,,,data/evidence/wu2023.yaml,"Numbers from arXiv v1 preprint (2304.02646v1). Wafer D (optimized: extra CMP planarization, long TMA soak, no contact delay). Table 2/3 entries are mean +- std (IL +-0.7 dB, ER +-0.1 dB, EO BW +-1.4 GHz); text medians at 1550 nm: ER 2.5 dB, EO BW 14.3 GHz. ER at 6 Vpp drive (Fig. 4(d)); EO BW from S21 100 MHz to 30 GHz at 1 V DC bias, reference level of the 3 dB drop not stated; EO BW devices observed: 29 (Table 3), IL/ER devices: 400 (Table 2, wafer D row; p.6 and p.7 also say 400 tested devices). C_gos from S11 equivalent-circuit fit (Table 3). Modulation depth 50 +- 4 dB/mm (Table 2, wafer D), normalized IL 87 +- 8 dB/mm; yield above 95% (conclusion). Wafers A-C (different process DoE) are in Table 2 and not entered; wafer C bandwidth is contact-delay limited (Fig. 5(b) inset medians 4.2-5.5 GHz; 3.8 GHz is the representative curve of Fig. 5(a), p.9). Fitted RC: R_gos 86 +- 18 ohm, final estimated BW incl. parasitics 17.2 GHz (Table 3). Temperature not stated. Doping levels of the Si rib not stated; implant details not given. IL is the peak transmission of each curve, wavelength not stated (p.6); wavelength_nm 1550 applies to ER (p.7)."
wu2023-c,wu2023,"Wafer D, 75 um graphene GOS EAM",eam,graphene;gos;cmos_300mm;wafer_scale;wafer_D;numbers_from_arxiv_v1,graphene_2d,soi_rib,foundry_native,lumped,,,,c_band,1550,0.075,,,,,,,,,,12.6,unspecified,,,,,,measured,6.8,unbiased graphene-on-Si active section of the stated length,grating couplers (normalized to a neighboring straight waveguide),,,3.7,static,,measured,,,,,,,,,500,70,,,,,Ti/TiN/W damascene contacts; Cu metal-1 routing,,"300 mm SOI wafer, 220 nm Si on 2 um BOX","Al2O3 capping on graphene (ALD, thickness not stated) under PMD oxide",,,single-layer CVD graphene on 5 nm thermally grown gate oxide on doped Si rib waveguide (graphene-oxide-semiconductor); 6-inch graphene transferred to wafer center; 250 nm diameter damascene edge contacts to graphene; p++ Si contacts,,,,,,102.8,,,,,,data/evidence/wu2023.yaml,"Numbers from arXiv v1 preprint (2304.02646v1). Wafer D (optimized: extra CMP planarization, long TMA soak, no contact delay). Table 2/3 entries are mean +- std (IL +-1.5 dB, ER +-0.3 dB, EO BW +-0.9 GHz); text medians at 1550 nm: ER 3.8 dB, EO BW 12.4 GHz. ER at 6 Vpp drive (Fig. 4(d)); EO BW from S21 100 MHz to 30 GHz at 1 V DC bias, reference level of the 3 dB drop not stated; EO BW devices observed: 32 (Table 3), IL/ER devices: 400 (Table 2, wafer D row; p.6 and p.7 also say 400 tested devices). C_gos from S11 equivalent-circuit fit (Table 3). Modulation depth 50 +- 4 dB/mm (Table 2, wafer D), normalized IL 87 +- 8 dB/mm; yield above 95% (conclusion). Wafers A-C (different process DoE) are in Table 2 and not entered; wafer C bandwidth is contact-delay limited (Fig. 5(b) inset medians 4.2-5.5 GHz; 3.8 GHz is the representative curve of Fig. 5(a), p.9). Fitted RC: R_gos 49 +- 6 ohm, final estimated BW incl. parasitics 14.5 GHz (Table 3). Temperature not stated. Doping levels of the Si rib not stated; implant details not given. IL is the peak transmission of each curve, wavelength not stated (p.6); wavelength_nm 1550 applies to ER (p.7)."
wu2023-d,wu2023,"Wafer D, 100 um graphene GOS EAM",eam,graphene;gos;cmos_300mm;wafer_scale;wafer_D;numbers_from_arxiv_v1,graphene_2d,soi_rib,foundry_native,lumped,,,,c_band,1550,0.1,,,,,,,,,,11.2,unspecified,,,,,,measured,8.8,unbiased graphene-on-Si active section of the stated length,grating couplers (normalized to a neighboring straight waveguide),,,5.0,static,,measured,,,,,,,,,500,70,,,,,Ti/TiN/W damascene contacts; Cu metal-1 routing,,"300 mm SOI wafer, 220 nm Si on 2 um BOX","Al2O3 capping on graphene (ALD, thickness not stated) under PMD oxide",,,single-layer CVD graphene on 5 nm thermally grown gate oxide on doped Si rib waveguide (graphene-oxide-semiconductor); 6-inch graphene transferred to wafer center; 250 nm diameter damascene edge contacts to graphene; p++ Si contacts,,,,,,139.2,,,,,,data/evidence/wu2023.yaml,"Numbers from arXiv v1 preprint (2304.02646v1). Wafer D (optimized: extra CMP planarization, long TMA soak, no contact delay). Table 2/3 entries are mean +- std (IL +-1.7 dB, ER +-0.2 dB, EO BW +-0.7 GHz); text medians at 1550 nm: ER 5.0 dB, EO BW 11.3 GHz. ER at 6 Vpp drive (Fig. 4(d)); EO BW from S21 100 MHz to 30 GHz at 1 V DC bias, reference level of the 3 dB drop not stated; EO BW devices observed: 28 (Table 3), IL/ER devices: 400 (Table 2, wafer D row; p.6 and p.7 also say 400 tested devices). C_gos from S11 equivalent-circuit fit (Table 3). Modulation depth 50 +- 4 dB/mm (Table 2, wafer D), normalized IL 87 +- 8 dB/mm; yield above 95% (conclusion). Wafers A-C (different process DoE) are in Table 2 and not entered; wafer C bandwidth is contact-delay limited (Fig. 5(b) inset medians 4.2-5.5 GHz; 3.8 GHz is the representative curve of Fig. 5(a), p.9). Fitted RC: R_gos 38 +- 4 ohm, final estimated BW incl. parasitics 12.2 GHz (Table 3). Temperature not stated. Doping levels of the Si rib not stated; implant details not given. IL is the peak transmission of each curve, wavelength not stated (p.6); wavelength_nm 1550 applies to ER (p.7)."
wu2025-a,wu2025,"6.4 mm Si-TFLN BEOL MZM (unbalanced, GSG push-pull TWE)",mzm,beol_integration;si_tfln;die_to_wafer;bcb_bonded;active_silicon_photonics;unbalanced_mzi;vertical_adiabatic_coupler,lithium_niobate,lnoi_rib,bonded_heterogeneous,tw_gsg,push_pull,mzm_push_pull,,c_band,,6.4,4.4,,,2.8,,,,,measured,100,unspecified,,,110,,,measured,4,"TFLN waveguide (excess propagation loss), two Si MMIs and two vertical adiabatic couplers, per the authors' loss breakdown","normalization reference of Fig. 3(b) not stated; fiber-to-chip coupling (1.6 dB, SiN edge coupler) discussed separately",,,25,static,,measured,,,,,,,500,,2500,,,,,,gold,,"silicon (SOI wafer, 220 nm Si top layer, 3 um buried oxide)",SU8,x-cut,,x-cut TFLN 500 nm / BCB 85 nm / SiO2 about 180 nm over Si waveguides (220 nm Si; tapered 450 to 180 nm over 200 um in the vertical adiabatic couplers) / 3 um BOX / Si; SU8 over-cladding; Au GSG electrodes,128,"OOK 128 GBd (BER below 2.4e-4, KP4-FEC threshold); PAM4 100 GBd (BER below 3.8e-3, HD-FEC); offline resampling and feed-forward equalization",,,,,,,,"arbitrary waveform generator (Keysight M8199A, 200 mV Vpp) followed by SHF 807C broadband amplifiers (55 GHz; labelled S807 in Fig. 6a)",bw3db_ghz:approx;extinction_ratio_db:gt,data/evidence/wu2025.yaml,"Numbers from arXiv v1 (see paper notes). 3 dB EO bandwidth is read against 0 dB at the lowest plotted frequency: S21 rises to about +3 dB near 6 GHz (intentional mismatch of the roughly 43 ohm termination, p.7), then rolls off to the -3 dB line near 90 GHz; paper says about 100 GHz. Link: Ge photodetector biased at -2 V, EE link bandwidth about 60 GHz limited by the detector (Fig. 5b); drive at the modulator after amplifiers not stated (AWG 200 mV Vpp); received optical power -8 to 6 dBm range in Fig. 6; no EDFA. Wavelength of the Vpi/EO/data measurements not stated (spectrum plotted 1540-1560 nm; TE polarization). Termination resistors Ti, methods text shows '50 W' (garbled ohm) while Results say about 43 ohm. Unbalanced MZI (spectral fringes in Fig. 3b), thermo-optic bias with Pi power 17.1 mW on 1050 ohm heater, bias stable over 30 min. Insertion loss could reach below 1.5 dB with a stepper-defined waveguide (authors' projection, not entered)."
xu2020-a,xu2020,13 mm IQ,iq_mzm,iq;thermo_optic_bias;a_si_grating_coupler,lithium_niobate,lnoi_rib,monolithic,tw_gsg,push_pull,mzm_push_pull,,c_band,,13,1.9,,,2.4,,,,,measured,48,other,1.5,,67,5,67,measured,1.8,fibre-to-fibre loss minus 2 x 3.4 dB grating-coupler loss,"grating-coupler fibre-to-chip loss, 3.4 dB per facet",8.6,0.15,25,static,17,measured,,,,,,,600,300,4000,300,64,7,19.5,0.9,gold,,,,x-cut,,,110,QPSK 60-110 GBd; 16QAM 60 and 80 GBd,320,,61,,,,,SHF S807C linear amplifiers (3 dB BW 55 GHz) behind a 120 GSa/s AWG (Keysight M8194A),bw3db_ghz:approx;extinction_ratio_db:gt;eo_rolloff_db:approx,data/evidence/xu2020.yaml,"Nested IQ chip, single-drive push-pull I and Q MZMs, 15 mm total length, GSG per MZM, ground width 80 um; waveguide width 4 um (single-mode 0.3 dB/cm). Vpi wavelength not stated. Source is arXiv v1; fig labels 3(b)/3(c) differ from the text. Data demo (QPSK, 16QAM) uses this 13 mm device. S11 below -18 dB to 67 GHz. TO bias heaters 160 um, 760 ohm, 3.55 V quadrature / 7.2 V null. bw3db 48 GHz: text says greater than 48 GHz, Fig. 4(a) and Table 1 mark the crossing at about 48 GHz (entered approx); sweep ends at 67 GHz."
xu2020-b,xu2020,7.5 mm IQ,iq_mzm,iq;thermo_optic_bias;a_si_grating_coupler,lithium_niobate,lnoi_rib,monolithic,tw_gsg,push_pull,mzm_push_pull,,c_band,,7.5,3.1,,,2.3,,,,,measured,67,other,1.5,,67,2,67,measured,1.45,fibre-to-fibre loss minus 2 x 3.4 dB grating-coupler loss,"grating-coupler fibre-to-chip loss, 3.4 dB per facet",8.25,0.15,,,,measured,,,,,,,600,300,4000,300,64,7,19.5,0.9,gold,,,,x-cut,,,,,,,,,,,,,bw3db_ghz:gt;eo_rolloff_db:approx,data/evidence/xu2020.yaml,"Same chip and cross-section as xu2020-a (nested IQ, ground width 80 um). Per-device ER and data demo not reported for 7.5 mm (ER 24 to 28 dB across >10 devices on the chip). Text cites Fig. 4(a) for this device although the caption names the 13 mm device; the figure shows both traces. The 1.5 GHz reference is from the Fig. 4 caption, which names the 13 mm device; the same panel plots this device."
yu2024-s0,yu2024,"4 mm X-cut TFLN MZM, S0 untreated",mzm,material_enhancement_claim;skyrmion;annealed;quasi_static,lithium_niobate,lnoi_rib,monolithic,,push_pull,mzm_push_pull,,c_band,1550,4,4.95,,,1.98,,,,,measured,,,,,,,,,,,,,,,,,,,,,,,,600,,1400,,,3.6,,,gold,4.7,silicon (550 um),SiO2 (PECVD),x-cut,,,,,,,,,,,,"arbitrary function generator (GW Instek AFG-3051), 1 MHz voltage sweep",,data/evidence/yu2024.yaml,"Untreated as-fabricated device; Vpi 4.95 V, modulation efficiency 1.98 V cm (= 4.95 V x 0.4 cm). Intro states the intrinsic literature Pockels coefficient 32 pm/V. Vpi measured with a 1 MHz voltage sweep at 1550 nm (quasi-static). Single device in successive treatment states; room-temperature EO test not stated explicitly. Electrode type, drive and Vpi convention not stated by the authors (MZI with signal electrode between two grounds, Fig. 4b, implies push-pull). Geometry from Table 1 labels read against the Fig. 2 schematic; slab, etch depth, electrode thickness and width not entered."
yu2024-s1,yu2024,"4 mm X-cut TFLN MZM, S1 after magnetic-field anneal",mzm,material_enhancement_claim;skyrmion;annealed;quasi_static,lithium_niobate,lnoi_rib,monolithic,,push_pull,mzm_push_pull,,c_band,1550,4,4.25,,,,,,,,measured,,,,,,,,,,,,,,,,,,,,,,,,600,,1400,,,3.6,,,gold,4.7,silicon (550 um),SiO2 (PECVD),x-cut,,,,,,,,,,,,"arbitrary function generator (GW Instek AFG-3051), 1 MHz voltage sweep",,data/evidence/yu2024.yaml,"After magnetic-field annealing (1 T along z, heated to 733 K at 100 K/min, 30 min); Vpi 4.25 V, which the authors say stays within the simulated range of their earlier design (ref 39); VpiL not stated in the text. Vpi measured with a 1 MHz voltage sweep at 1550 nm (quasi-static). Single device in successive treatment states; room-temperature EO test not stated explicitly. Electrode type, drive and Vpi convention not stated by the authors (MZI with signal electrode between two grounds, Fig. 4b, implies push-pull). Geometry from Table 1 labels read against the Fig. 2 schematic; slab, etch depth, electrode thickness and width not entered."
yu2024-s2,yu2024,"4 mm X-cut TFLN MZM, S2 after first rapid anneal",mzm,material_enhancement_claim;skyrmion;annealed;quasi_static,lithium_niobate,lnoi_rib,monolithic,,push_pull,mzm_push_pull,,c_band,1550,4,1.74,,,,,,,,measured,,,,,,,,,,,,,,,,,,,,,,,,600,,1400,,,3.6,,,gold,4.7,silicon (550 um),SiO2 (PECVD),x-cut,,,,,,,,,,,,"arbitrary function generator (GW Instek AFG-3051), 1 MHz voltage sweep",,data/evidence/yu2024.yaml,"After the first rapid anneal (823 K at 500 K/min, 20 min); Vpi 1.74 V, below the simulated value according to the authors; VpiL not stated in the text. Vpi measured with a 1 MHz voltage sweep at 1550 nm (quasi-static). Single device in successive treatment states; room-temperature EO test not stated explicitly. Electrode type, drive and Vpi convention not stated by the authors (MZI with signal electrode between two grounds, Fig. 4b, implies push-pull). Geometry from Table 1 labels read against the Fig. 2 schematic; slab, etch depth, electrode thickness and width not entered."
yu2024-s3,yu2024,"4 mm X-cut TFLN MZM, S3 after second rapid anneal",mzm,material_enhancement_claim;skyrmion;annealed;quasi_static,lithium_niobate,lnoi_rib,monolithic,,push_pull,mzm_push_pull,,c_band,1550,4,1.57,,,0.63,,,,,measured,,,,,,,,,,,,,,,,,,,,,,,,600,,1400,,,3.6,,,gold,4.7,silicon (550 um),SiO2 (PECVD),x-cut,,,,,,,,,,,,"arbitrary function generator (GW Instek AFG-3051), 1 MHz voltage sweep",,data/evidence/yu2024.yaml,"After the second rapid anneal ('excited twice'); Vpi 1.57 V, modulation efficiency 0.63 V cm (= 1.57 V x 0.4 cm), the headline claim; authors quote 3.2 times better than untreated and a Pockels coefficient of 101 pm/V (abstract) or 69 pm/V (p.11 text). Vpi measured with a 1 MHz voltage sweep at 1550 nm (quasi-static). Single device in successive treatment states; room-temperature EO test not stated explicitly. Electrode type, drive and Vpi convention not stated by the authors (MZI with signal electrode between two grounds, Fig. 4b, implies push-pull). Geometry from Table 1 labels read against the Fig. 2 schematic; slab, etch depth, electrode thickness and width not entered."
yue2023-a,yue2023,"Low-speed DDMZM, 3 mm phase shifters (SMIC), EF = 0.75",mzm,dual_drive;optical_equalization;pn_depletion;traveling_wave;unequal_arm_bandwidth;ook;dsp_free,silicon_plasma_dispersion,soi_rib,foundry_native,tw_gsg,dual_drive,,,c_band,,3,,,,,,,,3.6,,,,,,,,,,4,,grating couplers (4.1 dB each),,,2.29,dynamic,,,,,,,,,,,450,,,5,10,,,,silicon-on-insulator (Semiconductor Manufacturing International Corporation CMOS process),,,,"Two identical lateral PN carrier-depletion phase shifters (junction offset 50 nm towards N), intrinsic gaps at 91% fill factor, heavily doped regions 750 nm from the waveguide edge, 50 um arm path difference",90,"OOK, no DSP; open eyes 30 GBd (EF 0), 60 GBd (EF 0.36), 80 GBd (EF 0.61), 90 GBd (EF 0.75)",90,,,,,,,"SHF S804B 60 GHz amplifier, 40 GHz power splitter with electrical attenuator (sets EF), SHF C603B 2:1 multiplexer; GSGSG probe; external 50 ohm loads",,data/evidence/yue2023.yaml,"Version: all values from arXiv 2312.14537v1 (19 pp), no journal DOI; no Crossref record. Dual-drive MZM whose two carrier-depletion phase shifters are set to different bandwidths by bias; the equalization factor EF is the low-speed to high-speed drive amplitude ratio. Open-eye OOK baud rate without DSP rises with EF: 30 GBd at EF 0 (ER 3.59 dB), 60 at 0.36, 80 at 0.61, 90 at 0.75 (Fig. 6; ER 2.29 dB at 90 GBd for EF 0.75). Drive: 3.6 Vpp on the high-speed shifter at 6 V bias; low-speed shifter 1.3, 2.2, 2.7 Vpp at EF 0.36, 0.61, 0.75, bias kept below 4 V. 50 um arm path-length difference lets the carrier wavelength set the operating point. Relation to yue2025 (2410.09816, tunable time-frequency equalization, over 110 GHz, 140 GBd): related technique from the same group but a different, later paper with different devices and numbers; yue2023 is not cited in the cached yue2025 PDF. Numbers are kept separate. Step-response simulations (Figs. 2-3, assumed 60/20 GHz phase-shifter bandwidths) are illustrative and not entered. Not reported: Vpi, EO S21, wavelength, doping levels, optical power."
yue2023-b,yue2023,"High-speed DDMZM, 1 mm phase shifters (Advanced Micro Foundry), EF = 0.5",mzm,dual_drive;optical_equalization;pn_depletion;traveling_wave;unequal_arm_bandwidth;ook;dsp_free,silicon_plasma_dispersion,soi_rib,foundry_native,tw_gsg,dual_drive,,,c_band,,1,,,,,,,,5,,,,,,,,,,3.1,,grating couplers (3.8 dB each),,,1.89,dynamic,,,,,,,,,,,500,70,,5,10,,,,silicon-on-insulator (Advanced Micro Foundry),,,,"Two identical lateral PN carrier-depletion phase shifters centered in the waveguide, heavily doped regions 700 nm from the waveguide edge, on-chip terminators 2 x 50 ohm in parallel",128,"OOK, no DSP; EF 0 open eyes up to 100 GBd; EF 0.5 open eyes 90 to 128 GBd",128,,,,,,,"Two 60 GHz amplifiers on differential outputs of the SHF multiplexer, broadband balun (BAL-0067) on one branch for in-phase drive and amplitude reduction (EF 0.5)",,data/evidence/yue2023.yaml,"Version: arXiv 2312.14537v1. Improved version of the low-speed DDMZM: 1 mm phase shifters, two 50 ohm on-chip terminators in parallel (25 ohm), traveling-wave electrode size said to equal the low-speed device. EF = 0 reaches 100 GBd; EF = 0.5 gives open eyes 90 to 110 GBd and 128 GBd at ER 1.89 dB (Fig. 9). 128 GBd is the limit of the test system (multiplexer and amplifiers), not of the modulator; the paper calls it the highest baud rate for an all-silicon modulator without DSP. Drive: 5 Vpp on the high-speed shifter (bias 5 V), 2.5 Vpp on the low-speed shifter (bias 3.2 V). IL 3.1 dB with 3.8 dB per grating coupler. Electrode gap and signal width are inferred (basis derived) from the statement that the electrode size equals the low-speed version. Not reported: Vpi, EO S21, wavelength, doping levels, optical power."
zhang2022-a,zhang2022,5.8 mm mmWave MZM,mzm,mmwave;copper_electrode,lithium_niobate,lnoi_rib,monolithic,tw_gsg,push_pull,unspecified,,l_band,,5.8,,8.3,250,2.3,,,,,measured,170,1ghz,,295,,,,measured,,,,,,,,,,13,250,41.5,,2.26,,600,300,1200,300,,5,20,0.8,copper with 30 nm gold cap,2,silicon 500 um,SiO2 0.6 um (PECVD),x-cut,,,,,,,,,,,,,,data/evidence/zhang2022.yaml,"EO response measured to 325 GHz in four bands with large scatter; bandwidth crossings are read on the EO S21 curve calculated from measured s-parameters, which the authors state agrees with the raw sideband data (Fig. 5(c,d)); the raw data scatter strongly. RF Vpi 8.3 V at 250 GHz. Low-frequency Vpi*L 2.67 V cm at 1 GHz. Z0 41.5 ohm at 250 GHz (simulated 40.5); alpha_c 0.42 dB/cm/GHz^0.5, alpha_d 0.025 dB/cm/GHz (fit, Fig. 3(b)); RF loss, Z0 and ng describe the common cross-section. Wavelength of the measurement not stated (carrier near 1579 nm in the Fig. 4(a) spectrum inset). Vpi measured by sideband method (Eq. 7). Fig. 2(b) measured Z0 markers read about 43.4 ohm at 250 GHz versus the 41.5 ohm in the text."
zhang2022-b,zhang2022,10.8 mm mmWave MZM,mzm,mmwave;copper_electrode,lithium_niobate,lnoi_rib,monolithic,tw_gsg,push_pull,unspecified,,l_band,,10.8,,7.3,250,2.3,,,,,measured,100,1ghz,,175,,,,measured,,,,,,,,,,13,250,41.5,,2.26,,600,300,1200,300,,5,20,0.8,copper with 30 nm gold cap,2,silicon 500 um,SiO2 0.6 um (PECVD),x-cut,,,,,,,,,,,,,,data/evidence/zhang2022.yaml,Same cross-section as zhang2022-a. Lower RF Vpi than the 5.8 mm device across the mmWave band; 7.3 V at 250 GHz is the abstract headline. Low-frequency Vpi*L 2.67 V cm at 1 GHz. Bandwidth crossings are read on the EO S21 curve calculated from measured s-parameters (Fig. 5(c)); raw sideband data scatter strongly. Z0 as for zhang2022-a (text 41.5 ohm; Fig. 2(b) markers about 43.4 ohm).
zhang2023-a,zhang2023,"SiN-loaded LNOI topological-cavity modulator, 1.6 x 140 um2, 150 um electrodes",ring,topological;ssh_lattice;photonic_crystal_cavity;resonant;lumped;peaking,lithium_niobate,lnoi_loaded_sin,monolithic,lumped,unspecified,,,c_band,1560,0.15,,,,,,,,2,,104,dc,,,,,,measured,1.3,"definition not stated (value is for the cavity without electrodes, Fig. 2d)",definition not stated; grating-coupler normalization not stated,,,32,static,,measured,,,,,,,300,,1600,,,,,0.3,Ti/Au (10 nm / 300 nm),2,silicon,,x-cut,cavity along crystal y axis,"Si substrate / 2 um SiO2 / 300 nm x-cut LN / 300 nm PECVD SiN strip 1600 nm wide with rectangular air holes (period 420 nm, 170 unit cells, D1 150 nm, D2 80 nm, D3 674 nm) / Ti-Au coplanar electrodes beside the cavity",100,"NRZ up to 100 GBd (BER below 7% HD-FEC threshold 3.8e-3, offline DSP); PAM-4 100 Gb/s (50 GBd) and 80 Gb/s (40 GBd); PAM-6 77 Gb/s (30 GBd); PAM-8 90 Gb/s (30 GBd)",100,,5.4,5.4,9066,,0.011,"AWG (120 GS/s) with SHF S807C RF amplifier (55 GHz 3 dB bandwidth), GS probe",wavelength_nm:approx;drive_vpp_v:approx;energy_per_bit_fj:approx,data/evidence/zhang2023.yaml,"Resonant device, no Vpi reported (tuning 11 pm/V instead). Headline 104 GHz 3 dB EO bandwidth (110 GHz LCA, Fig. 3d) is at a -8 dB wavelength detuning point with optical peaking and reduced efficiency; same device gives 37, 67, 87 GHz at -3, -4.5, -6.5 dB detuning (Fig. 3d). The 3 dB drop in Fig. 3d is drawn from the low-frequency response level of the curve, so reference entered as dc (judgment). IL 1.3 dB, ER 32 dB, Q 9066 and 3 dB optical linewidth 0.172 nm are for the cavity without electrodes (Fig. 2d); definition and grating-coupler normalization not stated. p.6 says the S21 device was selected on the same chip with a lower Q of 5400 (tau 4.5 ps, photon-lifetime limit 35 GHz, calculated); the 37 GHz point at -3 dB detuning matches this limit, so by the batch reading the S21 device is most likely the Q 5400 device, not the Q 9066 / IL 1.3 dB / ER 32 dB cavity (kept here as the electrode-free cavity values). RC-limited bandwidth is stated as beyond 1.1 THz (p.5, Supplementary Note S6 not read). Footprint 1.6 x 140 um2 (electrode length 150 um). Simulated design: max loaded Q 18400, mode volume 1.98 um3, ER 33.8 dB, LN confinement 61.5% (not entered). Wavelength is read from the 0 V resonance in Fig. 2e (the device with electrodes used for tuning, not necessarily the S21 device); Q 9066 with 0.172 nm linewidth implies about 1559.4 nm for the Fig. 2d cavity. Energy per bit is C*Vpp^2/4 with Vpp about 2 V (author-computed). Not reported: Vpi, Vpi*L, RF loss, Z0, electrode gap, SiN etch depth, optical power, ng."
zhong2026-a,zhong2026,"Photonic crystal nanobeam cavity modulator, 10 um pn length",other,photonic_crystal_nanobeam_cavity;slow_light;resonator;pn_depletion;foundry_process;ultracompact,silicon_plasma_dispersion,soi_rib,foundry_native,lumped,,resonance_tuning_derived,,c_band,1555.2,0.01,,,,0.38,,,-3,2,derived,110,dc,,,110,1.84,110,measured,2.8,PCNC at the resonance transmission maximum,normalization reference not stated by the authors,,,0.6,dynamic,,measured,,,,,,,220,,,90,,,,,,,220 nm silicon-on-insulator,,,,"1D photonic crystal nanobeam cavity (mirror regions plus 10-period tapers, period a reduced linearly to 0.93a) on 220 nm SOI with 90 nm slab; lateral pn junction (p region slightly wider than n), P++ and N++ contacts; group index 4.2 to 44 inside the cavity; mode volume 0.12 um^3; designed Rs 150 ohm; on-chip 50 ohm resistor",130,"NRZ 50, 70, 90, 110 Gb/s eyes (SNR 8.23, 6.07, 3.98, 3.17 dB); BER below 3.8e-3 at 110 Gb/s and below 2e-2 at 130 Gb/s",130,,5.9,5.9,2930,,0.08,"Keysight M8199A 256 GSa/s AWG with SHF S807C electrical amplifier (about 2 Vpp), bias tee, 67 GHz cable and probe",wavelength_nm:approx;vpil_dc_vcm:approx;bw3db_ghz:gt;drive_vpp_v:approx;tuning_nm_per_v:approx,data/evidence/zhong2026.yaml,"Version: version of record, Nature Communications 17:1069 (CC-BY-NC-ND 4.0 per cached PDF and Crossref); Supplementary Information (Notes 1-7, uniformity on other devices) not cached. device_class other: resonant photonic-crystal nanobeam cavity, no matching class; 3 dB EO bandwidth is operating-point dependent (optical peaking via detuning). Bias for S21 and data: -3 V (p.5). 3 dB bandwidth referenced to the low-frequency level of each normalized trace (derived); 3 dB optical power penalty at the -3 dB detuning point (p.6). Table 1 lists Q 2920 and tuning 80 pm/V; static 3 dB optical bandwidth 0.53 nm. Photon-lifetime limit design: Q 3000, 63.7 GHz optical bandwidth (design, not measured). Footprint estimated from the optical path. Not reported in the main text: Vpi in volts, on-chip optical power, RF loss, doping levels, cladding, temperature. The 59 GHz (-1 dB detuning) and 97 GHz (-2 dB detuning) 3 dB bandwidths are quoted from the text (p.5) and are not entered; on Fig. 3(b) they do not follow one common reference criterion by eye, not re-derived."
zwickel2020-design-0p5mm,zwickel2020,0.5 mm optimized design target (predicted),mzm,soh;equivalent_circuit_model;design_study;predicted,eo_polymer,soi_slot,polymer_backfill,tw_gsg,,,,,,0.5,,,,,,,,,,,,,100,,,,predicted,,,,,,,,,,,,,,,,,,,,,,,,,,,,,,,,,,,,,,,,,bw6db_ghz:gt,data/evidence/zwickel2020.yaml,"Projection from the doping-optimization study (Figs. 11, 12), not a device and not a single computed operating point. Authors state a 0.5 mm SOH modulator could reach f6dB,EOE above 100 GHz with doping-related optical excess loss below 0.1 dB, and, 'using highly efficient EO polymers [16]', a pi-voltage below 1 V (p.21; Summary); that bound rests on an external material assumption, is not computed in the paper, and is not entered (vpi_dc_v empty). The excess-loss bound is not entered (not an insertion or propagation loss)."
zwickel2020-design-1mm,zwickel2020,"1 mm design example, G'S 102 S/m, slot 200 nm (simulated)",mzm,soh;equivalent_circuit_model;design_study;simulated,eo_polymer,soi_slot,polymer_backfill,tw_gsg,,,,,,1,,,,,,,,,,,,,114,,,,simulated,,,,,,,,,,,,,,,,,,240,70,,,,,,,,,,,"Design example (no fabricated device): slot 200 nm, slab 70 nm, rail width 240 nm, rail height 240 nm in the text and 220 nm in the Fig. 10 caption; slab conductance 102 S/m, slot capacitance about 100 pF/m (parallel-plate estimate), line parameters from Table 1",,,,,,,,,,,,data/evidence/zwickel2020.yaml,"Simulated design example, not a fabricated device. The authors' Eq. (6) model with the stated parameters predicts f6dB,EOE = 114 GHz for 1 mm; response normalized to zero frequency with matched source and termination, 6 dB electrical-optical-electrical definition (3 dB value not stated, so bw3db_reference left empty). Minimum doping-related optical excess loss about 0.2 dB/mm (0.048 1/mm) at w_weak 1 um and rho_heavy 1.43e-4 ohm m, not a total propagation loss (not entered). Rail-height inconsistency between p.19 text (240 nm) and Fig. 10 caption (220 nm) kept in the stack text."
zwickel2020-gate0,zwickel2020,"750 um SOH MZM, gate 0 V (measured)",mzm,soh;equivalent_circuit_model;terminated;gate_0V,eo_polymer,soi_slot,polymer_backfill,tw_gsg,,,,,,0.75,,,,,,,,,,3,other,0.04,5,,,,extracted_from_figure,,,,,,,,,,22,50,50,,3.2,,,,,,,,,,,3,silicon-on-insulator,,,,"Silicon slot waveguide on SOI: device layer 220 nm, slot 120 nm, 3 um buried oxide; two-level doped slabs; coplanar GSG line; organic EO material in the slot (not named for these devices); de-embedding used a second device 500 um long",,,,,,,,,,,bw3db_ghz:approx;bw6db_ghz:approx;z0_ohm:approx;rf_loss_db_per_cm:approx,data/evidence/zwickel2020.yaml,"Source: arXiv v1 (2001.02642v1, 27 pages); the Optics Express version of record is not cached, so its numbers are not claimed. Equivalent-circuit modelling paper: the measured device is a 750 um SOH MZM terminated with 50 ohm, small-signal EOE response biased at the 3 dB point, normalized to 40 MHz, photodiode and probe de-embedded (Fig. 5). Bandwidths are read from the marker positions of Fig. 5(b) (three repeat measurements, spread stated in the row note); the model curves in the same figure (simulated) are not entered. EO material, operating wavelength, Vpi, insertion loss, extinction ratio, electrode metal and dimensions of the measured devices are not stated in this version; the Sec. 2 slot-width range, 'in excess of 300 pm/V' and JRD1 mention refer to other work. Z0 about 50 ohm: measured after de-embedding at gate 0 V (Fig. 2(d): Re{Z0} about 51-55 ohm from 5 to 50 GHz; p.8 'approximately 50 ohm') and stated to be rather insensitive to the gate voltage (p.9, Fig. 3(a)), matching the analytic high-frequency limit sqrt(L'TL/(C'S+C'TL)); deviates at low frequency; ng_opt 3.2 from a numerical mode solver. RF loss is the amplitude coefficient alpha (1/mm, p.5) read from the measured points (blue) of Fig. 4 at 50 GHz, not the model curve, and converted with 8.686 x 10 mm/cm x alpha; the reading frequency was chosen here. Circuit fit (Table 1): R'TL 13 ohm/mm, L'TL 414 pH/mm, C'TL 130 fF/mm, G'S,bulk 2.76 mS/mm, g'S,acc 145 uS/(V mm), C'S 160 fF/mm. Gate 0 V: slab conductance G'S 2.8 S/m (Fig. 4a). 3 dB and 6 dB bandwidths read from Fig. 5(b) markers at 0 V: about 2-4 GHz and about 4-6.5 GHz over the three repeats (central values 3 and 5 GHz); model prediction not entered. Measured alpha about 0.25 /mm at 50 GHz (scatter 0.22-0.30, i.e. 19-26 dB/cm; model curve 0.19; de-embedded Fig. 2(f) about 0.23-0.35) gives about 22 dB/cm. Bandwidth rule: central value of the three repeat markers (median, rounded)."
zwickel2020-gate300,zwickel2020,"750 um SOH MZM, gate 300 V (measured)",mzm,soh;equivalent_circuit_model;terminated;gated;gate_300V,eo_polymer,soi_slot,polymer_backfill,tw_gsg,,,,,,0.75,,,,,,,,,,20,other,0.04,50,,,,extracted_from_figure,,,,,,,,,,66,50,50,,3.2,,,,,,,,,,,3,silicon-on-insulator,,,,"Silicon slot waveguide on SOI: device layer 220 nm, slot 120 nm, 3 um buried oxide; two-level doped slabs; coplanar GSG line; organic EO material in the slot (not named for these devices); de-embedding used a second device 500 um long",,,,,,,,,,,bw3db_ghz:approx;bw6db_ghz:approx;z0_ohm:approx;rf_loss_db_per_cm:approx,data/evidence/zwickel2020.yaml,"Source: arXiv v1 (2001.02642v1, 27 pages); the Optics Express version of record is not cached, so its numbers are not claimed. Equivalent-circuit modelling paper: the measured device is a 750 um SOH MZM terminated with 50 ohm, small-signal EOE response biased at the 3 dB point, normalized to 40 MHz, photodiode and probe de-embedded (Fig. 5). Bandwidths are read from the marker positions of Fig. 5(b) (three repeat measurements, spread stated in the row note); the model curves in the same figure (simulated) are not entered. EO material, operating wavelength, Vpi, insertion loss, extinction ratio, electrode metal and dimensions of the measured devices are not stated in this version; the Sec. 2 slot-width range, 'in excess of 300 pm/V' and JRD1 mention refer to other work. Z0 about 50 ohm: measured after de-embedding at gate 0 V (Fig. 2(d): Re{Z0} about 51-55 ohm from 5 to 50 GHz; p.8 'approximately 50 ohm') and stated to be rather insensitive to the gate voltage (p.9, Fig. 3(a)), matching the analytic high-frequency limit sqrt(L'TL/(C'S+C'TL)); deviates at low frequency; ng_opt 3.2 from a numerical mode solver. RF loss is the amplitude coefficient alpha (1/mm, p.5) read from the measured points (blue) of Fig. 4 at 50 GHz, not the model curve, and converted with 8.686 x 10 mm/cm x alpha; the reading frequency was chosen here. Circuit fit (Table 1): R'TL 13 ohm/mm, L'TL 414 pH/mm, C'TL 130 fF/mm, G'S,bulk 2.76 mS/mm, g'S,acc 145 uS/(V mm), C'S 160 fF/mm. Gate 300 V: slab conductance G'S 46.4 S/m (Fig. 4c); the gate voltage is applied between substrate and slabs to form an electron accumulation layer. Bandwidths read from Fig. 5(b) markers at 300 V: 3 dB about 18-21 GHz, 6 dB about 40 to 52 GHz over the three repeats (central values 20 and 50 GHz); the 6 dB markers reach about 52 GHz, beyond the 50 GHz axis of Fig. 5(a). Eleven gate voltages (0 to 300 V) are measured; only the two extremes are entered. Measured alpha about 0.76 /mm at 50 GHz (scatter 0.68-0.84, i.e. 59-73 dB/cm; model curve 0.70) gives about 66 dB/cm. Bandwidth rule: central value of the three repeat markers (median, rounded)."
