paper_id,title,authors,year,published_on,venue,doi,arxiv_id,url,source_type,access,license,redistribution,research_groups,universities,companies,foundry_or_fab,wafer_supplier,process_name,countries,discovered_via,cache_status,repro_grade,sim_config,audit_status,verified_on,notes
akazawa2026,"Ultralow-power, high-speed programmable Si photonic circuits with InGaAsP membrane",Tomohiro Akazawa; Rui Tang; Hanzhi Tang; Makoto Okano; Yangyang Wan; Nobuyuki Matsuda; Kasidit Toprasertpong; Shinichi Takagi; Mitsuru Takenaka,2026,,arXiv,,2609.24611v1,https://arxiv.org/pdf/2609.24611v1,arxiv_preprint,arxiv,,restricted_local_only,,The University of Tokyo; Tohoku University,National Institute of Advanced Industrial Science and Technology,Takeda Sentanchi Super Cleanroom,,"Si rib waveguides on 300 mm SOI embedded in SiO2 and CMP-planarized; n-InGaAsP/n-InP/n++-InGaAs bonded with 8 nm Al2O3; EB lithography, wet and dry etch; Ni/Au contacts",JP,blog:OFS-69,full_extract,C,,audited,2026-10-02,"VERSION: all numbers from the cached arXiv v1 preprint (2609.24611v1, 10 pages, 21 Sep 2026); no journal version or DOI found; published_on and license empty. Supplementary Sections I-IX (loss extraction, leakage, capacitance, taper loss) are not in the cached source. Decision: reports phase-shifter metrics (VpiL, Vpi, loss, switching time, capacitance), so one device row (carrier-effect InGaAsP/Si hybrid MOS phase shifter; eo_material other, mechanism is not Pockels). No modulator bandwidth or ER reported. No sim config (hybrid MOS carrier device). The cleanroom is named only as where part of the work was conducted (acknowledgements); the fabricator of the Si waveguide wafer is not named. Batch CSV hints (platform other, class phase_shifter, priority 2) confirmed."
anderson2025,Quantum critical electro-optic and piezo-electric nonlinearities,Christopher P. Anderson;Giovanni Scuri;Aaron Chan;Sungjun Eun;Alexander D. White;Geun Ho Ahn;Christine Jilly;Amir Safavi-Naeini;Kasper Van Gasse;Lu Li;Jelena Vučković,2025,,"Science 390(6771), 394-399",10.1126/science.adx8657,2502.15164v1,https://arxiv.org/pdf/2502.15164v1,arxiv_preprint,arxiv,,restricted_local_only,"E. L. Ginzton Laboratory, Stanford University (Jelena Vučković, corresponding author); Department of Materials Science and Engineering, University of Illinois Urbana-Champaign (Christopher P. Anderson, corresponding author); Department of Physics, University of Michigan; Department of Information Technology (INTEC), Photonics Research Group, Ghent University",Stanford University;University of Illinois at Urbana-Champaign;University of Michigan;Ghent University,Stanford Nano Shared Facilities,,,"18O isotope-exchange anneal of commercial bulk (100) SrTiO3 chips (1000 C, about 0.9 atm 18O at temperature, about 14 days, then 14 days vacuum anneal)",US;BE,blog:OFS-69,full_extract,,,audited,2026-10-02,"VERSION: all numbers come from the cached arXiv v1 (2502.15164v1, 24 pp including Supplementary Information, page-1 stamp 2025-02-21). The Science version of record (390(6771) 394-399, issued 2025-10-23 per Crossref) was not read and may differ. License of the preprint unverified (Crossref record carries no license), so license and published_on are empty; batch-hint CC-BY-4.0 not verifiable. MATERIAL-ONLY, no device rows: bulk SrTiO3 (STO) crystals (5x5 mm chips, 0.5 or 1 mm thick), parallel-plate electrodes (30 nm Pt / 50 nm Au), free-space fiber Mach-Zehnder interferometer at 1550 nm, 100 kHz drive (p.8 Methods); no waveguide or modulator device. PAPER-REPORTED MATERIAL NUMBERS (no column; all measured, bias-induced Pockels effect, T = 5 K or temperature of maximum with T < 10 K, 1550 nm, 100 kHz, Table I p.6): r33,max 580(60) / 840(50) / 1150(30) pm/V for natural STO / STO-28 (28% 18O) / STO-33 (33% 18O); d33,max 91(6) / 150(9) / 435(25) pC/N (authors give these as lower bounds, LN control read 4.6 vs known 6 pm/V, p.8-9); eps_r,max 26.0(1.5)k / 42.0(3.7)k / 82.0(1.6)k (LCR meter, 100 kHz, 1 V, p.8); field of max r33 0.080 / 0.036 / 0.008 MV/m; g11 0.15(2) / 0.21(3) / 0.30(1) m^4/C^2; q11 0.024(3) / 0.039(6) / 0.110(7) m^4/C^2; (P*eps_r)max 200(20) / 145(20) / 164(5) C/m^2; k33,max 0.15(1) / 0.21(2) / 0.46(3). Abstract: r33 exceeding 500 pm/V at 5 K (natural STO), above 1100 pm/V for STO-33. Fig. 4(a) p.6 gives the field dependence. Other: natural-STO low-frequency eps_r above 25,000 at low T (p.3, Fig. 2a); index 2.284 at 1550 nm (p.3); r13 = 170(20) pm/V, r33/r13 about 3.33 (Supplement S4, p.16); s11 at least 5e-15 m^2/V^2 (p.4); LN control r33 about 31 and r13 about 9 pm/V (p.8); bulk STO loss: intrinsic 0-0.2 dB/cm upper limit at room temperature, about 0.7 dB/cm saturated at low T, about 0.9 dB/cm peak near 75 V, below 0.55 dB/cm at 200 V (Supplement S8, p.18-19, Fig. S8); electro-optic bandwidth above 1 THz is a prediction from the Lyddane-Sachs-Teller relation (Supplement S6, p.18, predicted, not measured); measured RC cutoff about 1-4 MHz limited by sample capacitance (Supplement S5, p.17). Literature comparison values quoted in the text (LN r33 about 24 pm/V, BTO r42 about 170 pm/V at cryogenic T) are not this paper's measurements. No fabricator or wafer supplier named for the commercial STO chips; Stanford Nano Shared Facilities appears as an author affiliation (NanoSIMS isotope check)."
arabjuneghani2022,Thin-Film Lithium Niobate Optical Modulators with an Extrapolated Bandwidth of 170 GHz,Farzaneh Arab Juneghani; Milad Gholipour Vazimali; Jie Zhao; Xi Chen; Son Thai Le; Haoshuo Chen; Ehsan Ordouie; Nicolas K Fontaine; Sasan Fathpour,2022,2022-10-26,"Advanced Photonics Research 4(1), 2200216",10.1002/adpr.202200216,,https://doi.org/10.1002/adpr.202200216,journal,open_access,CC-BY-4.0,open_license_ok,"CREOL, The College of Optics and Photonics; Department of Electrical and Computer Engineering",University of Central Florida,Nokia Bell Labs,,,"Electron-beam lithography, dry etching (200 nm rib in 500 nm x-cut LN), SiO2 buffer, metallization; details in the Supporting Information (not cached)",US,landmark,full_extract,B,sims/arabjuneghani2022/config.yaml,audited,2026-10-04,"Numbers from the cached institutional copy of the version of record (source.json: version_of_record; page footer 'Adv. Photonics Res. 2022, 2200216', 6 pp). License CC-BY-4.0 from Crossref (am and vor records) and the paper's own Creative Commons Attribution notice (p.1). Title uses ASCII hyphens (Crossref uses U+2010). Supporting Information (fabrication, measurement setup, EO model Section S1) is not in the cache. Two 5 mm devices: #1 (G = 5 um) and #2 (G = 10 um); the 170 GHz 3 dB bandwidth of #2 is the authors' extrapolation beyond a 100 GHz measurement limit, kept in notes; the column holds the measured bound 100 (gt). Fabricating site, wafer supplier and BOX thickness not stated. Sim config covers device #2 only; BOX thickness, sidewall angle and material constants are placeholders listed in the config. Batch CSV hints (170 GHz extrapolated, VpiL 3.3 V cm) confirmed."
berman2026,Monolithic Barium Titanate Nanophotonics and Electro-optics,Sarah Berman;Sina Dereshgi;David Barton,2026,,arXiv,,2607.03690v1,https://arxiv.org/pdf/2607.03690v1,arxiv_preprint,arxiv,,restricted_local_only,"Department of Materials Science and Engineering, McCormick School of Engineering (David Barton, supervising author)",Northwestern University,,NUFAB facility of the NUANCE Center,La Luce Cristallina,"Commercial BTO-on-insulator (330 or 400 nm BTO, 3 um SiO2, 500 um Si); ma-N 2405 e-beam lithography, Ar/CHF3 ICP-RIE (about 75 deg sidewalls), mask and redeposition strip with KOH bath, O2 anneal at 500-600 C, Cr (4 nm)/Au contacts by photolithography and e-beam evaporation, poling at 200 V for 10 min",US,web_search;author_group_followup,full_extract,C,,audited,2026-10-02,"VERSION: all numbers come from the cached arXiv v1 preprint (2607.03690v1, dated 2026-07-04, 12 pages, Supplementary Information not in the cache); no journal DOI located, no crossref.json, so license and published_on are empty and redistribution is restricted_local_only. Mostly an etched-BTOI nanophotonics platform paper (ring/racetrack loss, 1-D photonic crystals, Fabry-Perot cavities, SHG poling check) with limited modulator metrics: three device rows (racetrack DC tuning, Fabry-Perot DC tuning, photonic-crystal band-edge S21 bandwidth). No Vpi, extinction ratio or energy per bit is reported; effective Pockels coefficient (154 pm/V racetrack, 145 pm/V Fabry-Perot) has no column and is in the device notes. repro_grade C and no sim config: resonant, photonic-crystal and slow-light devices, DUT cross-sections not fully stated, key dimensions only in the unavailable Supplementary Information. foundry_or_fab (rule applied 2026-10-03 across p3_08 to p3_10: a cleanroom named in the acknowledgements as used for the work is entered, as for kohli2025): the acknowledgements state the work made use of the NUFAB facility of Northwestern University's NUANCE Center. Cache repair: figures/page_05.png was a blank render (oversized embedded image) and was regenerated from source.pdf with Ghostscript; source.pdf and source.json unchanged."
boynton2020,A heterogeneously integrated silicon photonic/lithium niobate travelling wave electro-optic modulator,Nicholas Boynton; Hong Cai; Michael Gehl; Shawn Arterburn; Christina Dallo; Andrew Pomerene; Andrew Starbuck; Dana Hood; Douglas C. Trotter; Thomas Friedmann; Christopher T. DeRose; Anthony Lentine,2020,2020-01-14,"Optics Express 28(2), 1868",10.1364/oe.28.001868,,https://doi.org/10.1364/oe.28.001868,journal,open_access,Optica-OA-License-v1,unknown,,,,,,,,landmark,needs_download,,,audited,2026-10-01,"Metadata only from crossref.json (title, authors, online date 2020-01-14, license record OA_License_v1 VOR-OA). The prefetch found no retrievable source, so no text, figures or device rows. The batch CSV hint (title-search note, not a primary source) quotes 30.6 GHz and 6.7 V*cm; the Crossref record carries no abstract; nothing entered until the full text is read. Affiliations are not in Crossref, so universities, companies, fab and countries are empty. See needs_download.md."
cai2025,Heterogeneously integrated lithium tantalate-on-silicon nitride modulators for high-speed communications,Jiachen Cai;Alexander Kotz;Hugo Larocque;Chengli Wang;Xinru Ji;Junyin Zhang;Daniel Drayss;Jiale Sun;Shuhang Zheng;Xin Ou;Christian Koos;Tobias J. Kippenberg,2026,,"Nature Communications 17(1), 3314",10.1038/s41467-026-69769-3,2508.06265v2,https://doi.org/10.1038/s41467-026-69769-3,journal,arxiv,"CC-BY-4.0 (journal version, Crossref); arXiv v2 licence not shown in cached text",restricted_local_only,State Key Laboratory of Materials for Integrated Circuits; Institute of Physics; Institute of Photonics and Quantum Electronics (IPQ); Institute of Electrical and Micro engineering,Swiss Federal Institute of Technology Lausanne;Karlsruhe Institute of Technology,"Shanghai Institute of Microsystem and Information Technology, Chinese Academy of Sciences",EPFL Center of MicroNano Technology,Shanghai Novel Si Integration Technology (NSIT); SIMIT-CAS (LTOI wafers),"photonic Damascene Si3N4 (1 um x 0.5 um) on 4 um thermal oxide; hydrophilic bonding of 300 nm x-cut LTOI, substrate and oxide removal; Ti/Au CPW lift-off; Ar IBE tapers",CH;DE;CN,blog:OFS-61,full_extract,B,sims/cai2025/config.yaml,audited,2026-10-04,"VERSION: all numbers come from the cached arXiv v2 (2508.06265v2, 17 pp including Supplementary Information, stamped 2025-09-05). Crossref (crossref.json) gives the Nature Communications version of record (17(1), article 3314, published online 2026-02-28, CC-BY-4.0 vor and tdm records); it was not read and may differ. published_on left empty because the Crossref date is the journal date; year is the journal year while paper_id keeps the arXiv year. Authors match Crossref (12; Crossref carries no affiliations, they come from the manuscript). Two device rows: 6.8 mm push-pull MZM (headline, plus PAM4 IMDD data) and 13.5 mm IQ modulator (QPSK and 16QAM). Vpi 6 V at 100 Hz; mean 6.1 V over 1 Hz-100 kHz (Fig. S5(c)). VpiL 4.08 V cm is the authors' conversion; the Supplement's simulated VpiL for this design is about 5.5 V cm. bw3db about 100 GHz: the Fig. 2(d) label; the text says S21 flat within 3 dB from 25 MHz to 110 GHz. n_rf 2.19 and ng 2.185 are simulated (Fig. S3). RF loss 6.3 dB/cm is read at the end of the Fig. S5(a) trace (long Au electrode, may be a test structure). Not entered: fiber-to-chip coupling about 5 dB (per facet not stated), hybrid ring loss 14.2 dB/m (2 um wide ring, 72 MHz intrinsic linewidth), LT mode fraction about 48 percent, taper loss 0.28 dB simulated. repro_grade B: LT 300 nm, Si3N4 1 x 0.5 um, Au 0.8 um, 23/6 um CPW, 4 um BOX given; interlayer oxide, ground width and cladding are not (sim config is not runnable without RF permittivities). Fabrication: PICs at EPFL CMi; LTOI wafers from NSIT and SIMIT-CAS (acknowledgements)."
celik2022,High-bandwidth CMOS-voltage-level electro-optic modulation of 780 nm light in thin-film lithium niobate,Oguz Tolga Celik; Christopher J. Sarabalis; Felix M. Mayor; Hubert S. Stokowski; Jason F. Herrmann; Timothy P. McKenna; Nathan R. A. Lee; Wentao Jiang; Kevin K. S. Multani; Amir H. Safavi-Naeini,2022,2022-04-07,arXiv,10.1364/oe.460119,2204.03138v1,https://arxiv.org/abs/2204.03138v1,arxiv_preprint,arxiv,,restricted_local_only,Ginzton Laboratory,Stanford University,"Flux Photonics Inc.; NTT Research, Inc.",Stanford Nano Shared Facilities; Stanford Nanofabrication Facility,,MgO-doped LN film bonded to C-cut sapphire; EBL (HSQ) and Ar ion milling; 750 nm PECVD SiO2 cladding; ICP trench etch; Al lift-off electrodes,US,landmark,full_extract,B,,audited,2026-10-02,"ALL NUMBERS FROM arXiv v1 (2204.03138v1, stamp '7 Apr 2022' on p.1), NOT the Optics Express version of record (Crossref 30(13), 23177, issued 2022-06-09); journal numbers may differ. published_on is the arXiv v1 date from the stamp; venue given as arXiv with the journal DOI as in other preprint rows. License of the cached preprint not verified; Crossref lists the Optica OA license for the version of record only. Stanford facilities named on p.8 ('part of this work was performed at'); host institution implied. Lumped (RC-limited) electrode, not a traveling-wave device, so no sim config was written although geometry is mostly disclosed (grade B; electrode widths and the exact trench layout need Fig. 2a digitization). Passive results not entered as rows: microring Qi = 4.4e5 at 780 nm, directional couplers, 10 percent efficient grating couplers."
chelladurai2025,Barium titanate and lithium niobate permittivity and Pockels coefficients from megahertz to sub-terahertz frequencies,Daniel Chelladurai;Manuel Kohli;Joel Winiger;David Moor;Andreas Messner;Yuriy Fedoryshyn;Mohammed Eleraky;Yuqi Liu;Hua Wang;Juerg Leuthold,2025,2025-03-17,"Nature Materials 24(6), 868-875",10.1038/s41563-025-02158-1,,https://doi.org/10.1038/s41563-025-02158-1,journal,open_access,CC-BY-4.0,open_license_ok,"Institute of Electromagnetic Fields (IEF), ETH Zurich (Juerg Leuthold, corresponding author); Integrated Devices, Electronics, and Systems (IDEAS) Group, ETH Zurich",ETH Zurich,,Binnig and Rohrer Nanotechnology Center,"La Luce Cristallina (BTO thin film, acknowledgements); LN-on-insulator supplier not named",RF-sputtered epitaxial BTO-on-insulator (485 nm) and LN-on-insulator (300 nm) on 2 um buried oxide; 100 nm PECVD SiO2 spacer; 200 nm Au electrodes; PMMA cladding,CH,drive_doc;local_corpus,full_extract,,,audited,2026-10-02,"VERSION: version of record, Nature Materials 24(6) 868-875, published online 2025-03-17, 11 pp; Supplementary Information (Notes 1-5) is not in the cache. License CC-BY-4.0 verified from Crossref (vor and tdm records, start 2025-03-17) and the rights statement on p.8; third-party material may carry other terms. MATERIAL-ONLY, no device rows: the 25 um BTO and 50 um LN phase shifters (5 um electrode separation, hybrid-gap-plasmon-style, p.2, p.9) are characterization vehicles; the main text reports no measured Vpi, bandwidth or loss for them (insertion loss about 0.2 dB is from mode simulation, p.2; simulated VpiL only described in Methods p.9, no values). PAPER-REPORTED MATERIAL NUMBERS (no column; optical 1550 nm; BTO films partially poled by DC bias then measured without bias, p.5 and p.9-10; sample temperature not stated; 100 MHz to 330 GHz; Pockels error bars are +/-2 standard errors of a fit over n = 15-20 devices, Fig. 4 caption): LN permittivity constant over the range, literature mean eps_a = 45 and eps_c = 27, confirmed by this work (p.3, Fig. 2c). BTO permittivity, Debye model with log-normal relaxation distribution (Eq. 2, Table 1 p.4, Fig. 2d p.3): this work (RF-sputtered 485 nm film) gamma0 = 72.6 +/- 2.3 GHz, sigma = 0.87 +/- 0.02, delta_eps = 905 +/- 26, eps_inf = 231 fixed from literature; literature fit gamma0 = 1.15 +/- 0.30 GHz, sigma = 0.92 +/- 0.20, delta_eps = 1862 +/- 149, eps_inf = 231 +/- 79; dispersion attributed to eps_a. LN Pockels, flat over 0.1-330 GHz: r33 = 26.9 pm/V and 1/2(r13 + 2 r42) = 15.0 pm/V (linear fits; text p.5, Fig. 4a p.6). BTO Pockels (Fig. 4b p.6): r33 = 125 pm/V at 100 MHz, Debye fit gamma0 = 565 MHz, sigma = 0.06, S_R = 75 pm/V, r_inf = 60 pm/V (flat about 60 pm/V above about 1 GHz; the Fig. 4 caption attributes these Debye parameters to the r42 data while the text on p.6 attributes them to r33; text followed); 1/2(r13 + 2 r42) = 481 pm/V at 100 MHz falling to 191 pm/V at 330 GHz via Miller's rule with delta = 0.327 +/- 0.002 pm/V and n0 = 2.26 at 1550 nm (p.6, Eq. 5). Literature clamped coefficients used for the r_eff(theta) curves, not measured here (p.10): BTO r33 = 30, r42 = 560, r13 = 6 pm/V; LN r33 = 31, r42 = 18, r13 = 9 pm/V. Max dn/dV order 1e-5 /V (LN) and 1e-4 /V (BTO) (Fig. 1 caption, p.2). Foundry entry from the acknowledgements (cleanroom team thanked); BTO film supplier from the acknowledgements."
chen2022,High performance thin-film lithium niobate modulator on a silicon substrate using periodic capacitively loaded traveling-wave electrode,Gengxin Chen; Kaixuan Chen; Ranfeng Gan; Ziliang Ruan; Zong Wang; Pucheng Huang; Chao Lu; Alan Pak Tao Lau; Daoxin Dai; Changjian Guo; Liu Liu,2022,2022-02-02,"APL Photonics 7, 026103",10.1063/5.0077232,,https://doi.org/10.1063/5.0077232,journal,open_access,CC-BY-4.0,open_license_ok,"State Key Laboratory for Modern Optical Instrumentation, Centre for Optical and Electromagnetic Research, International Research Center for Advanced Photonics; Guangdong Provincial Key Laboratory of Optical Information Materials and Technology, South China Academy of Advanced Optoelectronics; National Center for International Research on Green Optoelectronics; Photonics Research Center",Zhejiang University; South China Normal University; The Hong Kong Polytechnic University,,,,,CN;HK,local_corpus,full_extract,B,sims/chen2022/config.yaml,audited,2026-10-01,"License CC-BY-4.0 from Crossref VOR license record and the article front matter (""except where otherwise noted""). Fabricator/facility not named in the paper; LNOI wafer described as commercial, supplier not named. Wavelength not stated."
chen2023a,High-Efficiency Electro-Optic Modulator on Thin-Film Lithium Niobate with High-Permittivity Cladding,Nuo Chen; Kangping Lou; Yalong Yu; Xuanjian He; Tao Chu,2023,,"Laser & Photonics Reviews 17(11), 2200927 (journal version of record; numbers from arXiv preprint)",10.1002/lpor.202200927,2304.06946v1,https://arxiv.org/pdf/2304.06946v1,arxiv_preprint,arxiv,,restricted_local_only,College of Information Science and Electronic Engineering,Zhejiang University,,,NANOLN,"X-cut LNOI, i-line stepper, ICP etch 200 nm, PECVD SiO2 800 nm, Ti/Au lift-off, e-beam evaporated upper cladding layer",CN,web_search;author_group_followup;continuation_2026_10_02,full_extract,C,,audited,2026-10-02,"VERSION: all numbers come from the cached arXiv v1 preprint (2304.06946v1, 10 pages); the journal version of record (Laser & Photonics Reviews 17(11), 2200927, Crossref issued 2023-10-02) was not read and may differ. Identity and journal DOI match the batch CSV and Crossref. License left empty (preprint, not verified) and published_on empty. repro_grade C and no sim config: gap, waveguide width and SiO2 cladding width of the fabricated headline device are not stated, and the simulation values (gap 5 um, w = 4 um, wSiO2 = 3.2 um) are inconsistent with Fig. 2(c); electrode widths and RF permittivities absent. Methods describe the 500 nm upper layer as e-beam evaporated while text and figures name glycerol. Fabrication site not named (Zhejiang University Micro and Nano Processing Platform thanked for facility support only). Batch hints 1.41 V cm, ~0.5 dB, >40 GHz verified (bandwidth is a VNA-limit bound). Two rows: headline glycerol device and the air-cladding reference read from Fig. 6(d)."
chen2024,Mono-drive single-sideband modulation via optical delay lines on thin-film lithium niobate,Yikun Chen; Hanke Feng; Zhenzheng Wang; Ke Zhang; Xiangzhi Xie; Yuansong Zeng; Yujie Ren; Cheng Wang,2024,,arXiv,,2411.17070v1,https://arxiv.org/pdf/2411.17070v1,arxiv_preprint,arxiv,,restricted_local_only,Department of Electrical Engineering; State Key Laboratory of Terahertz and Millimeter Waves,City University of Hong Kong,,Nanosystem Fabrication Facility,NANOLN (written NONOLN in the paper),"X-cut TFLN 500 nm film, 250 nm rib and 250 nm slab (ICP-RIE, UV stepper); 500 nm Cu / 50 nm Au modulation electrodes; 100 nm NiCr heaters",HK,web_search;author_group_followup;continuation_2026_10_02,full_extract,C,,audited,2026-10-02,"no_device_rows. VERSION: numbers come from the cached arXiv v1 preprint (2411.17070v1, 13 pp, no journal DOI located; no crossref.json); license and published_on empty. Identity: title and authors match the batch CSV (the CSV author list is truncated; 8 authors on the PDF title page, all CityU). Why no device rows: the paper is a single-sideband (SSB) generation scheme (mono-drive MZM with on-chip optical delay lines for a photonic 90 deg RF phase shift, FC-SSB and CS-SSB) and reports no Vpi, EO bandwidth, insertion loss, extinction ratio or data rate; its metrics (sideband suppression, sideband-to-carrier suppression, 3 dB SSB working bandwidth) have no device column and the 3 dB working bandwidth is that of the suppression ratio, not an EO bandwidth. Recorded here (p.6-10): FC-SSB max sideband suppression 22.1 dB at 50 GHz target (5 ps delay; Fig. 2(f) 21.1 dB and Fig. 2(g) 22.1 dB at the two quadrature points), 17.6 dB (lower) and 18.0 dB (upper) at the two quadrature points at 25 GHz (p.6, Fig. 2(c),(e)) and 20.6 dB at 27 GHz for the 25 GHz target (measured 3 dB suppression bandwidth 6.75 GHz centered at 27 GHz); CS-SSB at 25 GHz: sideband suppression 16.6 dB and sideband-to-carrier 16.8 dB (Fig. 4(b)); at 50 GHz (Fig. 4(f)): 22.5 dB sideband suppression and 16.9 dB sideband-to-carrier per the abstract and conclusion, while the p.10 body text swaps the two numbers; the Fig. 4(f) arrows (22.5 dB between the two sidebands, 16.9 dB carrier to selected sideband) look consistent with the abstract (figure read at page-render resolution). RF frequency shifting 50 GHz to 1 GHz with 1.0 kHz linewidth; over 30 dB improvement at about 26 GHz after 5 km SMF vs DSB; RF drive about 15 dBm (25 GHz) and 10 dBm (50 GHz). Supplement 1 (delay-line design, theory) not cached. Fabrication: Nanosystem Fabrication Facility (CWB) of the Hong Kong University of Science and Technology acknowledged for device fabrication (acronym HKUST expanded). Batch CSV hints (22.1 dB at 50 GHz FC-SSB, 22.5 dB CS-SSB) verified against the abstract. Audit corrections 2026-10-03: wording fixes only (F22)."
chiang2025,Ferroelectric Nematic Liquid Crystal-Based Silicon Photonic Modulator Demonstrated at 102 Gbit/s PAM-4,Li-Yuan Chiang; Gianlorenzo Masini; Rih-You Chen; Chirag Patel; Pavel Savechenkov; Yi-Jen Chiu; Cory Pecinovsky; Jason W. Sickler,2025,,arXiv,,2507.14724v1,https://arxiv.org/pdf/2507.14724v1,arxiv_preprint,arxiv,,restricted_local_only,,National Sun Yat-sen University,"Polaris Electro-Optics, Inc.",,,Commercial active silicon photonics MPW with cladding-oxide-open process (foundry not named); FNLC PM616 loaded in-house post-foundry,US;TW,blog:OFS-69,full_extract,C,,audited,2026-10-02,"VERSION: all numbers from the cached arXiv v1 preprint (2507.14724v1, 4 pages); no Crossref record, no DOI or journal version found; published_on and license empty (preprint license unverified); no sim config (silicon slot SOH, not a dielectric TWE device). Page-1 footer reads (c)2024 The Author(s); venue not stated in the source. Fabricating foundry not named. One device (1 mm Si-FNLC GSGSG MZM). repro_grade C: only slot width approx. 125 nm and length 1 mm given; other silicon dimensions undisclosed. Batch CSV hints (platform ferroelectric_nematic_lc, class mzm, priority 2, sim no) confirmed."
churaev2023,A heterogeneously integrated lithium niobate-on-silicon nitride photonic platform,Mikhail Churaev; Rui Ning Wang; Annina Riedhauser; Viacheslav Snigirev; Terence Blésin; Charles Möhl; Miles H. Anderson; Anat Siddharth; Youri Popoff; Ute Drechsler; Daniele Caimi; Simon Hönl; Johann Riemensberger; Junqiu Liu; Paul Seidler; Tobias J. Kippenberg,2023,2023-06-13,"Nature Communications 14, 3499",10.1038/s41467-023-39047-7,,https://doi.org/10.1038/s41467-023-39047-7,journal,open_access,CC-BY-4.0,open_license_ok,Institute of Physics; Center for Quantum Science and Engineering; Integrated Systems Laboratory,Swiss Federal Institute of Technology Lausanne; ETH Zurich,International Business Machines Corporation Research Zurich,Binnig and Rohrer Nanotechnology Center; EPFL Center of MicroNano Technology,NanoLN,"photonic Damascene Si3N4 wafer (LPCVD, CMP) with wafer-scale direct bonding of x-cut LNOI (Al2O3 ALD interlayer, 250 C anneal)",CH,landmark,full_extract,B,sims/churaev2023/config.yaml,audited,2026-10-02,"Numbers from the Nature Communications version of record (Crossref: first online 2023-06-13); Supplementary Information not in the cache (SI section IV loss/VpiL trade-off and section VII phase-modulation amplitude not read). License CC-BY-4.0 from Crossref (tdm and vor records) and the paper's own open-access notice (p.9). Platform paper: only 4 mm phase modulators have Vpi data; passive results (8.5 dB/m loss, <0.1 dB taper, 3 dB splitter) are not device rows. Photonic-dimer DC tuning of about 30 MHz/V (Fig. 4g, p.6) has no devices.csv column and is not entered. Foundry/fab: BRNC and EPFL CMi named in the acknowledgements (p.8); Host institution of BRNC not stated in the paper."
deng2026,Self-buffered epitaxy of barium titanate on oxide insulators enables high-performance electro-optic modulators,Chenguang Deng; Yutong He; Wenfeng Yang; Han Yu; Zijian Hong; Hao Liu; Haojie Han; Wei Li; Yunpeng Ma; Zhongshan Zhang; Yongjun Wu; Jing Ma; Bing Xiong; Changzheng Sun; Rong Yu; Jing-Feng Li; Ji Zhou; Yi Luo; Qian Li,2026,2026-01-02,"Light: Science & Applications 15, 21 (2026)",10.1038/s41377-025-02081-9,,https://doi.org/10.1038/s41377-025-02081-9,journal,open_access,CC-BY-4.0,open_license_ok,"State Key Laboratory of New Ceramic Materials, School of Materials Science and Engineering, Tsinghua University; Beijing National Research Centre for Information Science and Technology (BNRist), State Key Laboratory of Space Network and Communications, Department of Electronic Engineering, Tsinghua University; State Key Laboratory of Silicon and Advanced Semiconductor Materials, School of Materials Science and Engineering, Zhejiang University; Zhejiang Key Laboratory of Advanced Solid State Energy Storage Technology and Applications, Taizhou Institute of Zhejiang University; Institute of Fundamental and Transdisciplinary Research, Zhejiang University; Beijing National Laboratory for Condensed Matter Physics, Institute of Physics, Chinese Academy of Sciences",Tsinghua University; Zhejiang University,"Institute of Physics, Chinese Academy of Sciences",,,PLD self-buffered BTO on (001) LSAT; PECVD Si3N4 strip loading,CN,landmark;local_corpus,full_extract,B,sims/deng2026/config.yaml,audited,2026-10-01,"Journal version of record (received 2025-06-03, revised 2025-09-22, accepted 2025-10-02); numbers from this version. License verified from the Crossref VOR/TDM license records (CC BY 4.0, start 2026-01-02) and the article's own open-access notice. Supplementary Information (Notes 1-8, Figs. S1-S5) is not in the cached source; the Pockels-tensor and mode-simulation details it holds were not read. One device (BTO-on-LSAT MZI, 1 mm arms); the 180 nm films of Figs. 1-3 are material characterisation, not devices. Fabrication site, LSAT supplier and Si3N4 strip width not stated. Crossref carries no affiliations; they come from the article author details. Taizhou Institute of Zhejiang University is a Zhejiang University sub-unit and is covered by the Zhejiang University entry."
derose2012,High speed travelling wave carrier depletion silicon Mach-Zehnder modulator,Christopher T. DeRose; Douglas C. Trotter; William A. Zortman; Michael R. Watts,2012,,"2012 Optical Interconnects Conference, paper WC6, pp. 135-136",10.1109/oic.2012.6224486,,https://doi.org/10.1109/oic.2012.6224486,conference,unknown,publisher-copyright,restricted_local_only,"Applied Photonic Microsystems, Sandia National Labs; Research Laboratory of Electronics, Massachusetts Institute of Technology",Massachusetts Institute of Technology,Sandia National Laboratories,,,,US,local_corpus,full_extract,C,,audited,2026-10-04,"Two-page conference paper (IEEE, 'copyright 2012 IEEE' on p.1; Crossref lists no license). published_on empty: Crossref gives only 2012-05. Crossref has no author affiliations; affiliations from the paper. Fab not named. Metrics only, no electrode gap or wavelength: grade C, no sim config (silicon)."
didier2026,Thin film lithium niobate on sapphire for integrated mid-infrared modulator,Pierre Didier; Prakhar Jain; Mathieu Bertrand; Jost Kellner; Oliver Pitz; Zhecheng Dai; Tristan Kuttner; Mattias Beck; Baile Chen; Jérôme Faist; Rachel Grange,2026,2026-02-21,"Nature Communications 17(1), 3050",10.1038/s41467-026-69880-5,,https://doi.org/10.1038/s41467-026-69880-5,journal,open_access,CC-BY-4.0,open_license_ok,"Optical Nanomaterial Group, Institute for Quantum Electronics, Department of Physics; Quantum Optoelectronics Group, Institute for Quantum Electronics, Department of Physics; School of Information Science and Technology",ETH Zurich; ShanghaiTech University,,Binnig and Rohrer Nanotechnology Center; FIRST cleanroom of ETH Zurich; International Business Machines Corporation Research Zurich,"NGK Insulator, LTD (x-cut LN-on-sapphire wafers, 0.9 and 1.5 um films; as written in Methods)",EBL and Ar+ RIE waveguides; Au lift-off electrodes (direct laser writing); polished and FIB-milled facets,CH;CN,landmark,full_extract,C,,audited,2026-10-04,"Numbers from the cached journal version of record (Nature Communications 17:3050, published 2026-02-21; CC BY 4.0 in Crossref VOR record and the article notice). Appendices B, C and E (RF electrode design, grating couplers) are not in the 9-page cache. repro_grade C: signal and ground electrode widths and RF design are only in Appendix E; no sim config. Fabrication roles from the acknowledgements (BRNC, FIRST, IBM Rueschlikon support) are not further specified. Rows g and h: minimum VpiL 18.4 V*cm (1.5 um film, G 10 um) and 31.4 V*cm (0.9 um film, G 13.2 um), identified from Fig. 3(c) gaps; length and Vpi not stated. Abstract and Fig. 3 caption round VpiL to 22; text gives 22.4."
dong2026,400G/lane PAM4 Modulation Using Silicon Mach-Zehnder Modulators,Po Dong; Venkatesh Doddapaneni; Michael Kossey; Craig Schulz; Andrei Kaikkonen; Roberto Rodes; Dun Mao; Jaime Kwan; Taylor Fryett; Bo Feng; Argishti Melikyan; Chengpin Yu; Jack Xu,2026,,"Optical Fiber Communication Conference (OFC) 2026, paper Th4A.4",10.1364/ofc.2026.th4a.4,,https://doi.org/10.1364/ofc.2026.th4a.4,conference,unknown,publisher-copyright,restricted_local_only,,,Coherent Corp.,,,,US,ofc2026;local_corpus,full_extract,C,,audited,2026-10-04,"License from the paper's own notice (OFC 2026 (c) Optica Publishing Group); Crossref lists no license. published_on left empty: batch date is a schedule date that Crossref (year only) does not confirm. Crossref has no affiliations; affiliation from the paper. Fab not named. Single MZM of a four-MZM PIC. Metrics only: grade C, no sim config (silicon)."
falcone2026,Solution-derived barium titanate waveguides for integrated electro-optic modulation,Virginia Falcone;Eleni Prountzou;Jost Kellner;Ülle-Linda Talts;Rachel Grange,2026,,arXiv,,2601.14938v1,https://arxiv.org/pdf/2601.14938v1,arxiv_preprint,arxiv,,restricted_local_only,"Optical Nanomaterial Group, Institute for Quantum Electronics",ETH Zurich,,Binnig and Rohrer Nanotechnology Center;FIRST cleanroom of ETH Zurich,,"Sol-gel BaTiO3 (0.2 mol/L) spin-coated on SiO2/Si, soft nanoimprint lithography with PDMS stamp from e-beam/RIE Si master, final anneal 700 or 800 C for 2 h; Cr/Au top electrodes by optical lithography, e-beam evaporation and lift-off",CH,web_search;author_group_followup,full_extract,B,,audited,2026-10-02,"VERSION: all numbers come from the cached arXiv v1 preprint (2601.14938v1, 13 pages, Supplementary Information not in the cache); no journal DOI located, no crossref.json, so license and published_on are empty and redistribution is restricted_local_only. Platform paper (sol-gel BTO, etch-free soft nanoimprint) that also reports modulator metrics: two rows, one per final anneal temperature (700 and 800 C). The EO test is a single-arm BTO waveguide phase modulator interfered with an off-chip fiber reference arm (not an on-chip MZM); measured at 100 kHz with a 360 Vpp triangular drive after DC poling, so no bandwidth. repro_grade B: stack, waveguide width, residual layer, electrode gap and metals are stated, electrode width and exact imprinted cross-section need Fig. 4(a); no sim config because the device is a lumped, partially poled polycrystalline phase modulator, not a traveling-wave electrode device. foundry_or_fab (rule applied 2026-10-03 across p3_08 to p3_10: a cleanroom named in the acknowledgements as used for the devices is entered, as for kohli2025): BRNC and the FIRST cleanroom of ETH Zurich are thanked in the acknowledgements; the authors state they fabricated the devices. Paper inconsistencies: abstract and conclusion claim a two-orders-of-magnitude loss reduction while the text gives 50 to about 20 dB/cm; Fig. 4(f) caption names the 800 C curve green while the legend shows 800 C red."
feng2022,Ultra-high-linearity integrated lithium niobate electro-optic modulators,Hanke Feng; Ke Zhang; Wenzhao Sun; Yangming Ren; Yiwen Zhang; Wenfu Zhang; Cheng Wang,2022,,"arXiv; associated journal: Photonics Research 10(10), 2366",10.1364/prj.464650,2202.12739v1,https://arxiv.org/pdf/2202.12739v1,arxiv_preprint,arxiv,,restricted_local_only,Department of Electrical Engineering and State Key Laboratory of Terahertz and Millimeter Waves,City University of Hong Kong;University of Chinese Academy of Sciences,"Institute of Optics and Precision Mechanics, Chinese Academy of Sciences",,NanoLN,,HK;CN,web_search;author_group_followup;continuation_2026_10_02,full_extract,C,,audited,2026-10-02,"VERSION: arXiv v1 preprint (2202.12739v1, 16 pages, no stamp date on the text), not the Photonics Research version of record (10(10) 2366, issued 2022-09-27 per Crossref), which was not read and may differ. The journal DOI is confirmed by the Crossref record in the cache; its seven authors match the preprint. published_on and license empty. Fabricator not named. Ring-assisted Mach-Zehnder (RAMZI) linearized modulator for microwave photonics: headline metric is two-tone SFDR (120.04 dB Hz^(4/5) at 1 GHz, 114.54 at 5 GHz), no half-wave voltage, no electrode length and no EO bandwidth are reported; the SFDR values are stored in the modulation_format text because the schema has no SFDR column. repro_grade C and no sim config: resonator-assisted device; BOX, electrode width, thickness and length not stated. Batch CSV hint (120.04 dB Hz^(4/5)) confirmed; the arXiv-metadata DOI is consistent with Crossref."
fukui2025,17 GHz Lossless InP-Membrane Active Metasurface,Taichiro Fukui;Kei Sumita;Hiroki Miyano;Go Soma;Warakorn Yanwachirakul;Eisaku Kato;Ryota Tanomura;Jiahao Liu;Toshiki Yamada;Akira Otomo;Kasidit Toprasertpong;Mitsuru Takenaka;Shinichi Takagi;Yoshiaki Nakano;Takuo Tanemura,2025,,arXiv preprint (v1),,2505.07072v1,https://arxiv.org/abs/2505.07072,arxiv_preprint,arxiv,,restricted_local_only,,The University of Tokyo,National Institute of Information and Communications Technology,d.lab,,,JP,web_search;author_group_followup;continuation_2026_10_02,full_extract,C,,audited,2026-10-02,"Numbers come from arXiv v1 (23 pp: 13 pp main text plus Supplementary Notes 1-8 and Table S1, which are in the cached PDF); no journal version or DOI found in the file; published_on and license empty, restricted_local_only. Free-space InP-membrane high-contrast-grating metasurface with EO-polymer fill, reflective and transmissive: auxiliary scope, not a waveguide modulator; resonance-shift figures are not comparable to waveguide Vpi. repro_grade C, no sim config. Two rows: measured 40x40 um device (a) and the paper's numerical projection at N_D 1e19 cm-3 and r33 200 pm/V (b, simulated, not measured). Authors list as on the first page (Warakorn Yanwachirakul present address Chulalongkorn University, not in organizations). Wafer supplier not named."
gao2024,Compact low-half-wave-voltage thin film lithium niobate electro-optic phase modulator fabricated by photolithography-assisted chemo-mechanical etching (PLACE),Lang Gao; Youting Liang; Jinming Chen; Jianping Yu; Jia Qi; Lvbin Song; Jian Liu; Zhaoxiang Liu; Hongxin Qi; Ya Cheng,2024,,"arXiv; associated journal: Optics Letters 49(20), 5783",10.1364/ol.538158,2406.08744v1,https://arxiv.org/pdf/2406.08744v1,arxiv_preprint,arxiv,,restricted_local_only,State Key Laboratory of High Field Laser Physics and CAS Center for Excellence in Ultra-intense Laser Science; The Extreme Optoelectromechanics Laboratory (XXL); State Key Laboratory of Precision Spectroscopy; Collaborative Innovation Center of Extreme Optics,University of Chinese Academy of Sciences;East China Normal University;Shanxi University;Shandong Normal University,"Shanghai Institute of Optics and Fine Mechanics, Chinese Academy of Sciences;Hefei National Laboratory",,,,CN,web_search;author_group_followup;continuation_2026_10_02,full_extract,B,sims/gao2024/config.yaml,audited,2026-10-02,"VERSION: arXiv v1 preprint (2406.08744v1, 4 pages), not the Optics Letters version of record (49(20) 5783, issued 2024-10-03 per Crossref), which was not read and may differ. IDENTITY MISMATCH: the preprint lists ten authors; Crossref (journal version) lists eleven, adding Zhiwei Fang; the preprint list is used. Title matches the batch CSV. published_on and license empty. Fabrication by PLACE (process_name left empty because the paper only names the technique); the fabricating site is not named. Dual-arm phase modulator with delay waveguides: Vpi is strongly RF-frequency dependent (about 3 V near 12, 16, 22 and 26 GHz; single-arm reference 5.5 V); no DC Vpi, bandwidth or system data. Insertion loss 2.8 dB is quoted only as 'low insertion loss' without a definition. repro_grade B and sim config sims/gao2024/config.yaml for the single-pass phase-shifter cross-section: ground width and the per-pass electrode length are not stated, the dual-arm delay behaviour is not representable. Batch CSV hints (about 3 V, 2.8 dB) confirmed."
geravand2025,Ultrafast coherent dynamics of microring modulators,Alireza Geravand;Zibo Zheng;Farshid Shateri;Simon Levasseur;Leslie A. Rusch;Wei Shi,2025,2024-12-23,arXiv; associated journal: Nature Photonics 19(7) 740-750,10.1038/s41566-025-01686-1,2412.17986v1,https://arxiv.org/pdf/2412.17986v1,arxiv_preprint,arxiv,,restricted_local_only,"Centre d'optique, photonique et laser (COPL)",Université Laval,,Advanced Micro Foundry;CMC Microsystems,,"Advanced Micro Foundry standard process on 220 nm SOI, multi-project wafer service of CMC Microsystems",CA,blog:OFS-69,full_extract,C,,audited,2026-10-02,"VERSION: all numbers come from the cached arXiv v1 preprint (2412.17986v1, stamp 23 Dec 2024, 34 pages incl. Supplementary Notes), not the Nature Photonics version of record (Crossref: 19(7) 740-750, issued 2025-06-03, 6 authors matching the preprint). published_on = arXiv stamp date visible in the cached file. License of the cached preprint unverified (source.json empty); Crossref VoR license not transferred. Theory-plus-experiment paper on MRM coherent dynamics: device rows only for the measured stand-alone MRM and the MRA-MZM I/Q modulator; simulated small-signal bandwidths (Fig. 3, Extended Data Fig. 1) and BPSK time-domain results are not entered. Silicon resonator/ring-assisted devices: no sim config. repro_grade C: rib dimensions, BOX and cladding not stated. Foundry: Advanced Micro Foundry via CMC Microsystems MPW service (Methods p.12)."
giambra2021,Wafer-Scale Integration of Graphene-Based Photonic Devices,Marco A. Giambra; Vaidotas Miseikis; Sergio Pezzini; Simone Marconi; Alberto Montanaro; Filippo Fabbri; Vito Sorianello; Andrea C. Ferrari; Camilla Coletti; Marco Romagnoli,2021,2021-02-01,"ACS Nano 15(2), 3171-3187 (2021)",10.1021/acsnano.0c09758,2012.05816v2,https://arxiv.org/pdf/2012.05816v2,journal,arxiv,CC-BY-4.0,open_license_ok,Photonic Networks and Technologies Lab; Graphene Labs; Center for Nanotechnology Innovation @NEST; Cambridge Graphene Centre,Scuola Normale Superiore; Scuola Superiore Sant'Anna; University of Cambridge,"National Inter-University Consortium for Telecommunications; INPHOTEC; Istituto Italiano di Tecnologia; Istituto Nanoscienze, Consiglio Nazionale delle Ricerche; CamGraPhIC srl",,,"DSLG EAM flow: CVD SLG single-crystal matrices on Cu (1060 C), semi-dry aligned transfer, 1L-hBN encapsulation, 17 nm PECVD Si3N4 gate dielectric, on a 150 mm Si3N4 photonic wafer",IT;GB,web_search;author_group_followup;continuation_2026_10_02,full_extract,B,,audited,2026-10-02,"VERSION: all numbers from the cached file served as arXiv v2 (2012.05816v2, 17 pages), which is the ACS Nano typeset article: page 1 shows the ACS Nano article header, 'Received: November 20, 2020 / Accepted: January 21, 2021' and the footer 'Made available through a Creative Commons CC-BY License'. Crossref (crossref.json) gives DOI 10.1021/acsnano.0c09758, ACS Nano 15(2), 3171-3187, issued and published online 2021-02-01 (print 2021-02-23), license CC-BY-4.0 (vor). license, redistribution and published_on are filled from the paper's own notice and Crossref (audit F7, 2026-10-03). Whether the cached text equals the final issue version line by line was not checked; url and arxiv_id stay the arXiv v2 file that was cached. Identity: title and ten authors match Crossref; Crossref affiliations CamGraPhIC and INPHOTEC agree with the paper. Four device rows (30, 60, 90, 120 um DSLG EAMs on Si3N4). Reported: modulation efficiency about 0.25, 0.45, 0.75, 1 dB/V; 3 dB EO bandwidth about 11.5, 6.5, 7.0, 4 GHz; data rate up to 20 Gbps (eye diagrams, device not identified, so not entered); text lists 7.4 GHz for 120 um, inconsistent with Fig. 7(b) and the intro (about 4 GHz for 120 um). Wafer-scale material metrics (mobility about 5000 cm2/Vs, contact resistance about 500 Ohm um, about 80% coverage) are in this note only. No sim config (graphene EAM). repro_grade B: cross-section dimensions given in Fig. 6(a) caption, graphene overlap width and electrode geometry not given. Batch hint 'electro-absorption modulators with data rates reaching 20 Gbps' confirmed; platform hint other is Si3N4 (waveguide_platform sin)."
gui2022,100 GHz micrometer-compact broadband monolithic ITO Mach-Zehnder interferometer modulator enabling 3500 times higher packing density,Yaliang Gui; Behrouz Movahhed Nouri; Mario Miscuglio; Rubab Amin; Hao Wang; Jacob B. Khurgin; Hamed Dalir; Volker J. Sorger,2022,,"arXiv; associated journal: Nanophotonics 11(17), 4001-4009 (2022)",10.1515/nanoph-2021-0796,2112.10926v2,https://arxiv.org/pdf/2112.10926v2,arxiv_preprint,arxiv,,restricted_local_only,,George Washington University; Johns Hopkins University,,,,,US,web_search;author_group_followup;continuation_2026_10_02,full_extract,B,,audited,2026-10-02,"VERSION: all numbers from the cached arXiv v2 preprint (2112.10926v2, 14 pages incl. SI); journal version Nanophotonics 11(17), 4001-4009, issued 2022-04-08 (Crossref: CC-BY-4.0 for the version of record) not read; published_on and license empty. Eight authors match Crossref; affiliations agree. Flagged question answered: the result is SIMULATED, not measured. The text uses FEM eigenmode analysis, COMSOL RC extraction and 3D FDTD; the only measured item is ellipsometry of the ITO film (Fig. 2(a)); Table I marks ER, IL, speed and energy as calculated; no fabricated modulator or RF measurement appears. All device values have basis simulated, derived or design_target. Two rows: 4.7 um headline design (ER 3 dB, IL 2.9 dB, 102 GHz, 380 fJ/bit, VpiL 108 V um) and the 9.1 um 91:9 maximum-ER design (53 dB, 10 dB, 71 GHz). Speed is stated as 100, 102 and 108 GHz in different places; VpiL 108 V um (Table I) vs 0.1 V mm (abstract); energy printed as 380 pJ on p.6 vs fJ/bit elsewhere. Photonic-mode (doped-Si contact) variant in the SI has only a maximum transmission difference of 19% and an anticipated speed of 108 GHz; not entered. No sim config (ITO plasmonic MZI, carrier mechanism). repro_grade B: stack thicknesses and waveguide size given; splitter geometry and electrode layout are not. Batch hints confirmed (100 GHz class, more than 3500 modulators per silicon MZI area); batch note 'treat as design study' confirmed."
guo2026,Robust and Active Visible-Light Integrated Photonics on Thin-Film Lithium Tantalate for Underwater Optical Wireless Communications,Changjian Guo; Xingjie Li; Xiaofeng Wu; Jiajie Deng; Jiayu Huang; Yunjie Wang; Wenchang Yang; Weilong Ma; Ziliang Ruan; Kaixuan Chen; Sailing He; Liu Liu,2026,,arXiv,,2603.14346v2,https://arxiv.org/pdf/2603.14346v2,arxiv_preprint,arxiv,,restricted_local_only,"Guangdong Provincial Key Laboratory of Optical Information Materials and Technology, South China Academy of Advanced Optoelectronics; State Key Laboratory of Extreme Photonics and Instrumentation, College of Optical Science and Engineering",South China Normal University; Zhejiang University,,,,"Blackened x-cut LTOI (200 nm LT, 3 um BOX); EBL and ICP etch to 100 nm ridge, 800 nm PECVD SiO2, no anneal; thermally evaporated Au CLTW electrodes, Ti heaters and terminations",CN,web_search;author_group_followup;continuation_2026_10_02,full_extract,C,,audited,2026-10-02,"VERSION: all numbers come from the cached arXiv v2 preprint (2603.14346v2, 16 pp, no date stamp, no journal DOI located; no crossref.json); license and published_on empty. Supplemental Notes 1-3 not cached. Identity: title and 12 authors match the batch CSV (the CSV list is truncated). Two rows: guo2026-a, the 3 mm push-pull CLTW MZM at 532 nm (headline, UWOC transmitter), and guo2026-b, the dual-drive MZM used for optical single-sideband and EO comb generation (no Vpi or bandwidth reported). repro_grade C and no sim config: substrate not stated, propagation direction not stated, and the CLTW parameters (g, r, c, s, t, h) = (3.5, 45, 5, 2, 2, 3.5) um are defined only by the unlabeled top-view schematic of Fig. 2(a) (the text does not define the letters and the sketch does not make clear which of g and h, both 3.5 um, is the electrode-to-waveguide gap vs the stem length), so the loaded and unloaded cross-sections cannot be built without guessing which letter is the electrode-to-waveguide gap; electrode_gap_um is therefore left empty. Judgment calls: Vpi 2.6 V (100 kHz sawtooth, Fig. 5(b)) and Vpi*L 0.78 V cm (the authors compute it from Vpi and the 3 mm length, so basis derived; simulated 0.77 V cm in notes) entered with approx because the paper writes about-equal; bandwidth ~50 GHz is a bound (gt): the intro says exceeds 50 GHz, the trace in Fig. 5(d) spans about 3 to 57 GHz with large ripple, touches -3 dB at about 33, 36, 48 and 56 GHz relative to a baseline near +1 dB, and the authors blame the visible photodiode; the 57 GHz end is read from the plot. ER entered as >35 dB static from the text and the Fig. 5(c) label; the Fig. 5(c) caption says ~32 dB (inconsistent); Fig. 5(c) peak about -21 dBm and null about -56 dBm. On-chip IL 2.7 dB is the authors subtraction of grating-coupler loss from about 12 dB fiber-to-fiber (12 minus 2 x 4.5 is 3.0, so the implied per-coupler loss is about 4.65 dB). Propagation loss 1.7 read from Fig. 4(b) for the 1.5 um width (y-axis labeled dB, text says dB/cm). RF values (loss about 5.5 dB/cm at 100 GHz, n_RF about 2.48, Z0 about 49 ohm, ng about 2.45) are simulated CLTW design values read at 100 GHz from Fig. 3 / text. Optical handling: stable for 1 h at 18 dBm input / >5 dBm output, quoted as about 11.5 dBm on-chip (the authors' own deduction, the paper shows no derivation, and the top of the tested range rather than a measured limit; basis author_estimate); a TFLN comparison device fluctuated above 10 dBm input. max_baud_gbd 100 is derived from 100 Gb/s OOK (1 bit per symbol); the PAM-4 point is 56 GBd, 112 Gb/s over 3 m; 64 Gb/s OOK over 9 m; BER threshold 3.8e-3; system limited by AWG/oscilloscope/photodiode, not the chip (authors). Not reported: substrate, wafer supplier, foundry (device fabricated in-house, facility not named), optical input power of the Vpi measurement, drive amplitude of the UWOC runs (SHF 807c saturates at about 6 Vpp), energy per bit. TO phase shifter 0.51 mm, P_pi about 50 mW. Batch CSV hints (flat to about 50 GHz, 112 Gb/s over 3 m, 64 Gb/s over 9 m) verified. Audit corrections 2026-10-03: see AUDIT_DISPOSITIONS.md."
gupta2023,"Implementation, Modelling and Verification of High-Speed Mach-Zehnder Phase Modulators in an Open Access InP Foundry Platform",Y Durvasa Gupta;Guillaume Binet;Wouter Diels;Oliver Abdeen;Tom Gaertner;Moritz Baier;Martin Schell,2023,,Journal of Lightwave Technology 41(11) 3498-3504,10.1109/jlt.2023.3244129,,https://doi.org/10.1109/jlt.2023.3244129,journal,paywalled,,restricted_local_only,,Technical University Berlin,Fraunhofer Heinrich Hertz Institute;KEEQuant GmbH,Fraunhofer Heinrich Hertz Institute,,"Fraunhofer HHI generic InP foundry process, open-access multi-project wafer runs via JePPIX",DE,landmark,full_extract,C,,audited,2026-10-02,"VERSION: cached file is the author's accepted manuscript (7 pages, IEEE copyright notice, 'author's version which has not been fully edited'), not the version of record; numbers may differ. published_on left empty because the cached file is the accepted manuscript (2023-06-01 is the Crossref issue date of the version of record). License empty, redistribution restricted_local_only (IEEE copyright; no open license). InP QCSE traveling-wave MZM in the open-access HHI generic platform: no sim config (InP). repro_grade C: electrode and MQW dimensions not given. KEEQuant GmbH is the current affiliation of M. Baier (previously HHI). Simulated EE/EO responses (Figs. 9-10) and HFSS voltage distributions not entered."
han2023,Slow-light silicon modulator with 110-GHz bandwidth,Changhao Han;Zhao Zheng;Haowen Shu;Ming Jin;Jun Qin;Ruixuan Chen;Yuansheng Tao;Bitao Shen;Bowen Bai;Fenghe Yang;Yimeng Wang;Haoyu Wang;Feifan Wang;Zixuan Zhang;Shaohua Yu;Chao Peng;Xingjun Wang,2023,,arXiv; associated journal: Science Advances 9(42) eadi5339,10.1126/sciadv.adi5339,2302.03652v1,https://arxiv.org/pdf/2302.03652v1,arxiv_preprint,arxiv,,restricted_local_only,State Key Laboratory of Advanced Optical Communication Systems and Networks,Peking University;Beijing Information Science and Technology University,Peng Cheng Laboratory;Zhangjiang Laboratory;Peking University Yangtze Delta Institute of Optoelectronics,CompoundTek Pte,,"Standard 90 nm lithography SOI process, one-to-one 200 mm wafer run",CN,local_corpus,full_extract,B,,audited,2026-10-02,"VERSION: all numbers come from the cached arXiv v1 preprint (2302.03652v1, 31 pages, arXiv stamp 7 Feb 2023; preprint title 'Slow light silicon modulator beyond 110 GHz bandwidth'), NOT from the Science Advances version of record. The VoR (Sci. Adv. 9(42) eadi5339, issued 2023-10-20 per Crossref) and its Supplementary Materials are not cached and stay on needs_download.md as a version-check follow-up; the preprint cites Supplementary Sections 1-7 (design, loss, measurements) that are absent, so VoR numbers are not claimed and may differ. Title and DOI are the VoR identity from Crossref; the 17 authors match Crossref. published_on empty: the preprint stamp date is not equated with first-public date and the Crossref date 2023-10-20 belongs to the VoR. License of the cached preprint unverified (source.json license empty; Crossref lists none), so redistribution is restricted_local_only. Silicon pn-depletion coupled-resonator (CROW) slow-light MZM: no dielectric-TWE simulation config. Foundry: CompoundTek Pte named in Methods (p.14); no PDK or process-node name beyond '90 nm lithography SOI'. repro_grade B: core geometry, doping and electrode dimensions given in text and Fig. 2(a); contact doping levels, junction offset, via and pad layout and the Supplement not available."
he2019,High-performance hybrid silicon and lithium niobate Mach-Zehnder modulators for 100 Gbit s-1 and beyond,Mingbo He; Mengyue Xu; Yuxuan Ren; Jian Jian; Ziliang Ruan; Yongsheng Xu; Shengqian Gao; Shihao Sun; Xueqin Wen; Lidan Zhou; Lin Liu; Changjian Guo; Hui Chen; Siyuan Yu; Liu Liu; Xinlun Cai,2019,2019-03-04,"Nature Photonics 13(5), 359-364",10.1038/s41566-019-0378-6,1807.10362,https://doi.org/10.1038/s41566-019-0378-6,journal,arxiv,publisher-copyright,restricted_local_only,"State Key Laboratory of Optoelectronic Materials and Technologies, School of Physics and Engineering; Centre for Optical and Electromagnetic Research, Guangdong Provincial Key Laboratory of Optical Information Materials and Technology, South China Academy of Advanced Optoelectronics",Sun Yat-sen University; South China Normal University,,,,,CN,landmark,full_extract,B,sims/he2019/config.yaml,audited,2026-10-01,"Cached source is the arXiv-style manuscript (arXiv:1807.10362 per the batch CSV; no arXiv stamp in the cached file) with Supplementary Information appended; the Nature Photonics version of record was not read and its numbers may differ. The cached manuscript cites September 2018 sources (Nature 562; Opt. Express 26, 23728; QSFP-DD rev 4.0), so it is a later revision than arXiv v1; exact version unknown. published_on is the Crossref online date of the journal version (2019-03-04); the batch CSV date 2018-07-07 is not supported by any local source. License: Crossref lists only the Springer TDM link; the prefetch metadata says arXiv-nonexclusive for the cached copy but that is not independently verifiable, so publisher-copyright / restricted_local_only. Fabricating facility not named. Inconsistency in the manuscript: Fig. 2 caption says Vpi 4.5 V for the 3 mm device, text and figure say 7.4 V. repro_grade B: LN waveguide, gap, electrode and BCB/oxide thicknesses are given but the EO-measurement wavelength, LN total thickness and whether Si taper tips remain under the phase shifter are not. Sim config is not runnable (no material constants in the paper)."
heidari2022,Integrated ultra-high-performance graphene optical modulator,Elham Heidari; Hamed Dalir; Farzad Mokhtari Koushyar; Behrouz Movahhed Nouri; Chandraman Patil; Mario Miscuglio; Deji Akinwande; Volker J. Sorger,2022,,"arXiv; associated journal: Nanophotonics 11(17), 4011-4016 (2022)",10.1515/nanoph-2021-0797,2109.07476v2,https://arxiv.org/pdf/2109.07476v2,arxiv_preprint,arxiv,,restricted_local_only,Microelectronics Research Center (The University of Texas at Austin),The University of Texas at Austin; George Washington University,,,,DSLG with Al2O3 spacer between a Nb2O5/SiO2 bottom DBR (InP substrate) and a PECVD a-Si waveguide with Si/SiO2 top DBR; wet-transferred CVD graphene,US,web_search;author_group_followup;continuation_2026_10_02,full_extract,C,,audited,2026-10-02,"VERSION: all numbers from the cached arXiv v2 preprint (2109.07476v2, 5 pages); journal version Nanophotonics 11(17), 4011-4016, issued 2022-03-17 (Crossref: CC-BY-4.0 for the version of record) not read; published_on and license empty. Eight authors match Crossref; affiliations agree. One device row. Measured: S21 3 dB bandwidth about 60 GHz (Fig. 3(c)) and transmission versus voltage (Fig. 3(a)). Simulated or assumed: IL 0.7 dB, modulation depth above 4 dB/um, C 27 fF, 0.57 V swing. Energy 2.25 fJ/bit = 0.25 C V^2 (stated inputs give about 2.19). Not reported: active length (footprint about 6 um2 only), measured IL or ER, Vpi, drive amplitude, fabrication facility. Inconsistencies: DBR pair counts (text 33 pairs and 20 layers vs Fig. 1(d) 16.5 and 10 pairs); IL 0.7 dB vs Fig. 3(a) about -3 dB at the ON state. No sim config (graphene EAM). repro_grade C. Batch hint metrics (60 GHz, 2.25 fJ/bit, 5.2 dB/V, 40x lower voltage) confirmed as stated; the 40x claim is relative to a reference design and is not entered. Batch hint platform 'other' is correct; the abstract's 'Silicon photonics platform' is loose (a-Si waveguide on a DBR over InP)."
holzgrafe2020,Cavity electro-optics in thin-film lithium niobate for efficient microwave-to-optical transduction,Jeffrey Holzgrafe;Neil Sinclair;Di Zhu;Amirhassan Shams-Ansari;Marco Colangelo;Yaowen Hu;Mian Zhang;Karl K. Berggren;Marko Loncar,2020,,"Optica 7(12), 1714 (journal); numbers from arXiv v2",10.1364/optica.397513,2005.00939v2,https://arxiv.org/pdf/2005.00939v2,arxiv_preprint,arxiv,,restricted_local_only,"John A. Paulson School of Engineering and Applied Sciences, Harvard University (Marko Loncar, corresponding author)",Harvard University;California Institute of Technology;Massachusetts Institute of Technology,HyperLight,Center for Nanoscale Systems,,"Coupled LN racetrack photonic molecule (fabrication per cited prior work), 40 nm NbN microwave resonator by DC sputtering and CF4 RIE",US,web_search;author_group_followup;continuation_2026_10_02,full_extract,,,audited,2026-10-02,"NO DEVICE ROWS: microwave-to-optical quantum transducer paper; no Vpi, EO bandwidth, insertion loss or ER of a modulator. VERSION: numbers from arXiv v2 (stamp 2020-05-12, 19 pp); Optica version of record 7(12) 1714 (Crossref 2020-12-07, OA license record for the journal version only); license and published_on left empty. PAPER-REPORTED NUMBERS (no columns): on-chip transduction efficiency up to (2.7 +- 0.3)e-5 and pump-power-normalised (1.9 +- 0.4)e-6 per uW (abstract p.1; p.8), single-photon coupling g0 = 2pi x 650 +- 70 Hz measured vs 2pi x 830 Hz predicted (p.8), transducer 3 dB bandwidth 13 MHz vs 10 MHz microwave linewidth (Fig. 3d inset p.6; p.6-7), intrinsic optical Q 1.4e6 (kappa_in about 130 MHz) and minimum mode splitting 3.1 GHz, bright-mode total loss about 2pi x 1.0 GHz (p.4, Fig. 1c-d near 1586 nm), microwave intrinsic Q above 1e3 at 1 K (p.4, Fig. 2d), on-chip pump -30 dBm for the bandwidth and bias sweeps (Fig. 3 caption p.6), grating-coupler loss about 10 dB (p.4). Device: 1.2 um rib waveguides, 4.7 um SiO2 BOX on silicon, 1.5 um SiO2 cladding (p.4). Bias-voltage tuning of the optical modes is shown only as detuning plots (Fig. 1d, Fig. 3d) with no nm/V or GHz/V number in the text. Supplement 1 (pp.12-19 of the cached arXiv v2) read; no modulator column applies. CSV hint (class ring, abstract-level claims) confirmed; class not applicable."
hou2024,Improving Linewidth and Extinction Ratio Performances of Lithium Niobate Ring Modulator Using Ring-pair Structure,Songyan Hou;Hao Hu;Weichuan Xing;Zhihong Liu;Jincheng Zhang;Yue Hao,2023,,"Advanced Photonics Research 4(8), 2300169 (journal); numbers from arXiv v2",10.1002/adpr.202300169,2304.04413v2,https://arxiv.org/pdf/2304.04413v2,arxiv_preprint,arxiv,,restricted_local_only,"Guangzhou Institute of Technology, Xidian University; State Key Laboratory of Wide Bandgap Semiconductor Devices and Integrated Technology, Xidian University; Key Laboratory of Radar Imaging and Microwave Photonics, Nanjing University of Aeronautics and Astronautics",Xidian University;Nanjing University of Aeronautics and Astronautics,,,"NanoLN (600 nm x-cut TFLN, 2 um SiO2 on silicon)","E-beam lithography (FOX 16 mask), Ar+ RIE 400 nm etch, 300 nm Au lift-off electrodes, 1.5 um PECVD SiO2 cladding, BOE via windows, top metal strips",CN,web_search;author_group_followup;continuation_2026_10_02,full_extract,B,,audited,2026-10-02,"VERSION: numbers from arXiv v2 (2304.04413v2, 14 pp); journal version of record Adv. Photonics Res. 4(8), 2300169 (Crossref published-online 2023-06-22, print 2023-08, CC-BY-4.0 VOR record) not read; license and published_on empty because the cached file is the preprint. CSV HINT CORRECTIONS: year 2023 (not 2024; paper_id kept); the cached preprint names a single author (Songyan Hou, no affiliations), while Crossref lists six authors (Hou, Hu, Xing, Liu, Zhang, Hao) with affiliations: authors, universities and research_groups come from Crossref and are not verifiable in the cached text. Fabrication facility not named. Experimental ring-pair modulator and single-ring reference on 600 nm x-cut TFLN; resonant, lumped electrodes, so repro_grade B (SEM/schematic only for electrode layout) and no sim config. Fig. 2 spectra are simulated (10 um radius, r 0.998, a 0.996) and give no entered metrics. Optical -3 dB linewidth 22 GHz is the optical resonance linewidth, not an EO S21 bandwidth; bw3db left empty."
hsu2024,Sub-volt high-speed silicon MOSCAP microring modulator driven by high-mobility conductive oxide,Wei-Che Hsu;Nabila Nujhat;Benjamin Kupp;John F. Conley Jr.;Haisheng Rong;Ranjeet Kumar;Alan X. Wang,2024,,"arXiv; associated journal: Nature Communications 15, 826",10.1038/s41467-024-45130-4,2308.16255v1,https://arxiv.org/pdf/2308.16255v1,arxiv_preprint,arxiv,,restricted_local_only,,Oregon State University;Baylor University,Intel Corporation,Intel Corporation;Oregon State University,,"Intel 300 mm SOI silicon photonics process (passive ring); HfO2 ALD, ITiO sputtering and patterning, Ni/Au metallization at Oregon State University",US,web_search;author_group_followup;continuation_2026_10_02,full_extract,B,,audited,2026-10-02,"VERSION: all numbers come from the cached arXiv v1 preprint (2308.16255v1, 21 pages incl. Supplementary Information), not the Nature Communications version of record (Crossref: vol. 15 issue 1 article 826, issued 2024-01-27, same seven authors; Crossref lists CC BY 4.0 for the VoR, not transferred to this preprint). License and published_on left empty (preprint cache); title follows Crossref capitalization (arXiv title is title-cased). Silicon resonator with a TCO-gated MOSCAP (no sim config). Two rows: -a the measured ITiO-gated 8 um ring; -b the projected optimized outer-sidewall IHO design (all simulated). The CSV hints (117 pm/V, 0.8 V, 25 Gb/s at 53 fJ/bit) are confirmed by the text; the hint omits that 35 Gb/s eyes need 1.75 Vpp. repro_grade B: waveguide, doping, gate stack and coverage disclosed; coupling gap, BOX and cladding thickness not stated."
hu2023,300-Gbps optical interconnection using neural-network based silicon microring modulator,Fangchen Hu;Yuguang Zhang;Hongguang Zhang;Zhongya Li;Sizhe Xing;Jianyang Shi;Junwen Zhang;Xi Xiao;Nan Chi;Zhixue He;Shaohua Yu,2023,,"arXiv; associated journal: Communications Engineering 2, 67",10.1038/s44172-023-00115-x,2111.05331v1,https://arxiv.org/pdf/2111.05331v1,arxiv_preprint,arxiv,,restricted_local_only,"Key Laboratory for Information Science of Electromagnetic Waves (MoE), Fudan University; State Key Laboratory of Optical Communication Technologies and Networks",Fudan University,China Information and Communication Technologies Group Corporation;National Information Optoelectronics Innovation Center;Peng Cheng Laboratory,,,Standard CMOS process on SOI with 2 um buried oxide (foundry not named),CN,web_search;author_group_followup;continuation_2026_10_02,full_extract,C,,audited,2026-10-02,"VERSION: all numbers come from the cached arXiv v1 preprint (2111.05331v1, 15 pages, no Supplementary Information in the cache), titled 'Beyond 300Gbps Silicon Microring Modulator with AI Acceleration' on its first page; the journal version (Crossref: Communications Engineering vol. 2 issue 1 article 67, issued 2023-09-23, same eleven authors in the same order) has the title used here (CSV hint). Crossref lists CC BY 4.0 for the VoR, not transferred; license and published_on left empty. Silicon pn-depletion racetrack ring plus nonlinear equalization system demo (no sim config). Two rows by operating point: -a the -0.9 V / 1312 nm data point (42.5 GHz link response, 302 Gb/s), -b the over-67 GHz optical-peaking statement (no figure in this preprint). The CSV hints 302 Gbps and 5.20 bit/s/Hz are confirmed in the text (back-to-back, 60 GBaud). repro_grade C: junction length, doping profile and foundry not stated; Methods simulation radius (10 um) disagrees with the 8 um device."
hu2026,400-Gbps/λ Ultrafast Silicon Microring Modulator for Scalable Optical Compute Interconnects,Fangchen Hu;Fengxin Yu;Xingyu Liu;Aoxue Wang;Xiao Hu;Haiwen Cai;Wei Chu,2026,,arXiv; associated journal: Laser & Photonics Reviews 20(13) e02840,10.1002/lpor.202502840,2509.01555v1,https://arxiv.org/pdf/2509.01555v1,arxiv_preprint,arxiv,,restricted_local_only,,Fudan University,Zhangjiang Laboratory,,,Standard 12-inch (300 mm) CMOS foundry process on 220 nm SOI,CN,landmark,full_extract,C,,audited,2026-10-02,"VERSION: all numbers come from the cached arXiv v1 preprint (2509.01555v1, 55 pages, main text plus Supplementary Information), not the Laser & Photonics Reviews version of record (Crossref: vol. 20 issue 13 e02840, issued 2026-03-06, 7 authors matching the preprint, title with U+2010 hyphens). Title here uses ASCII hyphen. published_on left empty: no arXiv date stamp in the cached text and the Crossref date belongs to the version of record. License of the cached preprint unverified; Crossref VoR license not transferred. Silicon pn-depletion microring (resonator, no sim config); one physical device split into two operating-point rows (0 V self-biasing, -3 V depletion). Foundry not named ('12-inch CMOS foundry'), so foundry_or_fab is empty. repro_grade C: doping levels, BOX and cladding not stated. Internal inconsistencies noted in rows: Fig. 5 caption 1 Vpp vs text 2 Vpp; PCIe Ebit quoted in pJ/bit on p.16 vs fJ/bit in Methods."
hu2026a,Hybrid-Integrated DFB-Laser-Coupled 1 x 8 Thin-Film Lithium Niobate Modulator Array for High-Speed Parallel Optical Transmitters,Qiyue Hu; Junxia Zhou; Zhe Wang; Botao Fu; Jinming Chen; Yunpeng Song; Mengqi Li; Dewei Zhang; Yuheng Chen; Jinxin Huang; Min Wang; Jia Qi; Ya Cheng,2026,,arXiv,,2605.21073v1,https://arxiv.org/pdf/2605.21073v1,arxiv_preprint,arxiv,,restricted_local_only,State Key Laboratory of Precision Spectroscopy; The Extreme Optoelectromechanics Laboratory (XXL); Collaborative Innovation Center of Extreme Optics,East China Normal University; Shanxi University,Hefei National Laboratory; Shanghai Research Center for Quantum Sciences,,,Femtosecond-laser-assisted chemical mechanical polishing (PLACE) of x-cut LNOI; femtosecond laser lithography with wet etch of Au/Ti electrodes; SiO2 cladding; Ti heaters; NiCr terminations,CN,web_search;author_group_followup;continuation_2026_10_02,full_extract,C,,audited,2026-10-02,"VERSION: all numbers come from the cached arXiv v1 preprint (2605.21073v1, 14 pages, no date stamp, no journal version located). License and published_on empty. repro_grade C and no sim config: LN rib height or etch depth, rib width, signal-electrode width, Au thickness, BOX thickness and fabricated cladding thickness are not stated (only gap 6.5 um, 500 nm LN, design cladding 2.5 um). Eight rows, one per channel (Fig. 7 insets give Vpi 3.60-3.83 V; text confirms the range). EO 3 dB bandwidth is a bound (>40 GHz); unexplained 43.1-43.6 labels in Fig. 7 not used. Table 1 and abstract VpiL 2.52-2.68 V cm are Vpi x 7 mm and are left to the build step. Array fiber-to-fiber loss, DFB bonding penalty (about 5 dB), splitter uniformity (9.7 percent) and simulated splitter loss have no per-channel columns. Wafer supplier and fabrication facility not named. Batch hints verified; Hefei National Laboratory, Shanghai Research Center for Quantum Sciences and Shanxi University come from affiliations 3-5."
huang2026a,"Co-design of Silicon Microring Modulator beyond 200 Gb/s per Lane: Device Physics, Operating Point, and Compact Models for Scale-Up and Scale-Out Optical I/O",Zhihong Huang;Yuan Yuan;Yiwei Peng;Marco Fiorentino;Raymond G. Beausoleil;Samuel Palermo,2026,,arXiv,,2609.36690v1,https://arxiv.org/pdf/2609.36690v1,arxiv_preprint,arxiv,,restricted_local_only,"Large-Scale Integrated Photonics group, Hewlett Packard Labs",Texas A&M University,Hewlett Packard Enterprise,,,,US,web_search;author_group_followup;continuation_2026_10_02,full_extract,,,audited,2026-10-02,"VERSION: cached arXiv v1 preprint (2609.36690v1, 56 pages; arXiv stamp 29 Sep 2026; published_on left empty), no DOI, no Crossref record. STATUS no_device_rows: the paper describes itself as a review. It reports no new fabricated device; Table I and Figs. 4-6, 9 reproduce measured values of published rings (the Z-shaped two-segment ring of Yuan et al. 2024, ref. 12, is the authors' own earlier device and Yuan Yuan is an author; the other three are other groups': 256G lateral ring of Xue et al. OFC 2025, 128G lateral ring of Bu et al. OFC 2026, lateral two-segment ring of Xue et al. JLT 2025, and the arXiv 2509.01555 ring already in the repo as hu2026), and everything original is a compact model calibrated to those devices (operating-point sweeps, self-heating, thermal placement, eye and TDECQ-style penalties). Those numbers belong to the source papers (separate candidate rows) and calibrated or simulated model outputs are not device characterizations, so no device rows are written. BATCH_INSTRUCTIONS step 3 says sim-only papers are rows if they report metrics; Tables II-IV report model-output penalties and bus power for an assumed ring, not a distinct device, so the rule is not applied here and the coordinator should confirm this judgment; no evidence file is written because there are no device rows. If a model-output row is wanted later, basis would be simulated. CSV hint check: 'above 200 Gb/s per lane' and Verilog-A compact model are confirmed (Sec. V, Fig. 15: Verilog-A translation is proposed and not yet verified). Identity: the CSV author order places S. Palermo fourth; the first page lists him last (separate Texas A&M affiliation); the paper order is used. Hewlett Packard Labs is a unit of Hewlett Packard Enterprise. Audit corrections 2026-10-03: see AUDIT_DISPOSITIONS.md."
johnson2025,Multi-Channel Silicon-Organic Hybrid PICs for 200G/lambda and 400G/lambda PAM4 Transmission,Lewis E. Johnson; Ari Novack; Scott R. Hammond; Meisam Bahadori; Kevin M. O'Malley; Delwin L. Elder; Matthew Streshinsky; Brad Booth,2025,,arXiv preprint,,2509.24825v1,https://arxiv.org/pdf/2509.24825v1,arxiv_preprint,arxiv,,restricted_local_only,,,NLM Photonics; Enosemi Inc,Advanced Micro Foundry,,"Advanced Micro Foundry O-band GP v4.5 platform, dedicated 200 mm wafer run; SOH post-processing (Selerion-HTX OEO deposition, ALD encapsulation, poling, crosslinking) at die level by NLM Photonics",US,web_search;author_group_followup;continuation_2026_10_02,full_extract,C,,audited,2026-10-02,"VERSION: all numbers from the cached arXiv v1 preprint (2509.24825v1, 4 pages, conference-style paper, venue not stated; page-1 footer reads (c)2025 The Author(s)); no DOI, no Crossref record. published_on and license empty (preprint license unverified). Eight authors as on page 1; affiliation line states Enosemi Inc 'acquired by AMD' (AMD is not entered as an affiliation). No sim config (SOH). repro_grade C: slot 160 nm, rail 240 nm and 400 um phase-shifter length are stated, other dimensions are PDK-standard and undisclosed. Eight device rows: five measured PICs from Table 1 (3 for the 200G/lambda design, 2 for the 400G/lambda design), the best single 200G channel, and two design-value rows. Rows are PIC-level summaries (channel means with the paper's plus-minus spread); individual channels are not tabulated except in Table 2. Batch hint class 'other' resolved to mzm (8 differential-drive GSGSG MZMs per PIC). Hint quotes 'Vpi L < 0.5 V-mm, >80 GHz' are consistent with the text (p.2: SEPP-equivalent about 0.5 V.mm; best 0.31 V.mm). Single-ended push-pull (SEPP) equivalent values are the authors' conversion and are not entered as vpil (convention differs from the differential Vpi in the row); they are in the row notes."
kari2025,Enabling High-Bandwidth Coherent Modulation Through Scalable Lithium Niobate Resonant Devices,Sadra Rahimi Kari;Paolo Pintus;John E. Bowers;Matt Robbins;Nathan Youngblood,2025,,arXiv preprint,,2502.10846v1,https://arxiv.org/pdf/2502.10846v1,arxiv_preprint,arxiv,,restricted_local_only,"Department of Electrical and Computer Engineering, University of Pittsburgh (Nathan Youngblood, corresponding author)","University of Pittsburgh;University of California, Santa Barbara;University of Cagliari","Cetus Photonics, Inc.",Luxtelligence SA,,"Luxtelligence lnoi400 open-source PDK (PDK p.4; name lnoi400 from ref. 27, p.13)",US;IT,web_search;author_group_followup;continuation_2026_10_02,full_extract,C,,audited,2026-10-02,"VERSION: arXiv v1 only (2502.10846v1, 23 pp incl. Supplementary Information); no Crossref record or DOI in the cache; no license notice in the file; license and published_on empty. Resonant Gires-Tournois (phase-shifted Bragg grating) etalons, single and embedded in MZI arms, lumped pads: not a traveling-wave device, repro_grade C (TFLN thickness, etch depth, electrode gap and pad geometry not disclosed; only corrugation width W and mirror length L), no sim config. KEY CAVEAT: the headline 29 GHz EO bandwidth (Fig. 4c, p.8; also labelled VNA in Fig. 2e) sits beside Methods (p.10-11) that give a Siglent VNA of 100 kHz to 7.5 GHz and a 12 GHz photodetector for EO response, while Fig. 4c plots the normalised EO response to about 60 GHz; the 29 GHz also equals the photon-lifetime estimate from Q = 6232 (Eqs. 1-3, p.4), so whether the crossing is a measured S21 point cannot be settled from the text. Entered with basis measured for kari2025-a (29 GHz, presented as experimental in the abstract and Fig. 4c; 4.4 GHz of kari2025-b also measured), conflict stated in the evidence and row notes (round-2 audit correction). No Vpi: the model gives pi/90 phase per resonator at +-10 V (p.7, p.18, simulated)."
kawahara2025,High-efficiency compact optical transmitter with a total bit energy of 0.78 pJ/bit including silicon slow-light modulator and open-collector current-mode driver,Keisuke Kawahara;Tai Tsuchizawa;Noritsugu Yamamoto;Yuriko Maegami;Koji Yamada;Shinsuke Hara;Toshihiko Baba,2025,,"arXiv; associated journal: IEEE Journal of Selected Topics in Quantum Electronics 32(2), 1-11",10.1109/jstqe.2025.3640645,2506.04820v1,https://arxiv.org/pdf/2506.04820v1,arxiv_preprint,arxiv,,restricted_local_only,,Yokohama National University,National Institute of Advanced Industrial Science and Technology;National Institute of Information and Communications Technology,National Institute of Advanced Industrial Science and Technology;IHP - Leibniz-Institut für innovative Mikroelektronik,,AIST 300 mm silicon-on-insulator process (PCW MZM); IHP SG13G2 130 nm SiGe BiCMOS (driver),JP,web_search;author_group_followup;continuation_2026_10_02,full_extract,C,,audited,2026-10-02,"VERSION: all numbers come from the cached arXiv v1 preprint (2506.04820v1, 10 pages), not the IEEE JSTQE version of record (Crossref: vol. 32 issue 2 pp. 1-11, issued 2026-03, same seven authors; CC BY on the VoR, not transferred). License and published_on left empty. year 2025 follows the CSV and DOI prefix. Co-packaged silicon photonic-crystal-waveguide MZM plus open-collector driver transmitter (no sim config; Verilog-A electronics-photonics co-simulation is the authors' own). Two rows by operating point: -a nominal ng = 35 point with the 64 Gbaud 0.78 pJ/bit result, -b ng = 30 widest-bandwidth point. The CSV hints (0.78 pJ/bit at 64 Gbaud, 0.66 mm^2) are confirmed; the 0.78 pJ/bit uses a receiver 5-tap FFE and excludes the laser (2.1 pJ/bit with laser and bias control). The 3 dB bandwidths (55, 50 GHz) are labels on curves partly beyond the 40 GHz measured range. repro_grade C: PCW and electrode dimensions are in the authors' earlier Optica 2024 paper, not here. Foundry: the MZM was fabricated by AIST (named in the text as 'Advanced Industrial Science and Technology'), the driver by IHP (named 'Leibniz Institute for High Performance Microelectronics (IHP)')."
kharel2021,Breaking voltage–bandwidth limits in integrated lithium niobate modulators using micro-structured electrodes,Prashanta Kharel; Christian Reimer; Kevin Luke; Lingyan He; Mian Zhang,2021,2020-11-26,"Optica 8(3), 357",10.1364/optica.416155,2011.13422,https://doi.org/10.1364/optica.416155,journal,open_access,"Optica-OA-License-v1 (journal VOR, per Crossref)",unknown,,,HyperLight,,NanoLN,,US,landmark;local_corpus,full_extract,B,sims/kharel2021/config.yaml,audited,2026-10-01,"All numbers read from the cached arXiv v1 text (stamped 26 Nov 2020, text dated 30 Nov 2020); the Optica journal version (Crossref: published online 2021-03-09, print 2021-03-20, volume 8 issue 3 page 357) was not available and may differ. published_on is the arXiv v1 date from the page-1 stamp. Crossref license record: Optica OA License v1 (VOR); its redistribution terms were not checked, and the arXiv v1 license (batch CSV: CC-BY-NC-ND-4.0) is not shown in the PDF, so redistribution is unknown. Batch CSV license hint ""OA-License-v2"" disagrees with Crossref (v1). Optica published a correction (Crossref updated-by, DOI 10.1364/optica.440484, 2021-09-14); its content was not read and may change journal-version numbers or figures. Authors state HyperLight as the only affiliation; fabrication site not named. Wafer from NanoLN. Sim config targets the 20 mm device; the 10 mm device shares the cross-section. repro_grade B kept because the RF-line geometry (g,h,s,t,r,c, film, etch, metal, cladding) is disclosed, but ridge width, sidewall angle and fabricated electrode widths are undisclosed, so optical and Vpi results cannot be reproduced (C would also be defensible)."
kieninger2020,Silicon-organic hybrid (SOH) Mach-Zehnder modulators for 100 GBd PAM4 signaling with sub-1 dB phase-shifter loss,Clemens Kieninger;Christoph Füllner;Heiner Zwickel;Yasar Kutuvantavida;Juned N. Kemal;Carsten Eschenbaum;Delwin L. Elder;Larry R. Dalton;Wolfgang Freude;Sebastian Randel;Christian Koos,2020,,arXiv,10.1364/oe.390315,2002.08176,https://arxiv.org/abs/2002.08176,arxiv_preprint,arxiv,,restricted_local_only,,Karlsruhe Institute of Technology;University of Washington,,Institute of Microelectronics,,UV lithography on 200 mm silicon-on-insulator wafers,DE;US,landmark,full_extract,C,,audited,2026-10-02,"Metrics from arXiv 2002.08176v1 only. Journal year retained from Crossref; first-public date unverified offline and omitted. Cached-version license unverified; publisher license not transferred. SOH: no dielectric-TWE simulation config. Approximately 30 dB ER is a shared wavelength-sweep statement, not independent per-sample measurements."
kim2025,Low-loss monolithic barium titanate on insulator integrated photonics with intrinsic quality factor >1 million,Gwan In Kim;Jieun Yim;Gaurav Bahl,2026,,"arXiv; associated journal: Optics Letters 51(14), 3984",10.1364/ol.601610,2507.17150v1,https://arxiv.org/pdf/2507.17150v1,arxiv_preprint,arxiv,,restricted_local_only,Department of Electrical & Computer Engineering; Department of Mechanical Science and Engineering,University of Illinois at Urbana-Champaign,,,,"Cr hard mask by 150 keV EBL; Ar+ ion milling with small Cl2 fraction (ICP-RIE) of 340 nm a-oriented BTO to 180 nm depth, no redeposition",US,blog:OFS-69,full_extract,C,,audited,2026-10-02,"VERSION: all numbers come from the cached arXiv v1 preprint (2507.17150v1, 16 pages with Supplementary Information, stamped 2025-07-23). The Optics Letters version of record (51(14) 3984, issued 2026-07-13, Optica OA licence v2 per Crossref) was not read and may differ; Crossref licence belongs to the version of record, so license is empty and redistribution restricted. year 2026 from Crossref (journal); paper_id kept as kim2025 from the batch CSV although the id/year pairing breaks the surname+year convention, and all numbers come from the 2025-07-23 preprint. Crossref lists 3 authors, matching the preprint. Material/platform paper: Qi 1.35e6 (QL 0.8e6) racetrack of 200 um radius, best propagation loss 0.32 dB/cm and straight-waveguide loss about 0.3 dB/cm (Fig. 2, Supplementary Table S1, measured on resonators near 1520 nm) are not entered because they belong to resonators, not the MZM. One device row (single-arm MZM). repro_grade C and no sim config: electrode metal thickness and widths, wavelength of the Vpi measurement and cladding are not given; DC only. Fabrication facility named only in the acknowledgements, so foundry_or_fab is empty."
kohli2025,The plasmonic BTO-on-SiN platform – beyond 200 GBd modulation for optical communications,Manuel Kohli;Daniel Chelladurai;Laurenz Kulmer;Tobias Blatter;Yannik Horst;Killian Keller;Michael Doderer;Joel Winiger;David Moor;Andreas Messner;Tatiana Buriakova;Clarissa Convertino;Felix Eltes;Yuriy Fedoryshyn;Ueli Koch;Juerg Leuthold,2025,2025-12-16,"Light: Science & Applications 14, 399",10.1038/s41377-025-02116-1,,https://www.nature.com/articles/s41377-025-02116-1,journal,open_access,CC-BY-4.0,open_license_ok,"Institute of Electromagnetic Fields (Juerg Leuthold, corresponding author)",ETH Zurich,Ligentec SA;Lumiphase AG,Ligentec SA;Lumiphase AG;Binnig and Rohrer Nanotechnology Center,Ligentec SA (SiN wafers); Lumiphase AG (BTO growth and integration),,CH,local_corpus,full_extract,C,,audited,2026-10-01,"Journal version; received 2024-08-14, revised 2025-10-14, accepted 2025-11-02. Based in part on OFC 2024 and CLEO 2024 conference papers (refs 54, 55 of the article), whose numbers were not consulted. License verified on Crossref record (CC BY 4.0, version of record, start 2025-12-16) and in the article text p.1; third-party material may carry other terms. repro_grade C and no sim config: lumped plasmonic metal-insulator-metal phase shifters are outside the dielectric traveling-wave sim scope, and geometry is only partly disclosed (slot width, section length, approx 200 nm BTO thickness, SiN cross-section); electrode thickness, BTO orientation and poling geometry, substrate not given. Three devices on one chip: C-band MZM, C-band IQ, O-band racetrack. Fabrication roles from author contributions and acknowledgements."
larocque2024,Photonic crystal cavity IQ modulators in thin-film lithium niobate for coherent communications,Hugo Larocque;Dashiell L. P. Vitullo;Alexander Sludds;Hamed Sattari;Ian Christen;Gregory Choong;Ivan Prieto;Jacopo Leo;Homa Zarebidaki;Sanjaya Lohani;Brian T. Kirby;Oney O. Soykal;Moe Soltani;Amir H. Ghadimi;Dirk Englund;Mikkel Heuck,2024,,"ACS Photonics 11(9), 3860-3869 (journal); numbers from arXiv v1",10.1021/acsphotonics.4c01138,2312.16746v1,https://arxiv.org/pdf/2312.16746v1,arxiv_preprint,arxiv,,restricted_local_only,"Research Laboratory of Electronics, Massachusetts Institute of Technology (Hugo Larocque, corresponding author)",Massachusetts Institute of Technology;University of Illinois Chicago;Tulane University;Technical University of Denmark,U.S. Army Combat Capabilities Development Command Army Research Laboratory;Centre Suisse d'Electronique et de Microtechnique;Raytheon BBN Technologies,Centre Suisse d'Electronique et de Microtechnique,NanoLN (600 nm x-cut TFLN on insulator),"CSEM TFLN multi-project fabrication run; HSQ e-beam mask, 400 nm LN etch, 500 nm Au lift-off electrodes",US;CH;DK,web_search;author_group_followup;continuation_2026_10_02,full_extract,B,,audited,2026-10-02,"VERSION: all numbers come from the cached arXiv v1 (2312.16746v1, 27 pp incl. Supplementary Information; stamp 2023-12-27), not the ACS Photonics version of record (Crossref 2024-08-20, vol 11 issue 9, pp 3860-3869); journal values may differ. Title: arXiv title is as in the batch CSV; Crossref title is ""Photonic Crystal Cavity IQ Modulators in Thin-Film Lithium Niobate"" (no ""for coherent communications""); author list matches Crossref (16). License left empty and published_on empty (preprint cached; Crossref lists only publisher TDM policy terms for the journal). Resonant device (two one-sided photonic-crystal cavities in a Michelson interferometer, lumped electrodes): not a traveling-wave device, so repro_grade B (cross-section geometry mostly disclosed, electrode gap and ground geometry only in Supp Fig. 12a image) and no sim config."
lee2020,High-performance integrated graphene electro-optic modulator at cryogenic temperature,Brian S. Lee; Bumho Kim; Alexandre P. Freitas; Aseema Mohanty; Yibo Zhu; Gaurang R. Bhatt; James Hone; Michal Lipson,2020,,"arXiv; associated journal: Nanophotonics 10(1), 99-104 (issued 2020-09-25 per Crossref)",10.1515/nanoph-2020-0363,2007.00955v1,https://arxiv.org/pdf/2007.00955v1,arxiv_preprint,arxiv,,restricted_local_only,"Department of Electrical Engineering, Columbia University; Department of Mechanical Engineering, Columbia University",Columbia University; University of Campinas,,City University of New York Advanced Science Research Center NanoFabrication Facility; Columbia Nano Initiative,Grolltex Inc. (CVD graphene),,US;BR,web_search;author_group_followup;continuation_2026_10_02,full_extract,B,,audited,2026-10-02,"VERSION: all numbers from the cached arXiv v1 preprint (2007.00955v1, 21 pages incl. Supplementary Information, 2 Jul 2020); the Nanophotonics version (Crossref CC-BY-4.0 vor/am) was not read; license and published_on left empty. Crossref lists publisher Wiley for a 10.1515 (De Gruyter prefix) DOI; title and eight authors match. Two device rows (same ring at 4.9 K and 293 K). Fabrication named as performed in part at the CUNY Advanced Science Research Center NanoFabrication Facility and in part at Columbia Nano Initiative shared labs. Batch CSV hints confirmed (14.7 GHz at 4.9 K, 12.6 GHz at 293 K, 200 GHz intrinsic). device_class ring (batch hint eam): loss-modulated ring at critical coupling. repro_grade B. No sim config (graphene ring)."
lee2020a,Scalable graphene platform for Tbits/s data transmission,Brian S. Lee; Alexandre P. Freitas; Andres Gil-Molina; Euijae Shim; Yibo Zhu; James Hone; Michal Lipson,2020,,arXiv,,2011.08832v1,https://arxiv.org/pdf/2011.08832v1,arxiv_preprint,arxiv,,restricted_local_only,"Department of Electrical Engineering, Columbia University; Department of Mechanical Engineering, Columbia University",Columbia University; University of Campinas,,City University of New York Advanced Science Research Center NanoFabrication Facility; Columbia Nano Initiative,Grolltex Inc. (CVD graphene),,US;BR,web_search;author_group_followup;continuation_2026_10_02,full_extract,B,,audited,2026-10-02,"VERSION: all numbers from the cached arXiv v1 preprint (2011.08832v1, 21 pages incl. Supplementary Information, 12 Nov 2020); no DOI or journal version identified; published_on and license empty. Waveguide platform is Si3N4 (330 nm), not stated in the batch abstract. Two device rows: fabricated 100 um EAM (32-device statistics) and the simulated optimized HfO2 design (basis simulated). Operating wavelength not stated in the paper. Batch CSV hints confirmed (32 modulators, 94% yield, 7 Gbit/s, 210 Gbit/s aggregate). repro_grade B. No sim config (graphene EAM)."
lee2026,Suspended thin-film lithium niobate modulator for broadband mid-infrared light modulation and frequency comb generation,Chun-Ho Lee; Xinyi Ren; Xinzhou Su; Wonho Lee; Zile Jiang; Yue Yu; Huibin Zhou; Yue Zuo; Shaoyuan Ou; Reshma Kopparapu; Adam T. Heiniger; Moshe Tur; Alan E. Willner; Zaijun Chen; Mengjie Yu,2026,2026-01-24,arXiv; associated journal: Nature Communications (issued 2026-09-17 per Crossref; volume and article number not given),10.1038/s41467-026-77674-y,2601.17385v1,https://arxiv.org/pdf/2601.17385v1,arxiv_preprint,arxiv,,restricted_local_only,"Department of Electrical Engineering and Computer Sciences; Ming Hsieh Department of Electrical and Computer Engineering; PHY research lab, Intel lab; Materials Sciences Division; School of Electrical Engineering","University of California, Berkeley; University of Southern California; Tel Aviv University",Intel Corporation; TOPTICA Photonics Inc.; Lawrence Berkeley National Laboratory,John O'Brien Nanofabrication Laboratory,,EBL (HSQ mask) and RIE of LN; evaporated Au lift-off; BOE release of the oxide around the waveguide,US;IL,drive_doc;tmp_eo_md;local_corpus,full_extract,C,,audited,2026-10-04,"VERSION: all numbers come from the cached arXiv v1 preprint (2601.17385v1, page-1 stamp 24 Jan 2026, 15 pages including Methods), not the Nature Communications version (Crossref issued 2026-09-17, CC-BY-4.0 tdm and am records), which was not read and may differ. The arXiv v1 licence is not shown in the PDF, so license is empty and redistribution restricted_local_only. repro_grade C: signal and ground electrode widths are not stated, slab thickness is 300 nm in the text and 0.25 um in the Fig. 1 caption, and the segmented electrode with air holes does not fit the 2D sim scope; no sim config. Fabrication site from the acknowledgements. Competing interest: Opticore Inc. (not an affiliation)."
li2020,Lithium niobate photonic-crystal electro-optic modulator,Mingxiao Li;Jingwei Ling;Yang He;Usman A. Javid;Shixin Xue;Qiang Lin,2020,,"Nature Communications 11, 4123 (journal); numbers from arXiv v3",10.1038/s41467-020-17950-7,2003.03259v3,https://arxiv.org/pdf/2003.03259v3,arxiv_preprint,arxiv,,restricted_local_only,"Department of Electrical and Computer Engineering and Institute of Optics (Qiang Lin, corresponding author)",University of Rochester,,Cornell NanoScale Facility,NanoLN (x-cut LNOI wafer),,US,landmark,full_extract,C,,audited,2026-10-02,"All numbers come from the cached arXiv v3 manuscript (stamp 10 Jun 2020, 9 pages, no supplement), not the Nature Communications version; journal numbers may differ. published_on left empty: the only verifiable date (Crossref 2020-08-17) dates the journal version, and the batch hint 2020-02-18 could not be verified. license left empty and redistribution restricted_local_only because the cached file is the preprint; Crossref lists CC-BY-4.0 for the journal version of record (start 2020-08-17). Resonant photonic-crystal nanobeam modulator (suspended LNOI, lumped electrode): not a traveling-wave device, repro_grade C and no sim config. Three devices from the same chip: tuning device (a), Q 14000 device (b), Q 20000 device (c); the device used for NRZ switching is not identified (entered on row b by judgment)."
li2022b,High modulation efficiency and large bandwidth thin-film lithium niobate modulator for visible light,Chijun Li;Bin Chen;Ziliang Ruan;Pengxin Chen;Kaixuan Chen;Changjian Guo;Liu Liu,2022,,"arXiv; associated journal: Optics Express 30(20), 36394",10.1364/oe.469065,2202.13323v1,https://arxiv.org/pdf/2202.13323v1,arxiv_preprint,arxiv,,restricted_local_only,"Guangdong Provincial Key Laboratory of Optical Information Materials and Technology; State Key Laboratory for Modern Optical Instrumentation, Centre for Optical and Electromagnetic Research; Zhejiang Provincial Key Laboratory for Sensing Technologies",South China Normal University;Zhejiang University,,,"NanoLN, Jinan (commercial LNOI)",,CN,web;assigned,full_extract,B,sims/li2022b/config.yaml,audited,2026-10-02,"VERSION: all numbers come from the cached arXiv v1 preprint (2202.13323v1, 7 pages, 7 authors). The Optics Express version of record (30(20) 36394, issued 2022-09-21; Crossref lists 10 authors, adding Haoyuan Wu, Yujun Zhou and Jie Liu) was not read and its numbers may differ. Journal DOI and venue from Crossref; Crossref OA license applies to the version of record, not to the cached preprint, so license is empty. Batch CSV hint 'needs_retrieval' is out of date: the preprint is cached. Fabricator not named. repro_grade B: waveguide top vs bottom width and arm positions inside the gaps need Fig. 4(a); geometry values are designed values."
li2025a,Ultra-Low-Loss Slow-Light Thin-Film Lithium Niobate Optical Modulator,Chenlei Li; Jianghao He; Ming Zhang; Yeyu Tong; Weixi Liu; Siyuan Wang; Lijia Song; Hongxuan Liu; Hengzhen Cao; Liu Liu; Yaocheng Shi; Daoxin Dai,2025,,"Laser & Photonics Reviews 19(19), e01998",10.1002/lpor.202401998,2411.17480,https://doi.org/10.1002/lpor.202401998,journal,arxiv,publisher TDM terms only; no open license verified,restricted_local_only,"State Key Laboratory for Extreme Photonics and Instrumentation, College of Optical Science and Engineering; International Research Center for Advanced Photonics; Microelectronics Thrust; Jiaxing Key Laboratory of Photonic Sensing & Intelligent Imaging, Intelligent Optics & Photonics Research Center, Jiaxing Research Institute",Zhejiang University; The Hong Kong University of Science and Technology (Guangzhou),,,,,CN,landmark,full_extract,C,,audited,2026-10-04,"VERSION: numbers come from the cached author manuscript (Word-generated PDF created 2024-11-26; title lowercase variant; no arXiv stamp), not the Laser & Photonics Reviews version of record (Crossref issued 2025-05-27, print 2025-10), which was not read and may differ. arxiv_id 2411.17480 and the 2024-11-26 first-public date come from the batch CSV and are not shown in the cached file, so published_on is left empty. Crossref lists only Wiley TDM terms; the batch CSV license hint (CC0) for the cached copy is not verifiable, so restricted_local_only. Supplementary Notes I-VII (electrode geometry, fabrication, EO setup) are not in the cache. Abstract says FOM about 186; Table 1 and Discussion say 182. repro_grade C: electrode gap, widths and thickness are only in the supplement. Fabrication facility not named in the main text. Single device row."
li2025b,Engineering cm-scale true push-pull electro-optic modulators in a suspended GaAs photonic integrated circuit platform by exploiting the orientation induced asymmetry of the Pockels r41 coefficient,Haoyang Li; Robert Thomas; Pisu Jiang; Krishna C. Balram,2025,,"arXiv; associated journal: Nanophotonics 14(18), 3033-3042 (2025)",10.1515/nanoph-2025-0212,2504.10997v1,https://arxiv.org/pdf/2504.10997v1,arxiv_preprint,arxiv,,restricted_local_only,Quantum Engineering Technology Labs,University of Bristol,,,"UK national epitaxy facility, Sheffield (GaAs wafers, per acknowledgements)","Suspended GaAs membrane PIC: HSQ e-beam lithography, Ar/Cl2 ICP etch, HF undercut of Al0.6Ga0.4As, 7 nm ALD alumina, 2.2 um PECVD SiO2 encapsulation, lift-off electrodes",GB,landmark,full_extract,B,,audited,2026-10-02,"VERSION: all numbers come from the cached arXiv v1 preprint (2504.10997v1, 17 pages, stamp 15 Apr 2025); the Nanophotonics version of record (14(18) 3033-3042, issued 2025-08-28, CC-BY-4.0 per Crossref) was not read and may differ. published_on and license left empty: the Crossref CC-BY-4.0 record belongs to the version of record, not the cached preprint. Four authors match Crossref. Lumped-electrode suspended-GaAs (semiconductor, r41) devices: not a dielectric traveling-wave device, so no sim config; repro_grade B because rib width, etch depth, oxide and air-gap thicknesses are simulation parameters (Fig. 1 caption) while the fabricated sidewall angle is not stated and the paper describes one AuGe/Ni/Au metallization (App. A) without a separate top-electrode stack. Fabrication site not named (equipment funded by an EPSRC capital grant only). One headline MZM, one racetrack reference, two single-arm control MZMs."
li2026,Broadband suspended lithium tantalate Mach-Zehnder modulator achieving a 460 Gbit/s net data rate,Zihan Li; Alexander Kotz; Adrian Schwarzenberger; Christian Koos; Tobias J. Kippenberg,2026,2026-07-19,arXiv,,2607.17436,https://arxiv.org/abs/2607.17436,arxiv_preprint,arxiv,,unknown,Institute of Physics; Institute of Electrical and Micro Engineering; Institute of Photonics and Quantum Electronics,Swiss Federal Institute of Technology Lausanne; Karlsruhe Institute of Technology,,EPFL Center of MicroNano Technology; EPFL Institute of Physics cleanroom,NANOLN,silicon substrate undercut (via-defined deep etch and isotropic release) of LTOI MZMs,CH;DE,blog:OFS-109,full_extract,C,,audited,2026-10-01,"No crossref.json (no DOI). published_on from the paper stamp 'arXiv:2607.17436v1 [physics.optics] 19 Jul 2026'. License not stated in the PDF and not verifiable offline (batch metadata lists CC-BY-4.0 for the arXiv listing): left empty, redistribution unknown. Grade C: waveguide width, electrode-to-waveguide detail and undercut width Wc not reported; only the T-segment CPW parameters are given."
li2026a,Lithium-Tantalate-on-Fused Silica Mach-Zehnder Modulators,Zihan Li; Alexander Kotz; Adrian Schwarzenberger; Christian Koos; Tobias Kippenberg,2026,,"Optical Fiber Communication Conference (OFC) 2026, paper W1A.5",10.1364/ofc.2026.w1a.5,,https://doi.org/10.1364/ofc.2026.w1a.5,conference,unknown,,restricted_local_only,Institute of Electrical and Micro Engineering; Institute of Physics; Institute of Photonics and Quantum Electronics; Institute of Microstructure Technology,Swiss Federal Institute of Technology Lausanne; Karlsruhe Institute of Technology,Luxtelligence SA,,,,CH;DE,ofc2026;local_corpus,full_extract,C,,audited,2026-10-01,"Text-only source (pre-extracted text, no PDF, no figures); numbers read from text only. Crossref gives only the year (issued 2026), so published_on is left empty (batch hint 2026-03-18 is a conference-schedule date, not verifiable). No license in Crossref; the text carries '(c) 2025 The Author(s)' only, so redistribution restricted. Earlier OFC version of li2026ba with different numbers (67 GHz, 1.56 V, 437 Gbit/s). Grade C: electrode dimensions are only in the unavailable figures."
li2026aa,Ultra-broadband near- to mid-infrared electro-optic modulator on thin-film lithium niobate,Qiyuan Li; Qiyuan Yi; Aolong Sun; Chenglin Shang; Yiqi Dai; Sizhe Xing; Jinlai Cui; Yupeng Zhu; Jiayi Li; Jun Zheng; Junwen Zhang; Nan Chi; An Pan; Cheng Zeng; Jinsong Xia; Shuang Zheng; Li Shen; Minming Zhang,2026,2026-01-08,"Nature Communications 17(1), 1138",10.1038/s41467-025-67902-2,,https://doi.org/10.1038/s41467-025-67902-2,journal,open_access,CC-BY-NC-ND-4.0,restricted_local_only,"Wuhan National Laboratory for Optoelectronics, School of Optical and Electronic Information; Key Laboratory for Information Science of Electromagnetic Waves (MOE), Department of Communication Science and Engineering; State Key Laboratory of Optoelectronic Materials and Devices",Huazhong University of Science and Technology; Fudan University,"Institute of Semiconductors, Chinese Academy of Sciences; Wuhan ANPI Optoelectronics Company Ltd; Optics Valley Laboratory; Hubei Optical Fundamental Research Center",Center of Optoelectronic Micro and Nano Fabrication and Characterizing Facility,NanoLN,"EBL and ICP-etched x-cut TFLN, Au lift-off electrodes, PECVD SiON spot-size converters",CN,landmark,full_extract,B,sims/li2026aa/config.yaml,audited,2026-10-04,"Numbers from the cached journal version of record (Nature Communications 17:1138; Crossref issued 2026-01-08; CC BY-NC-ND 4.0 in the article notice and Crossref), so restricted_local_only. A Research Square preprint is listed by Crossref and was not consulted. Supplementary Notes 1-10 are not in the cache. Batch CSV hint that VpiL values were unverified is resolved: 1.92 to 3.94 V*cm are stated on p.5 (calculated from Vpi times 9 mm). Eight wavelength rows (Fig. 3(b), Fig. 4(d)). Text quotes OOK 170/170/170/180/180/170/150 Gb/s per band while Fig. 4(a) eye diagrams show 160 and 130 Gb/s; Fig. 4(d) maxima used. grade B: waveguide position in the gap, cladding profile, sidewall-angle reference and silicon thickness need inference."
li2026ba,Low voltage and high-bandwidth thin-film lithium tantalate modulator on a silicon dioxide substrate,Zihan Li; Alexander Kotz; Adrian Schwarzenberger; Christian Koos; Tobias J. Kippenberg,2026,2026-04-16,arXiv,,2604.14836,https://arxiv.org/abs/2604.14836,arxiv_preprint,arxiv,,unknown,Institute of Physics; Institute of Electrical and Micro Engineering; Institute of Photonics and Quantum Electronics,Swiss Federal Institute of Technology Lausanne; Karlsruhe Institute of Technology,,EPFL Center of MicroNano Technology; EPFL Institute of Physics cleanroom,NANOLN,"LTOI film wafer-bonded to fused silica, T-segment capacitively loaded CPW, femtosecond-laser stealth dicing",CH;DE,landmark,full_extract,B,sims/li2026ba/config.yaml,audited,2026-10-01,"No crossref.json (no DOI). published_on from the paper stamp 'arXiv:2604.14836v1 [physics.optics] 16 Apr 2026'. License not stated in the PDF and not verifiable offline (batch metadata lists CC-BY-4.0 for the arXiv listing): left empty, redistribution unknown. paper_id li2026ba was renamed from li2026b by the batch builder; merge must check the id against seed entries. Grade B: waveguide width, rib sidewall and ground width need SEM digitization; the OFC version li2026a gives 2 um waveguide and 1.5 um spacing."
lin2025,Copper damascene process-based high-performance thin-film lithium tantalate modulators,Mengxin Lin; Zihan Li; Alexander Kotz; Hugo Larocque; Nikolai Kuznetsov; Jiale Sun; Yichi Zhang; Shuhang Zheng; Johann Riemensberger; Christian Koos; Tobias J. Kippenberg,2026,2026-02-26,"Nature Communications 17(1), 3211",10.1038/s41467-026-69588-6,2505.04755,https://doi.org/10.1038/s41467-026-69588-6,journal,open_access,CC-BY-NC-ND-4.0,restricted_local_only,Institute of Physics; Institute of Electrical and Micro Engineering; Institute of Photonics and Quantum Electronics,Swiss Federal Institute of Technology Lausanne; Karlsruhe Institute of Technology,,EPFL Center of MicroNano Technology; EPFL Institute of Physics cleanroom,NANOLN,"copper Damascene electrodes (electroplated Cu, CMP) on TFLT",CH;DE,blog:OFS-47;local_corpus,full_extract,B,sims/lin2025/config.yaml,audited,2026-10-01,"Numbers from the accepted unedited Nature Communications manuscript (Crossref: accepted manuscript online 2026-02-26, VOR 2026-04-07). License CC-BY-NC-ND-4.0 from Crossref and the manuscript's own notice. The earlier arXiv preprint (2505.04755, 2025-05-07 per batch metadata, not verifiable offline) may carry different numbers; not consulted. Year is the journal year while paper_id keeps the arXiv year."
lin2025a,Giant electro-optic coefficient in single-crystal barium titanate-on-oxide insulator based Mach-Zehnder interferometer,Hong-Lin Lin;Pragati Aashna;Yu Cao;Aaron Danner,2025,,arXiv,,2505.21927v2,https://arxiv.org/pdf/2505.21927v2,arxiv_preprint,arxiv,,restricted_local_only,"Department of Electrical and Computer Engineering, National University of Singapore",National University of Singapore,,,,"PLD-grown 500 nm single-crystal BTO on DSO; 0.03% HF wet-etched 250 nm rib, 45 degree sidewall",SG,landmark,full_extract,C,,audited,2026-10-02,"VERSION: all numbers come from the cached arXiv v2 (2505.21927v2, 12 pages, Supplementary Material not included in the cache); no journal version or DOI located. License of the preprint unverified (batch hint arXiv-nonexclusive not verifiable from the cache), empty. Batch id lin2025 renamed lin2025a. Material/platform paper: extracted Pockels coefficient r42 = 1268 pm/V (simulation-assisted extraction from the Fig. 2(d) tuning slope, details in the absent Supplementary Material, no column) with 74.3 percent BTO power confinement (simulated, Fig. 2(b)). One device row (unbalanced MZI phase tuning, DC only); Vpi is batch-derived (about 22-31 V), not reported. repro_grade C and no sim config: electrode metal, thickness and widths, wavelength and cladding are not given, DC tuning only, no RF or bandwidth. Fabricator not named."
lin2026a,Thin-film lithium tantalate for ultraviolet integrated electro-optic modulator,Chupao Lin;Patrick Nenezic;Arno Moerman;Konstantinos Akritidis;Tom Vanackere;Simone Atzeni;Margot Niels;He Li;Valeria Bonito Oliva;Maximilien Billet;Bart Kuyken,2026,2026-05-04,arXiv,,2605.02758v1,https://arxiv.org/abs/2605.02758,arxiv_preprint,arxiv,,restricted_local_only,"Photonics Research Group, Department of Information Technology (INTEC), Ghent University-imec; IDLab, Department of Information Technology (INTEC), Ghent University-imec",Ghent University,imec,,NanoLN Inc. (x-cut 300 nm lithium tantalate on insulator),,BE,web,full_extract,B,sims/lin2026a/config.yaml,audited,2026-10-02,"arXiv v1 manuscript only (18 pages, stamp 4 May 2026; published_on is that stamp); no Crossref record, no license notice in the file. Lumped GSG-electrode (200 um) push-pull MZM on x-cut TFLT at 375 nm, 1.16 mm total length. Fabrication facility not named. repro_grade B: waveguide, film, etch and gap disclosed; BOX thickness and substrate (only called insulating), electrode widths, arm spacing and LT optical indices at 375 nm are not, so the sim config carries flagged placeholders. Text cross-references swap Fig. 4(d) and 4(e) relative to the captions (caption: d = VpiL vs gap, e = triangular drive). Text also states Vpi 4.2 V and 4.25 V. Electrode length 200 um; whole-device length 1.16 mm."
liu2021,"Low half-wave-voltage, ultra-high bandwidth thin-film LiNbO3 modulator based on hybrid waveguide and periodic capacitively loaded electrodes",Xuecheng Liu; Bing Xiong; Changzheng Sun; Jian Wang; Zhibiao Hao; Lai Wang; Yanjun Han; Hongtao Li; Jiadong Yu; Yi Luo,2021,,arXiv,,2103.03684,https://arxiv.org/abs/2103.03684,arxiv_preprint,arxiv,,restricted_local_only,Beijing National Research Center for Information Science and Technology (BNRist); Department of Electronic Engineering,Tsinghua University,,,NanoLN,,CN,local_corpus,full_extract,B,sims/liu2021/config.yaml,audited,2026-10-01,"Preprint only (the PDF still shows template placeholders for received/accepted dates; no journal version found by exact-title Crossref search per the batch CSV; no Crossref record cached). Main text pp.1-4 plus supplementary pp.5-9 of the cached PDF were read. License and published_on are not shown in the PDF: license left empty (prefetch metadata says arXiv-nonexclusive, not verifiable offline) and redistribution restricted_local_only. Batch CSV published_on 2021-02-04 not entered: unsupported by the source and the arXiv identifier 2103.03684 indicates a March 2021 submission. Fabricator not named; wafer from NanoLN. The arXiv identifier comes from prefetch metadata (no arXiv stamp or version in the PDF), so the arXiv version consulted is unknown."
liu2023,Ultra-compact lithium niobate photonic chip for high-capacity and energy-efficient wavelength-division-multiplexing transmitters,Hongxuan Liu; Bingcheng Pan; Yishu Huang; Jianghao He; Ming Zhang; Zejie Yu; Liu Liu; Yaocheng Shi; Daoxin Dai,2023,2023-05-09,"Light: Advanced Manufacturing 4, 13",10.37188/lam.2023.013,,https://doi.org/10.37188/lam.2023.013,journal,open_access,CC-BY-4.0,open_license_ok,State Key Laboratory for Modern Optical Instrumentation; Center for Optical & Electromagnetic Research; International Research Center for Advanced Photonics; Ningbo Research Institute; Jiaxing Key Laboratory of Photonic Sensing & Intelligent Imaging; Intelligent Optics & Photonics Research Center,Zhejiang University,,,NANOLN,"single-step EBL (maN-2403) and Ar ICP etching of x-cut LNOI, 200 nm etch; Ti/Au lift-off",CN,web;assigned,full_extract,C,,audited,2026-10-02,"Light: Advanced Manufacturing version of record. Crossref lists no license; CC-BY-4.0 taken from the paper's own notice (p.1, 'licensed under a Creative Commons Attribution 4.0 International License'), third-party material excluded. published_on 2023-05-09 = 'Accepted article preview online' on p.9 (first public version; version of record online 2023-05-29; Crossref gives only the year 2023). Resonant Fabry-Perot-cavity modulators (not a Mach-Zehnder device); one row per WDM channel because Q, estimated bandwidth, loss and eye quality differ. Westlake Center for Micro/Nano Fabrication is thanked for 'partial facility support' (p.8), not named as the fabricator. Resonator device: no sim config; grade C because electrode size, MWG-cavity width profile and drive geometry are not dimensioned."
liu2025,Ultrahigh-Efficiency Dual-Band Thin-Film Lithium Niobate Modulator Incorporating Low-k Underfill for 390 Gbit/s PAM8 Transmission,Hao Liu; Yutong He; Bing Xiong; Changzheng Sun; Zhibiao Hao; Lai Wang; Jian Wang; Yanjun Han; Hongtao Li; Lin Gan; Yi Luo,2025,,"arXiv; associated journal: Laser & Photonics Reviews 19(14), 2025 (article DOI not verified)",,2411.15037,https://arxiv.org/abs/2411.15037,arxiv_preprint,arxiv,,restricted_local_only,Department of Electronic Engineering,Tsinghua University,,,,"EBL and Ar RIE of 200 nm ridge in 600 nm x-cut LN on quartz; 100 nm PECVD SiO2; Cr/Au T-rails (sputter, lift-off); 2 um BCB; electroplated 1.7 um main CPW; NiCr terminator",CN,landmark,full_extract,C,,audited,2026-10-04,"VERSION: the cached source is a 15-page author manuscript from a local corpus (Word-generated PDF, no arXiv stamp or version; title there: 'Ultra-High-Efficiency Dual-Band Thin-Film Lithium Niobate Modulator Incorporating Low-k Underfill with 220 GHz Extrapolated Bandwidth for 390 Gbit/s PAM8 Transmission'). The arXiv id 2411.15037 comes from the batch CSV and is not visible in the file; the version read is unknown. IDENTITY CAVEAT: Crossref 10.1002/lpor.202570057 (article number 2570057, title suffix 'Laser Photonics Rev. 19(14)/2025', 11 same authors, no references, no abstract, no license) is the issue cover record, not the article; DOI cleared, the article DOI is unverified and needs a Crossref fetch. Title here is the Crossref title without that suffix. published_on and license empty. Fabricator and wafer supplier not named. repro_grade C: the main CPW gap, ground width, T-rail bar thickness, stem length and period are not given (Fig. 1 is a schematic), so the cross-section cannot be built; no sim config. Two rows: C and O band of one 7 mm device. Batch CSV hints (1.9 V, 220 GHz extrapolated, 390 Gbit/s) confirmed."
liu2025b,Volume manufacturing of thin-film lithium niobate modulators with bandwidth > 110 GHz based on 4-inch wafer with a quartz handle,Yang Liu; Zihan Zhou; Peiqi Zhou; Changqing Wang; Qiansheng Wang; Ye Liu; Dong Wang; Daigao Chen; Lei Wang; Xi Xiao,2025,2025-05-23,"Light: Advanced Manufacturing 6(3), 47",10.37188/lam.2025.047,,https://doi.org/10.37188/lam.2025.047,journal,open_access,CC-BY-4.0,open_license_ok,,,National Information Optoelectronics Innovation Center; Peng Cheng Laboratory,,,4-inch x-cut TFLN on quartz handle; 193 nm DUV stepper lithography and Ar+ RIE (180 nm rib and slab); 3 um PECVD SiO2 with 2 um window etch; NiCr terminator; 1 um Au lift-off,CN,local_corpus,full_extract,B,sims/liu2025b/config.yaml,audited,2026-10-04,"Light: Advanced Manufacturing version of record (7 pp, 'Published online: 15 August 2025' p.7). Crossref carries no license; CC-BY-4.0 taken from the paper's own notice (p.1, 'licensed under a Creative Commons Attribution 4.0 International License'). published_on 2025-05-23 = 'Accepted article preview online' (p.7, first public version). Title cleaned of Crossref HTML escapes. Letter-format platform paper: passive loss and wafer yield are not device rows; two rows (10 mm chip, packaged module). Fabricating site and wafer supplier not named (NOEIC appears only as a chip label). Rib width of the modulator waveguide is ambiguous in the text (2.5 um top width vs 1 um test waveguide). repro_grade B and a sim config for the chip cross-section built from the stated stack and the T-bar dimensions of Fig. 1(a); waveguide width, cladding profile over the gap and CPW gap are project inferences. Batch CSV hints (over 110 GHz, Vpi under 3 V) confirmed; its venue page '1' is replaced by article number 47 (paper header)."
liu2025c,Lithium Niobate Vertical Cavity Electro-Optic Modulator,Jikun Liu;Weiye Liu;Wei Wu;Ziang Guo;Changrui Zhu;Lun Qu;Pengfei Zhu;Yiting Zhang;Zhihao Chen;Qinglian Li;Dahuai Zheng;Hongde Liu;Shaowei Wang;Wei Cai;Mengxin Ren;Jingjun Xu,2025,2025-11-04,arXiv,,2511.02202v1,https://arxiv.org/abs/2511.02202,arxiv_preprint,arxiv,,restricted_local_only,"Key Laboratory of Weak-Light Nonlinear Photonics, Ministry of Education, School of Physics and TEDA Applied Physics Institute (Mengxin Ren and Jingjun Xu, corresponding authors); State Key Laboratory of Precision Spectroscopy (Shaowei Wang, corresponding author)",Nankai University;East China Normal University;Shanxi University,,Nanofabrication Platform of Nankai University,NanoLN (x-cut LNOI wafer),,CN,web,full_extract,C,,audited,2026-10-02,"arXiv v1 manuscript only (7 pages, stamp 4 Nov 2025; published_on is that stamp); no journal version or Crossref record known, no license notice in the file. The 4-page main text was read; Supporting Information (VNA bandwidth, comparison table, loss model) is not in the cache. Free-space (normal-incidence) LN membrane vertical cavity between TiO2/SiO2 photonic-crystal mirrors, not a waveguide modulator: auxiliary scope, repro_grade C and no sim config. The 5 MHz bandwidth is limited by the high-voltage amplifier, not the device."
liu2026b,High-Bandwidth Serpentine Segmented Silicon Photonic Mach-Zehnder Modulator for 192 Gbaud Transmission,Qian Liu; Chao Cheng; Yangming Ren; Xinyu Li; Wenfu Zhang; Binhao Wang,2026,,"Optical Fiber Communication Conference (OFC) 2026, paper W2A.14",10.1364/ofc.2026.w2a.14,,https://doi.org/10.1364/ofc.2026.w2a.14,conference,unknown,publisher-copyright,restricted_local_only,State Key Laboratory of Ultrafast Optical Science and Technology; School of Future Technology,University of Chinese Academy of Sciences,"Institute of Optics and Precision Mechanics, Chinese Academy of Sciences",,,,CN,ofc2026;local_corpus,full_extract,C,,audited,2026-10-04,"License from the paper's own notice (OFC 2026 (c) Optica Publishing Group); Crossref lists no license. published_on left empty: batch date is a schedule date that Crossref (year only) does not confirm. Affiliations from the paper (Xi'an Institute of Optics and Precision Mechanics entered under the existing organization name). Fab not named. Electrode metal and dimensions not given: grade C, no sim config (silicon)."
lotkov2024,Integrated Electro-Optic Absorption Modulator for Silicon Nitride Platform,Evgeniy S. Lotkov; Alexander S. Baburin; Ali S. Amiraslanov; Evgeniy Chubchev; Alexander Dorofeenko; Evgeniy Andrianov; Ilya A. Ryzhikov; Evgeny S. Sergeev; Kirill Buzaverov; Sergei S. Avdeev; Alex Kramarenko; Sergei Bukatin; Victor I. Polozov; Olga S. Sorokina; Yuri V. Panfilov; Daria P. Kulikova; Alexander V. Baryshev; Ilya A. Rodionov,2024,,arXiv,,2412.19306v2,https://arxiv.org/pdf/2412.19306v2,arxiv_preprint,arxiv,,restricted_local_only,FMN Laboratory (Bauman Moscow State Technical University),Bauman Moscow State Technical University; Lomonosov Moscow State University,Dukhov Automatics Research Institute; Institute for Theoretical and Applied Electromagnetics of the Russian Academy of Sciences,Bauman Moscow State Technical University Nanofabrication Facility,,Thermal SiO2 (2.8 um) and LPCVD Si3N4 (300 nm) on Si; EBL and RIE waveguides; ITO by ion-beam-assisted evaporation and annealing; ALD Al2O3 (240 C); Ti/Al lift-off,RU,web_search;author_group_followup;continuation_2026_10_02,full_extract,B,,audited,2026-10-02,"VERSION: all numbers from the cached arXiv v2 preprint (2412.19306v2, 6 pages); no DOI, no Crossref record, no journal version found; published_on and license empty. One device row (9.3 um TM hybrid plasmonic ITO EAM). Measured: IL 5.7 dB at -7 V (abstract and conclusion; p.3 text also states 6.3 dB and 'on-chip IL = 14.6 dB', see row note), static ER 1.5 dB at +/-12 V, 3 dB bandwidth 1.05 GHz and 6 dB 2.3 GHz from a fit of normalized S21, capacitance 400 fF. Simulated (not entered as measured): ER 3.7 and 1.9 dB, IL 9.4 dB, electrical bandwidth 1.36 GHz, 260 GHz expectation. Not reported: Ti/Al thicknesses, optical input power, drive amplitude beyond DC, Vpi, any data-rate demonstration. Fabrication at the BMSTU Nanofabrication Facility (acknowledgements). No sim config (ITO plasmonic EAM). repro_grade B: Si3N4 and ITO and Al2O3 thicknesses given, electrode geometry only in SEM (Fig. 4(b)). Batch hint (IL 5.7 dB, about 1 GHz, 9.3 um, 300 nm SiN) confirmed; the hint omits the 14.6 dB and 6.3 dB statements."
lu2020,High-temperature-resistant silicon-polymer hybrid modulator operating at up to 200 Gbit s−1 for energy-efficient datacentres and harsh-environment applications,Guo-Wei Lu;Jianxun Hong;Feng Qiu;Andrew M. Spring;Tsubasa Kashino;Juro Oshima;Masa-aki Ozawa;Hideyuki Nawata;Shiyoshi Yokoyama,2020,2020-08-24,"Nature Communications 11, 4224",10.1038/s41467-020-18005-7,,https://doi.org/10.1038/s41467-020-18005-7,journal,open_access,CC-BY-4.0,open_license_ok,"Institute for Materials Chemistry and Engineering, Kyushu University; Department of Molecular and Material Science, Kyushu University",Kyushu University;The University of Aizu;Tokai University,Nissan Chemical Corporation,,,"PECVD 40 nm silicon, e-beam lithography and SF6 ICP etch on sol-gel SiO2 over an aluminum bottom electrode; spin-coated 1 um side-chain EO polymer; sol-gel SiO2 top cladding; gold strip-line electrodes; poling 300-400 V near Tg",JP,web_search;author_group_followup,full_extract,C,,audited,2026-10-02,"VERSION: numbers from the Nature Communications version of record (published online 2020-08-24, volume 11, article 4224); the cached PDF carries the CC BY 4.0 notice (p.9) and Crossref lists CC-BY-4.0 for the VoR, so license and open_license_ok are entered although source.json keeps restricted_local_only as its cache-policy default. Supplementary Information (Notes 1-5, Table 1, Fig. 4) and the related correction (10.1038/s41467-020-18908-5) are not cached and not read. No fabrication facility is named (devices made by the authors at Kyushu University and Nissan Chemical), so foundry_or_fab is empty. Silicon-polymer hybrid on a 40 nm silicon strip, not a dielectric traveling-wave device with a modelled cross-section: no simulation config (grade C). Table 1 comparison rows for other devices are not entered. Text and Table 1 disagree on the loss-efficiency product (3.6 vs 3.2 V dB)."
luan2026,High-Efficiency Graphene-Silicon Slot-Waveguide Microring Modulator at 1.5 and 2 um Wavelength Bands,Chao Luan; Deming Kong; Yong Liu; Yunhong Ding; Hao Hu,2026,,"arXiv; associated journal: Laser & Photonics Reviews, article e71349 (issued 2026-05-27 per Crossref)",10.1002/lpor.71349,2604.08472v1,https://arxiv.org/pdf/2604.08472v1,arxiv_preprint,arxiv,,restricted_local_only,"DTU Electro, Department of Photonics Engineering, Technical University of Denmark",Technical University of Denmark; Massachusetts Institute of Technology,,,,,DK;US,web_search;author_group_followup;continuation_2026_10_02,full_extract,B,,audited,2026-10-02,"VERSION: all numbers from the cached arXiv v1 preprint (2604.08472v1, 9 pages, 9 Apr 2026; Supplementary Information not included); the Laser & Photonics Reviews version of record (Crossref license CC-BY-NC-ND-4.0 vor, issued 2026-05-27) was not read and may differ; license and published_on empty. DOI check: Crossref 10.1002/lpor.71349 resolves to this paper (title and the same five authors); it is NOT the DOI of luan2026a (4 authors, EAM, arXiv 2604.03153). Crossref affiliation reads Department of Electrical and Photonics Engineering; arXiv text reads Department of Photonics Engineering. Chao Luan lists a current address at MIT Research Laboratory of Electronics. Three device rows: 1.5 um ring, 2 um ring, 10-device statistics. Fabricator facility not named. repro_grade B (Supplementary not cached). No sim config (graphene ring). Batch CSV hints confirmed (V_pi L 220 V um, bandwidth over 70 GHz, 50 Gbit/s eye); the arXiv/journal equivalence is unverified for numbers."
luan2026a,Wideband integrated high-speed graphene-silicon slot-waveguide electro-absorption modulator at 2 um and 1.5 um wavebands,Chao Luan; Deming Kong; Yunhong Ding; Hao Hu,2026,,arXiv,,2604.03153v1,https://arxiv.org/pdf/2604.03153v1,arxiv_preprint,arxiv,,restricted_local_only,"DTU Electro, Department of Photonics Engineering, Technical University of Denmark",Technical University of Denmark; Massachusetts Institute of Technology,,,,,DK;US,web_search;author_group_followup;continuation_2026_10_02,full_extract,B,,audited,2026-10-02,"VERSION: all numbers from the cached arXiv v1 preprint (2604.03153v1, 8 pages, 3 Apr 2026); no DOI or journal version identified; published_on and license empty. Distinct paper from luan2026 (microring) with a related device design (non-resonant EAM, Devices A at 2 um and B at 1.55 um on the same chip). Batch CSV said 'no numbers retrieved': extracted bandwidth, modulation efficiency, IL and eye data. Fabricator facility not named. repro_grade B. No sim config (graphene EAM). Internal inconsistencies recorded in device notes (dielectric thickness 50 vs 35 nm; 2 um BW 40 vs 22 GHz)."
mao2024,Ultra-fast perovskite electro-optic modulator and multi-band transmission up to 300 Gbit s−1,Jiawei Mao;Futa Uemura;Sahar Alasvand Yazdani;Yuexin Yin;Hiromu Sato;Guo-Wei Lu;Shiyoshi Yokoyama,2024,2024-07-01,"Communications Materials 5, 114",10.1038/s43246-024-00558-5,,https://doi.org/10.1038/s43246-024-00558-5,journal,open_access,CC-BY-4.0,open_license_ok,Institute for Materials Chemistry and Engineering; Department of Molecular and Material Science,Kyushu University,,,,Sol-gel spin-coated PLZT on La2O2CO3 interlayer on thermal SiO2/Si; EBL and Ar/CHF3 dry etch; electroplated Au; CVD SiO2 cladding; poled at 90 C,JP,landmark,full_extract,C,,audited,2026-10-02,"VERSION: all numbers come from the cached version of record (Communications Materials 5, 114; published 2024-07-01, CC-BY-4.0 per Crossref and the PDF rights statement; 8 pages, Supplementary Information not cached). Batch CSV hint platform plzt and device_class other: kept eo_material plzt, device_class mzm. repro_grade C and no sim config: electrode gap, PLZT permittivity and index are not given; the Fig. 1(b,d) schematics carry no scale. Inconsistencies in the paper: VpiL at 1310 nm is 5.6 V mm in the Introduction and 5.8 V mm in Results/Table 1 (2.3 V x 2.5 mm = 5.75); Results text says 1330 nm where Fig. 2(b) and Table 1 say 1310 nm; Fig. 4 caption and Table 1 footnote say 1510 nm where 1550 nm is meant. Fabricator not named."
meng2023,High Performance Thin-film Lithium Niobate Modulator Applied ITO Composite Electrode with Modulation Efficiency of 1V*cm,Xiangyu Meng; Can Yuan; Xingran Cheng; Shuai Yuan; Chenglin Shang; An Pan; Zhicheng Qu; Xuanhao Wang; Peijie Zhang; Chengcheng Gui; Chao Chen; Cheng Zeng; Jinsong Xia,2023,,arXiv preprint,,2311.05119,https://arxiv.org/abs/2311.05119,arxiv_preprint,arxiv,,restricted_local_only,"Wuhan National Laboratory for Optoelectronics, School of Optical and Electronic Information; B & P Laboratory",Huazhong University of Science and Technology,Huawei Technologies,,,ITO (room-temperature evaporation) plus Au composite electrodes on a 100 nm SiO2 buffer over a partially etched x-cut LNOI ridge,CN,landmark,full_extract,B,sims/meng2023/config.yaml,audited,2026-10-01,"arXiv preprint only (version not shown in the cached text; no Crossref record, so published_on is left empty: the arXiv date cannot be verified offline). No journal version identified from the cached files. Author affiliations from p.1. Fabricator not named. License left empty: not verifiable offline (no Crossref record; cached PDF is a local print copy, not the arXiv-served file). restricted_local_only is the conservative default."
montifiore2026,Blue to near-IR integrated PZT silicon nitride modulators for quantum and atomic applications,Nick Montifiore; Andrei Isichenko; Nitesh Chauhan; Jiawei Wang; Andrew S. Hunter; Mark W. Harrington; Rahul Chawlani; Ryan Q. Rudy; Iain Kierzewski; Michael Pushkarsky; Daniel J. Blumenthal,2026,,"arXiv; associated journal: Optics Express 34(9), 17295 (2026)",10.1364/oe.588566,2601.15695v1,https://arxiv.org/pdf/2601.15695v1,arxiv_preprint,arxiv,,restricted_local_only,Department of Electrical and Computer Engineering,"University of California, Santa Barbara; University of Colorado, Boulder","National Institute of Standards and Technology; Lightmatter, Inc.; U.S. Army Combat Capabilities Development Command Army Research Laboratory; DRS Daylight Solutions",,,Ultra-low-loss CMOS-compatible Si3N4 platform (ref. 15 of the paper) with back-end PZT actuator and platinum electrodes deposited after upper-cladding oxide,US,blog:OFS-83,full_extract,C,,audited,2026-10-02,"VERSION: all numbers come from the cached arXiv v1 preprint (2601.15695v1, 10 pages); the Optics Express version of record (34(9) 17295, issued 2026-05-01, Optica OA license v2 per Crossref) was not read and may differ. published_on and license left empty (Crossref license belongs to the version of record). 11 authors match Crossref; affiliations 2-4 are present addresses of Chauhan and Wang (NIST, University of Colorado Boulder, Lightmatter). Stress-optic (PZT piezo-actuated) Si3N4 devices, not a Pockels EO effect and not a traveling-wave electrode: eo_material pzt, no sim config, repro_grade C (PZT thickness, electrode geometry and offsets not stated). Four rows: coil MZM at 532 nm, coil phase modulator at 493 nm, bus-coupled ring at 493 nm, add-drop ring at 780 nm. Power consumption (leakage under 1 nA, about 20 nW at up to 20 V; 5 nW quoted for the coil MZM) and RAM have no column. Foundry not named."
multani2025,Integrated sub-terahertz cavity electro-optic transduction,Kevin K. S. Multani;Jason F. Herrmann;Emilio A. Nanni;Amir H. Safavi-Naeini,2025,,arXiv preprint,,2504.01920v1,https://arxiv.org/pdf/2504.01920v1,arxiv_preprint,arxiv,,restricted_local_only,"E.L. Ginzton Laboratory, Stanford University (Amir H. Safavi-Naeini, corresponding author)",Stanford University,SLAC National Accelerator Laboratory,Stanford Nano Shared Facilities;Stanford Nanofabrication Facility,,"500 nm MgO-doped x-cut TFLN on 500 um c-cut sapphire; HSQ e-beam, ion-mill etch about 300 nm plus 200 nm slab, about 2 um HDP-CVD SiO2 cladding, NbTiN sputtered and SF6/Ar etched",US,web_search;author_group_followup;continuation_2026_10_02,full_extract,,,audited,2026-10-02,"NO DEVICE ROWS: triply-resonant superconducting sub-THz-to-telecom transducer (cryostat, about 4.9 K); no Vpi, EO modulation bandwidth, IL or ER of a modulator, and a conversion bandwidth limited by the optical mode. VERSION: arXiv v1 only (2504.01920v1, 51 pp incl. Supplementary Information, stamp 2025-04-02); no Crossref record or DOI; no license notice; license and published_on empty. PAPER-REPORTED NUMBERS (no columns): max on-chip photon transduction efficiency eta_OE about 0.82e-6 (abstract p.1; Extended Table 1 p.22), g0/2pi = 707 (681 to 733) Hz from efficiency and 685 (645 to 722) Hz from sideband ratio (p.9; p.22), single-photon cooperativity 6e-12 and maximum cooperativity 1e-5 (p.22), conversion 3 dB bandwidth kappa_+ about 2pi x 210 MHz following the optical linewidth (Discussion p.10), peak conversion at Omega = 2pi x 105.285 GHz (p.9) with optical mode spacing 105.25 GHz (p.4), NbTiN sub-THz resonator mode 106.993 GHz with kappa_RF/2pi 1.674 GHz (p.22; abstract 107 GHz), Tc about 10.5 K (p.6), optical total loss kappa/2pi 0.199 to 0.210 GHz at 194.8 to 195.0 THz (Extended Table 1 p.22), r33 about 31 pm/V assumed (p.2). CSV hint wording (efficiency at 107 GHz) is imprecise: the efficiency peak is at 105.285 GHz and the 107 GHz is the RF resonator design/fit frequency. Optical racetrack parameters (FSR in nm, wavelength) not entered; no EO tuning slope reported."
navarro2026,Cryogenic Graphene-Based Phase Modulators for Quantum Information Processing,Leonard Barboza Navarro; Maria Carolina Volpato; Alisson Ronieri Cadore; Pierre-Louis de Assis,2026,,arXiv,,2605.00112v1,https://arxiv.org/pdf/2605.00112v1,arxiv_preprint,arxiv,,restricted_local_only,Gleb Wataghin Institute of Physics,University of Campinas; Federal University of Mato Grosso,Brazilian Nanotechnology National Laboratory; Brazilian Center for Research in Energy and Materials,,,,BR,web_search;author_group_followup;continuation_2026_10_02,full_extract,B,,audited,2026-10-02,"VERSION: all numbers from the cached arXiv v1 preprint (2605.00112v1, 29 pages, 30 Apr 2026); no DOI or journal version found. Theory and simulation only (COMSOL, Kubo graphene conductivity): every metric is simulated; no fabricated device. Six rows from Table 1 (p.15): HfO2 and Al2O3 spacers, 300 K and 10 K, single-arm and push-pull. Not reported numerically: Vpi alone, capacitance, energy per bit (formula only), resistance values. Inconsistency: conclusion (p.19) pairs L = 82 um with HfO2 and 48 um with Al2O3 and VpiL 0.10 and 0.07 V cm, the reverse of Table 1 and the Fig. 4 caption; Table 1 used. Abstract 'IL below 0.3 dB, length below 50 um at 10 K' matches only the HfO2 push-pull row (0.28 dB, 48 um). No sim config (graphene, theory only). repro_grade B: waveguide, spacer, capping and gated/ungated lengths stated, several with 'approximately'. Batch hint (theory-only, cryogenic, IL below 0.3 dB) confirmed."
nelan2022,Ultra-high extinction dual-output thin-film lithium niobate intensity modulator,Sean Nelan; Andrew Mercante; Shouyuan Shi; Peng Yao; Eliezer Shahid; Benjamin Shopp; Cooper Hurley; Mathew Zablocki; Dennis W. Prather,2022,,arXiv,,2207.02608v1,https://arxiv.org/pdf/2207.02608v1,arxiv_preprint,arxiv,,restricted_local_only,,University of Delaware,Phase Sensitive Innovations,,NanoLN,,US,web_search;author_group_followup;continuation_2026_10_02,full_extract,B,sims/nelan2022/config.yaml,audited,2026-10-02,"VERSION: arXiv v1 preprint only (2207.02608v1, 11 pages, stamped 2022-07-06, IEEE Access template with placeholder DOI); no journal version or DOI is known to this batch, none recorded, no Crossref record. Batch CSV author list is truncated; the cached first page lists nine authors (adds Eliezer Shahid, Benjamin Shopp, Cooper Hurley, Mathew Zablocki); the cached list is used. DISTINCT from nelan2022a (2207.02934): different paper with plain UV15-clad CPW electrodes, an 11 mm interaction region, Vpi 2.98 V and about 30 GHz bandwidth versus segmented slow-wave electrodes, 10 mm, 3.75 V and about 95 GHz. Fabricator not named (process 'expanded upon in previous work'). repro_grade B: only the 450 nm SiO2 buffer reference surface (LN top vs SiNx top) is read from Fig. 2(a); ground width, signal width, gap, Au thickness, film, strip and BOX are stated. Sim config sims/nelan2022/config.yaml. Reverse-operation ER about 33 dB (Fig. 9: 33.7 and 32.8 dB from the OSA labels) and the folded layout (physical length 7.8 mm) are not in device columns. Batch CSV hints (12 dB, below 3.0 V, 3.3 V cm, about 30 GHz, over 45 dB) all confirmed."
nelan2022a,Integrated Lithium Niobate Intensity Modulator on a Silicon Handle With Slow-Wave Electrodes,Sean Nelan; Andrew Mercante; Shouyuan Shi; Peng Yao; Eliezer Shahid; Benjamin Shopp; Dennis W. Prather,2022,,"arXiv; associated journal: IEEE Photonics Technology Letters 34(18), 981-984",10.1109/lpt.2022.3197085,2207.02934v1,https://arxiv.org/pdf/2207.02934v1,arxiv_preprint,arxiv,,restricted_local_only,,University of Delaware,Phase Sensitive Innovations,,NanoLN,,US,web_search;author_group_followup;continuation_2026_10_02,full_extract,C,,audited,2026-10-02,"VERSION: arXiv v1 preprint (2207.02934v1, 5 pages, stamped 2022-07-06, Optics Letters template); the IEEE Photonics Technology Letters version of record (34(18) 981-984, issued 2022-09-15 per Crossref) was not read and may differ. Batch CSV author list is truncated; the seven authors match Crossref and the cached first page. Title differs from the cached page only in capitalization. published_on and license empty (Crossref CC-BY-4.0 belongs to the version of record). Fabricator not named. repro_grade C and no sim config: the segmented-electrode topology (stem, base and head roles of W_STEM, H_STEM, H_BASE, W_TOP, W_TGAP in Fig. 1(c)) cannot be turned into unambiguous loaded and unloaded 2D cross-sections from the schematic, ground width and segment period are not stated. Operating wavelength is not stated in the text. Bandwidth 95 GHz is referenced to 1 GHz per the text. DISTINCT from nelan2022 (2207.02608). Batch CSV hints (3.75 V, 45 dB, 7.47 dB, 95 GHz) confirmed; the paper states roughly for most."
nenezic2026,"A variability-aware simulation and design workflow for wafer-scale, heterogeneously integrated lithium niobate modulators",Patrick Nenezic;Ewoud Vissers;Arno Moerman;Laurens Bogaert;Simone Atzeni;Xiujun Zheng;Tom Vanackere;Margot Niels;Athina Papadopoulou;Sarah Uvin;Peter De Heyn;Sandeep Saseendran;Maximilien Billet;Bart Kuyken,2026,,arXiv,,2605.28765v1,https://arxiv.org/pdf/2605.28765v1,arxiv_preprint,arxiv,,restricted_local_only,"Photonics Research Group, Department of Information Technology, Ghent University-imec; IDLab, Department of Information Technology, Ghent University-imec",Ghent University,imec,,,"Micro-transfer printing of LN waveguides onto 200 mm silicon photonics / SiN target wafers (TRANSVERSE pilot line); simulation database only, no device fabricated in this paper",BE,drive_doc;tmp_eo_md;local_corpus,full_extract,C,,audited,2026-10-02,"VERSION: all numbers come from the cached arXiv v1 preprint (2605.28765v1, dated 2026-05-27, 10 pages, Supplementary Material not in the cache); arXiv only (no journal version found in the batch CSV), no crossref.json, so license and published_on are empty and redistribution is restricted_local_only. Simulation and design-workflow paper: Table I lists three optimized bottom-electrode designs, all values simulated (Monte Carlo over fabrication variation on an interpolated simulation database), entered as three rows with basis simulated. Meaning of the +- values is not defined in the text (not stated whether one standard deviation of the Monte Carlo spread). Design A and B (7 mm, nominal Vpi 1.79 and 1.73 V) appear only in Fig. 4 and are not entered; insertion loss and bandwidth of those designs are only in plotted distributions. Which of Cases 1 to 3 equals Design C of Fig. 5 is not stated. repro_grade C and no sim config: the optimized geometries (electrode gap, etch depth, widths, SiN plus oxide thickness) are not given in the main text, only parameter names in Fig. 1; all analysis is at 1310 nm with copper electrodes on X-cut LN, GSGSG. Author order follows the PDF byline (corrected 2026-10-03 after audit; the batch CSV listing order differs); first names expanded from the batch CSV. CSV hint sim_candidate=yes not followed."
niels2025a,Centimetre-scale micro-transfer printing to enable heterogeneous integration of thin film lithium niobate with silicon photonics,Margot Niels; Tom Vanackere; Tom Vandekerckhove; Stijn Poelman; Tom Reep; Gunther Roelkens; Maximilien Billet; Bart Kuyken,2025,,arXiv,,2412.15157v2,https://arxiv.org/pdf/2412.15157v2,arxiv_preprint,arxiv,,restricted_local_only,"Photonics Research Group, Department of Information Technology (INTEC); OPERA-Photonique",Ghent University; Université Libre de Bruxelles,imec,,,Micro-transfer printing (PDMS stamp) of resist-tethered x-cut LN coupons onto e-beam-patterned SiN waveguides; Ti/Au lift-off electrodes,BE,web_search;author_group_followup;continuation_2026_10_02,full_extract,C,,audited,2026-10-02,"VERSION: all numbers come from the cached arXiv v2 (2412.15157v2, 10 pages, no date stamp). The batch CSV cites the journal version Opt. Mater. Express 15, 531-540 (2025) (unverified metadata, DOI not retrieved, not in the cache); that version was not read and may differ. Batch CSV source_type journal corrected to arxiv_preprint. License and published_on empty. repro_grade C and no sim config: electrode widths, BOX thickness, substrate and waveguide position in the gap are not stated (the sibling vanackere2023 states a 35 um electrode width). Authors list is 8 names (batch CSV truncated). One MZM row (Vpi 3.2 V at 1 cm, push-pull MZM-level, 6.4 V per single phase modulator); propagation loss 0.9 +- 0.8 dB/cm comes from separate coupon cut-back structures; 3 dB bandwidth not claimed (response measured to 35 GHz only). Overlap with tan2024 (same Ghent/imec line, different device: ring on SOI) and vanackere2023 (2 mm printed MZM on SiN) noted in the device row."
niels2026,A high-speed heterogeneous lithium tantalate silicon photonics platform,Margot Niels; Tom Vanackere; Ewoud Vissers; Tingting Zhai; Patrick Nenezic; Jakob Declercq; Cédric Bruynsteen; Shengpu Niu; Arno Moerman; Olivier Caytan; Nishant Singh; Sam Lemey; Xin Yin; Sofie Janssen; Peter Verheyen; Neha Singh; Dieter Bode; Martin Davi; Filippo Ferraro; Philippe Absil; Sadhishkumar Balakrishnan; Joris Van Campenhout; Günther Roelkens; Bart Kuyken; Maximilien Billet,2026,,"Nature Photonics 20(2), 225-231",10.1038/s41566-025-01832-9,2503.10557,https://doi.org/10.1038/s41566-025-01832-9,journal,arxiv,publisher TDM terms only; no open license verified,restricted_local_only,"Photonics Research Group, Department of Information Technology (INTEC), Ghent University-imec; IDLab, Department of Information Technology (INTEC), Ghent University-imec",Ghent University,imec,imec,,imec iSiPP200 Si/SiN platform with micro-transfer-printed LiTaO3 membranes (back-end),BE,landmark;local_corpus,full_extract,C,,audited,2026-10-01,"Numbers come from the arXiv v1 manuscript (cached PDF created 2025-03-14, includes supplementary), not the Nature Photonics version (Crossref published 2026-01-13); journal numbers may differ. published_on left empty: Crossref 2026-01-13 dates the journal version while every value is from arXiv v1 (arXiv date 2025-03-13 per batch metadata, not verifiable offline). Crossref license entries are publisher TDM terms only. imec as foundry covers the Si/SiN PIC wafers (200 mm pilot line); the LiTaO3 membrane, printing and metal steps were done by the authors at Ghent University-imec. Grade C: electrode widths and oxide thicknesses are not reported; stack is only in schematics and FIB images."
ogiso2016,100 Gb/s and 2 V Vπ InP Mach-Zehnder modulator with an n-i-p-n heterostructure,Y. Ogiso; J. Ozaki; N. Kashio; N. Kikuchi; H. Tanobe; Y. Ohiso; M. Kohtoku,2016,2016-09-30,"Electronics Letters, vol. 52, no. 22, pp. 1866-1867 (27 October 2016 issue)",10.1049/el.2016.2987,,https://doi.org/10.1049/el.2016.2987,journal,paywalled,publisher-copyright,restricted_local_only,NTT Device Innovation Center; NTT Device Technology Laboratories,,Nippon Telegraph and Telephone Corporation,,,,JP,local_corpus,full_extract,C,,audited,2026-10-01,2-page letter. Crossref (queried 2026-10-01) lists 7 authors and a publisher terms-and-conditions license only (no Creative Commons). published_on is the E-first date printed in the paper; Submitted 2016-08-16. Fabrication site not named.
ogiso2024,High Speed InP Modulator for Beyond 200 Gbaud,Yoshihiro Ogiso; Josuke Ozaki; Kenta Sugiura; Yusuke Saito; Mitsuteru Ishikawa,2024,,"Optical Fiber Communication Conference (OFC) 2024, paper Tu2D.7",10.1364/ofc.2024.tu2d.7,,https://doi.org/10.1364/ofc.2024.tu2d.7,conference,unknown,publisher-copyright,restricted_local_only,,,NTT Innovative Devices Corporation,,,,JP,local_corpus,full_extract,C,,audited,2026-10-01,"Source is the preliminary OFC proceedings PDF; the cached copy carries an institution-licensed-use download footer and must not be redistributed (footer: Preliminary paper, subject to publisher revision; copyright Optica Publishing Group 2024); Crossref lists no license; license from the paper's own notice. Table 1 (image) read from the page render; its left-arrows were resolved to the column on their left (C+L column carries the shared values). Rows: -a low-Vpi (1.5 V) variant, -b C+L (2.0 V) variant, -c electrode-modified variant (Fig. 4b), -d 130 GBd-class reference (Fig. 4a). eo_material inp_mqw is the closest enum: the paper says only n-i-p-n heterostructure and never states MQW. Operation beyond 200 GBd is inferred by the authors from bandwidth; no system demonstration here (max_baud empty). Publication date not in the source; published_on empty. Fab site not named. No sim config (InP)."
porto2026,"1.6 Tb/s Monolithic InP Transmitter PIC with DFB, MZM, and SOA Arrays",S. Porto; F. Sang; J. Lavrencik; P. Abolghasem; A. Rundquist; J. Macario; A. Meighan; C. Ozdemir; Y.-P. Wang; W. Fu; S. Sakpal; P. Gavrilovic; T. Frost; J. Zhang; P. Turla; J. Anthony; K. Hoshino; C. DiGiovanni; A. Diba; S. Barik; M. Kuntz; V. Lal; P. Evans; M. Ziari,2026,,"Optical Fiber Communication Conference (OFC) 2026, paper Th1C.4",10.1364/ofc.2026.th1c.4,,https://doi.org/10.1364/ofc.2026.th1c.4,conference,unknown,publisher-copyright,restricted_local_only,,,Nokia Corporation,,,,US,ofc2026;local_corpus,full_extract,C,,audited,2026-10-01,"License from the paper's own notice (copyright Optica Publishing Group 2026; abstract also carries a Nokia Corporation 2025 notice); Crossref lists no license. published_on left empty: the batch CSV carried a conference-schedule date that Crossref (year only) and the paper do not confirm. System/PIC paper: the MZM metrics (Vpi, extinction ratio, bandwidth) are stated as design targets ('designed for'), not measurements, so the row uses basis design_target; measured content is the SOA/DFB characterisation and 106.25 GBd PAM4 direct-drive eyes (Fig. 3). Fab not named ('same process as our prior work', ref 1). No sim config (InP)."
powell2024,A sub-volt near-IR lithium tantalate electro-optic modulator,Keith Powell;Dylan Renaud;Xudong Li;Daniel Assumpcao;C. J. Xin;Neil Sinclair;Marko Lončar,2024,,arXiv; associated conference: CLEO 2024 (SM2D.2),10.1364/cleo_si.2024.sm2d.2,2505.00906v1,https://arxiv.org/pdf/2505.00906v1,arxiv_preprint,arxiv,,restricted_local_only,John A. Paulson School of Engineering and Applied Science,Harvard University,,Center for Nanoscale Systems,,"150 keV EBL (ma-N2405), Ar+ ICP-RIE 100 nm, O2 anneal 520 C 2 h, PECVD SiO2 800 nm, 300 C 5 h anneal, Au/Ti lift-off",US,landmark,full_extract,C,,audited,2026-10-04,"VERSION: all numbers come from the cached arXiv v1 (2505.00906v1, 5 pp, stamped 2025-05-01, dated 2025-05-05). Crossref (crossref.json) identifies the CLEO 2024 record SM2D.2 (issued 2024, no abstract, no license, no affiliations); the conference record was not read and may differ. Batch hint source_type conference replaced by arxiv_preprint following the qi2024 pattern for an arXiv text with a conference DOI. The cached arXiv v1 text is the AIP-format manuscript (Author Declarations and Data Availability Statement, p.4) of the APL Photonics 10(9) 2025 article cited in sayem2026c (ref. 21); the numbers come from this text. The DOI shown is the related CLEO 2024 abstract; DOI, venue, year and license are to be replaced after a Crossref prefetch of the APL Photonics article. License of the preprint unverifiable offline (batch hint CC-BY-NC-ND-4.0), so empty. One device row (5 mm GSG MZM at 737 nm). The 3 dB EO roll-off is about 5 GHz (impedance mismatch); the 20 GHz in the abstract is the detector limit, entered as 6 dB bound and measured-to. repro_grade C and no sim config: electrode gap, signal and ground widths and sidewall angle are not stated (Fig. 1(b) schematic carries no dimensions). Not entered: DC drift under 2 dB over 16 min at 4.3 dBm versus 8 dB for a TFLN counterpart (Fig. 2); ring Q 2.8e5 and 0.5 dB/cm at 638 nm on an uncladded 1 um wide ring; grating coupler 15.7 dB per coupler, 3 dB bandwidth 35 nm. Fabrication site: Harvard CNS named in the acknowledgements. Company affiliations appear only in the conflict-of-interest statement and are not entered."
powell2024a,DC-stable electro-optic modulators using thin-film lithium tantalate,Keith Powell; Xudong Li; Daniel Assumpcao; Letícia Magalhães; Neil Sinclair; Marko Lončar,2024,,"arXiv; associated journal: Optics Express 32(25), 44115",10.1364/oe.538870,2405.05169v1,https://arxiv.org/pdf/2405.05169v1,arxiv_preprint,arxiv,,restricted_local_only,John A. Paulson School of Engineering and Applied Sciences,Harvard University,,Center for Nanoscale Systems,NanoLN,,US,web_search;author_group_followup;continuation_2026_10_02,full_extract,C,,audited,2026-10-02,"VERSION: all numbers come from the cached arXiv v1 preprint (2405.05169v1, 3 pages, stamped 2024-05-08); the Optics Express version of record (32(25) 44115, issued 2024-11-19 per Crossref) was not read and may differ. The v1 title is 'Stable electro-optic modulators using thin-film lithium tantalate'; the journal title (CSV and Crossref) adds 'DC-'. Six authors match Crossref. published_on and license empty: the Crossref OA license belongs to the version of record, not the preprint. Fabrication at the Harvard Center for Nanoscale Systems per the acknowledgements. repro_grade C and no sim config: signal and ground electrode widths are not stated and the Fig. 1(b) schematic is not to scale (vertical dimensions inconsistent with the labels), so they cannot be digitized. Headline result is DC stability (below 1 dB drift from quadrature over 46 h at 12.1 dBm on-chip, versus 5 dB for an equivalent TFLN MZM), which has no column; it is recorded in the device notes. Racetrack (uncladded): FSR 185 pm, intrinsic Q 4.04e6, 9 dB/m, dn/dT 2.47e-5 per K, ellipsometry n_e about n_o about 2.12 at 1550 nm (p.2). Batch CSV hints (0.35 dB, 3.4 V cm, 39 dB, 3-50 GHz, below 1 dB) all confirmed in the text; 'flat EO response from 3-50 GHz' is read from Fig. 1(e)."
prountzou2026,Electro-optic Modulation in Polycrystalline Barium Titanate Metasurfaces Enhanced by Poling,Eleni Prountzou;Helena C. Weigand;Virginia Falcone;Ülle-Linda Talts;Morgan Trassin;Rachel Grange,2026,,"arXiv; associated journal: ACS Photonics 13(10), 2928-2936 (2026)",10.1021/acsphotonics.6c00340,2601.20434v1,https://arxiv.org/pdf/2601.20434v1,arxiv_preprint,arxiv,,restricted_local_only,"Optical Nanomaterial Group, Institute for Quantum Electronics, Department of Physics (Rachel Grange); Multifunctional Ferroic Materials, Department of Materials (Morgan Trassin, per Crossref)",ETH Zurich,,,,,CH,web_search;author_group_followup;continuation_2026_10_02,full_extract,C,,audited,2026-10-02,"All numbers come from the cached arXiv v1 manuscript (24 pp, stamp 2026-01-28, main text only; Supporting Information sections 1-6 are not in the cache), not the ACS Photonics version (Crossref: published online 2026-05-05, vol 13 issue 10, pp 2928-2936); journal numbers may differ. Authors listed per Crossref: the arXiv v1 first page lists five authors without Morgan Trassin (thanked in the acknowledgements). published_on and license left empty and redistribution restricted_local_only because the cached file is the preprint; Crossref lists CC-BY-4.0 for the journal version of record (start 2026-05-05). Free-space transmissive sol-gel polycrystalline BTO nanopillar metasurface with sandwiched ITO electrodes, low-speed (MHz): auxiliary scope, not a waveguide modulator. repro_grade C, no sim config. Two rows: embedded (a) and conformal (b) architectures. BRNC, FIRST cleanrooms and ScopeM are thanked for assistance but not stated as the fabricating site, so foundry_or_fab is empty. source_type and url follow the cached arXiv v1 file the numbers come from; the journal citation stays in venue and doi (audit F8, 2026-10-03)."
qi2024,110-GHz bandwidth integrated lithium niobate modulator without direct lithium niobate etching,Yifan Qi;Gongcheng Yue;Ting Hao;Yang Li,2024,,arXiv; associated conference: CLEO 2024 (AM4J.4),10.1364/cleo_at.2024.am4j.4,2308.03073v4,https://arxiv.org/pdf/2308.03073v4,arxiv_preprint,arxiv,,restricted_local_only,State Key Laboratory of Precision Measurement Technology and Instruments,Tsinghua University,"Advanced Fiber Resources (Zhuhai), Ltd.",,customized TFLN wafer (supplier not named),PECVD SiO2 rib by EBL (negative resist) and RIE; Ti/Au lift-off; no LN etching,CN,landmark,full_extract,B,sims/qi2024/config.yaml,audited,2026-10-02,"VERSION: all numbers come from the cached arXiv v4 (2308.03073v4, dated 2023-11-24, 9 pages). Crossref identity is the CLEO 2024 conference record (AM4J.4, issued 2024; Crossref lists no abstract or license); the conference paper may differ from v4. License of the preprint unverified, so empty. Data transmission (NRZ up to 128 Gbit/s, BER below 3.05e-5; PAM-4 130 Gbit/s, BER 7.43e-3) is not tied to a device length and is not entered in device rows. Best ER 10.73 dB and best insertion loss 18.3 dB are over all devices. repro_grade B: rib position in the 7 um gap and arm layout read from Fig. 2(a) and Fig. 4(b)."
qiu2026,Barium Titanate Enabling Net 1.6T (4x448 Gbps PAM4) On a Silicon Photonics Platform,Benton Qiu; Charles St-Arnault; Jonathan Cauchon; Cyriel Minkenberg; Thomas Kornher; Charles Laperle; Wouter Diels; Stefan Abel; Naim Ben-Hamida; Bruce Beggs; François Pelletier; Lukas Czornomaz; Xiangfeng Chen; Felix Eltes; David V. Plant,2026,,"Optical Fiber Communication Conference (OFC) 2026, paper Th4B.3",10.1364/ofc.2026.th4b.3,,https://doi.org/10.1364/ofc.2026.th4b.3,conference,unknown,,restricted_local_only,"David V. Plant group, Department of Electrical and Computer Engineering, McGill University",McGill University,Ciena Corporation; Lumiphase AG,,,,CA;CH,drive_doc;ofc2026;local_corpus,full_extract,C,,audited,2026-10-01,"Text-only source (pre-extracted text from a local corpus): no PDF, no figure images, so Figs. 1-3 (EO S21, system plots, process cross-section) and the Table 1 layout could not be inspected; every number comes from running text or captions. Crossref lists no license and the text carries no rights notice, so license is empty and redistribution is restricted_local_only. published_on left empty: the batch CSV carried a conference-schedule date that Crossref (year only) and the text do not confirm. repro_grade C and no sim config: metrics only (no film thickness, electrode geometry or materials stack numbers). Fab: a commercial 200 mm silicon photonics fab, not named. BTO grown by MBE on silicon and transferred; grower not named in the text. Net rate conventions: title reads 4x448 Gbps PAM4, results text gives net 422 Gb/s per lane for PAM4 at 225 GBd."
rahman2025,High-performance Hybrid Lithium Niobate Electro-optic Modulators Integrated with Low-loss Silicon Nitride Waveguides on a Wafer-scale Silicon Photonics Platform,Arif Rahman;Forrest Valdez;Viphretuo Mere;Camiel Op de Beeck;Pieter Wuytens;Shayan Mookherjea,2025,,arXiv,,2504.00311v2,https://arxiv.org/pdf/2504.00311v2,arxiv_preprint,arxiv,,restricted_local_only,Department of Electrical and Computer Engineering,"University of California, San Diego",Ligentec SA,Ligentec SA,"NanoLN (Jinan Jingzheng Electronics Co., Ltd.)","LIGENTEC LPCVD SiN1/SiN2 bilayer on 200 mm Si; hydrophilic bonding of 300 nm x-cut LNOI, handle removal, Al electrodes, isotropic Si undercut through access trenches",US;CH,blog:OFS-51,full_extract,C,,audited,2026-10-04,"VERSION: all numbers come from the cached arXiv v2 (2504.00311v2, 14 pp including supplement, stamped 2025-04-02, dated 2025-04-03). No crossref.json exists for this paper: identity is taken from the paper and source.json, no DOI is recorded, and license and published_on are empty (batch-hint license CC-BY-NC-ND-4.0 not verifiable offline). A Journal of Lightwave Technology item (10.1109/jlt.2025.3646212; also cited as JLT 44, 1822 (2026) in zheng2026) carries a different title; it is not merged and was not read. Three device rows: Designs 1-3 of one wafer. VpiL and on-chip IL are four-chip means; Vpi 6.4 V and ER are from one representative Design 3 device. IL entered is the supplement S2 mean (2.95, 6.43, 3.77 dB); main text p.3 gives 3.1, 6.6, 4.0 dB; the abstract's 3.8 dB is the single device of Fig. S2 (3.80 dB at 1549.89 nm). Lengths of Designs 1 and 2 are not stated; the 6 mm of Design 3 is the fit assumption Lps = 0.6 cm in S4. Design 1 bandwidth is the text value (around 20 GHz). repro_grade C and no sim config: signal and ground widths, T-rail dimensions and electrode layout are not given (only gaps and the Fig. 1(c) cartoon). Not entered: passive loss (SiN1 about 0.2 dB/cm from ring Q 1.2e6; SiN2 0.3-1.0 dB/cm), simulated VpiL (2.75, 3.33, 3.96 V cm), LN confinement 53 percent, fiber-to-fiber loss estimate (about 2 dB above on-chip IL). Fabricator: LIGENTEC named for the SiN layers (p.3); the bonding and electrode site is not named. Batch hints confirmed except sim_candidate yes (grade C)."
renaud2023,Sub-1 Volt and high-bandwidth visible to near-infrared electro-optic modulators,Dylan Renaud; Daniel Rimoli Assumpcao; Graham Joe; Amirhassan Shams-Ansari; Di Zhu; Yaowen Hu; Neil Sinclair; Marko Loncar,2023,2023-03-27,"Nature Communications 14, 1496",10.1038/s41467-023-36870-w,,https://doi.org/10.1038/s41467-023-36870-w,journal,open_access,CC-BY-4.0,open_license_ok,"John A. Paulson School of Engineering and Applied Sciences; Department of Physics; Institute of Materials Research and Engineering; Division of Physics, Mathematics and Astronomy and Alliance for Quantum Technologies",Harvard University; California Institute of Technology,"Agency for Science, Technology and Research",Center for Nanoscale Systems,NanoLN,"Ar+ RIE of HSQ-masked x-cut TFLN (180 nm etch), PECVD SiO2 cladding about 1 um, anneal, EBL and RIE electrode definition, Ti/Au e-beam evaporation and lift-off",US;SG,landmark,full_extract,B,sims/renaud2023/config.yaml,audited,2026-10-01,"Numbers are from the journal version (cached text is the published article; Supplementary Figs. 1-2 and Supplementary Tables 1-2 are not available). CC-BY-4.0 from Crossref license records and the article. Agency for Science, Technology and Research is the A*STAR parent of the author affiliation Institute of Materials Research and Engineering."
sabatti2024,Extremely high extinction ratio electro-optic modulator via frequency upconversion to visible wavelengths,Alessandra Sabatti; Jost Kellner; Fabian Kaufmann; Robert J. Chapman; Giovanni Finco; Tristan Kuttner; Andreas Maeder; Rachel Grange,2024,,"Optics Letters 49(14), 3870 (2024) (version of record; numbers from arXiv preprint)",10.1364/ol.525733,2404.09787v1,https://arxiv.org/pdf/2404.09787v1,arxiv_preprint,arxiv,,restricted_local_only,"Optical Nanomaterial Group, Institute for Quantum Electronics, Department of Physics",ETH Zurich,,Binnig and Rohrer Nanotechnology Center; FIRST cleanroom of ETH Zurich,,"Periodic poling at 520 V with 100 nm Cr electrodes; HSQ-masked Ar etch, KOH and BHF clean; 850 nm Au on 5 nm Cr by direct-laser-write lift-off",CH,web_search;author_group_followup;continuation_2026_10_02,full_extract,C,,audited,2026-10-02,"VERSION: all numbers come from the cached arXiv v1 preprint (2404.09787v1, 4 pp, compiled 2024-04-16); the Optics Letters version of record (49(14) 3870, issued 2024-07-03 per Crossref) was not read and may differ. Identity: title, 8 authors and DOI match the batch CSV and Crossref (the CSV author list is truncated with an ellipsis); the Crossref OA license belongs to the version of record, so license and published_on are left empty. Frequency-upconversion demonstration: a C-band push-pull TFLN MZM (7.3 mm) followed by a 7 mm PPLN SHG section; two rows, the modulated fundamental harmonic (FH, 1536 nm) and the second harmonic (SH, 768 nm) of the same chip. repro_grade C and no sim config: crystal cut, propagation direction, ground-electrode width, sidewall angle and cladding are not stated and the paper shows no MZM cross-section (the SEM is of the poled waveguide). Judgment calls: Vpi 2.5 V is the authors' value for both FH and SH (7.3 mm is the stated MZI modulator length, electrode length not stated), measured with unterminated electrodes at low frequency. SH bandwidth 40 GHz is the authors' claim, entered without a qualifier with bw_measured_to 40 (the SH trace ends at 40 GHz): the authors say it is limited by the VNA noise floor and not by the device (abstract and p.3 say VNA noise floor, conclusion says photodiode range); the Fig. 3(c) SH trace reaches the -3 dB line near 30 GHz and dips to about -3.9 dB near 35-36 GHz before recovering to about -0.3 dB at 40 GHz. FH bandwidth 60 GHz is the measurement range with no crossing. ER 23 dB (FH) and 46 dB (SH) are static, read from Fig. 3(b). Not reported: insertion loss of the MZM, optical input power, Z0, RF loss, crystal cut, cladding. Grating-coupler efficiencies (-4 dB at 1550 nm, -7 dB at 775 nm), SHG conversion efficiency 35 %/W measured (ideal 2100 %/W, theory 4280 %/W/cm^2), PPLN period 2.48 um and 7 mm PPLN length are kept in notes only. Thin-film thickness varies 304-312 nm across the device region (Fig. 2(b)), average initial film 312 nm; the nominal 300 nm is entered. Fabrication: ETH Zurich cleanrooms FIRST and BRNC and IBM Rueschlikon thanked for fabrication support; BRNC and FIRST are both entered as foundry_or_fab because the paper does not say which facility made which layer; IBM Rueschlikon is a company and is not entered. Batch CSV hints (40 GHz, 46 dB) verified; the CSV platform and priority are fine. Audit corrections 2026-10-03: see AUDIT_DISPOSITIONS.md."
sayem2026,Performance of Capacitively Loaded RF Electrodes on SiO2/Si Substrates for High-Speed Electro-Optic Modulators,Ayed Al Sayem; Ting-Chen Hu; Mark Cappuzzo; Alaric Tate; Rose Kopf; Mark Earnshaw,2026,,arXiv,,2609.21830v1,https://arxiv.org/pdf/2609.21830v1,arxiv_preprint,arxiv,,restricted_local_only,,,Nokia Bell Labs,,,,US,web_search;author_group_followup;continuation_2026_10_02,full_extract,C,,audited,2026-10-02,"no_device_rows. VERSION: numbers come from the cached arXiv v1 preprint (2609.21830v1, 8 pp, dated 2026-09-21); no journal DOI located; no crossref.json; license and published_on empty. Identity: title matches; first author is 'Ayed Al Sayem' on the PDF (batch CSV: 'Ayed Sayem'); the CSV author list is truncated and omits Rose Kopf (6 authors on the PDF). Why no device rows: the paper measures RF electrode test structures (conventional CPW and periodically loaded slow-wave electrodes, 1 um Au, 10 mm long) on thermal SiO2 on high-resistivity Si; there is no optical waveguide, no EO material, no Vpi and no EO bandwidth, so no modulator device row can be filled (eo_material is required), and the loss metric is a coefficient in dB/cm/sqrt(GHz). The metrics are measured, not simulated (the paper states it reports experimentally extracted results only; Fig. 1 is a calculated TFLT bandwidth map vs impedance mismatch, index mismatch and RF loss for 1 cm length, used as motivation). Recorded here: lowest extracted RF attenuation about 0.23 dB/cm/sqrt(GHz) (abstract; Fig. 5, s = 7 um, h = 12 um, t = 3 um, BOX 4 and 10 um, 10 mm), loaded values roughly 0.23-0.46 dB/cm/sqrt(GHz) across Fig. 5; BOX thickness 4, 10 and 15 um; effective index vs width/gap (Fig. 4, 3-6 um gaps) and vs loading parameters (Fig. 6) compared with optical group indices of LT waveguides at 365, 850, 1000 and 1550 nm; 1 um Au by e-beam evaporation and lift-off; loading parameters t (stem width), s, r, h (stem length) and c from the Fig. 2(f) unit cell. Supplementary information (RF-loss extraction) not cached. Fabrication by the authors at Nokia Bell Labs (not a named foundry, so foundry_or_fab empty). Batch CSV hint (about 0.23 dB/cm/sqrt(GHz), electrode-level, no optical Vpi or bandwidth) verified."
sayem2026a,Stable thin-film lithium tantalate modulators operating at high temperature for uncooled operation,Ayed Al Sayem;Shiekh Zia Uddin;Ting-Chen Hu;Alaric Tate;Mark Cappuzzo;Rose Kopf;Mark Earnshaw,2026,,arXiv,,2604.27285v1,https://arxiv.org/pdf/2604.27285v1,arxiv_preprint,arxiv,,restricted_local_only,,,Nokia Bell Labs,,,,US,blog:OFS-102,full_extract,C,,audited,2026-10-02,"VERSION: all numbers come from the cached arXiv v1 preprint (2604.27285v1, 6 pages, dated 2026-04-30 on the page-1 stamp); no journal version or DOI located, none recorded. License of the preprint unverified, so empty and published_on empty. repro_grade C and no sim config: LT film thickness, etch depth, rib width, slab, electrode width/thickness, cladding and BOX are not given for the 7 mm MZM (only g = 5.5 um and the Fig. 2(a) layer legend). Fabricator not named (author contributions only). Microring Q data (Fig. 1, 1.8 um wide, 80 um radius, loaded Q about 0.6-0.7e6, intrinsic Q about 1.0-1.1e6 at 25/95/125 C, read from Fig. 1(c)) are a passive temperature test and are not entered as device rows."
sayem2026b,High-power handling and bias stability of thin-film Lithium Tantalate microring resonators and coupling modulators,Ayed Al Sayem;Shiekh Zia Uddin;Ting-Chen Hu;Alaric Tate;Mark Cappuzzo;Rose Kopf;Mark Earnshaw,2026,,arXiv,,2602.00922v2,https://arxiv.org/pdf/2602.00922v2,arxiv_preprint,arxiv,,restricted_local_only,,,Nokia Bell Labs,,NanoLN,Ar+ plasma etched TFLT on 4.7 um BOX; 1.5 um PECVD SiO2 cladding; 500 C 2 h anneal; coplanar electrodes by photolithography,US,local_corpus,full_extract,C,,audited,2026-10-02,"VERSION: all numbers come from the cached arXiv v2 (2602.00922v2, 6 pages, stamped 2026-04-05, document dated 2026-04-07). The v2 title says 'microring resonators and coupling modulators'; the batch CSV title is the v1 title ('microring and coupling resonators'). The v1 date (batch hint 2026-01-31) is not in the cache, so published_on is empty. License of the preprint unverified, empty. repro_grade C and no sim config: LT film thickness, etch depth and rib width of the coupling modulator are not given (only the microring coupling-section labels wg 1.8 um, gc 0.75 um, wc 0.8 um in Fig. 1(a)) and no RF characterization exists. Passive microring data not entered as a device row: after annealing loaded Q 601k and external Q 2023k in Fig. 1(d), resonance shift about 160 MHz at 1 W and about 1 GHz at about 4 W intracavity power (text p.3), photo-thermal stability factor 1.8e-7 mJ^-1 cm^3 after anneal (Table I). Fabricator not named."
sayem2026c,High bandwidth traveling wave electro-optic modulator at 1μm on thin-film lithium tantalate,Ayed Al Sayem;Shiekh Zia Uddin;Ting-Chen Hu;Alaric Tate;Mark Cappuzzo;Rose Kopf;Mark Earnshaw,2026,,arXiv,,2604.09825v1,https://arxiv.org/pdf/2604.09825v1,arxiv_preprint,arxiv,,restricted_local_only,,,Nokia Bell Labs,,NanoLN,"600 nm TFLT on 4.7 um SiO2 on Si (4-inch); Au traveling-wave electrodes, NiCr heaters, wafer-level process (details in earlier articles)",US,landmark;local_corpus,full_extract,B,sims/sayem2026c/config.yaml,audited,2026-10-04,"VERSION: all numbers come from the cached arXiv v1 (2604.09825v1, 6 pp, stamped 2026-04-10, dated 2026-04-14). No crossref.json exists: identity from the paper and source.json; no DOI; license and published_on empty (batch-hint CC-BY-4.0 unverifiable offline). Distinct paper from sayem2026a (2604.27285). Four rows for one 7 mm MZM (G = 5 um) at 1071 nm (headline), 984, 1311 and 1551 nm; VpiL at the other wavelengths is read from Fig. 2(c) (approximate). The paper does not state the crystal cut, so crystal_cut is empty; drive and Vpi convention are inferred as push_pull and mzm_push_pull (GSG with one rib in each gap; the authors do not state them). Vpi 2.4 V (abstract, Fig. 1(f)) times 7 mm gives 1.68 V cm versus about 1.62 read from Fig. 2(c). td (about 240 nm) is labelled on the slab in the schematic, entered as slab thickness; the sketch is not to scale and tf in the sketch spans the rib, so the interpretation is a judgment call. EO response measured by the OSA sideband method at 1071 and 1551 nm (almost identical, less than 2 dB roll-off to 50 GHz); RF index from a separate unterminated device. Not entered: DC bias drift negligible over more than one hour at about 0 dBm on-chip; sharp square-wave pulses at 10 Hz-1 kHz; S11 below about -15 dB to 50 GHz. No insertion loss reported. repro_grade B: geometry from the Fig. 1(b) caption; sidewall angle, ground width and cladding thickness not stated. Fabricator not named (author contributions only)."
schwarzenberger2026,Silicon-Organic Hybrid (SOH) Mach–Zehnder Modulators (MZM) for Single-Carrier IM/DD Line Rates of 500 Gbit/s and Beyond,Adrian Schwarzenberger;Alexander Kotz;Dengyang Fang;Hend Kholeif;Carsten Eschenbaum;Lukas Grünewald;Christoph Wilhelm;Stefan Singer;Mohamed Kelany;Cheng Feng;Malte Martens;Adrian Mertens;Sidra Sarwar;Patrick Kern;Masis Sirim;Peter Erk;Artem Kuzmin;Yolita M. Eggeler;Stefan Bräse;Sebastian Randel;Wolfgang Freude;Christian Koos,2026,,"Journal of Lightwave Technology 44(3), 1030-1046",10.1109/jlt.2025.3625813,,https://doi.org/10.1109/jlt.2025.3625813,journal,open_access,,restricted_local_only,"Institute of Photonics and Quantum Electronics (IPQ), Karlsruhe Institute of Technology; Institute of Microstructure Technology (IMT), Karlsruhe Institute of Technology; Institute of Organic Chemistry (IOC), Karlsruhe Institute of Technology; Laboratory of Electron Microscopy (LEM), Karlsruhe Institute of Technology; Institute of Biological and Chemical Systems - Functional Molecular Systems (IBCS-FMS), Karlsruhe Institute of Technology",Karlsruhe Institute of Technology;University of Freiburg,SilOriX GmbH,,,Commercial silicon photonic foundry front-end-of-line (foundry not named); local top-oxide opening and capillary-dispensed SOXD-100 organic electro-optic material with DC poling,DE,web_search;author_group_followup,full_extract,C,,audited,2026-10-02,"VERSION: numbers from the publisher-formatted KIT repository copy of the JLT article (17 PDF pages; IEEE 2026 notice, 'The Author(s) 2025' line on p.1), which matches the DOI title and author list of Crossref; the Crossref license records are IEEE terms and no Creative Commons or open license is verifiable for this copy, so license is empty and redistribution is restricted_local_only. published_on empty: Crossref 2026-02-01 is the print issue date (volume 44, issue 3); the earlier DOI registration date is not a verified first-public date. 'University of Freiburg' is a present address of one author (printed 'University Freiburg'). SOH device, not a dielectric traveling-wave config candidate: no simulation config. Foundry not named ('commercial foundry'), so foundry_or_fab and wafer_supplier are empty. Table II comparison rows for other devices (including ref. 60 SOH) are not entered."
shamsansari2021,Electrically pumped laser transmitter integrated on thin-film lithium niobate,Amirhassan Shams-Ansari; Dylan Renaud; Rebecca Cheng; Linbo Shao; Lingyan He; Di Zhu; Mengjie Yu; Hannah R. Grant; Leif Johansson; Mian Zhang; Marko Loncar,2021,,"Optica 9(4), 408 (2022) (version of record; numbers from arXiv preprint)",10.1364/optica.448617,2111.08473v2,https://arxiv.org/pdf/2111.08473v2,arxiv_preprint,arxiv,,restricted_local_only,John A. Paulson School of Engineering and Applied Sciences,Harvard University,HyperLight; Freedom Photonics,Center for Nanoscale Systems,NanoLN,"X-cut TFLN, FOx-16 mask, Ar+ RIE to 300 nm slab, 800 nm PECVD SiO2 cladding; trench etch and Ti/Pt/Au pad; Au-Au thermocompression flip-chip bonding of DFB laser",US,web_search;author_group_followup;continuation_2026_10_02,full_extract,C,,audited,2026-10-02,"VERSION: all numbers come from the cached arXiv v2 preprint (2111.08473v2, 4 pp, dated 2021-11-29, Distribution Statement A); the Optica version of record (9(4) 408, issued 2022-04-06 per Crossref, title 'Electrically pumped laser transmitter integrated on thin-film lithium niobate') was not read and may differ. Identity: title follows the Crossref record of the version of record (BATCH_INSTRUCTIONS step 1); the cached preprint is titled 'Electrically pumped high power laser transmitter integrated on thin-film lithium niobate' (batch CSV: hyphenated 'high-power'); 11 authors match Crossref. The CSV journal year 2021 is wrong: Crossref issued date is 2022-04-06; year 2021 here is the preprint year. License and published_on empty (Crossref OA license belongs to the version of record). One device row (5 mm segmented traveling-wave MZM of the laser-integrated transmitter). repro_grade C and no sim config: signal/ground widths, segment geometry (refers to Kharel et al.), electrode metal/thickness, wavelength and fabricated cross-section are not given. Not reported: laser wavelength, operating wavelength of the Vpi measurement, per-device insertion loss, extinction ratio, optical input power at the modulator, RF Z0/n_RF/loss, drive amplitude. Judgment calls: Vpi 4.3 V is the MZM-level fit of Fig. 4(c); drive arrangement not stated (single GSG probe with 50 ohm termination), so drive empty and vpi_convention unspecified. Bandwidth ~50 GHz is the Fig. 4(d) caption claim and is entered approx; the trace stays within about 0 to -2.5 dB to about 40 GHz, then averages about -4 dB with dips to about -5.5 dB at 44-48 GHz (below -3 dB for most of 43-50 GHz); the authors attribute the fluctuation beyond 45 GHz to the 45 GHz photodiode (VNA 50 GHz), so bw_measured_to is 45. Etch depth 300 nm is derived (600 nm film minus 300 nm slab). Electrode gap ~4 um is approximate. Laser-level metrics in notes only: on-chip power 60 +- 7 mW at 1.0 A in a passive waveguide (out-coupling loss 4.8 +- 0.5 dB, uncooled), about 25 mW after the MZI at about 0.8 A in the active device, laser-to-TFLN coupling loss about 5 dB, DFB linewidth below 1 MHz, minimum laser-waveguide gap about 500 nm at about 85 deg sidewall. Batch CSV hints (60 mW, 50 GHz modulator) verified. Audit corrections 2026-10-03: see AUDIT_DISPOSITIONS.md."
shen2021,High-speed silicon microring modulator at the 2 μm waveband with analysis and observation of optical bistability,Weihong Shen;Gangqiang Zhou;Jiangbing Du;Linjie Zhou;Ke Xu;Zuyuan He,2021,,"arXiv; associated journal: Photonics Research 10(3), A35 (2022)",10.1364/prj.439583,2104.01163v1,https://arxiv.org/pdf/2104.01163v1,arxiv_preprint,arxiv,,restricted_local_only,State Key Laboratory of Advanced Optical Communication Systems and Networks,Shanghai Jiao Tong University;Harbin Institute of Technology (Shenzhen),,Advanced Micro Foundry,,"Advanced Micro Foundry 220 nm SOI process with 2 um buried oxide (device fabricated in AMF, Singapore)",CN,web_search;author_group_followup;continuation_2026_10_02,full_extract,B,,audited,2026-10-02,"VERSION: all numbers come from the cached arXiv v1 preprint (2104.01163v1, 5 pages), a short letter titled 'High-speed silicon microring modulator at 2-um waveband' (first page); the Photonics Research version of record (Crossref: vol. 10 issue 3 A35, issued 2022-02-10, same six authors, longer title) was not read and may report different numbers: the cached abstract says 15 GHz 3 dB bandwidth, 45 Gbps and '<1 V cm' while the batch hint (18 GHz, 50 Gbps, 0.85 V cm) matches the journal abstract and none of those three values is in the cached text. Only the cached text is used. Silicon pn-depletion L-shaped-junction microring at 1960 nm (no sim config); one row at -2 V bias. Crossref license is empty; license and published_on left empty. repro_grade B: stack and doping disclosed, junction cross-section dimensions only in Fig. 1(b), coupling gap not stated. The optical-bistability analysis of the journal title is not in the preprint."
shen2024,Photonic link from single-flux-quantum circuits to room temperature,Mohan Shen;Jiacheng Xie;Yuntao Xu;Sihao Wang;Risheng Cheng;Wei Fu;Yiyu Zhou;Hong X. Tang,2024,2023-09-06,"Nature Photonics 18(4), 371-378 (journal); numbers from arXiv v1",10.1038/s41566-023-01370-2,2309.03284v1,https://arxiv.org/pdf/2309.03284v1,arxiv_preprint,arxiv,,restricted_local_only,"Department of Electrical Engineering (Hong X. Tang, corresponding author)",Yale University,,,NanoLN (x-cut LNOI wafer),,US,local_corpus,full_extract,B,,audited,2026-10-02,"Numbers come from the cached arXiv v1 manuscript (stamp 6 Sep 2023, 25 pages: main text pp.1-9 and Supplementary Information pp.10-25), not the Nature Photonics 18(4) version (Crossref 2024-01-16); journal numbers may differ. published_on is the arXiv v1 stamp date. license empty and redistribution restricted_local_only because the cached file is the preprint; Crossref lists only publisher TDM terms for the journal. Superconducting (Nb electrode) LNOI traveling-wave MZM with meter-scale spiral jump-over electrodes; SFQ-link demonstration. repro_grade B (dielectric TWE geometry mostly disclosed; ground-electrode width, jump-over geometry and as-built signal-electrode dimensions are ranges only) but no sim config: kinetic-inductance superconducting electrodes and temperature-dependent line index are outside sims/SPEC.md and this auxiliary SFQ-link paper is excluded by batch scope. Device fabrication facility not named (individuals thanked). RSFQ chip designed by HYPRES and fabricated at MIT Lincoln Laboratory (SFQ5EE), not the modulator."
sia2022,Linear Optical Modulators for Prospective Communications at the 2 um Waveband,Jia Xu Brian Sia;Xiang Li;X. Guo;Jiawei Wang;Wanjun Wang;Zhongliang Qiao;Callum G. Littlejohns;Chongyang Liu;Kian Siong Ang;Graham T. Reed;Hong Wang,2022,,arXiv,,2210.06994v1,https://arxiv.org/pdf/2210.06994v1,arxiv_preprint,arxiv,,restricted_local_only,"Temasek Laboratories, Nanyang Technological University; Optoelectronics Research Centre, University of Southampton; Key Laboratory of Laser Technology and Optoelectronic Functional Materials of Hainan Province",Nanyang Technological University;University of Southampton;Hainan Normal University,CompoundTek Pte,,,220 nm SOI platform developed by the authors (stated to be commercially available; steps in ref. 32); fabricator not named,SG;GB;CN,web_search;author_group_followup;continuation_2026_10_02,full_extract,C,,audited,2026-10-02,"VERSION: cached arXiv v1 preprint (2210.06994v1, 9 pages, IEEE template with placeholder header), no DOI located and no Crossref record; license and published_on left empty. The first-page author list shows 'X. Guo' (CSV same). Silicon ring-assisted MZM at 2 um (no sim config). The paper is an experimental linearity study (not only design/analysis): static ER 21.5 dB, VpiL 0.70 to 1.25 V cm over 1 to 8 V reverse bias, bandwidth over 17.5 GHz (photodetector limit) and SFDR 75, 91, 95, 82 dB Hz^(2/3) at 1, 3, 5, 7 V. Four rows, one per bias point with SFDR (no schema column; SFDR is in the row notes). The CSV hints (95 dB Hz^(2/3), over 17.5 GHz) are confirmed in the text. repro_grade C: active length, slab and etch depth and foundry not stated."
soma2025,Subvolt high-speed free-space modulator with electro-optic metasurface,Go Soma;Koto Ariu;Seidai Karakida;Yusuke Tsubai;Takuo Tanemura,2025,,"arXiv; associated journal: Nature Nanotechnology 20(11), 1625-1632 (2025)",10.1038/s41565-025-02000-4,2503.17986v1,https://arxiv.org/pdf/2503.17986v1,arxiv_preprint,arxiv,,restricted_local_only,,The University of Tokyo,,Takeda Sentanchi Super Cleanroom,,,JP,web_search;author_group_followup;continuation_2026_10_02,full_extract,C,,audited,2026-10-02,"All numbers come from the cached arXiv v1 manuscript (13 pp, stamp 2025-03-23, main text plus Extended Data Table I; Supplementary Sections 1-2, Supplementary Table 1 and Supplementary Figs. 2-4 are not in the cache), not the Nature Nanotechnology version (Crossref: issued 2025-09-10, vol 20 issue 11 pp 1625-1632); journal numbers may differ. published_on and license left empty and redistribution restricted_local_only because the cached file is the preprint and Crossref carries no open license. Free-space normal-incidence silicon-organic-hybrid metasurface (dimerized grating, quasi-BIC), reflective intensity modulator: auxiliary scope, not a waveguide modulator; its resonance-shift figures (Vreq, tuning nm/V) are not comparable to waveguide Vpi. repro_grade C, no sim config. Two devices: 60 um square (a) and 10 um square with DBR sections (b). OEO material JRD1 (NLM Photonics) is the supplied material, not an author affiliation. Wafer supplier not named. Foundry: the paper writes 'Takeda Cleanroom' with the Nanofabrication Platform Center of the School of Engineering; org name matched to the sibling batch spelling. source_type and url follow the cached arXiv v1 file the numbers come from; the journal citation stays in venue and doi (audit F8, 2026-10-03)."
steckler2025,Monolithic electro-optic platform on silicon with bandwidth of 100 GHz and beyond,Daniel Steckler; Stefan Lischke; Yuji Yamamoto; Wei-Chen Wen; Anna Peczek; Johannes Beyer; Aleksandra Kroh; Oksana Fursenko; Florian Bärwolf; Steffen Marschmeyer; Philipp Kulse; Dirk Wolansky; Lars Zimmermann,2025,2025-11-27,"Nature Communications 16, 10789 (2025)",10.1038/s41467-025-66566-2,,https://doi.org/10.1038/s41467-025-66566-2,journal,open_access,CC-BY-NC-ND-4.0,restricted_local_only,FG Silizium-Photonik,Technical University Berlin,IHP - Leibniz-Institut für innovative Mikroelektronik,IHP - Leibniz-Institut für innovative Mikroelektronik,,"IHP 200 mm SiGe BiCMOS pilot line, 248 nm DUV; Ge-fin process with Si delta-layer doped GeSi epitaxy (16 delta layers, 750 C anneal)",DE,landmark,full_extract,C,,audited,2026-10-02,"Version of record (accepted 2025-11-09, issued 2025-11-27 per Crossref). License from the paper's own rights statement and Crossref (CC-BY-NC-ND-4.0); NC-ND does not permit redistribution of derived material, so restricted_local_only. Supplementary Information (Supplementary Figs. 1-4, Table 1 with SNR/BER 80-160 Gbit/s) is not in the cached source and was not read. GeSi/Ge Franz-Keldysh EAMs on silicon: no sim config (EAM, silicon platform), repro_grade C (buried-oxide thickness, fin height and doping layout only partly stated). Rows: GeSi EAM 40 um and 20 um (dynamic data at 1580 nm, static ER at 1575 nm), pure-Ge EAM 40 um and 20 um (static ER only; dynamic response not measured at their wavelengths). The co-integrated GeSi-fin photodiodes (>110 GHz measured, >200 GHz estimated) are not modulators and get no rows. Crossref carries no affiliations; they come from the article first page. Table 1 lists the GeSi EAM dynamic ER as 2.3/1.6 dB at 1.8 Vpp, while the Fig. 4 caption gives 2.25/1.6 dB at 2.4 Vpp: inconsistent in the paper."
suceava2025,Colossal Cryogenic Electro-Optic Response Through Metastability in Strained BaTiO3 Thin Films,Albert Suceava;Sankalpa Hazra;Aiden Ross;Ian Reed Philippi;Dylan Sotir;Brynn Brower;Lei Ding;Yingxin Zhu;Zhiyu Zhang;Himirkanti Sarkar;Saugata Sarker;Yang Yang;Suchismita Sarker;Vladimir A. Stoica;Darrell G. Schlom;Long-Qing Chen;Venkatraman Gopalan,2025,2025-10-11,"Advanced Materials 38(3), e07564",10.1002/adma.202507564,2510.13256v1,https://arxiv.org/pdf/2510.13256v1,arxiv_preprint,arxiv,CC-BY-4.0,open_license_ok,"Department of Materials Science and Engineering and Department of Physics, The Pennsylvania State University (Venkatraman Gopalan, corresponding author); Platform for the Accelerated Realization, Analysis, and Discovery of Interface Materials (PARADIM), Cornell University",The Pennsylvania State University;Cornell University,"Platform for the Accelerated Realization, Analysis, and Discovery of Interface Materials (PARADIM);Cornell High Energy Synchrotron Source;Kavli Institute at Cornell for Nanoscale Science;Leibniz-Institut für Kristallzüchtung",,CrysTec GmbH (GdScO3 (110)o substrate),"MBE (Veeco GEN10, ozone, laser substrate heater, adsorption-controlled) of about 36.5 nm BaTiO3 on GdScO3 (110)o, -1.0% compressive strain",US;DE,blog:OFS-69,full_extract,,,audited,2026-10-02,"VERSION: the cached file is labelled arXiv v1 (2510.13256v1, 44 pp including Supporting Information) but is the Wiley-typeset article (Adv. Mater. 2025, e07564; Wiley download watermark dated 2025-10-14), so numbers equal the journal text. Crossref issue date 2026-01 (vol 38 issue 3); published online 2025-10-11. License CC-BY-4.0 verified from the article's own open-access notice on p.1 (names the Creative Commons Attribution License, no version) and from the Crossref vor license record (start 2025-10-11, gives 4.0); the license applies to the cached file, which is the Wiley-typeset version of record although source_type, arxiv_id, url and access still describe the arXiv listing (cache label; identity of the file with the arXiv v1 object not verifiable offline); source.json updated by the coordinator (CC-BY-4.0, license verified); source_type decision pending. MATERIAL-ONLY, no device rows: strained thin film characterized with surface electrodes (80 nm Pt / 5 nm Ti, 200 um gap, in-plane [100] field, p.3), polarizer-sample-compensator-analyzer at 1550 nm, 555 Hz lock-in drive (p.9), sample tilted 45 degrees, 5 K to 295 K; no waveguide, no GHz measurement (stated as future work, p.8). PAPER-REPORTED MATERIAL NUMBERS (no column; effective Pockels coefficient r_eff, all measured except where noted): abstract 2516 +/- 100 pm/V at 5 K, equal to r(1),max of thermal cycle 1 in Table S3 (2516 +/- 90 pm/V; r(1),hf 132 +/- 4; r(1),lf 475 +/- 79; p.34); peak r_eff 2735 +/- 100 pm/V at 15 K and 25 +/- 2 pm/V at room temperature (p.5, Fig. 1c p.3, Fig. 3b p.6); r51 = 4649 +/- 170 pm/V at 15 K, obtained by dividing r_eff by a geometric factor of about 1.7 and assuming r31 is negligible (author-derived, p.7, Notes S4, Fig. S16); high-field slope r(1),hf given as about 200 pm/V in the text (p.6, converged value, temperature dependence in Fig. 3b) while Table S3 cycle 1 gives 132 +/- 4 pm/V for the 5 K fit of that cycle; the two are not reconciled in the main text; later cooling cycles 10-14 give r(1),max 1252 to 1619 pm/V (Table S3, p.34); response nonlinear below 50 K, second-harmonic and normal-incidence SHG onset near 50 K (p.5-8). Film 36.53 nm by ellipsometry (nominal about 37 nm, p.4); max error in r_eff from index interpolation 10.2% (p.5). Phase-field theory curve in Fig. 1c is simulated and not entered. Fabricator of the film not stated beyond the MBE description and Cornell affiliations, so foundry_or_fab is empty."
sun2026a,Hybrid BaTiO3/TiO2 Metasurface for Efficient Gigahertz-Speed Free-Space Electro-Optic Modulation,Zhongpeng Sun;Kerolos M. A. Yousef;Michael Domm;Agham Posadas;Xudong Li;Marcus Ossiander;Maryna L. Meretska;Yiwei Ju;Isabel Barth;Jason Tischler;Theodore P. Letsou;Moaz Waqar;Amirhassan Shams-Ansari;Xiaoqing Pan;Alexander A. Demkov;Federico Capasso,2026,,arXiv preprint (v1),,2608.00286v1,https://arxiv.org/abs/2608.00286,arxiv_preprint,arxiv,,restricted_local_only,"Capasso group (Federico Capasso, corresponding author)","Harvard University;Graz University of Technology;Karlsruhe Institute of Technology;University of California, Irvine;The University of Texas at Austin","La Luce Cristallina, Inc.;Monarch Quantum;Irvine Materials Research Institute",Center for Nanoscale Systems,Soitec (SOI substrates for BTO growth),,US;AT;DE,web_search;author_group_followup;continuation_2026_10_02,full_extract,C,,audited,2026-10-02,"Numbers come from arXiv v1 (48 pp: main text plus Supplementary Information and Figs. S1-S11, stamp 2026-07-31); no journal version or DOI of its own in the file. doi left empty on purpose: the DOI attached to the arXiv listing metadata by the discovery step is for an unrelated paper and the file gives none. published_on and license empty, restricted_local_only. Free-space transmissive guided-mode-resonance metasurface (TiO2 pillars on an unetched sputtered BTO film, gold interdigitated electrodes), a-oriented polydomain BTO: auxiliary scope, not a waveguide modulator; efficiency in 1/V and r_eff are not comparable to waveguide Vpi. repro_grade C and no sim config (geometry largely disclosed but a resonant free-space structure, outside the traveling-wave sim contract). Two devices from different wafers: 2 mm x 2 mm (a) and 0.3 mm x 0.3 mm (b). Foundry: Center for Nanoscale Systems named for work performed in part there (Harvard)."
taghavi2022a,Enhanced poling and infiltration for highly efficient electro-optic polymer-based Mach-Zehnder modulators,Iman Taghavi; Razi Dehghannasiri; Tianren Fan; Alexander Tofini; Hesam Moradinejad; Ali. A. Efterkhar; Sudip Shekhar; Lukas Chrostowski; Nicolas A. F. Jaeger; Ali Adibi,2022,,"arXiv; associated journal: Optics Express 30(15), 27841 (2022)",10.1364/oe.460830,2203.04756v2,https://arxiv.org/pdf/2203.04756v2,arxiv_preprint,arxiv,,restricted_local_only,,Georgia Institute of Technology; University of British Columbia,,Institute for Electronics and Nanotechnology,,"EBL (HSQ slot mask) and Cl-based ICP etch on 250 nm SOI; 5 nm ALD TiO2; SEO125B spin-coated, poled; Cu air-bridge interconnects",US;CA,web_search;author_group_followup;continuation_2026_10_02,full_extract,C,,audited,2026-10-02,"VERSION: all numbers from the cached arXiv v2 preprint (2203.04756v2, 16 pages, arXiv stamp 10 Mar 2022, title spelled 'Polling'); the Optics Express version of record (30(15) 27841, issued 2022-07-15; Optica OA License v2 per Crossref) was not read and may differ. published_on and license empty (Crossref license belongs to the version of record); Crossref lists 10 authors, matching the preprint (Crossref spells 'Ali. A. Efterkhar', the references spell Eftekhar). IDENTITY FLAGS: (1) the cached abstract reads 'VpiL below 1.2 V.mm' and 'simulated 0.35 V.mm'; the batch hint's 1.19 V.mm and 'published abstract differs' could not be checked against the cached text (no 1.19 appears in it); only the cached text is used. (2) Affiliation labels on page 1 are swapped relative to Crossref and the author-contribution paragraph (labels 1 and 2 are attached to Georgia Tech and UBC in the opposite order); affiliations follow Crossref. No sim config (SOH slot, not a dielectric TWE device). repro_grade C: slot 40 nm, rails 250 nm, SOI 250 nm/3 um BOX, TiO2 5 nm are given, but pedestal, electrode and doping details are not. Two device rows: one measured 1 mm MZM (a spectrum shift, ER and poling-current result; no Vpi value is stated in the body) and one COMSOL projection for doped silicon. The abstract's measured 'VpiL below 1.2 V.mm' could not be reproduced from the body: Fig. 11 (120 pm/V shift, FSR about 1.15 nm, 1 mm) gives Vpi about 4.8 V (derived list in the evidence file), a factor of about 4 higher; not reconciled; after the audit (F1) the abstract bound is no longer entered as a cell on taghavi2022a-a and both numbers sit in that row's notes."
taghavi2024,"GHz-rate optical phase shift in light matter interaction-engineered, silicon-ferroelectric nematic liquid crystals",Iman Taghavi; Omid Esmaeeli; Sheri Jahan Chowdhury; Kashif Masud Awan; Mustafa Hammood; Matthew Mitchell; Donald Witt; Cory Pecinovsky; Jason Sickler; Jeff Young; Nicolas A.F. Jaeger; Sudip Shekhar; Lukas Chrostowski,2024,,"arXiv preprint (v3, 2025-02-08)",,2405.08833v3,https://arxiv.org/pdf/2405.08833v3,arxiv_preprint,arxiv,,restricted_local_only,Quantum Matter Institute,University of British Columbia,"Dream Photonics Inc.; Polaris Electro-Optics, Inc.",,,"EBL (JEOL JBX-8100FS, ZEP 520A) and ICP-RIE on 220 nm SOI; Ti/Au lift-off; FN-LC PM-158 applied locally with a glass capillary",CA;US,web_search;author_group_followup;continuation_2026_10_02,full_extract,C,,audited,2026-10-02,"VERSION: all numbers from the cached arXiv v3 preprint (2405.08833v3, 27 pages, arXiv stamp 8 Feb 2025); year 2024 from the batch CSV and the arXiv id (first submission); no journal DOI found, no Crossref record. published_on and license empty (preprint license unverified). Fabricating facility not named in the text (EBL tool and ICP-RIE named; the SiEPICfab consortium appears only in the acknowledgements as funder), so foundry_or_fab is empty. Dream Photonics appears with two addresses (Vancouver and Woodinville, WA); the Quantum Matter Institute is a University of British Columbia unit. Material PM-158 is supplied by Polaris Electro-Optics. No sim config (SOH, FN-LC). repro_grade C: core 300 nm, finger 80 nm, finger-core gap 100 nm, trench 2 um and electrode offset 4.85 um are given, but finger length, period, duty cycle and doping are not in the main text (a Supplementary Note is referenced and not cached). Batch hint class 'iq_mzm' is wrong: one push-pull MZM (0.5 mm arms), not an IQ modulator. One device row carrying both the DC (liquid-crystal reorientation) and the AC (Pockels) operating points. Abstract hints match the cached text (VpiL 0.25 V.mm DC and 25.7 V.mm AC, IL about 2.6 dB, f-6dB > 4.18 GHz). The text writes the AC frequency as 4.18 MHz (p.11) while the bandwidth bound is 4.18 GHz; the Vpi measurement frequency is therefore left empty."
taghavi2026,DC-to-GHz modulation in microring modulators using ferroelectric nematic liquid crystal-on-silicon in a foundry photonic process,Iman Taghavi; Alexander Tofini; Edward K. Leung; Cory Pecinovsky; Nicolas A. F. Jaeger; Lukas Chrostowski; Sudip Shekhar,2026,,"arXiv; associated journal: Optica 13(7), 1368 (2026)",10.1364/optica.591830,2602.20406v1,https://arxiv.org/pdf/2602.20406v1,arxiv_preprint,arxiv,,restricted_local_only,,University of British Columbia,"Dream Photonics Inc.; Polaris Electro-Optics, Inc.",Advanced Micro Foundry,,Advanced Micro Foundry DUV SOI process with 5 um oxide opening; FN-LC pm-158 manually coated post-foundry,CA;US,blog:OFS-69,full_extract,B,,audited,2026-10-02,"VERSION: all numbers from the cached arXiv v1 preprint (2602.20406v1, 16 pages, 23 Feb 2026); the Optica version of record (13(7) 1368, issued 2026-07-15, print 2026-07-20; Optica OA License v2 per Crossref) was not read and may differ. published_on and license empty (Crossref license belongs to the version of record). Seven authors match Crossref; Crossref affiliations (University of British Columbia, Dream Photonics Inc., Polaris Electro-Optics) agree with the paper. Quantum Matter Institute is a University of British Columbia unit and is covered by that entry. No sim config: ring modulator on SOI (not a dielectric TWE device). repro_grade B: Fig. 2(a) gives the cross-section dimensions and doses, but phase-shifter length, etch depth and cladding details are not stated. One device row; 119 kHz slow response and 150 vs 250 pm/V inconsistency documented in the row notes."
tan2024,Micro-transfer Printed Thin Film Lithium Niobate (TFLN)-on-Silicon Ring Modulator,Ying Tan; Shengpu Niu; Maximilien Billet; Nishant Singh; Margot Niels; Tom Vanackere; Joris Van Kerrebrouck; Gunther Roelkens; Bart Kuyken; Dries Van Thourhout,2024,,"ACS Photonics 11(5), 1920-1927 (journal version of record; numbers from arXiv preprint)",10.1021/acsphotonics.3c01869,2311.15387v1,https://arxiv.org/pdf/2311.15387v1,arxiv_preprint,arxiv,,restricted_local_only,"Photonics Research Group, Department of Information Technology (INTEC); IDLab, Department of Information Technology (INTEC); OPERA-Photonique",Ghent University; Université Libre de Bruxelles,imec,,,Micro-transfer printing (PDMS stamp) of resist-tethered x-cut TFLN coupons onto 220 nm SOI racetrack; two-layer Ti/Au electrodes with SiO2 and vias (e-beam lithography),BE,web_search;author_group_followup;continuation_2026_10_02,full_extract,C,,audited,2026-10-02,"VERSION: all numbers come from the cached arXiv v1 preprint (2311.15387v1, 10 pages); the ACS Photonics version of record (Crossref issued 2024-04-12, vol. 11, issue 5, pp. 1920-1927) was not read and may differ; Crossref licence is publisher text-and-data-mining only, so license empty and published_on empty. Supplement 1 not cached. Identity matches the batch CSV (title capitalisation differs). Crossref lists an NB Photonics affiliation for several authors that the preprint header does not show, so it is not entered. repro_grade C and no sim config: resonant ring, not a traveling-wave device; wavelength of the Vpi/tuning data read from Fig. 6 (about 1566 nm). Metrics: IL about 1.5 dB, ER 20-37 dB, BW 16 GHz (photon-lifetime limited), 45 Gbit/s NRZ at 2.6 Vpp, tuning 3.89 pm/V, Q about 1.1e4; no Vpi voltage (VpiL 7 V cm is simulated). Batch hints verified (the dash before 1.5 dB and 37 dB is a minus-sign formatting artefact). Overlap with niels2025a: same printing line and authors, different device."
tanaka2026,IQ Modulators with Two Segments using InP/SOI Chip-on-Wafer Bonding Process for Optical DAC,Hajime Tanaka; Naotaka Kasuya; Taichi Misawa; Yohei Sobu; Shuntaro Maeda; Kento Komatsu; Naoko Inoue; Takehiko Kikuchi; Takuya Mitarai; Shun Kimura; Naoki Fujiwara; Nobuhiko Nishiyama; Takuo Tanemura; Shinsuke Tanaka; Hideki Yagi,2026,,"Optical Fiber Communication Conference (OFC) 2026, paper M4D.2",10.1364/ofc.2026.m4d.2,,https://doi.org/10.1364/ofc.2026.m4d.2,conference,unknown,publisher-copyright,restricted_local_only,"Photonics Electronics Technology Research Association; Department of Electrical and Electronic Engineering, Institute of Science Tokyo; School of Engineering, The University of Tokyo",Institute of Science Tokyo; The University of Tokyo,"Photonics Electronics Technology Research Association; Sumitomo Electric Industries, Ltd.; 1FINITY Inc.",,,,JP,ofc2026;local_corpus,full_extract,C,,audited,2026-10-01,"License from the paper's own notice (copyright Optica Publishing Group 2026); Crossref lists no license. published_on left empty: the batch CSV carried a conference-schedule date that Crossref (year only) and the paper do not confirm. Two rows: -a 2 mm section with 60% filling factor (Fig. 5) and -b 1.0 mm section with 80% filling factor (Fig. 6, system demo). Stated Vpi*L 0.43 V*cm is reproduced if the length is FF x electrode length (inference, the authors do not state it): Fig. 5 max-to-null about 3.6 V x 1.2 mm = 0.43 V*cm, and 5.4 V x 0.8 mm = 0.43 V*cm for Fig. 6. Fab not named (ARIM facility support acknowledged, no site named). Wavelength not stated. No sim config (InP)."
thiele2022,Cryogenic electro-optic modulation in titanium in-diffused lithium niobate waveguides,Frederik Thiele;Felix vom Bruch;Julian Brockmeier;Maximilian Protte;Thomas Hummel;Raimund Ricken;Victor Quiring;Sebastian Lengeling;Harald Herrmann;Christof Eigner;Christine Silberhorn;Tim J. Bartley,2022,,arXiv preprint,,2202.00306v1,https://arxiv.org/pdf/2202.00306v1,arxiv_preprint,arxiv,,restricted_local_only,"Mesoscopic Quantum Optics (Tim J. Bartley) and Integrated Quantum Optics (Christine Silberhorn), Department Physics, Paderborn University",Paderborn University,,,,"Ti in-diffused waveguides in congruent z-cut LN; sputtered SiO2 buffer, Cr/Au lift-off electrodes",DE,web_search;author_group_followup;continuation_2026_10_02,full_extract,C,,audited,2026-10-02,"VERSION: arXiv v1 only (2202.00306v1, 18 pp, stamp 2022-02-01); no Crossref record or DOI in the cache; no license notice; license and published_on empty. Bulk Ti:LN (z-cut, in-diffused) phase modulator, directional coupler and polarisation converter at 296 K and 5-8.5 K, lumped wire-bonded electrodes: not a thin-film or traveling-wave device, so no sim config; repro_grade C (Ti film thickness and diffusion conditions not disclosed; the text points to Fig. 2, which holds only the dispersion plot). Vpi columns left empty: the paper reports V_pi/2 (min-to-max swing of a Senarmont output, p.8-9; Phi = pi/2 for coupler and converter) which is not a Vpi in any atlas convention. Reported V_pi/2: phase modulator 23.3 V (296 K) and 40 V (8.5 K); coupler 18 V and 35 V; converter 11.1 V and 16.1 V (Table 3 p.14), i.e. increases of 74, 84 and 35 percent after normalising wavelength and electrode length (V_pi/2 per lambda L: 12.4 to 21.5, 10.2 to 18.8, 5 to 6.73 V/(um cm)). Inconsistency: text (p.11) says the coupler bar-state wavelength moved from 1545 nm (ambient) to 1460 nm (cryogenic), while Table 3 gives 1460 nm (296 K) and 1545 nm (cryogenic); the V_pi/2/(lambda L) column follows the table, Fig. 4(b),(c) support the text. After the 2026-10-03 audit the coupler wavelength cells are left empty. Table 1 prints the electrode gap unit as mm; a micrometre unit is assumed (a 9 mm gap is not plausible with 100 um wide electrodes and V_pi/2 of tens of volts). Pyroelectric DC shifts: coupler 42 V (p.11), converter 2.1 V (p.13)."
tiberi2025,Graphene Electro-Absorption Modulators for Energy-Efficient and High-Speed Optical Transceivers,M. Tiberi; A. Montanaro; C. Wen; J. Zhang; O. Balci; S. M. Shinde; S. Sharma; A. Meersha; H. Shekhar; J. E. Muench; B. R. Conran; K. B. K. Teo; M. Ebert; X. Yan; Y. Tran; M. Banakar; C. Littlejohns; G. T. Reed; M. Romagnoli; A. Ruocco; V. Sorianello; A. C. Ferrari,2025,,arXiv,,2506.03281v1,https://arxiv.org/pdf/2506.03281v1,arxiv_preprint,arxiv,,restricted_local_only,Cambridge Graphene Centre; Photonic Networks and Technologies Lab; Optoelectronics Research Centre,University of Cambridge; University of Southampton,National Inter-University Consortium for Telecommunications; AIXTRON Ltd; CamGraPhIC srl,,,"Dedicated 200 mm SOI process with structured SiO2 cladding (CMP plus selective dry etch), CVD SLG wet transfer, MOCVD hBN, PE-ALD Al2O3, Au contacts",GB;IT,web_search;author_group_followup;continuation_2026_10_02,full_extract,B,,audited,2026-10-02,"VERSION: all numbers from the cached arXiv v1 preprint (2506.03281v1, 21 pages, 3 Jun 2025); no DOI, no Crossref record, no journal version found. Three device rows: 40 um C-band (40 nm gate, f3dB 67 GHz, 80 Gbit/s NRZ), 20 um C-band (20 nm gate, 0.037 dB/V/um), 40 um O-band (32 and 40 Gbit/s). Measured vs projected: static transmission, S21 and eye diagrams are measured; energy per bit (58 and 26 fJ/bit) is the authors' CVpp^2/4 figure with C and Vpp not stated (derived); the 17 GHz and 20 Gbit/s of the 20 um device appear only in Table I/intro text with no supporting trace (basis author_estimate); EO-BW 70 to 90 GHz designs in Fig. 2 are simulations and are not entered. f3dB 67 GHz is the authors' extrapolated 3 dB point from an envelope fit (basis derived, approx) at the end of the measured range, which equals the probe rating. Fabricating fab not named in the text (process cited to Ref. [103], CORNERSTONE URL in the reference), so foundry_or_fab is empty. No sim config (graphene EAM). repro_grade B: Si thickness, BOX, widths, gate dielectric, gated and ungated lengths, metals given; cladding thickness only effective. Batch hint numbers (67 GHz, 80 Gbit/s, 22 um2, about 58 fJ/bit, 0.037 dB/V/um) confirmed; 0.037 dB/V/um belongs to the 20 nm device, 58 fJ/bit and 67 GHz to the 40 nm device."
tran2026,180 GBaud PAM4 Driver-Modulator Engine for IM/DD Transmissions in the O-Band,Son Tran; Sebastian Lauck; Gerrit Fiol; Jonathan Andree; Felix Ganzer; Robert Emmerich; Colja Schubert; Patrick Runge; Martin Schell; Ronald Freund; Shawn Parker; Trong Phan; Billy Allen,2026,,"Optical Fiber Communication Conference (OFC) 2026, paper W3E.6",10.1364/ofc.2026.w3e.6,,https://doi.org/10.1364/ofc.2026.w3e.6,conference,unknown,publisher-copyright,restricted_local_only,,Technical University Berlin,Fraunhofer Heinrich Hertz Institute; MACOM Technology Solutions,Fraunhofer Heinrich Hertz Institute,,,DE;US,ofc2026;local_corpus,full_extract,C,,audited,2026-10-01,"License from the paper's own notice (copyright 2026 Optica Publishing Group on each page); Crossref lists no license. published_on left empty: the batch CSV date (2026-03-18) is a conference-schedule date that neither Crossref (year only; record created 2026-06-02) nor the paper confirms. Chip fabricated 'on HHI's InP platform' (p.1); the driver is MACOM's. Abstract-level numbers (76 GHz, 180 GBd) checked against the text and Fig. 1/3. repro_grade C: metrics only (no layer stack, electrode geometry or length). No sim config (InP)."
ulrich2025,Engineering high Pockels coefficients in thin-film strontium titanate for cryogenic quantum electro-optic applications,Anja Ulrich;Kamal Brahim;Andries Boelen;Michiel Debaets;Ahmed Khalil;Conglin Sun;Yishu Huang;Sandeep Seema Saseendran;Marina Baryshnikova;Paola Favia;Thomas Nuytten;Stefanie Sergeant;Kasper Van Gasse;Bart Kuyken;Kristiaan De Greve;Clement Merckling;Christian Haffner,2025,,"Science 390(6771), 390-393",10.1126/science.adx3741,2502.14349v1,https://arxiv.org/pdf/2502.14349v1,arxiv_preprint,arxiv,,restricted_local_only,"Imec (Christian Haffner, corresponding author); Photonics Research Group, Department of Information Technology (INTEC), Ghent University; Department of Electrical Engineering (ESAT), Department of Materials Engineering (MTM) and Department of Physics and Astronomy, KU Leuven",Ghent University;KU Leuven,imec,,,"MBE SrTiO3 (Sr/Ti = 0.96 +/- 0.03) on 200 mm Si (001), O2 anneals at 850 C, wafer bonding onto SiO2, Si removal by grinding and TMAH; Cr/Pt electrodes by EBL lift-off; PMMA-loaded waveguides by EBL",BE,blog:OFS-69,full_extract,C,,audited,2026-10-02,"VERSION: all numbers come from the cached arXiv v1 (2502.14349v1, 31 pp including Supplementary Information, no date stamp in the extracted text). The Science version of record (390(6771) 390-393, issued 2025-10-23 per Crossref) was not read and may differ. Authors follow Crossref (17 names); Crossref lists Ahmed Khalil (position 5), who is absent from the 16-name arXiv v1 byline. License of the preprint unverified (Crossref record carries no license; batch-hint arXiv-nonexclusive not verifiable from the cache), license and published_on empty. repro_grade C and no sim config: quasi-static ferroelectric (poling and hysteresis) cryogenic device, outside the dielectric traveling-wave sim scope; metals and widths given only partly. One device row (single-arm meandered MZI, 4 K). Fabricator not named explicitly (all authors are at imec and the process is described as in the authors' fabrication line), so foundry_or_fab is empty. PAPER-REPORTED MATERIAL NUMBERS (no column): r_eff = 345 +/- 30 pm/V at 4 K, remanent zero-field value on the up sweep, corrected for the meander geometry (r_eff,meas about 280 pm/V divided by 0.81; abstract p.1, Fig. 3e p.6, Supplement Eq. 20-21 p.22); r_eff = 140 +/- 30 pm/V at 1.6 V/um poling field, confirmed as 134 +/- 2 pm/V by a 1 kHz small-signal measurement (p.7, Supplement 4.3 p.22); eps_r 2700 at 100 kHz falling to 2500 at 1 GHz at 5 K (impedance spectroscopy on interdigitated capacitors, p.5, Fig. 2c p.4), eps_r about 600 at room temperature and peak near 100 K at 100 MHz (Fig. 2d p.4), Tc about 100 K; coercive field 0.6 +/- 0.05 V/um (Fig. 3d caption p.6; the extracted text drops the micro sign); room-temperature quadratic Kerr coefficient R about 1.1e-17 m^2/V^2 (Supplement 4.6 p.25); Miller coefficient about 0.1e-12 m/V (Supplement p.22); optical confinement in SrTiO3 43% (p.5, Supplement Eq. 12 p.19); SrTiO3 material loss below 5.5 dB/cm as an upper limit, room-temperature cut-back loss about 2 dB/cm (1.7 um wide) and about 1.5 dB/cm (1.1 um wide) after subtracting simulated substrate leakage (p.6, Supplement 6-7 p.26-28); cryogenic material loss below about 7 dB/cm inferred from two MZIs (Supplement p.29). Electro-optic frequency response is flat from about 20 Hz to 1 MHz by an indirect time-averaged method; a 5 MHz resonance traced to the setup (Fig. 3f p.6, Supplement 4.4 p.23-24)."
ummethala2021,Hybrid Electro-Optic Modulator Combining Silicon Photonic Slot Waveguides with High-k Radio-Frequency Slotlines,Sandeep Ummethala;Juned N. Kemal;Ahmed S. Alam;Matthias Lauermann;Yasar Kutuvantavida;Sree H. Nandam;Lothar Hahn;Delwin L. Elder;Larry R. Dalton;Thomas Zwick;Sebastian Randel;Wolfgang Freude;Christian Koos,2021,,arXiv; associated journal: Optica,10.1364/optica.411161,2011.09931v1,https://arxiv.org/pdf/2011.09931v1,arxiv_preprint,arxiv,,restricted_local_only,,Karlsruhe Institute of Technology;University of Washington,,,,Five-step electron-beam lithography on SOI with RF-sputtered amorphous BaTiO3 and lift-off,DE;US,landmark;assigned,full_extract,C,,audited,2026-10-02,"Metrics from the cached arXiv preprint (version taken as v1, not confirmed from the file; 15 pages incl. Supplementary Information). Journal year 2021 retained from Crossref (Optica 8(4) 511; issued 2021-04-09). Crossref lists 14 authors incl. Artem Kuzmin, absent from the preprint author list used here; journal-version differences not checked offline. published_on left empty: arXiv id implies a 2020-11 announcement and the submission date reported by the coordinator (2020-10-20) is not equated with first-public date. Cached-version license unverified; Crossref VOR license not transferred. Foundry empty: no fabricator named (KNMF appears only in Funding). SOH: no dielectric-TWE simulation config."
valdez2022,"110 GHz, 110 mW hybrid silicon-lithium niobate Mach-Zehnder modulator",Forrest Valdez; Viphretuo Mere; Xiaoxi Wang; Nicholas Boynton; Thomas A. Friedmann; Shawn Arterburn; Christina Dallo; Andrew T. Pomerene; Andrew L. Starbuck; Douglas C. Trotter; Anthony L. Lentine; Shayan Mookherjea,2022,2022-10-26,"Scientific Reports 12, 18611",10.1038/s41598-022-23403-6,2210.14785,https://doi.org/10.1038/s41598-022-23403-6,journal,open_access,"CC-BY-4.0 (journal version, Crossref); arXiv v1 licence not shown in cached text",restricted_local_only,Department of Electrical and Computer Engineering; Applied Microphotonic Systems,"University of California, San Diego",Sandia National Laboratories,,"NanoLN, Jinan Jingzheng Electronics Co., Ltd. (LNOI)",Direct hydrophilic bonding of unetched x-cut LNOI to planarized 150 nm SOI; XeF2 handle removal; Ti/Au lift-off slow-wave electrodes,US,landmark;local_corpus,full_extract,B,sims/valdez2022/config.yaml,audited,2026-10-01,"All numbers are from the cached arXiv v1 manuscript (arXiv:2210.14785v1, 26 Oct 2022, shown on p.1); the journal version (Scientific Reports, published 2022-11-03 per Crossref, CC-BY-4.0) was not compared. Fabricator not named in this version (Sandia co-authors only)."
valdez2023,"Integrated O- and C-band silicon-lithium niobate Mach-Zehnder modulators with 100 GHz bandwidth, low voltage, and low loss",Forrest Valdez; Viphretuo Mere; Xiaoxi Wang; Shayan Mookherjea,2023,,"Optics Express 31(4), 5273",10.1364/oe.480519,2211.05208,https://doi.org/10.1364/oe.480519,journal,open_access,"Optica-OA-License-v2 (journal version, Crossref); arXiv v2 licence not shown in cached text",restricted_local_only,Department of Electrical and Computer Engineering,"University of California, San Diego",,San Diego Nanotechnology Infrastructure; Sandia National Laboratories,,Direct hydrophilic bonding of unetched TFLN to CMP-planarized 150 nm SOI waveguides; handle removal; Au slow-wave electrodes on LN,US,local_corpus,full_extract,B,sims/valdez2023/config.yaml,audited,2026-10-01,"Numbers are from the cached arXiv v2 manuscript (arXiv:2211.05208v2, 25 Jan 2023, p.1); the journal version (Optics Express 31(4) 5273, published 2023-01-30 per Crossref) was not compared. foundry_or_fab: SDNI named for part of the work; Sandia acknowledged for discussions and fabrication assistance. Eight devices (4 designs x 2 lengths). published_on left empty: the cached arXiv v2 (p.1) is dated 2023-01-25, before the journal date; the v1 date is not in the cache."
valdez2023a,"100 GHz bandwidth, 1 volt integrated electro-optic Mach-Zehnder modulator at near-IR wavelengths",Forrest Valdez; Viphretuo Mere; Shayan Mookherjea,2023,,"arXiv; associated journal: Optica 10(5), 578",10.1364/optica.484549,2211.13348v1,https://arxiv.org/pdf/2211.13348v1,arxiv_preprint,arxiv,,restricted_local_only,Department of Electrical and Computer Engineering,"University of California, San Diego",,San Diego Nanotechnology Infrastructure,"NanoLN, Jinan Jingzheng Electronics Co., Ltd. (LNOI)",Direct hydrophilic bonding of unetched 200 nm x-cut MgO:LN (LNOI) to CMP-planarized 180 nm SiN waveguides; XeF2 handle removal; Au slow-wave CPW electrodes on LN,US,landmark,full_extract,B,sims/valdez2023a/config.yaml,audited,2026-10-04,"VERSION: all numbers come from the cached arXiv v1 (2211.13348v1, 12 pp including Supplementary Information, arXiv stamp 23 Nov 2022, 'Dated: November 28, 2022' on p.1; title there reads '100 GHz Bandwidth, 1 Volt Near-infrared Electro-optic Mach-Zehnder Modulator'). The Optica version of record (10(5) 578, issued 2023-05-02 per Crossref, title as recorded here, license Optica OA License v2) was not read and may differ. published_on and license left empty (preprint licence not shown); Crossref lists three authors, matching the preprint. Batch CSV id 'valdez2023' was renamed valdez2023a: the existing valdez2023 row is a different paper (Optics Express, 1550/1310 nm). SDNI is acknowledged for part of the work (p.7); the SiN waveguides come from an unnamed 200 mm Si-photonics foundry process. Two rows: 0.4 and 0.8 cm devices of one design. 3 dB bandwidth 100 GHz with range 110 GHz, following the paper's wording: bound (gt) for the 0.4 cm device, approximate crossing (approx) for the 0.8 cm device, whose noisy trace dips below -3 dB near 95-103 GHz. repro_grade B and a sim config for the 0.8 cm cross-section with placeholders for signal and ground widths (not stated). Batch CSV hints (VpiL 0.8 V cm, over 100 GHz, 784 nm) confirmed."
vanackere2023,Heterogeneous integration of a high-speed lithium niobate modulator on silicon nitride using micro-transfer printing,T. Vanackere; T. Vandekerckhove; L. Bogaert; M. Billet; S. Poelman; S. Cuyvers; J. Van Kerrebrouck; A. Moerman; O. Caytan; N. Singh; S. Lemey; G. Torfs; P. Ossieur; G. Roelkens; S. Clemmen; B. Kuyken,2023,2023-08-01,"APL Photonics 8, 086102",10.1063/5.0150878,,https://doi.org/10.1063/5.0150878,journal,open_access,CC-BY-4.0,open_license_ok,"Photonics Research Group, Department of Information Technology (INTEC); IDLab, Department of Information Technology (INTEC); OPERA-Photonique; Laboratoire d'Information Quantique",Ghent University; Université Libre de Bruxelles,imec,,,micro-transfer printing (PDMS stamp) of released x-cut LN coupons onto electron-beam-patterned SiN waveguides; Ti/Au lift-off electrodes,BE,web;assigned,full_extract,B,sims/vanackere2023/config.yaml,audited,2026-10-02,"Numbers from the APL Photonics version of record as served by the Ghent photonics group (cached PDF is the published article with AIP cover page; page 1 of text.md is the cover, article pages are 2-8). License CC-BY-4.0 from Crossref (vor and tdm records) and the article's own notice (p.2 'All article content, except where otherwise noted, is licensed under a Creative Commons Attribution (CC BY) license'). Supplementary material (piezo resonance, RF attenuation simulation, taper design) not in the cache. Fabricating facility and LN source wafer supplier not named in the main text, so left empty. Affiliation 'Ghent University-imec' entered as Ghent University and imec."
wang2018,Nanophotonic lithium niobate electro-optic modulators,Cheng Wang; Mian Zhang; Brian Stern; Michal Lipson; Marko Lončar,2018,2017-01-23,"Optics Express 26(2), 1547",10.1364/oe.26.001547,1701.06470,https://doi.org/10.1364/oe.26.001547,journal,arxiv,Optica-OA-License-v1,restricted_local_only,John A. Paulson School of Engineering and Applied Sciences; School of Electrical and Computer Engineering; Department of Electrical Engineering,Harvard University; Cornell University; Columbia University,,Center for Nanoscale Systems,,,US,drive_doc,full_extract,C,,audited,2026-10-01,"All numbers come from the arXiv v1 preprint (arXiv:1701.06470v1, 23 Jan 2017, dated 24 Jan 2017; the cached PDF carries that stamp), not the journal version of record (Optics Express 26, 1547, published online 2018-01-16 per Crossref), which was not read; differences between versions are unknown. published_on is the arXiv v1 date from the PDF stamp; year is the journal year. License: Crossref lists the Optica OA license (OA_License_v1, VOR-OA) for the journal version; the arXiv preprint carries no license notice, so redistribution is restricted_local_only. Fabrication at the Center for Nanoscale Systems, Harvard University (acknowledgements). Substrate/LN supplier not stated. Rows: one 2 mm MZI and five racetrack rows (Q 50,000 tuning; Q 8,000, 5,700, 18,000 bandwidth points; one eye-diagram row whose Q is not identified). repro_grade C: electrode width/thickness, BOX and cladding thickness, sidewall angle missing; lumped-electrode device, so no sim config."
wang2022a,Thin-Film Lithium Niobate based Dual-Polarization IQ modulator for Single-Carrier 1.6 Tb/s Transmission,Xuanhao Wang;Chenglin Shang;An Pan;Xingran Cheng;Tao Gui;Shuai Yuan;Chengcheng Gui;Keshuang Zheng;Peijie Zhang;Xiaolu Song;Yanbo Li;Liangchuan Li;Cheng Zeng;Jinsong Xia,2022,,arXiv,,2201.09730v1,https://arxiv.org/pdf/2201.09730v1,arxiv_preprint,arxiv,,restricted_local_only,Wuhan National Laboratory for Optoelectronics,Huazhong University of Science and Technology,Huawei Technologies,,NANOLN (commercial LNOI),Cr hard-mask EBL and Ar ICP-RIE of 260 nm LN ridge; SSC with SiON cladding waveguide; Ti heaters and Au electrodes by lift-off,CN,web;assigned,full_extract,B,sims/wang2022a/config.yaml,audited,2026-10-02,"VERSION: arXiv v1 preprint (4 pages); no journal version or DOI located in this batch, so none is recorded and license is empty (rights of the preprint unverified). Year 2022 from the arXiv id (2201). Fabrication facilities (CMFC and CNCD of WNLO) appear only in the acknowledgements as facility support, so foundry_or_fab is empty. Huawei Technologies written as in the affiliations (Dongguan and Shenzhen). repro_grade B: cladding stack in the modulation section (900 nm SiO2, 3.2 um SiON, 2 um SiO2) and which rib width is quoted need the Fig. 1(b) sketch."
wang2024a,Ultrabroadband thin-film lithium tantalate modulator for high-speed communications,Chengli Wang; Dengyang Fang; Junyin Zhang; Alexander Kotz; Grigory Lihachev; Mikhail Churaev; Zihan Li; Adrian Schwarzenberger; Xin Ou; Christian Koos; Tobias J. Kippenberg,2024,,"Optica 11(12), 1614",10.1364/optica.537730,2407.16324,https://doi.org/10.1364/optica.537730,journal,open_access,"Optica-OA-License-v2 (journal version, Crossref); arXiv v2 licence not shown in cached text",restricted_local_only,"Institute of Physics, EPFL (Tobias J. Kippenberg, corresponding author); Center of Quantum Science and Engineering; Institute of Photonics and Quantum Electronics (Christian Koos, corresponding author); National Key Laboratory of Materials for Integrated Circuits (Xin Ou, corresponding author)",Swiss Federal Institute of Technology Lausanne; Karlsruhe Institute of Technology,"Shanghai Institute of Microsystem and Information Technology, Chinese Academy of Sciences",EPFL Center of MicroNano Technology; EPFL Institute of Physics cleanroom,LTOI wafers fabricated by the authors (C.W. and X.O.) by ion-cutting and wafer bonding from optical-grade bulk LiTaO3; wafer fab site not named,"Die-level EBL, ion-beam dry etch plus KOH wet etch (half-etched 600 nm LiTaO3 rib), lift-off of 800 nm silver CPW electrodes",CH;DE;CN,landmark,full_extract,B,sims/wang2024a/config.yaml,audited,2026-10-04,"VERSION: all numbers from the cached arXiv v2 preprint (2407.16324v2, 28 Oct 2024, p.1 stamp, 7 pages); the Optica journal version (Crossref: online 2024-11-26, Optica 11(12) 1614) was not read and may differ. published_on left empty: the batch date 2024-07-23 (arXiv v1) is not verifiable from the cache and Crossref dates the journal version. License: Crossref lists Optica OA License v2 (VOR-OA) for the journal version; the batch CSV label CC-BY-4.0 is not supported by Crossref or the cached text, so redistribution is restricted_local_only. One device row (6 mm silver-electrode push-pull MZM). The preprint text has typos (600 mm long device; gold alpha 0.77 in text vs 0.7 on Fig. 1(c)). The V_pi L 2.8 V cm is stated by the authors from V_pi 4.8 V (derived). The 110 GHz 3 dB point is the authors' stated approximate bandwidth (claimed crossing at the measurement limit); the measured trace first dips below -3 dB near 90 GHz and ends near -3.3 dB at 110 GHz, while the EE-derived simulated curve crosses near 110 GHz (Fig. 2(c), approx. reading). repro_grade B: ground widths, etch depth (only half-etched), sidewall angle and whether the 1.2 um width is top or bottom need the Fig. 1 sketches and SEM; the SEM inset rib looks about 2 um wide, inconsistent with 1.2 um. Batch CSV hints (platform, class, priority) confirmed."
wang2024b,Lithium tantalate photonic integrated circuits for volume manufacturing,Chengli Wang; Zihan Li; Johann Riemensberger; Grigory Lihachev; Mikhail Churaev; Wil Kao; Xinru Ji; Junyin Zhang; Terence Blesin; Alisa Davydova; Yang Chen; Kai Huang; Xi Wang; Xin Ou; Tobias J. Kippenberg,2024,2024-05-08,"Nature 629(8013), 784-790",10.1038/s41586-024-07369-1,,https://doi.org/10.1038/s41586-024-07369-1,journal,open_access,CC-BY-4.0,open_license_ok,"National Key Laboratory of Materials for Integrated Circuits; Institute of Physics, EPFL (Tobias J. Kippenberg, corresponding author); Center of Quantum Science and Engineering",Swiss Federal Institute of Technology Lausanne,"Shanghai Institute of Microsystem and Information Technology, Chinese Academy of Sciences",EPFL Center of MicroNano Technology; EPFL Institute of Physics cleanroom,LTOI wafers fabricated at Shanghai Novel Si Integration Technology (NSIT) and the Shanghai Institute of Microsystem and Information Technology (acknowledgements),"DUV stepper lithography, DLC hard mask, Ar ion-beam etch, KOH:H2O2 redeposition removal, 2 um PECVD SiO2 cladding; DUV lift-off gold electrodes",CH;CN,landmark,full_extract,C,,audited,2026-10-04,"Numbers from the Nature version of record (published online 2024-05-08, issue date 2024-05-23, 15 pages with Methods and Extended Data); license CC-BY-4.0 from the Crossref VOR record and the article notice. Three rows: wang2024b-a (2.5 mm push-pull MZM at 1550 nm, with bandwidth), -b (same chip at 1310 nm) and -c (2 um racetrack with EO tuning 255 MHz/V). Platform headline: 5.6 dB/m propagation loss (derived from a 26.8 MHz intrinsic linewidth of a 2 um wide racetrack, not the MZM; spiral about 9 dB/m) not entered in device rows. Paper says bandwidth more than 40 GHz; Fig. 3(f) trace touches -3 dB near 33-35 GHz, recovers to about -1.7 dB near 37 GHz, crosses near 41 GHz and stays below -3 dB from about 43 GHz (approx. reading), plotted to 50 GHz. repro_grade C, no sim config: signal width, electrode thickness, cladding of the MZM and ground widths not stated; film 600 nm vs 220 nm etch plus 400 nm slab inconsistent; the SEM in Fig. 3(e) suggests a narrower waveguide-to-electrode gap than the stated 2.5 um per side. ER 15 dB is quoted without a wavelength and not entered. Batch CSV hints confirmed."
wang2025,Thin-Film Lithium Tantalate Modulator Operating at High Optical Power,Haohua Wang; Ao Cui; Bin Chen; Ziliang Ruan; Changjian Guo; Kaixuan Chen; Liu Liu,2025,2025-06-26,"ACS Photonics 12(10), 5345-5351",10.1021/acsphotonics.5c00159,,https://doi.org/10.1021/acsphotonics.5c00159,journal,paywalled,publisher STM-ASF policy terms only (Crossref); no open license verified,restricted_local_only,"Guangdong Provincial Key Laboratory of Optical Information Materials and Technology, South China Academy of Advanced Optoelectronics; National Center for International Research on Green Optoelectronics; State Key Laboratory of Extreme Photonics and Instrumentation, College of Optical Science and Engineering, International Research Center for Advanced Photonics",South China Normal University; Zhejiang University,,,Novel Si Integration Technology (acoustic-grade LTOI wafer),EBL (Ma-N 2403) and Ar ICP etch of the ridge; 900 nm PECVD SiO2; e-beam evaporated electrodes by lift-off; substrate thinned to about 250 um and backside DRIE to the BOX,CN,drive_doc;tmp_eo_md;local_corpus,full_extract,B,sims/wang2025/config.yaml,audited,2026-10-04,"Numbers from the ACS Photonics ASAP PDF (lettered pages A-E, no volume or pages; venue and pages from Crossref; issue version not read; received 2025-01-18, accepted 2025-06-23; Crossref online 2025-06-26, issue 12(10) 2025-10-15). Crossref lists only publisher STM-ASF policy URLs, no open license; batch CSV license field is the same policy list. Fabrication facility not named (only the wafer supplier and an EVG620 contact lithography system), so foundry_or_fab is empty. One row; V_pi 4.6 V, V_pi L 3.22 V cm (authors computed), results identical at 0 and 35 dBm fiber input (-7 and 28 dBm in the modulator). 3 dB bandwidth around 55 GHz is the authors wording (conclusion: exceeding 55); traces first reach -3 dB near 50-51 GHz and oscillate about -3 dB to 63 GHz (Fig. 4(c), approx. reading), plotted to 67 GHz. IL 2 dB: normalization not stated. Drive and V_pi convention inferred from the CLTW layout (derived). X-112 deg Y cut with propagation along the 112 deg Y axis: EO efficiency 0.83 of optimum per the authors. repro_grade B: ground electrode widths, hole offsets and T-segment letters need the Fig. 1 sketches. Batch CSV hints (platform, class, sim_candidate unknown) confirmed."
wang2026a,Toward 400 G/Lane Silicon Differential-Drive Mach-Zehnder Modulator with > 80 GHz Bandwidth for Optical Interconnects,Haibo Wang; Qianni Zhang; Yanming Zhang; Pengfei Guo; Jindian Wei; Wenxu Gu; Ting Yu Teo; Haiyang Zheng; Chao Li; Patrick Guo-Qiang Lo,2026,,"Optical Fiber Communication Conference (OFC) 2026, paper W3E.5",10.1364/ofc.2026.w3e.5,,https://doi.org/10.1364/ofc.2026.w3e.5,conference,unknown,publisher-copyright,restricted_local_only,,,Advanced Micro Foundry,Advanced Micro Foundry,,Advanced Micro Foundry standard High-Performance platform (LPCVD SiN on 200 mm SOI),SG,ofc2026;local_corpus,full_extract,C,,audited,2026-10-04,"License from the paper's own notice (OFC 2026 (c) Optica Publishing Group); Crossref lists no license. published_on left empty: batch date is a schedule date that Crossref (year only) does not confirm. Affiliation from the paper (Advanced Micro Foundry Pte Ltd, entered under the existing organization name). Two devices: C-band 81.8 GHz and O-band high-efficiency. Doping and electrode dimensions not given: grade C, no sim config (silicon)."
wang2026b,Multi-channel high-speed flip-chip packaging platform for thin-film lithium niobate photonic circuits,Zhenzheng Wang; Xiangzhi Xie; Yikun Chen; Yifan Wu; Zeyu Luo; Hanke Feng; Yulong Chen; Zengyi Xu; Zixi Wang; Yuansong Zeng; Mandie Huang; Ke Zhang; Yingxia Liu; Cheng Wang,2026,,arXiv,,2606.15391v1,https://arxiv.org/pdf/2606.15391v1,arxiv_preprint,arxiv,,restricted_local_only,"Department of Electrical Engineering; State Key Laboratory of Terahertz and Millimeter Waves; Department of Systems Engineering; Key Laboratory for the Information Science of Electromagnetic Waves (MoE), College of Future Information Technology",City University of Hong Kong; Fudan University,Rhinopix Technology Limited,,,"Half-etched 500 nm TFLN, Cu/Au electrodes, NiCr heaters, 3 um SiO2, solder-ball flip-chip bonding to a PCB (bonding service acknowledged, not a fab)",HK;CN,web_search;author_group_followup;continuation_2026_10_02,full_extract,C,,audited,2026-10-02,"VERSION: all numbers come from the cached arXiv v1 preprint (2606.15391v1, 12 pages, Supplementary data not cached). License and published_on empty. Packaging/system paper that nevertheless reports modulator metrics, so four device rows: AM unit (DC Vpi 2.2 V, VpiL 2.4 V cm, chip-level EO BW about 30 GHz, RF Vpi about 3.7 V at 50 GHz derived by the authors), comb PM (RF Vpi about 3.9 V at 50 GHz, estimated), the 2x8 switch (about 3 dB on-chip IL) and AM 2 of the transmitter (OOK to 20 Gbaud, oscilloscope-limited). Packaging results (FC bond loss below 1 dB average DC-53 GHz, crosstalk below -22 dB, 94 percent bonding yield, 13 HS + 32 LS channels) have no device column and live in this note. repro_grade C: wavelength, rib width, gap and electrode widths, BOX thickness not stated; fabrication follows an earlier paper. Batch hints: 50 GHz is the packaging interface bandwidth, not an EO bandwidth; the CSV class 'other' is kept only for the switch row. Fabrication facility and wafer supplier not named; SJTU-Pinghu Institute of Intelligent Optoelectronics acknowledged only for flip-chip bonding services."
weigel2018,Bonded thin film lithium niobate modulator on a silicon photonics platform exceeding 100 GHz 3-dB electrical modulation bandwidth,Peter O. Weigel; Jie Zhao; Kelvin Fang; Hasan Al-Rubaye; Douglas Trotter; Dana Hood; John Mudrick; Christina Dallo; Andrew T. Pomerene; Andrew L. Starbuck; Christopher T. DeRose; Anthony L. Lentine; Gabriel Rebeiz; Shayan Mookherjea,2018,2018-08-29,"Optics Express 26(18), 23728",10.1364/oe.26.023728,1803.10365,https://doi.org/10.1364/oe.26.023728,journal,open_access,Optica-OA-License-v1,restricted_local_only,"Electrical & Computer Engineering, University of California, San Diego; Applied Microphotonic Systems, Sandia National Laboratories","University of California, San Diego",Sandia National Laboratories,Sandia National Laboratories,NanoLN (Jinan Jingzheng Electronics Co. Ltd.),,US,landmark;local_corpus,full_extract,C,,audited,2026-10-01,"Cached source is an author manuscript titled 'Bonded Thin Film Lithium Niobate Modulator on a Silicon Photonics Platform Exceeding 100 GHz Bandwidth' (19 pages, figures at the end), not the journal version of record under the longer Crossref title; the version of record was not read and its numbers may differ. published_on is the Crossref online date of the journal version. License: Crossref lists OA_License_v1 (VOR-OA) and the OPG TDM policy; prefetch metadata says Optica-OA-License-v2 (not matching Crossref); the manuscript carries no notice, so redistribution is restricted_local_only. Si photonics from a 'foundry Si photonics process' cited to Sandia (ref. 4); UCSD Nano3 cleanroom is listed in the funding statement without saying which steps; only Sandia is entered as fab. arxiv_id from the batch CSV, not verified in the cached file. repro_grade C: LN thickness, CPW gap and signal width not reported; no sim config."
witmer2020,A silicon-organic hybrid platform for quantum microwave-to-optical transduction,Jeremy D. Witmer; Timothy P. McKenna; Patricio Arrangoiz-Arriola; Raphaël Van Laer; E. Alex Wollack; Francis Lin; Alex K.-Y. Jen; Jingdong Luo; Amir H. Safavi-Naeini,2020,,"arXiv; associated journal: Quantum Science and Technology 5(3), 034004 (2020)",10.1088/2058-9565/ab7eed,1912.10346v1,https://arxiv.org/pdf/1912.10346v1,arxiv_preprint,arxiv,,restricted_local_only,Ginzton Laboratory,Stanford University; University of Washington; City University of Hong Kong,,Stanford Nano Shared Facilities; Stanford Nanofabrication Facility,Shin-Etsu,"EBL (100 keV, CSAR) and Cl2/HBr RIE on 220 nm float-zone SOI; Al metallization (100 nm and 200 nm); SEO100C (Soluxra) spin-coated and poled in device",US;HK,web_search;author_group_followup;continuation_2026_10_02,full_extract,C,,audited,2026-10-02,"VERSION: all numbers from the cached arXiv v1 preprint (1912.10346v1, 31 pages, 21 Dec 2019); the Quantum Science and Technology version of record (5(3) 034004, issued 2020-04-27, IOP license terms per Crossref) was not read and may differ. published_on and license empty. IDENTITY/VERSION FLAG: the cached abstract and Section 6 state an electro-optic coupling rate g0/2pi of 330 Hz (inferred from conversion efficiency; 400 Hz predicted from room-temperature tuning, Table 1); the published abstract's 590 Hz (batch hint) is not in the cached text and is not used. Nine authors match Crossref; Crossref carries no affiliations, they come from the preprint (Stanford; University of Washington; City University of Hong Kong). Quantum microwave-to-optical transducer platform paper, not a classical modulator paper: rows are written only for the EO-tuned optical resonators because they report modulator-type metrics (EO resonance tuning rate, loaded Q, FSR). Transduction results (efficiency 2.2e-9, conversion bandwidth 20.3 MHz, g0, microwave Q, sideband selectivity 9.5 dB, quasiparticle effects, spiral resonators) have no schema columns and appear only in notes. No sim config. repro_grade C. Three device rows (converter cavity, slotted test cavity, unslotted test cavity). Hints: platform eo_polymer and class other confirmed."
wolf2018a,Silicon-Organic Hybrid (SOH) Mach-Zehnder Modulators for 100 Gbit/s on-off Keying,Stefan Wolf;Heiner Zwickel;Wladislaw Hartmann;Matthias Lauermann;Yasar Kutuvantavida;Clemens Kieninger;Lars Altenhain;Rolf Schmid;Jingdong Luo;Alex K.-Y. Jen;Sebastian Randel;Wolfgang Freude;Christian Koos,2018,,arXiv,10.1038/s41598-017-19061-8,1709.01793,https://arxiv.org/abs/1709.01793,arxiv_preprint,arxiv,,restricted_local_only,,Karlsruhe Institute of Technology;University of Washington;University of Muenster,Infinera Corporation;Micram Microelectronic GmbH,Institute of Microelectronics,,248 nm deep-ultraviolet lithography,DE;US,landmark,full_extract,C,,audited,2026-10-02,Metrics from arXiv 1709.01793v1 only. Journal year retained from Crossref; first-public date unverified offline and omitted. Cached-version license unverified; publisher license not transferred. SOH: no dielectric-TWE simulation config. Muenster and Infinera are present addresses. Referenced Supplementary Information is absent from the cached 18-page main manuscript.
wu2023,Wafer-scale Graphene Electro-absorption Modulators Fabricated in a 300mm CMOS Platform,Chenghan Wu; Steven Brems; Didit Yudistira; Daire Cott; Alexey Milenin; Kevin Vandersmissen; Arantxa Maestre; Alba Centeno; Amaia Zurutuza; Joris Van Campenhout; Cedric Huyghebaert; Dries Van Thourhout; Marianna Pantouvaki,2023,,arXiv,,2304.02646v1,https://arxiv.org/pdf/2304.02646v1,arxiv_preprint,arxiv,,restricted_local_only,"Photonics Research Group, Department of Information Technology, Ghent University-imec",Ghent University,imec; Graphenea Semiconductor SLU,,Graphenea Semiconductor SLU (6-inch CVD graphene); SOI wafer supplier not stated,"300 mm CMOS pilot line graphene EAM integration flow (planarization, TMA-seeded Al2O3 encapsulation, damascene contacts)",BE;ES,web_search;author_group_followup;continuation_2026_10_02,full_extract,B,,audited,2026-10-02,"VERSION: all numbers from the cached arXiv v1 preprint (2304.02646v1, 13 pages, 28 Mar 2023; page headers carry a Wiley-VCH typeset format but no journal, DOI or license is stated); published_on and license empty. No journal version identified (batch hint 'check for journal version' unresolved, no network). Four device rows = wafer D (optimized) at 25/50/75/100 um; wafers A-C only in Table 2 and not entered. Batch CSV hints confirmed: 50 +- 4 dB/mm modulation depth at 6 Vpp over 400 devices (Table 2, wafer D) and 15.1 +- 1.8 GHz for 25 um devices (Table 3). repro_grade B: rib width, slab, Si thickness, BOX, gate oxide and contact diameter given; capping Al2O3 thickness, doping levels and metal geometry not stated. No sim config (graphene EAM). foundry_or_fab left empty (2026-10-03 audit F11): the paper says '300 mm pilot CMOS foundry environment' and thanks imec's industry affiliation program but never states that imec fabricated the devices; imec stays in companies as an author affiliation only."
wu2025,Heterogeneous Back-End-of-Line Integration of Thin-Film Lithium Niobate on Active Silicon Photonics for Single-Chip Optical Transceivers,Lingfeng Wu; Zhonghao Zhou; Weilong Ma; Haohua Wang; Ziliang Ruan; Changjian Guo; Shiqing Gao; Zhishan Huang; Lu Qi; Jie Liu; Jing Feng; Dapeng Liu; Kaixuan Chen; Liu Liu,2026,,arXiv,10.1002/lpor.71344,2512.07196v1,https://arxiv.org/abs/2512.07196v1,arxiv_preprint,arxiv,,restricted_local_only,Guangdong Provincial Key Laboratory of Optical Information Materials and Technology; South China Academy of Advanced Optoelectronics; National Center for International Research on Green Optoelectronics; State Key Laboratory of Extreme Photonics and Instrumentation; International Research Center for Advanced Photonics; State Key Laboratory of Optoelectronic Materials and Technologies,South China Normal University; Zhejiang University; Sun Yat-sen University,"Chongqing United Microelectronics Center Co., Ltd",,NanoLN,"CUMEC 8-inch 130 nm Si/SiN photonics PDK on SOI (220 nm Si, 3 um BOX); trench-based BCB die-to-wafer bonding of x-cut LNOI after full Si photonics process; contact i-line lithography for TFLN",CN,blog:OFS-77;blog:OFS-118,full_extract,C,,audited,2026-10-02,"ALL NUMBERS FROM arXiv v1 (2512.07196v1, cached PDF created 2025-12-08 per file metadata), NOT the Laser & Photonics Reviews version (Crossref 20(18), e71344, issued 2026-05-25); journal numbers may differ. Cached preprint has no Supplementary Information ('available at xxx', p.11): Supplementary Section I (electrode/waveguide design) and II (coupler data) not read, so ridge etch depth, electrode gap and widths are not available. year 2026 and DOI are the journal's (Crossref); published_on left empty because the arXiv posting date is not verifiable from the PDF. Authors as printed on the preprint (order differs from Crossref: the preprint lists Changjian Guo after Ziliang Ruan, Crossref after Jing Feng). License of the cached preprint not verified; Crossref license (Wiley terms) applies to the version of record only. Foundry/fab for the device not named (CUMEC supplies the PDK, authors are affiliated; not stated as fabricator), so foundry_or_fab is empty. Ge photodetector (47 GHz at -1 V, 56 GHz at -2 V), Si thermo-optic phase shifter (17.1 mW pi) and on-chip link EE bandwidth (about 60 GHz) are not EO modulator device rows."
xu2020,High-performance coherent optical modulators based on thin-film lithium niobate platform,Mengyue Xu;Mingbo He;Hongguang Zhang;Jian Jian;Ying Pan;Xiaoyue Liu;Lifeng Chen;Xiangyu Meng;Hui Chen;Zhaohui Li;Xi Xiao;Shaohua Yu;Siyuan Yu;Xinlun Cai,2020,,"arXiv; associated journal: Nature Communications 11, 3911",10.1038/s41467-020-17806-0,2006.15536v1,https://arxiv.org/pdf/2006.15536v1,arxiv_preprint,arxiv,,restricted_local_only,State Key Laboratory of Optoelectronic Materials and Technologies; National Information Optoelectronics Innovation Center; State Key Laboratory of Optical Communication Technologies and Networks,Sun Yat-sen University,China Information and Communication Technologies Group Corporation,,NANOLN (commercial X-cut LNOI),HSQ-mask EBL and Ar ICP etch of 300 nm LN ridge; a-Si/LN grating couplers; lift-off Ti heaters and 900 nm Au electrodes,CN,landmark,full_extract,C,,audited,2026-10-02,"VERSION: all numbers come from the cached arXiv v1 preprint (2006.15536v1, 10 pages, no Supplementary Information); the Nature Communications version of record (11, 3911, issued 2020-08-06, CC-BY-4.0 per Crossref) was not read and its numbers may differ. 14 authors match Crossref. published_on empty and license empty: the Crossref CC-BY-4.0 record belongs to the version of record, not to the cached preprint. repro_grade C and no sim config: buried-oxide thickness, cladding and substrate are not stated in v1 (Supplementary Notes cited but absent); film 600 nm is the SEM label in Fig. 1(d). No fabricator named. First nested IQ modulator on LNOI; two arm lengths on one chip."
xu2022,Dual-polarization thin-film lithium niobate in-phase quadrature modulators for terabit-per-second transmission,Mengyue Xu; Yuntao Zhu; Fabio Pittalà; Jin Tang; Mingbo He; Wing Chau Ng; Jingyi Wang; Ziliang Ruan; Xuefeng Tang; Maxim Kuschnerov; Liu Liu; Siyuan Yu; Bofang Zheng; Xinlun Cai,2022,2022-01-10,"Optica 9(1), 61",10.1364/optica.449691,,https://doi.org/10.1364/optica.449691,journal,open_access,Optica-OA-License-v2 (Crossref VOR license record),restricted_local_only,,,,,,,,landmark,needs_download,,,audited,2026-10-01,"Metadata only (identity, date and licence from Crossref). No retrievable source in the offline cache, so no device rows. A Crossref abstract seen at prefetch time (not retained in the tracked record; unverified) described a dual-polarization TFLN IQ modulator; no metrics entered. Crossref lists Sun Yat-Sen University and Zhejiang University for 8 of 14 authors; remaining affiliations unknown until the PDF is obtained, so affiliation columns stay empty. Listed in data/manual_downloads.md."
yu2024,Stable room-temperature multiferroic skyrmions in lithium niobate with enhanced Pockels effect,Yalong Yu;Bo Xiong;Siqi Wu;Yekai Ren;Nuo Chen;Qingjiao Mi;Kangping Lou;Rui Wang;Tao Chu,2024,,arXiv,,2407.05349v1,https://arxiv.org/pdf/2407.05349v1,arxiv_preprint,arxiv,,restricted_local_only,"College of Information Science and Electronic Engineering and School of Physics, Zhejiang University (Tao Chu, corresponding author)",Zhejiang University,,,NANOLN (X-cut LNOI wafer and bulk LN),"X-cut LNOI MZM: i-line stepper photolithography, ICP etch of LN and SiO2, PECVD SiO2, e-beam evaporated gold; magnetic-field anneal (1 T, 733 K, 30 min) then rapid anneals (823 K, 20 min)",CN,web_search;author_group_followup,full_extract,C,,audited,2026-10-02,"VERSION: all numbers come from the cached arXiv v1 (2407.05349v1, 22 pp with Supplement); no journal version or DOI located, none recorded; no crossref.json (no DOI), so published_on and license are empty. repro_grade C and no sim config: only Table 1 cross-section labels (read against the Fig. 2 schematic) are given; electrode thickness and widths, sidewall angle and slab/etch values are not stated, and the only response data are Vpi at 1 MHz (no RF, bandwidth or loss). Four device rows: the same 4 mm X-cut TFLN MZM after successive treatments S0 (untreated), S1 (magnetic-field anneal, 'skyrmions'), S2 (first rapid anneal, 'multiferroic skyrmions') and S3 (second rapid anneal) (Fig. 4a p.10). The paper attributes the Vpi drop to a Pockels enhancement by multiferroic skyrmions; it reports a single device, no repeat devices and no control anneal without the magnetic step, and no direct measurement of r (the coefficient is inferred from the Vpi ratio). Pockels coefficient numbers (no column): abstract and intro give 101 pm/V versus the 32 pm/V literature value; p.11 text gives 69 pm/V; Fig. 4(d) p.10 right axis shows about 100 pm/V for S3 (read from figure). Material numbers: skyrmion size below about 30 nm, stable to 673 K and 0.7 T (LTEM, p.1-7), not device metrics. Fabricator not named beyond an acknowledgement of technical support from the Zhejiang University micro-nano fabrication centre, so foundry_or_fab is empty."
yue2023,Breaking the Baud Rate Ceiling of Electro-Optic Modulators Using Optical Equalization Technique,Hengsong Yue;Nuo Chen;Tao Chu,2023,,arXiv,,2312.14537v1,https://arxiv.org/pdf/2312.14537v1,arxiv_preprint,arxiv,,restricted_local_only,,Zhejiang University,,Semiconductor Manufacturing International Corporation;Advanced Micro Foundry,,SMIC CMOS silicon photonics process (low-speed DDMZM); Advanced Micro Foundry SOI process (high-speed DDMZM),CN,web_search;author_group_followup;continuation_2026_10_02,full_extract,C,,audited,2026-10-02,"VERSION: cached arXiv v1 preprint (2312.14537v1, 19 pages), no DOI and no Crossref record; license and published_on left empty. Optical-equalization technique on silicon dual-drive MZMs (no sim config): two rows, a 3 mm low-speed device (SMIC, 30 to 90 GBd) and a 1 mm high-speed device (AMF, 100 to 128 GBd), OOK without DSP. RELATION TO yue2025 (arXiv 2410.09816, Optica 2025, in data/candidates.csv, text not cached): distinct work, not the same paper. yue2025 reports a tunable time-frequency equalization giving a 3 dB bandwidth over 110 GHz and 140 GBd OOK (its abstract); yue2023 reports a baud-rate improvement by amplitude-weighted arm subtraction with no S21 bandwidth measurement and a 128 GBd limit set by the test system. Same group (Tao Chu, Zhejiang University), related lineage, yue2025 uses a single multi-region traveling-wave MZM with reversed-doping regions and one drive signal (its text), whereas yue2023 uses two drive amplitudes on a dual-drive MZM; yue2023 is not cited in the cached yue2025 PDF text; numbers are kept strictly separate. The CSV hint 'potential for 200 Gbaud and beyond' is confirmed as an abstract statement. repro_grade C: doping, optical length fraction and electrode details incomplete."
yue2025,Silicon modulator exceeding 110 GHz using tunable time-frequency equalization,Hengsong Yue; Jianbin Fu; Hengwei Zhang; Bo Xiong; Shilong Pan; Tao Chu,2025,,"arXiv; associated journal: Optica 12(2), 203 (issued 2025-02-06 per Crossref)",10.1364/optica.545011,2410.09816v1,https://arxiv.org/pdf/2410.09816v1,arxiv_preprint,arxiv,,restricted_local_only,College of Information Science and Electronic Engineering; National Key Laboratory of Microwave Photonics,Zhejiang University;Nanjing University of Aeronautics and Astronautics,,Advanced Micro Foundry,,,CN,landmark,full_extract,C,,audited,2026-10-04,"Numbers from arXiv v1 (18 pp, no supplement cached); the Optica version of record (Crossref license Optica-OA-License-v2) was not read and may differ. Supplementary Sections S1-S5 (loss, modulation efficiency) not available. Doping levels and electrode thickness not stated: grade C, no sim config (silicon). arXiv v1 p.1 states Optica Open Access Publishing Agreement; VoR license OA_License_v2 per Crossref."
zhang2022,Systematic investigation of millimeter-wave optic modulation performance in thin-film lithium niobate,Yiwen Zhang;Linbo Shao;Jingwei Yang;Zhaoxi Chen;Ke Zhang;Kam-Man Shum;Di Zhu;Chi Hou Chan;Marko Lončar;Cheng Wang,2022,2022-09-28,"Photonics Research 10(10), 2380",10.1364/prj.468518,,https://doi.org/10.1364/prj.468518,journal,paywalled,publisher-copyright,restricted_local_only,State Key Laboratory of Terahertz and Millimeter Waves,City University of Hong Kong;Harvard University;Virginia Tech,"Agency for Science, Technology and Research",,NANOLN (commercial TFLN wafer),HSQ-mask EBL and Ar RIE of 300 nm LN; Cu/Au lift-off electrodes; PECVD SiO2 cladding,HK;US;SG,landmark,full_extract,B,sims/zhang2022/config.yaml,audited,2026-10-02,"Cached source is an institutional copy of the version of record (publication date 2022-09-28 and page 1 notice 'Chinese Laser Press' as printed). Crossref lists no license; access paywalled and redistribution restricted_local_only as the conservative reading (page 1 carries the publisher copyright line). 3-dB bandwidth: Sec. 1 text states 175 GHz for the 5.8 mm device but abstract, Sec. 3.C and Fig. 5(d) give 170 GHz; 170 used. Fabrication facility not named in the text. repro_grade B: ground-electrode width and rib sidewall angle are not stated; cladding conformality from Fig. 1(c)."
zhang2023,High-speed electro-optic modulation in topological interface states of a one-dimensional lattice,Yong Zhang;Jian Shen;Jingchi Li;Hongwei Wang;Chenglong Feng;Lei Zhang;Lu Sun;Jian Xu;Ming Liu;Ying Wang;Yonghui Tian;Jianwen Dong;Yikai Su,2023,2023-08-29,"Light: Science & Applications 12, 206",10.1038/s41377-023-01251-x,,https://doi.org/10.1038/s41377-023-01251-x,journal,open_access,CC-BY-4.0,open_license_ok,"State Key Laboratory of Advanced Optical Communication Systems and Networks (Yong Zhang and Yikai Su, corresponding authors)",Shanghai Jiao Tong University;Lanzhou University;Sun Yat-sen University,,Center for Advanced Electronic Materials and Devices,NanoLN (X-cut LNOI wafer),,CN,web,full_extract,C,,audited,2026-10-02,"Version of record (received 2023-02-06, accepted 2023-08-03). License CC-BY-4.0 verified on the Crossref VOR license record and the article notice (p.1). Supplementary Notes S1-S9 are not in the cached PDF and were not read (capacitance derivation S5, RC limit S6, DSP S8, electrode gap not available). Resonant (SiN-loaded LNOI topological cavity, lumped electrodes) device: repro_grade C, no sim config. Bandwidth 104 GHz relies on optical peaking at the -8 dB detuning point. High-speed S21 measured at the National Information Optoelectronics Innovation Center (Wuhan), not an author affiliation, so not entered as an organization."
zheng2026,Micro-Transfer Printing of Lithium Niobate on 200 mm Silicon Photonics: A High-Speed Heterogeneous Wafer-Scale Platform,Xiujun Zheng;Suzanne Bisschop;Arno Moerman;Margot Niels;Ewoud Vissers;Athina Papadopoulou;Philip Ekkels;Patrick Nenezic;Simone Atzeni;Elif Ozceri;Tiernan McCaughery;Ali Uzun;Ye Chen;Laurens Bogaert;Nishant Singh;Sandeep Seema Saseendran;Sofie Janssen;Natarajan Rajasekaran;Sadhishkumar Balakrishnan;Philippe Absil;Günther Roelkens;Bart Kuyken;Sarah Uvin;Maximilien Billet,2026,,arXiv,,2605.28971v2,https://arxiv.org/pdf/2605.28971v2,arxiv_preprint,arxiv,,restricted_local_only,Department of Information Technology (INTEC) - Photonics Research Group; Department of Information Technology (INTEC) - IDLab,Ghent University,imec,imec,,micro-transfer printing (50 nm bonding layer) of pre-patterned TFLN coupons onto imec 200 mm Si/SiN wafers; Al RDL electrodes (500 nm or 1 um) over a 100 nm oxide spacer,BE,blog:OFS-104,full_extract,C,,audited,2026-10-04,"VERSION: all numbers come from the cached arXiv v2 (2605.28971v2, 15 pp, stamped 2026-06-15, dated 2026-06-16). No crossref.json exists: identity from the paper and source.json; no DOI; license and published_on empty (batch-hint license CC-BY-NC-SA-4.0 and v1 date unverifiable offline). Platform and wafer-statistics paper with limited modulator metrics: six device rows (pre-metallisation IL statistic; Vpi at 4, 5 and 6 um gaps; EOE bandwidth chips with 500 nm and 1 um Al). Vpi 5.5 and 7.0 V are Fig. 4(f) box-plot medians (approximate); the 4 V is the text value. The text gives bandwidth as 20-30 GHz (500 nm Al) and 70 GHz+ (1 um Al, authors expect about 90 GHz); the gap and wavelength of the EOE chips are not stated. IL below 2 dB is the pre-metallisation wafer mean (Fig. 3(c)); about 2 dB extra after metallisation. TFLN thickness, SiN dimensions and electrode widths are not given: repro_grade C, no sim config (batch hint sim_candidate unknown not followed). Not entered: printing yield above 95 percent and alignment 3 sigma 420-770 nm over four wafers (Table I). Fabricator: imec (Si/SiN wafers, imec-Ghent University pilot line named for back-end processing, p.6). Fig. 4(g),(h) axes end near 61 and 70 GHz."
zhong2026,Ultracompact and large-bandwidth silicon modulator in a CMOS-compatible foundry,Hua Zhong;Jingchi Li;Yu He;Hongwei Wang;Yuqi Chen;Yong Zhang;Xingfeng Li;Yuhan Du;Yikai Su,2026,2025-12-18,"Nature Communications 17, 1069",10.1038/s41467-025-67826-x,,https://www.nature.com/articles/s41467-025-67826-x,journal,open_access,CC-BY-NC-ND-4.0,restricted_local_only,State Key Laboratory of Photonics and Communications,Shanghai Jiao Tong University;Nanyang Technological University,,Advanced Micro Foundry,,Advanced Micro Foundry standard 220 nm SOI process (multi-project wafer),CN;SG,web,full_extract,C,,audited,2026-10-02,"VERSION: version of record (Nature Communications (2026) 17:1069; Crossref issued 2025-12-18, VoR license start 2026-01-28), 8 pages main text only; Supplementary Information (Notes 1-7) not cached. year 2026 follows the journal volume citation (and the paper_id); first online date 2025-12-18 in published_on. License CC-BY-NC-ND-4.0 verified from Crossref and the PDF rights statement; redistribution kept restricted_local_only (NC/ND terms; public packaging reviewed at release). Silicon photonic crystal nanobeam cavity modulator (resonator, no sim config). repro_grade C: PCNC geometry and doping are in the Supplementary Information. Foundry Advanced Micro Foundry, Singapore (Methods p.6)."
zwickel2020,Verified equivalent-circuit model for slot-waveguide modulators,Heiner Zwickel;Stefan Singer;Clemens Kieninger;Yasar Kutuvantavida;Narek Muradyan;Thorsten Wahlbrink;Shiyoshi Yokoyama;Sebastian Randel;Wolfgang Freude;Christian Koos,2020,,arXiv; associated journal: Optics Express 28(9) 12951,10.1364/oe.383120,2001.02642v1,https://arxiv.org/pdf/2001.02642v1,arxiv_preprint,arxiv,,restricted_local_only,"Institute of Photonics and Quantum Electronics (IPQ), Karlsruhe Institute of Technology; Institute of Microstructure Technology (IMT), Karlsruhe Institute of Technology; Institute for Materials Chemistry and Engineering, Kyushu University",Karlsruhe Institute of Technology;Kyushu University,AMO GmbH,,,,DE;JP,web_search;author_group_followup,full_extract,C,,audited,2026-10-02,"VERSION: all numbers come from the cached arXiv v1 (2001.02642v1, 27 pages; preprint title starts 'A verified equivalent-circuit model...'), NOT from the Optics Express version of record (Opt. Express 28(9) 12951, issued 2020-04-16 per Crossref), which is not cached; VoR numbers may differ. Authors and DOI match Crossref (10 authors). published_on empty: the arXiv v1 date is not verified and the Crossref date belongs to the VoR. License of the preprint unverified (empty license), so restricted_local_only. Equivalent-circuit modelling paper for SOH slot-waveguide modulators: device rows only for the measured 750 um MZM at gate 0 V and 300 V (bandwidth and RF values read from Figs. 3-5) and two simulated/predicted design rows; model-curve values are not entered as measurements. EO material, wavelength, Vpi, insertion loss and fabricator are not stated for the measured devices (AMO GmbH is an author affiliation, Karlsruhe Nano-Micro Facility appears only in funding), so foundry_or_fab is empty. SOH: no simulation config."
