paper_id,title,first_author,authors,year,published_on,venue,doi,arxiv_id,url,source_type,access_guess,license,discovered_via,platform_guess,device_class_guess,priority,sim_candidate,local_source_path,notes
powell2024a,DC-stable electro-optic modulators using thin-film lithium tantalate,Keith Powell,Keith Powell; Xudong Li; Daniel Assumpcao; Letícia Magalhães; ... Marko Lončar,2024,,Optics Express,10.1364/oe.538870,2405.05169,https://doi.org/10.1364/oe.538870,journal,arxiv,,web_search;author_group_followup;continuation_2026_10_02,lithium_tantalate,mzm,2,unknown,,"Discovery only; no metric extraction. Abstract-level claim from search metadata (verify in paper): less than 1 dB output power fluctuation over 46 hours; 3.4 V·cm half-wave voltage length product; 39 dB extinction ratio; flat RF EO response from 3-50 GHz; 0.35 dB on-chip loss; arXiv: '<1 dB power fluctuation from quadrature with 12.1 dBm input'. Distinct from known 2505.00906 (sub-volt LT, CLEO/APL Photonics)."
sayem2026,Performance of Capacitively Loaded RF Electrodes on SiO2/Si Substrates for High-Speed Electro-Optic Modulators,Ayed Sayem,Ayed Sayem; Ting-Chen Hu; Mark Cappuzzo; Alaric Tate; ... Mark Earnshaw,2026,,arXiv preprint,,2609.21830,https://arxiv.org/abs/2609.21830,arxiv_preprint,arxiv,,web_search;author_group_followup;continuation_2026_10_02,lithium_tantalate,mzm,2,unknown,,"Discovery only; no metric extraction. Abstract-level claim from search metadata (verify in paper): RF attenuation coefficients as low as approximately 0.23 dB/cm/sqrt(GHz). Electrode-level result, no optical Vpi/bandwidth in retrieved fragment."
behzadfar2026,Ultimate Performance of Thin-Film Lithium Niobate Mach-Zehnder Modulators,Shiva Behzadfar,Shiva Behzadfar; Fatemeh Karami; Pooja Kulkarni; Sasan Fathpour,2026,,arXiv preprint,,2609.16379,https://arxiv.org/abs/2609.16379,arxiv_preprint,arxiv,,web_search;author_group_followup;continuation_2026_10_02,lithium_niobate,mzm,2,unknown,,Discovery only; no metric extraction. Abstract-level claim from search metadata (verify in paper): a co-designed structure can attain a drive voltage of 0.84 V and a modulation bandwidth of almost 220 GHz. Abstract wording ('can attain') suggests projected/simulated performance; check body before entering as measured.
park2026,Nonlinear Electro-Optic Visible Photonic Circuits for Solid-State Quantum Defects,Yongchan Park,Yongchan Park; Yong Soo Lee; Hansol Kim; Jaepil Park; ... Hyounghan Kwon,2026,,arXiv preprint,,2603.21751,https://arxiv.org/abs/2603.21751,arxiv_preprint,arxiv,,web_search;author_group_followup;continuation_2026_10_02,lithium_niobate,other,2,unknown,,Discovery only; no metric extraction. Abstract-level claim from search metadata (verify in paper): off-chip green-light power exceeding 1 mW with an extinction ratio (ER) of 42.2 dB. Platform inferred from search-result match on 'thin-film lithium niobate'; confirm in body.
gao2024,Compact low-half-wave-voltage thin film lithium niobate electro-optic phase modulator fabricated by photolithography-assisted chemo-mechanical etching (PLACE),Lang Gao,Lang Gao; Youting Liang; Jinming Chen; Jianping Yu; ... Ya Cheng,2024,,Optics Letters,10.1364/ol.538158,2406.08744,https://doi.org/10.1364/ol.538158,journal,arxiv,,web_search;author_group_followup;continuation_2026_10_02,lithium_niobate,phase_shifter,2,unknown,,Discovery only; no metric extraction. Abstract-level claim from search metadata (verify in paper): half-wave voltage of approximately 3 V; low insertion loss of 2.8 dB.
hu2026a,Hybrid-Integrated DFB-Laser-Coupled 1 x 8 Thin-Film Lithium Niobate Modulator Array for High-Speed Parallel Optical Transmitters,Qiyue Hu,Qiyue Hu; Junxia Zhou; Zhe Wang; Botao Fu; ... Ya Cheng,2026,,arXiv preprint,,2605.21073,https://arxiv.org/abs/2605.21073,arxiv_preprint,arxiv,,web_search;author_group_followup;continuation_2026_10_02,lithium_niobate,mzm,2,unknown,,Discovery only; no metric extraction. Abstract-level claim from search metadata (verify in paper): electro-optic 3 dB bandwidths exceeding 40 GHz; half-wave voltages are 3.60-3.83 V.
guo2026,Robust and Active Visible-Light Integrated Photonics on Thin-Film Lithium Tantalate for Underwater Optical Wireless Communications,Changjian Guo,Changjian Guo; Xingjie Li; Xiaofeng Wu; Jiajie Deng; ... Liu Liu,2026,,arXiv preprint,,2603.14346,https://arxiv.org/abs/2603.14346,arxiv_preprint,arxiv,,web_search;author_group_followup;continuation_2026_10_02,lithium_tantalate,mzm,2,unknown,,Discovery only; no metric extraction. Abstract-level claim from search metadata (verify in paper): modulators with a flat frequency response to ~50 GHz; 112-Gb/s transmission over 3-m and 64-Gb/s transmission over 9-m.
bankwitz2026,Voltage-Programmable Photon Statistics Using a High-Extinction Thin-film Lithium Niobate Modulator,Julian Rasmus Bankwitz,Julian Rasmus Bankwitz; Ravi Pradip; Julius Römer; Frank Brückerhoff-Plückelmann; ... Xinyu Ma,2026,,arXiv preprint,,2604.12644,https://arxiv.org/abs/2604.12644,arxiv_preprint,arxiv,,web_search;author_group_followup;continuation_2026_10_02,lithium_niobate,other,2,unknown,,Discovery only; no metric extraction. Abstract-level claim from search metadata (verify in paper): more than 50 dB extinction; second-order coherence g2(0) tunable from 1.0 to 1.7.
yeh2026,Hysteresis and trap emission in dc-biased integrated lithium niobate electro-optic modulators,Matthew Yeh,Matthew Yeh; CJ Xin; Donald Witt; David R. Barton; ... Marko Lončar,2026,,arXiv preprint,,2609.17489,https://arxiv.org/abs/2609.17489,arxiv_preprint,arxiv,,web_search;author_group_followup;continuation_2026_10_02,lithium_niobate,other,2,unknown,,Discovery only; no metric extraction. Abstract-level claim from search metadata (verify in paper): Electro-optic hysteresis can be reversed under both zero-bias and reverse-bias conditions. No device figures of merit in abstract.
nelan2022,Ultra-high extinction dual-output thin-film lithium niobate intensity modulator,Sean Nelan,Sean Nelan; Andrew Mercante; Shouyuan Shi; Peng Yao; Dennis W. Prather,2022,,arXiv preprint,,2207.02608,https://arxiv.org/abs/2207.02608,arxiv_preprint,arxiv,,web_search;author_group_followup;continuation_2026_10_02,lithium_niobate,mzm,2,unknown,,Discovery only; no metric extraction. Abstract-level claim from search metadata (verify in paper): fiber-to-fiber loss of roughly 12 dB; DC half wave voltage (V_pi) of less than 3.0 V; modulation efficiency (V_pi*L) of 3.3 V·cm; 3 dB bandwidth of roughly 30 GHz; power extinction ratio over 45 dB.
nelan2022a,Integrated Lithium Niobate Intensity Modulator on a Silicon Handle With Slow-Wave Electrodes,Sean Nelan,Sean Nelan; Andrew Mercante; Shouyuan Shi; Peng Yao; Dennis W. Prather,2022,,IEEE Photonics Technology Letters,10.1109/lpt.2022.3197085,2207.02934,https://doi.org/10.1109/lpt.2022.3197085,journal,arxiv,,web_search;author_group_followup;continuation_2026_10_02,lithium_niobate,mzm,2,unknown,,Discovery only; no metric extraction. Abstract-level claim from search metadata (verify in paper): DC half wave voltage of 3.75 V; extinction ratio of roughly 45 dB; fiber-to-fiber insertion loss of 7.47 dB; 95 GHz 3 dB bandwidth.
feng2022,Ultra-high-linearity integrated lithium niobate electro-optic modulators,Hanke Feng,Hanke Feng; Ke Zhang; Wenzhao Sun; Yangming Ren; ... Cheng Wang,2022,,Photonics Research,10.1364/prj.464650,2202.12739,https://doi.org/10.1364/prj.464650,journal,arxiv,,web_search;author_group_followup;continuation_2026_10_02,lithium_niobate,mzm,2,unknown,,Discovery only; no metric extraction. Abstract-level claim from search metadata (verify in paper): spurious-free dynamic range (SFDR) of 120.04 dB Hz^(4/5) at 1 GHz. DOI taken from arXiv metadata (arxiv:doi field); not Crossref-checked.
hou2024,Improving Linewidth and Extinction Ratio Performances of Lithium Niobate Ring Modulator Using Ring-pair Structure,Songyan Hou,Songyan Hou (single author per arXiv API),2024,,Advanced Photonics Research,10.1002/adpr.202300169,2304.04413,https://doi.org/10.1002/adpr.202300169,journal,arxiv,,web_search;author_group_followup;continuation_2026_10_02,lithium_niobate,ring,2,unknown,,Discovery only; no metric extraction. Abstract-level claim from search metadata (verify in paper): linewidth up to 22 GHz; extinction ratio of ring-pair resonator goes beyond 30 dB. DOI from arXiv metadata; not Crossref-checked. Experimental vs simulated not confirmed.
wu2022,High-production-rate fabrication of low-loss lithium niobate electro-optic modulators using photolithography assisted chemo-mechanical etching (PLACE),Rongbo Wu,Rongbo Wu; Lang Gao; Youting Liang; Yong Zheng; ... Ya Cheng,2022,,arXiv preprint,,2201.10790,https://arxiv.org/abs/2201.10790,arxiv_preprint,arxiv,,web_search;author_group_followup;continuation_2026_10_02,lithium_niobate,mzm,2,unknown,,Discovery only; no metric extraction. Abstract-level claim from search metadata (verify in paper): 3-dB bandwidth over 50 GHz; half wave voltage-length product of 2.16 V·cm; fiber-to-fiber insertion loss of 2.6 dB.
chen2023a,High-Efficiency Electro-Optic Modulator on Thin-Film Lithium Niobate with High-Permittivity Cladding,Nuo Chen,Nuo Chen; Kangping Lou; Yalong Yu; Xuanjian He; Tao Chu,2023,,Laser & Photonics Reviews,10.1002/lpor.202200927,2304.06946,https://doi.org/10.1002/lpor.202200927,journal,arxiv,,web_search;author_group_followup;continuation_2026_10_02,lithium_niobate,mzm,2,unknown,,Discovery only; no metric extraction. Abstract-level claim from search metadata (verify in paper): half-wave voltage-length product of 1.41 V·cm; excess loss of 0.5 dB; 3 dB EO bandwidth of more than 40 GHz.
sabatti2024,Extremely high extinction ratio electro-optic modulator via frequency upconversion to visible wavelengths,Alessandra Sabatti,Alessandra Sabatti; Jost Kellner; Fabian Kaufmann; Robert J. Chapman; ... Rachel Grange,2024,,Optics Letters,10.1364/ol.525733,2404.09787,https://doi.org/10.1364/ol.525733,journal,arxiv,,web_search;author_group_followup;continuation_2026_10_02,lithium_niobate,other,2,unknown,,Discovery only; no metric extraction. Abstract-level claim from search metadata (verify in paper): bandwidth of 40 GHz; extinction ratio of 46 dB. DOI from arXiv metadata; not Crossref-checked.
ghavami2023,"A new bandwidth-voltage trade-off paradigm in low-loss LNOI electro-optic modulators, using equalizer configuration",Fatemeh Ghavami,Fatemeh Ghavami; Sara Darbari; Mohammad Kazem Moravvej-Farshi,2023,,arXiv preprint,,2311.16679,https://arxiv.org/abs/2311.16679,arxiv_preprint,arxiv,,web_search;author_group_followup;continuation_2026_10_02,lithium_niobate,mzm,2,unknown,,Discovery only; no metric extraction. Abstract-level claim from search metadata (verify in paper): electro-optic bandwidth of up to 300GHz for a 5 mm-long device; efficiency of 4.5 V.cm. Design/simulation paper.
tan2024,Micro-transfer-printed Thin film lithium niobate (TFLN)-on-Silicon Ring Modulator,Ying Tan,Ying Tan; Shengpu Niu; Maximilien Billet; Nishant Singh; ... Dries Van Thourhout,2024,,ACS Photonics,10.1021/acsphotonics.3c01869,2311.15387,https://doi.org/10.1021/acsphotonics.3c01869,journal,arxiv,,web_search;author_group_followup;continuation_2026_10_02,lithium_niobate,ring,2,unknown,,Discovery only; no metric extraction. Abstract-level claim from search metadata (verify in paper): insertion loss of -1.5dB; extinction ratio of -37dB; electro-optical bandwidth of 16GHz; modulation rates up to 45Gps. DOI from arXiv metadata.
larocque2024,Photonic crystal cavity IQ modulators in thin-film lithium niobate for coherent communications,Hugo Larocque,Hugo Larocque; Dashiell L. P. Vitullo; Alexander Sludds; Hamed Sattari; ... Mikkel Heuck,2024,,ACS Photonics,10.1021/acsphotonics.4c01138,2312.16746,https://doi.org/10.1021/acsphotonics.4c01138,journal,arxiv,,web_search;author_group_followup;continuation_2026_10_02,lithium_niobate,iq_mzm,2,unknown,,Discovery only; no metric extraction. Abstract-level claim from search metadata (verify in paper): none retrieved. No numbers in arXiv abstract fragment; DOI from arXiv metadata.
zhang2024,Monolithic lithium niobate photonic chip for efficient terahertz-optic modulation and terahertz generation,Yiwen Zhang,Yiwen Zhang; Jingwei Yang; Zhaoxi Chen; Hanke Feng; ... Cheng Wang,2024,,arXiv preprint,,2406.19620,https://arxiv.org/abs/2406.19620,arxiv_preprint,arxiv,,web_search;author_group_followup;continuation_2026_10_02,lithium_niobate,other,2,unknown,,Discovery only; no metric extraction. Abstract-level claim from search metadata (verify in paper): radio frequency (RF) half-wave voltage of 8V at 500 GHz; measured continuous wave THz generation efficiency of 4.8*10^-6/W.
liu2025d,Synergistic Antenna-Modulator Integration for Monolithic Photonic RF Receiver,Changlin Liu,Changlin Liu; Yongtao Du; Xihua Zou; Fang Zou; ... Jianping Yao,2025,,arXiv preprint,,2511.06825,https://arxiv.org/abs/2511.06825,arxiv_preprint,arxiv,,web_search;author_group_followup;continuation_2026_10_02,lithium_niobate,other,2,unknown,,Discovery only; no metric extraction. Abstract-level claim from search metadata (verify in paper): record-high figure of merit (FOM) of 3.88 W^(-1/2) within a compact footprint of 2*1.7 mm^2; 3.2 Gbps (fragment).
kari2025,Enabling High-Bandwidth Coherent Modulation Through Scalable Lithium Niobate Resonant Devices,Sadra Rahimi Kari,Sadra Rahimi Kari; Paolo Pintus; John E. Bowers; Matt Robbins; Nathan Youngblood,2025,,arXiv preprint,,2502.10846,https://arxiv.org/abs/2502.10846,arxiv_preprint,arxiv,,web_search;author_group_followup;continuation_2026_10_02,lithium_niobate,iq_mzm,2,unknown,,Discovery only; no metric extraction. Abstract-level claim from search metadata (verify in paper): modulation bandwidth of 29 GHz; modulation region of only ~80 micrometers.
gaier2025,Wireless millimeterwave electro-optics on thin film lithium niobate,A. Gaier,A. Gaier; K. Mamian; S. Rajabali; Y. Lampert; ... I.-C. Benea-Chelmus,2025,,arXiv preprint,,2505.04585,https://arxiv.org/abs/2505.04585,arxiv_preprint,arxiv,,web_search;author_group_followup;continuation_2026_10_02,lithium_niobate,ring,2,unknown,,Discovery only; no metric extraction. Abstract-level claim from search metadata (verify in paper): wideband modulation across the WR9.0 (82-125 GHz) and WR2.8 (240-380 GHz) bands; mode spacing of 123.2 GHz and 307.9 GHz.
thiele2022,Cryogenic electro-optic modulation in titanium in-diffused lithium niobate waveguides,Frederik Thiele,Frederik Thiele; Felix vom Bruch; Julian Brockmeier; Maximilian Protte; ... Tim J. Bartley,2022,,arXiv preprint,,2202.00306,https://arxiv.org/abs/2202.00306,arxiv_preprint,arxiv,,web_search;author_group_followup;continuation_2026_10_02,lithium_niobate,phase_shifter,2,unknown,,"Discovery only; no metric extraction. Abstract-level claim from search metadata (verify in paper): operation voltage increases by 74% for the phase modulator, 84% for the directional coupler below 8.5 K."
zhu2022,Spectral control of nonclassical light using an integrated thin-film lithium niobate modulator,Di Zhu,Di Zhu; Changchen Chen; Mengjie Yu; Linbo Shao; ... Marko Lončar,2022,,Light: Science & Applications,10.1038/s41377-022-01029-7,2112.09961,https://doi.org/10.1038/s41377-022-01029-7,journal,arxiv,,web_search;author_group_followup;continuation_2026_10_02,lithium_niobate,ring,2,unknown,,Discovery only; no metric extraction. Abstract-level claim from search metadata (verify in paper): electro-optic frequency shearing of telecom single photons over terahertz range (+/-641 GHz or +/-5.2 nm); eighteen-fold bandwidth compression.
shamsansari2021,Electrically-pumped high-power laser transmitter integrated on thin-film lithium niobate,Amirhassan Shams-Ansari,Amirhassan Shams-Ansari; Dylan Renaud; Rebecca Cheng; Linbo Shao; ... Marko Loncar,2021,,Optica,10.1364/optica.448617,2111.08473,https://doi.org/10.1364/optica.448617,journal,arxiv,,web_search;author_group_followup;continuation_2026_10_02,lithium_niobate,other,2,unknown,,Discovery only; no metric extraction. Abstract-level claim from search metadata (verify in paper): up to 60 mW of optical power in the waveguides; integrated 50 GHz modulator. DOI and venue year from arXiv metadata (journal_ref 'Optica 2021'); journal year not Crossref-checked.
niels2025a,Centimetre-Scale Micro-Transfer Printing to enable Heterogeneous Integration of Thin Film Lithium Niobate with Silicon Photonics,Margot Niels,Margot Niels; Tom Vanackere; Tom Vandekerckhove; Stijn Poelman; ... Bart Kuyken,2025,,Optical Materials Express,,2412.15157,https://arxiv.org/abs/2412.15157,journal,arxiv,,web_search;author_group_followup;continuation_2026_10_02,lithium_niobate,mzm,2,unknown,,"Discovery only; no metric extraction. Abstract-level claim from search metadata (verify in paper): propagation losses of approximately 0.9 dB/cm; 1.8 dB per facet; V_pi of 3.2 V; up to 35 GHz. journal_ref Opt. Mater. Express 15, 531-540 (2025); DOI not retrieved."
chen2024,Mono-drive single-sideband modulation via optical delay lines on thin-film lithium niobate,Yikun Chen,Yikun Chen; Hanke Feng; Zhenzheng Wang; Ke Zhang; ... Cheng Wang,2024,,arXiv preprint,,2411.17070,https://arxiv.org/abs/2411.17070,arxiv_preprint,arxiv,,web_search;author_group_followup;continuation_2026_10_02,lithium_niobate,other,2,unknown,,Discovery only; no metric extraction. Abstract-level claim from search metadata (verify in paper): maximum sideband suppression of 22.1 dB at 50 GHz (FC-SSB); 22.5 dB (CS-SSB).
multani2025,Integrated sub-terahertz cavity electro-optic transduction,Kevin K. S. Multani,Kevin K. S. Multani; Jason F. Herrmann; Emilio A. Nanni; Amir H. Safavi-Naeini,2025,,arXiv preprint,,2504.01920,https://arxiv.org/abs/2504.01920,arxiv_preprint,arxiv,,web_search;author_group_followup;continuation_2026_10_02,lithium_niobate,ring,2,unknown,,Discovery only; no metric extraction. Abstract-level claim from search metadata (verify in paper): maximum photon transduction efficiency of eta_OE ~ 0.82e-6 at 107 GHz.
wang2026b,Multi-channel high-speed flip-chip packaging platform for thin-film lithium niobate photonic circuits,Zhenzheng Wang,Zhenzheng Wang; Xiangzhi Xie; Yikun Chen; Yifan Wu; ... Cheng Wang,2026,,arXiv preprint,,2606.15391,https://arxiv.org/abs/2606.15391,arxiv_preprint,arxiv,,web_search;author_group_followup;continuation_2026_10_02,lithium_niobate,other,2,unknown,,Discovery only; no metric extraction. Abstract-level claim from search metadata (verify in paper): bandwidth up to 50 GHz; ~3 dB insertion loss; < -20 dB crosstalk; 20 Gbit/s.
axline2026,"Stable, bidirectional electro-optic transduction in thin film lithium tantalate",Christopher J. Axline,Christopher J. Axline; Stephan Gamper; Phoebe M. Tengdin; Moritz Businger; ... Luis G. Villanueva,2026,,arXiv preprint,,2606.12726,https://arxiv.org/abs/2606.12726,arxiv_preprint,arxiv,,web_search;author_group_followup;continuation_2026_10_02,lithium_tantalate,other,2,unknown,,Discovery only; no metric extraction. Abstract-level claim from search metadata (verify in paper): 4.9-5.5 GHz microwave photons; single-photon coupling rates g0/2pi ~ 1 kHz; less than one added photon for 100 microsecond pulses.
holzgrafe2020,Cavity electro-optics in thin-film lithium niobate for efficient microwave-to-optical transduction,Jeffrey Holzgrafe,Jeffrey Holzgrafe; Neil Sinclair; Di Zhu; Amirhassan Shams-Ansari; ... Marko Lončar,2020,,Optica,10.1364/optica.397513,2005.00939,https://doi.org/10.1364/optica.397513,journal,arxiv,,web_search;author_group_followup;continuation_2026_10_02,lithium_niobate,ring,2,unknown,,Discovery only; no metric extraction. Abstract-level claim from search metadata (verify in paper): transduction efficiency of up to 2.7e-5; pump-power normalized efficiency of 1.9e-6/uW.
xie2024,Broadband millimeter-wave frequency mixer based on thin-film lithium niobate photonics,Xiangzhi Xie,Xiangzhi Xie; Hanke Feng; Yuansheng Tao; Yiwen Zhang; ... Jianping Yao,2024,,arXiv preprint,,2410.12426,https://arxiv.org/abs/2410.12426,arxiv_preprint,arxiv,,web_search;author_group_followup;continuation_2026_10_02,lithium_niobate,other,2,unknown,,Discovery only; no metric extraction. Abstract-level claim from search metadata (verify in paper): frequency down-conversion across 20 GHz to 67 GHz; up-conversion to frequencies of up to 110 GHz.
wang2025a,High-bandwidth electro-optic modulator on a hybrid silicon-nitride-lithium-tantalate platform,Yun Wang,Yun Wang; Yuqi Chen; Wenfeng Zhou; Min Sun; ... Yong Zhang,2025,,Optics Letters,10.1364/ol.573836,,https://doi.org/10.1364/ol.573836,journal,unknown,,web_search;author_group_followup;continuation_2026_10_02,lithium_tantalate,mzm,2,unknown,,Discovery only; no metric extraction. Abstract-level claim from search metadata (verify in paper): half-wave voltage-length product of 2.75 V·cm; 67 GHz EO bandwidth.
wang2026c,High-speed and stable 532-nm electro-optic modulator on thin-film lithium tantalate,Xuqiang Wang,Xuqiang Wang; Bowen Chen; Weiran Zhou; Jiachen Cai; ... Xin Ou,2026,,Optics Letters,10.1364/ol.605420,,https://doi.org/10.1364/ol.605420,journal,unknown,,web_search;author_group_followup;continuation_2026_10_02,lithium_tantalate,mzm,2,unknown,,Discovery only; no metric extraction. Abstract-level claim from search metadata (verify in paper): minimum half-wave-voltage-length product of 0.22 V·cm; propagation loss of 9.16 dB/cm; 3-dB EO bandwidth exceeding 20 GHz.
warner2025,DC-stable thin-film lithium niobate modulator at liquid nitrogen temperatures,Hana K. Warner,Hana K. Warner; Yuqi Zhao; Yu Zhang; Mian Zhang; Marko Lončar,2025,,Optics Letters,10.1364/ol.571632,,https://doi.org/10.1364/ol.571632,journal,unknown,,web_search;author_group_followup;continuation_2026_10_02,lithium_niobate,iq_mzm,2,unknown,,Discovery only; no metric extraction. Abstract-level claim from search metadata (verify in paper): none retrieved. Retrieved abstract has no figures of merit.
assumpcao2025,High-speed short-wavelength communications utilizing thin-film lithium niobate,Daniel Assumpcao,Daniel Assumpcao; Dylan Renaud; Amirhassan Shams-Ansari; Marko Loncar,2025,,Optics Letters,10.1364/ol.541803,,https://doi.org/10.1364/ol.541803,journal,unknown,,web_search;author_group_followup;continuation_2026_10_02,lithium_niobate,mzm,2,unknown,,Discovery only; no metric extraction. Abstract-level claim from search metadata (verify in paper): low half-wave voltage (0.7 V) modulator operating at 850 nm; 60 GBd signals using direct electrical driving (400 mVpp).
jaeger2025,Compact low-voltage lithium niobate racetrack modulator on a silicon nitride platform through micro-transfer printing,Lisa De Jaeger,Lisa De Jaeger; Tom Vandekerckhove; Tom Reep; Stijn Poelman; ... Bart Kuyken,2025,,Optics Letters,10.1364/ol.561544,,https://doi.org/10.1364/ol.561544,journal,unknown,,web_search;author_group_followup;continuation_2026_10_02,lithium_niobate,ring,2,unknown,,"Discovery only; no metric extraction. Abstract-level claim from search metadata (verify in paper): tuning efficiency of 1.7 pm/V; Q-factor of 285,000; measured 3-dB bandwidth of 1.18 GHz."
huang2021,40 GHz high-efficiency Michelson interferometer modulator on a silicon-rich nitride and thin-film lithium niobate hybrid platform,Xingrui Huang,Xingrui Huang; Yang Liu; Zezheng Li; Huan Guan; ... Zhiyong Li,2021,,Optics Letters,10.1364/ol.425181,,https://doi.org/10.1364/ol.425181,journal,unknown,,web_search;author_group_followup;continuation_2026_10_02,lithium_niobate,mzm,2,unknown,,Discovery only; no metric extraction. Abstract-level claim from search metadata (verify in paper): half-wave voltage length product of 1.06 V·cm; high-speed modulation up to 70 Gbps; 3-dB electro-optic bandwidth beyond 40 GHz.
liu2021b,Low V_pi thin-film lithium niobate modulator fabricated with photolithography,Ye Liu,Ye Liu; Heng Li; Jia Liu; Su Tan; ... Weihua Guo,2021,,Optics Express,10.1364/oe.414250,,https://doi.org/10.1364/oe.414250,journal,unknown,,web_search;author_group_followup;continuation_2026_10_02,lithium_niobate,mzm,2,unknown,,Discovery only; no metric extraction. Abstract-level claim from search metadata (verify in paper): measured V_pi of 3.5 V corresponding to voltage-length product of 1.75 V·cm; 3-dB bandwidth beyond 40 GHz.
li2025,Hybrid Silicon Nitride/Lithium Niobate Electro-Optical Modulator with Wide Optical Bandwidth and High RF Bandwidth Based on Ion-Cut Wafer-Level Bonding Technology,Zhuoyun Li,Zhuoyun Li; Yang Chen; Jianmin Zhang; Pu Zhang; ... Mingbin Yu,2025,,Laser & Photonics Reviews,10.1002/lpor.202500138,,https://doi.org/10.1002/lpor.202500138,journal,unknown,,web_search;author_group_followup;continuation_2026_10_02,lithium_niobate,mzm,2,unknown,,Discovery only; no metric extraction. Abstract-level claim from search metadata (verify in paper): supports 180 Gbit/s data transmission for NRZ format and 260 Gbit/s data transmission for PAM-4 format. Vpi/bandwidth not in retrieved fragment.
han2022,High-Performance Electro-Optical Mach-Zehnder Modulators in a Silicon Nitride-Lithium Niobate Thin-Film Hybrid Platform,Huangpu Han,Huangpu Han; Fan Yang; Chenghao Liu; Zhengfang Wang; ... Bingxi Xiang,2022,,Photonics (MDPI),10.3390/photonics9070500,,https://doi.org/10.3390/photonics9070500,journal,unknown,,web_search;author_group_followup;continuation_2026_10_02,lithium_niobate,mzm,2,unknown,,"Discovery only; no metric extraction. Abstract-level claim from search metadata (verify in paper): half-wave voltage product and the -3 dB modulation bandwidth were, respectively, 2.85 V·cm and 0.4 THz for Type I modulator. Likely design/simulation (0.4 THz); confirm."
ruan2023,High-Performance Electro-Optic Modulator on Silicon Nitride Platform with Heterogeneous Integration of Lithium Niobate,Ziliang Ruan,Ziliang Ruan; Kaixuan Chen; Zong Wang; Xuancong Fan; ... Liu Liu,2023,,Laser & Photonics Reviews,10.1002/lpor.202200327,,https://doi.org/10.1002/lpor.202200327,journal,unknown,,web_search;author_group_followup;continuation_2026_10_02,lithium_niobate,mzm,2,unknown,,Discovery only; no metric extraction. Abstract-level claim from search metadata (verify in paper): Data transmission up to 128 Gb/s with a bit-error-rate of <2.4e-4. Vpi/bandwidth not in retrieved fragment.
mere2023,Improved fabrication of scalable hybrid silicon nitride-thin-film lithium niobate electro-optic modulators,Viphretuo Mere,Viphretuo Mere; Forrest Valdez; Shayan Mookherjea,2023,,J. Opt. Soc. Am. B,10.1364/josab.481915,,https://doi.org/10.1364/josab.481915,journal,unknown,,web_search;author_group_followup;continuation_2026_10_02,lithium_niobate,mzm,2,unknown,,Discovery only; no metric extraction. Abstract-level claim from search metadata (verify in paper): greater than 99% reduction in void density (outgassing channels). Process paper; no Vpi/bandwidth in fragment.
su2026a,High-Extinction-Ratio Electro-Optic Modulator on Thin-Film Lithium Niobate Operating at 1064 nm,Zimiao Su,Zimiao Su; Lutong Cai,2026,,Photonics (MDPI),10.3390/photonics13050505,,https://doi.org/10.3390/photonics13050505,journal,unknown,,web_search;author_group_followup;continuation_2026_10_02,lithium_niobate,mzm,2,unknown,,Discovery only; no metric extraction. Abstract-level claim from search metadata (verify in paper): half-wave voltage-length product of 2.1 V·cm; electro-optic 3 dB bandwidth exceeding 10 GHz; extinction ratio exceeding 30 dB.
tao2024,Broadband Thin-Film Lithium Niobate Electro-Optic Modulator,Jinming Tao,Jinming Tao; Yinuo Yang; Xintong Li; Peng Wang; ... Jianguo Liu,2024,,Photonics (MDPI),10.3390/photonics11040325,,https://doi.org/10.3390/photonics11040325,journal,unknown,,web_search;author_group_followup;continuation_2026_10_02,lithium_niobate,mzm,2,unknown,,Discovery only; no metric extraction. Abstract-level claim from search metadata (verify in paper): 3 dB electro-optical bandwidth of 51.2 GHz; low on-chip losses of <2 dB; extinction ratio of 15 dB.
pan2022,Compact electro-optic modulator on lithium niobate,Bingcheng Pan,Bingcheng Pan; Hongyuan Cao; Yishu Huang; Zong Wang; ... Daoxin Dai,2022,,Photonics Research,10.1364/prj.449172,,https://doi.org/10.1364/prj.449172,journal,unknown,,web_search;author_group_followup;continuation_2026_10_02,lithium_niobate,mzm,2,unknown,,Discovery only; no metric extraction. Abstract-level claim from search metadata (verify in paper): low excess loss of ~0.9 dB; high extinction ratio of ~21 dB; compact footprint of ~2120 um^2; 40 Gbps OOK and 80 Gbps PAM4.
wang2024,Robust thin-film lithium niobate modulator on a silicon substrate with backside holes,Mai Wang,Mai Wang; Lu Qi; Haohua Wang; Ziliang Ruan; ... Liu Liu,2024,,Chinese Optics Letters,10.3788/col202422.050601,,https://doi.org/10.3788/col202422.050601,journal,open_access,,web_search;author_group_followup;continuation_2026_10_02,lithium_niobate,mzm,2,unknown,,Discovery only; no metric extraction. Abstract-level claim from search metadata (verify in paper): insertion loss of 0.9 dB; half-wave-voltage-length product of 2.18 V·cm; bandwidth well exceeding 67 GHz for a 10-mm-long device; data rates up to 112 Gb/s.
wang2025b,Thin-film lithium niobate modulator with perfectly vertical coupling to a single-mode fiber,Haohua Wang,Haohua Wang; Lu Qi; Bin Chen; Ranfeng Gan; ... Liu Liu,2025,,Chinese Optics Letters,10.3788/col202523.051301,,https://doi.org/10.3788/col202523.051301,journal,open_access,,web_search;author_group_followup;continuation_2026_10_02,lithium_niobate,mzm,2,unknown,,Discovery only; no metric extraction. Abstract-level claim from search metadata (verify in paper): low fiber-to-fiber loss of 6.5 dB; 3-dB bandwidth exceeding 67 GHz; half-wave voltage of 3.8 V; OOK up to 100 Gbit/s.
liu2024,High modulation efficiency thin-film lithium niobate modulator using a three-mode folded phase shifter [Invited],Jiacheng Liu,Jiacheng Liu; Jiangbing Du; Wenjia Zhang; Ke Xu; Zuyuan He,2024,,Chinese Optics Letters,10.3788/col202422.090003,,https://doi.org/10.3788/col202422.090003,journal,unknown,,web_search;author_group_followup;continuation_2026_10_02,lithium_niobate,mzm,2,unknown,,"Discovery only; no metric extraction. Abstract-level claim from search metadata (verify in paper): 3.7-times improvement in the modulation efficiency; V_pi*L of 1 V·cm; dimensions of 2.7 mm x 0.6 mm, phase shifter 0.5 mm."
li2024a,Low-loss and broadband complementary dual-output electro-optic modulator based on thin-film lithium niobate,Tingan Li,Tingan Li; Chenglin Shang; Xuanhao Wang; Weiqiang Lü; ... Jinsong Xia,2024,,Chinese Optics Letters,10.3788/col202422.092201,,https://doi.org/10.3788/col202422.092201,journal,unknown,,web_search;author_group_followup;continuation_2026_10_02,lithium_niobate,mzm,2,unknown,,"Discovery only; no metric extraction. Abstract-level claim from search metadata (verify in paper): 3 dB electro-optic bandwidth of 59 GHz; half-wave voltage of 2.5 V; insertion loss of the packaged modulator is 4.2 dB; common-mode rejection ratio of 18 dB, signal enhancement of 6.2 dB."
xu2021a,Integrated thin film lithium niobate Fabry-Perot modulator [Invited],Mengyue Xu,Mengyue Xu; Mingbo He; Yuntao Zhu; Lin Liu; ... Xinlun Cai,2021,,Chinese Optics Letters,10.3788/col202119.060003,,https://doi.org/10.3788/col202119.060003,journal,unknown,,web_search;author_group_followup;continuation_2026_10_02,lithium_niobate,other,2,unknown,,Discovery only; no metric extraction. Abstract-level claim from search metadata (verify in paper): high tuning efficiency of 15.7 pm/V; NRZ data rate up to 56 Gbit/s.
chen2023b,High-efficiency thin-film lithium niobate modulator with highly confined optical modes,Nuo Chen,Nuo Chen; Yalong Yu; Kangping Lou; Qingjiao Mi; Tao Chu,2023,,Optics Letters,10.1364/ol.481827,,https://doi.org/10.1364/ol.481827,journal,unknown,,web_search;author_group_followup;continuation_2026_10_02,lithium_niobate,mzm,2,unknown,,Discovery only; no metric extraction. Abstract-level claim from search metadata (verify in paper): half-wave voltage-length product of 1.2 V·cm; excess loss of ~2.4 dB; 3-dB EO bandwidth of over 40 GHz; claimed highest reported modulation efficiency of any MZI modulator (authors' claim).
kim2024,Compact lithium niobate plasmonic modulator,Myunghwan Kim,Myunghwan Kim; Eun Kyu Kang; Soo-Yong Jung; Won-Bae Kwon; ... Jongjin Lee,2024,,Optics Letters,10.1364/ol.512389,,https://doi.org/10.1364/ol.512389,journal,unknown,,web_search;author_group_followup;continuation_2026_10_02,lithium_niobate,other,2,unknown,,Discovery only; no metric extraction. Abstract-level claim from search metadata (verify in paper): half-wave voltage-length product V_pi*L of 0.02 V/cm (as stated; unit as given in abstract) at 1.55 um. Experimental vs simulated not confirmed; unit 'V/cm' as given in Crossref abstract.
hwang2024,Hyperband electro-optic modulator based on a two-pulley coupled lithium niobate racetrack resonator,Hyeon Hwang,Hyeon Hwang; Mohamad Reza Nurrahman; Hyungjun Heo; Kiyoung Ko; ... Min-Kyo Seo,2024,,Optics Letters,10.1364/ol.514192,,https://doi.org/10.1364/ol.514192,journal,unknown,,web_search;author_group_followup;continuation_2026_10_02,lithium_niobate,ring,2,unknown,,"Discovery only; no metric extraction. Abstract-level claim from search metadata (verify in paper): half-wave voltage-length products of 0.25, 0.93, and 0.68 V·cm (wavelength bands not given in fragment)."
hwang2025,A wide-spectrum mid-infrared electro-optic intensity modulator employing a two-point coupled lithium niobate racetrack resonator,Hyeon Hwang,Hyeon Hwang; Kiyoung Ko; Mohamad Reza Nurrahman; Kiwon Moon; ... Hansuek Lee,2025,,APL Photonics,10.1063/5.0235751,,https://doi.org/10.1063/5.0235751,journal,unknown,,web_search;author_group_followup;continuation_2026_10_02,lithium_niobate,ring,2,unknown,,Discovery only; no metric extraction. Abstract-level claim from search metadata (verify in paper): modulation extinction ratio exceeding 20 dB with an electro-optic efficiency of 7.7 V·cm over 3.3-3.8 um.
xu2022a,Mid-Infrared Silicon-on-Lithium-Niobate Electro-Optic Modulators Toward Integrated Spectroscopic Sensing Systems,Siyu Xu,Siyu Xu; Zhihao Ren; Bowei Dong; Jingkai Zhou; ... Chengkuo Lee,2022,,Advanced Optical Materials,10.1002/adom.202202228,,https://doi.org/10.1002/adom.202202228,journal,unknown,,web_search;author_group_followup;continuation_2026_10_02,lithium_niobate,mzm,2,unknown,,Discovery only; no metric extraction. Abstract-level claim from search metadata (verify in paper): half-wave voltage length product of 12.3 V·cm at the wavelength of 3.78 um.
han2024,High-speed mid-infrared Mach-Zehnder electro-optical modulators in lithium niobate thin film on sapphire,Huangpu Han,Huangpu Han; Bingxi Xiang; Jiali Zhang; Zhixian Wei; Yunpeng Jiang (all five per Crossref),2024,,Open Physics,10.1515/phys-2023-0178,,https://doi.org/10.1515/phys-2023-0178,journal,unknown,,web_search;author_group_followup;continuation_2026_10_02,lithium_niobate,mzm,2,unknown,,"Discovery only; no metric extraction. Abstract-level claim from search metadata (verify in paper): bandwidths exceeding 140, 150, and 240 GHz for residual LN thickness of 0, 0.5 and 1 um (calculated). Calculated, not measured."
starnault2026a,Integrated electro-optic circulator on thin-film lithium niobate for bidirectional optical fibre transmission,Charles St-Arnault,Charles St-Arnault; Charles Laperle; Derek M. Kita; Christian Reimer; David V. Plant,2026,,Nature Photonics,10.1038/s41566-026-02008-9,,https://doi.org/10.1038/s41566-026-02008-9,journal,unknown,,web_search;author_group_followup;continuation_2026_10_02,lithium_niobate,mzm,2,unknown,,"Discovery only; no metric extraction. Abstract-level claim from search metadata (verify in paper): up to 37 dB peak isolation spanning O- and C+L bands (14 THz); excess losses 0.1 dB (port 1 to 2) and 4.9 dB (port 2 to 3), 0.84 dB passive; 400G/polarization bidirectional coherent transmission. Not a conventional modulator; modulator-based non-reciprocal device."
fang2023,Ultrahigh-Speed Optical Interconnects With Thin Film Lithium Niobate Modulator,Xiansong Fang,Xiansong Fang; Fan Yang; Xinyu Chen; Yanping Li; Fan Zhang,2023,,Journal of Lightwave Technology,10.1109/jlt.2022.3201269,,https://doi.org/10.1109/jlt.2022.3201269,journal,unknown,,web_search;author_group_followup;continuation_2026_10_02,lithium_niobate,mzm,2,unknown,,Discovery only; no metric extraction. Abstract-level claim from search metadata (verify in paper): TFLN modulator with a 3-dB bandwidth larger than 110 GHz; 120 Gbaud PS-PAM16 signal with a bit rate up to 408 Gb/s; 2.2 dB receiver sensitivity gain vs PAM8 at 360 Gb/s.
sun2021,High-Speed Modulator With Integrated Termination Resistor Based on Hybrid Silicon and Lithium Niobate Platform,Shihao Sun,Shihao Sun; Mingbo He; Mengyue Xu; Xian Zhang; ... Xinlun Cai,2021,,Journal of Lightwave Technology,10.1109/jlt.2020.3032786,,https://doi.org/10.1109/jlt.2020.3032786,journal,unknown,,web_search;author_group_followup;continuation_2026_10_02,lithium_niobate,mzm,2,unknown,,"Discovery only; no metric extraction. Abstract-level claim from search metadata (verify in paper): electro-optical bandwidth of up to 60 GHz; half-wave voltage of 2.25 V; on-chip optical loss of 2 dB; OOK up to 100 Gbit/s, PAM4 up to 120 Gbit/s."
wang2021,A Heterogeneous Silicon on Lithium Niobate Modulator for Ultra-Compact and High-Performance Photonic Integrated Circuits,Jing Wang,Jing Wang; Shaofu Xu; Jianping Chen; Weiwen Zou,2021,,IEEE Photonics Journal,10.1109/jphot.2020.3048690,,https://doi.org/10.1109/jphot.2020.3048690,journal,unknown,,web_search;author_group_followup;continuation_2026_10_02,lithium_niobate,mzm,2,unknown,,Discovery only; no metric extraction. Abstract-level claim from search metadata (verify in paper): modulation efficiency of 1.76 V·cm at 700 nm LN thickness; bandwidth exceeds 350 GHz. Likely numerical; confirm.
ahmed2020a,High-efficiency lithium niobate modulator for K band operation,Abu Naim R. Ahmed,Abu Naim R. Ahmed; Shouyuan Shi; Andrew Mercante; Sean Nelan; ... Dennis W. Prather,2020,,APL Photonics,10.1063/5.0020040,,https://doi.org/10.1063/5.0020040,journal,unknown,,web_search;author_group_followup;continuation_2026_10_02,lithium_niobate,mzm,2,unknown,,Discovery only; no metric extraction. Abstract-level claim from search metadata (verify in paper): DC half-wave voltage of ~1.3 V; static extinction ratio of ~27 dB; on-chip optical loss of ~1.53 dB; 3 dB EO bandwidth of 29 GHz; 3 V half-wave voltage at 40 GHz.
xu2024,High-Frequency and High-Linearity Lithium Niobate Electro-optic Modulator,Haochen Xu,Haochen Xu; Bingcheng Pan; Siyuan Wang; Hongxuan Liu; ... Daoxin Dai (last author per ACS listing not Crossref-confirmed),2024,,ACS Photonics,10.1021/acsphotonics.4c00622,,https://doi.org/10.1021/acsphotonics.4c00622,journal,unknown,,web_search;author_group_followup;continuation_2026_10_02,lithium_niobate,ring,2,unknown,,"Discovery only; no metric extraction. Abstract-level claim from search metadata (verify in paper): SFDR of ~118.47, 108.75 and 97.92 dB·Hz^(4/5) at 1, 10 and 20 GHz. Last-author name not verified."
zhang2025a,High-bandwidth CMOS-level integrated thin-film lithium niobate electro-optic modulator at 1064 nm wavelength,Boyu Zhang,Boyu Zhang; Jiang Qu; Yuefei Weng; Wenbing Jiang; ...,2025,,Optics & Laser Technology,10.1016/j.optlastec.2025.113335,,https://doi.org/10.1016/j.optlastec.2025.113335,journal,unknown,,web_search;author_group_followup;continuation_2026_10_02,lithium_niobate,mzm,2,unknown,,"Discovery only; no metric extraction. Abstract-level claim from search metadata (verify in paper): half-wave voltage of 2.8 V and 38 GHz bandwidth in a 5 mm design; microwave loss cut by 75%, roll-off 0.33 dB at 80 GHz. Last author not retrieved."
wang2023,Loss compensation of an ultra-wideband electro-optic modulator in heterogeneous silicon/erbium-doped lithium niobate,Jing Wang,Jing Wang; Nina Xiong; Weiwen Zou,2023,,Optics Letters,10.1364/ol.489988,,https://doi.org/10.1364/ol.489988,journal,unknown,,web_search;author_group_followup;continuation_2026_10_02,lithium_niobate,mzm,2,unknown,,Discovery only; no metric extraction. Abstract-level claim from search metadata (verify in paper): bandwidth exceeding 170 GHz with a half-wave voltage of 3 V; ~4 dB propagation compensation at 1531 nm (predicted). Theoretical analysis per abstract.
pan2022a,Ultra-compact lithium niobate microcavity electro-optic modulator beyond 110 GHz,Bingcheng Pan,Bing-Cheng Pan; Hong-Xuan Liu; Hao-Chen Xu; Yi-Shu Huang; Huan Li; ...,2022,,Chip,10.1016/j.chip.2022.100029,,https://doi.org/10.1016/j.chip.2022.100029,journal,unknown,,web_search;author_group_followup;continuation_2026_10_02,lithium_niobate,ring,2,unknown,,Discovery only; no metric extraction. Abstract-level claim from search metadata (verify in paper): title-level claim: beyond 110 GHz (abstract not retrieved). Abstract numbers not retrieved.
jagatpal2021,Thin Film Lithium Niobate Electro-Optic Modulator for 1064 nm Wavelength,Navarun Jagatpal,Navarun Jagatpal; Andrew J. Mercante; Abu Naim R. Ahmed; Dennis W. Prather,2021,,IEEE Photonics Technology Letters,10.1109/lpt.2021.3056913,,https://doi.org/10.1109/lpt.2021.3056913,journal,unknown,,web_search;author_group_followup;continuation_2026_10_02,lithium_niobate,mzm,2,unknown,,Discovery only; no metric extraction. Abstract-level claim from search metadata (verify in paper): none retrieved. Abstract numbers not retrieved.
zhou2026a,150 Gbaud high-efficiency O-band silicon microring modulator,Zhiyuan Zhou,Zhiyuan Zhou; Zhihan Sun; Huajie Wan; Qi Tian; ...; Minming Zhang,2026,,"Optics Express 34, 12777",10.1364/oe.591496,,https://doi.org/10.1364/oe.591496,journal,open_access,,web_search;author_group_followup;continuation_2026_10_02,silicon_plasma_dispersion,ring,2,unknown,,"Discovery only; no metric extraction. Abstract-level claim from search metadata (verify in paper): ""51 pm/V modulation efficiency""; ""150 Gbaud NRZ signal operation with a 2 Vpp swing""."
he2026,Efficient 180 Gb/s NRZ C-band silicon microring modulator exceeding 100 GHz bandwidth,Siyan He,Siyan He; Shuxiao Wang; Fan Xu; Aolong Sun; ...; Yan Cai,2026,,"Optics Letters 51, 1219",10.1364/ol.585234,,https://doi.org/10.1364/ol.585234,journal,unknown,,web_search;author_group_followup;continuation_2026_10_02,silicon_plasma_dispersion,ring,2,unknown,,"Discovery only; no metric extraction. Abstract-level claim from search metadata (verify in paper): ""3-dB electro-optic bandwidth exceeding 100 GHz""; 180 Gb/s NRZ and 280 Gb/s PAM-4."
hsu2024,Sub-volt high-speed silicon MOSCAP microring modulator driven by high-mobility conductive oxide,Wei-Che Hsu,Wei-Che Hsu; Nabila Nujhat; Benjamin Kupp; John F. Conley Jr.; ...; Alan X. Wang,2024,,Nature Communications 15,10.1038/s41467-024-45130-4,2308.16255,https://doi.org/10.1038/s41467-024-45130-4,journal,arxiv,,web_search;author_group_followup;continuation_2026_10_02,silicon_plasma_dispersion,ring,2,unknown,,"Discovery only; no metric extraction. Abstract-level claim from search metadata (verify in paper): ""117 pm/V"" efficiency; ""0.8 V"" Vpp; 25 Gb/s at ""53 fJ/bit""."
yuan2024,A 5 x 200 Gbps microring modulator silicon chip empowered by two-segment Z-shape junctions,Yuan Yuan,Yuan Yuan; Yiwei Peng; Wayne V. Sorin; Stanley Cheung; ...; Raymond G. Beausoleil,2024,,Nature Communications 15,10.1038/s41467-024-45301-3,,https://doi.org/10.1038/s41467-024-45301-3,journal,open_access,,web_search;author_group_followup;continuation_2026_10_02,silicon_plasma_dispersion,ring,2,unknown,,"Discovery only; no metric extraction. Abstract-level claim from search metadata (verify in paper): DWDM MRM array; ""full data rate of 1 Tb/s""; ""sub-ten fJ/bit""."
zhang2022a,240 Gb/s optical transmission based on an ultrafast silicon microring modulator,Yuguang Zhang,Yuguang Zhang; Hongguang Zhang; Junwen Zhang; Jia Liu; ...; Shaohua Yu,2022,,"Photonics Research 10, 1127",10.1364/prj.441791,,https://doi.org/10.1364/prj.441791,journal,unknown,,web_search;author_group_followup;continuation_2026_10_02,silicon_plasma_dispersion,ring,2,unknown,,"Discovery only; no metric extraction. Abstract-level claim from search metadata (verify in paper): ""240 Gb/s PAM-8 signal transmission over 2 km standard single-mode fiber""."
chan2022a,Ultra-Wide Free-Spectral-Range Silicon Microring Modulator for High Capacity WDM,David W. U. Chan,David W. U. Chan; Xiong Wu; Zunyue Zhang; Chao Lu; ...; Hon Ki Tsang,2022,,"Journal of Lightwave Technology 40, 7848",10.1109/jlt.2022.3208745,,https://doi.org/10.1109/jlt.2022.3208745,journal,unknown,,web_search;author_group_followup;continuation_2026_10_02,silicon_plasma_dispersion,ring,2,unknown,,"Discovery only; no metric extraction. Abstract-level claim from search metadata (verify in paper): 4 THz FSR; "">67 GHz electro-optic bandwidth""; 100 Gbaud PAM-4 IM-DD over four wavelengths (1540-1570 nm), BER below 7% HD-FEC."
yuan2022,A 100 Gb/s PAM4 Two-Segment Silicon Microring Resonator Modulator Using a Standard Foundry Process,Yuan Yuan,Yuan Yuan; Wayne V. Sorin; Zhihong Huang; Xiaoge Zeng; ...; Raymond G. Beausoleil,2022,,"ACS Photonics 9, 1165",10.1021/acsphotonics.1c01389,,https://doi.org/10.1021/acsphotonics.1c01389,journal,unknown,,web_search;author_group_followup;continuation_2026_10_02,silicon_plasma_dispersion,ring,2,unknown,,Discovery only; no metric extraction. Abstract-level claim from search metadata (verify in paper): 100 Gb/s PAM4; ~5.7 nm FSR; Q ~3600; ~13 dB ER; ~40 GHz EO bandwidth.
hu2023,300-Gbps optical interconnection using neural-network based silicon microring modulator,Fangchen Hu,Fangchen Hu; Yuguang Zhang; Hongguang Zhang; Zhongya Li; ...; Shaohua Yu,2023,,Communications Engineering 2,10.1038/s44172-023-00115-x,2111.05331,https://doi.org/10.1038/s44172-023-00115-x,journal,arxiv,,web_search;author_group_followup;continuation_2026_10_02,silicon_plasma_dispersion,ring,2,unknown,,"Discovery only; no metric extraction. Abstract-level claim from search metadata (verify in paper): ""302 Gbps"" data rate with NN equalization; ""5.20 bit/s/Hz"" spectral efficiency."
li2025c,Integrated silicon elliptical ring modulator with ultra-high bandwidth beyond 110 GHz,Jian Li,Jian Li; Yuxiang Yin; Yihang Li; Kaihang Lu; ...; Ke Xu,2025,,"Optics Letters 50, 5857",10.1364/ol.571348,,https://doi.org/10.1364/ol.571348,journal,unknown,,web_search;author_group_followup;continuation_2026_10_02,silicon_plasma_dispersion,ring,2,unknown,,"Discovery only; no metric extraction. Abstract-level claim from search metadata (verify in paper): ""extinction ratio of 32 dB""; ""3-dB electro-optic bandwidth beyond 110 GHz""; 112 Gbaud PAM-4."
li2026c,Silicon microdisk modulator with 67 GHz bandwidth and fJ/bit power consumption,Jian Li,Jian Li; Yunhao Zhang; Bowen Zhang; Yihang Li; ...; Ke Xu,2026,,"Optics Letters 51, 4044",10.1364/ol.604314,,https://doi.org/10.1364/ol.604314,journal,unknown,,web_search;author_group_followup;continuation_2026_10_02,silicon_plasma_dispersion,ring,2,unknown,,"Discovery only; no metric extraction. Abstract-level claim from search metadata (verify in paper): ""3-dB bandwidth of 67 GHz""; up to 196 Gbps; ""1.3 fJ/bit""."
wang2026d,High-Density 4 x 400 Gbps WDM Transmitter with Energy-Efficient Silicon Microring Modulators in O- and C-Bands,Xin Wang,Xin Wang; Fenghe Yang; Ruoyu Shen; Yaotian Zhao; ...; Wei Chu,2026,,"ACS Photonics 13, 3671",10.1021/acsphotonics.6c00297,,https://doi.org/10.1021/acsphotonics.6c00297,journal,unknown,,web_search;author_group_followup;continuation_2026_10_02,silicon_plasma_dispersion,ring,2,unknown,,Discovery only; no metric extraction. Abstract-level claim from search metadata (verify in paper): 4 x 400 Gbps (from title).
bu2026,High-bandwidth-density and energy-efficient 16 x 128 Gbps silicon photonic DWDM microring modulator transmitter enabled by a quantum-dot comb laser,Xianglin Bu,Xianglin Bu; Shujie Pan; Shenlei Bao; Junjie Yang; ...; Binhao Wang,2026,,Advanced Photonics Nexus 5,10.1117/1.apn.5.5.056006,,https://doi.org/10.1117/1.apn.5.5.056006,journal,open_access,,web_search;author_group_followup;continuation_2026_10_02,silicon_plasma_dispersion,ring,2,unknown,,"Discovery only; no metric extraction. Abstract-level claim from search metadata (verify in paper): ""16x128 Gbps""; inter-channel crosstalk ""<-20 dB""; energy efficiency ""<1 pJ/bit""."
chen2025a,Energy Efficient and High Bandwidth Quantum Dot Comb Laser Based Silicon Microring Transmitter for Optical Interconnects,Jiajian Chen,Jiajian Chen; Bo Yang; Jiale Qin; Jingzhi Huang; ...; Ting Wang,2025,,IEEE J. Sel. Top. Quantum Electron. 31,10.1109/jstqe.2024.3432313,,https://doi.org/10.1109/jstqe.2024.3432313,journal,unknown,,web_search;author_group_followup;continuation_2026_10_02,silicon_plasma_dispersion,ring,2,unknown,,"Discovery only; no metric extraction. Abstract-level claim from search metadata (verify in paper): O-band 8x100 Gb/s; ""1.66 pJ/bit"" total including laser."
bao2024,A Comprehensive Equivalent Circuit Model of Silicon Microring Modulators for Photonics-Electronics Codesign,Shenlei Bao,Shenlei Bao; Yingjie Ma; Jintao Xue; Jinyi Wu; ...; Binhao Wang,2024,,Journal of Lightwave Technology,10.1109/jlt.2024.3382091,,https://doi.org/10.1109/jlt.2024.3382091,journal,unknown,,web_search;author_group_followup;continuation_2026_10_02,silicon_plasma_dispersion,ring,2,unknown,,Discovery only; no metric extraction. Abstract-level claim from search metadata (verify in paper): simulated eye diagrams validated at 80-106 Gb/s.
ostrovskis2025,High-speed silicon photonics ring-resonator modulators for optical-amplification-free links,Armands Ostrovskis,Armands Ostrovskis; Toms Salgals; Michael Koenigsmann; Aleksandrs Marinins; ...; Oskars Ozolins,2025,,"Optics Express 33, 36758",10.1364/oe.570067,,https://doi.org/10.1364/oe.570067,journal,open_access,,web_search;author_group_followup;continuation_2026_10_02,silicon_plasma_dispersion,ring,2,unknown,,"Discovery only; no metric extraction. Abstract-level claim from search metadata (verify in paper): ""up to 245 Gbps OOK and 280 Gbps PAM4"" optical-amplification-free."
sharma2022,Silicon Photonic Microring-Based 4 x 112 Gb/s WDM Transmitter With Photocurrent-Based Thermal Control in 28-nm CMOS,Jahnavi Sharma,Jahnavi Sharma; Zhe Xuan; Hao Li; Taehwan Kim; ...; James Jaussi,2022,,"IEEE J. Solid-State Circuits 57, 1187",10.1109/jssc.2021.3134221,,https://doi.org/10.1109/jssc.2021.3134221,journal,unknown,,web_search;author_group_followup;continuation_2026_10_02,silicon_plasma_dispersion,ring,2,unknown,,"Discovery only; no metric extraction. Abstract-level claim from search metadata (verify in paper): 112 Gb/s per wavelength x4; ""<0.7 dB TDECQ""; ""5.8 pJ/bit""."
liu2024a,A 4x112 Gb/s PAM-4 Silicon-Photonic Transmitter and Receiver Chipsets for Linear-Drive Co-Packaged Optics,Han Liu,Han Liu; Zhihan Zhang; Ye Liu; Daigao Chen; ...; Nan Qi,2024,,"IEEE J. Solid-State Circuits 59, 3263",10.1109/jssc.2024.3435378,,https://doi.org/10.1109/jssc.2024.3435378,journal,unknown,,web_search;author_group_followup;continuation_2026_10_02,silicon_plasma_dispersion,mzm,2,unknown,,"Discovery only; no metric extraction. Abstract-level claim from search metadata (verify in paper): 4x112 Gb/s PAM-4; ""5 dB extinction ratio""; ""4.8 pJ/bit""."
kim2021,Silicon electronic-photonic integrated 25 Gb/s ring modulator transmitter,Minkyu Kim,Minkyu Kim; Min-Hyeong Kim; Youngkwan Jo; Hyun-Kyu Kim; ...; Woo-Young Choi,2021,,"Photonics Research 9, 507",10.1364/prj.413407,,https://doi.org/10.1364/prj.413407,journal,unknown,,web_search;author_group_followup;continuation_2026_10_02,silicon_plasma_dispersion,ring,2,unknown,,Discovery only; no metric extraction. Abstract-level claim from search metadata (verify in paper): 25 Gb/s modulation stable against external temperature change.
wang2026e,Beyond 1.6-Tb/s Silicon LAN-WDM Transmitter for High-Energy-Efficiency Transmission,Xinyu Wang,Xinyu Wang; Shilan Zhou; Hui Yu; Jianyi Yang; ...; Penghui Xia,2026,,"IEEE Photonics Technology Letters 38, 267",10.1109/lpt.2025.3633837,,https://doi.org/10.1109/lpt.2025.3633837,journal,unknown,,web_search;author_group_followup;continuation_2026_10_02,silicon_plasma_dispersion,mzm,2,unknown,,"Discovery only; no metric extraction. Abstract-level claim from search metadata (verify in paper): 1.6 Tbps; ""0.18 pJ/bit"" efficiency; BER below 20% SD-FEC over 1 km."
li2025d,Monolithically integrated 4 x 128 Gb/s silicon photonic transceiver for CPO,Ang Li,Ang Li; Yujun Xie; Han Liu; Minye Zhu; ...; Ming Li,2025,,"Optics Express 33, 46726",10.1364/oe.577010,,https://doi.org/10.1364/oe.577010,journal,open_access,,web_search;author_group_followup;continuation_2026_10_02,silicon_plasma_dispersion,other,2,unknown,,"Discovery only; no metric extraction. Abstract-level claim from search metadata (verify in paper): ""3.07 pJ/bit at 128 Gb/s"" total transceiver power."
li2020a,A 112 Gb/s PAM4 Silicon Photonics Transmitter With Microring Modulator and CMOS Driver,Hao Li,Hao Li; Bryan Casper; Ganesh Balamurugan; Meer Sakib; ...; James Jaussi,2020,,"Journal of Lightwave Technology 38, 131",10.1109/jlt.2019.2938731,,https://doi.org/10.1109/jlt.2019.2938731,journal,unknown,,web_search;author_group_followup;continuation_2026_10_02,silicon_plasma_dispersion,ring,2,unknown,,"Discovery only; no metric extraction. Abstract-level claim from search metadata (verify in paper): 112 Gb/s PAM4; ""6 pJ/bit""; measured 30-60 C."
abdolhosseini2025,Enhanced Linearity of MOSCAP-Driven Silicon Microring Modulator,Saeed Abdolhosseini,Saeed Abdolhosseini; Wei-Che Hsu; Alan X. Wang,2025,,Journal of Lightwave Technology,10.1109/jlt.2025.3542364,,https://doi.org/10.1109/jlt.2025.3542364,journal,unknown,,web_search;author_group_followup;continuation_2026_10_02,silicon_plasma_dispersion,ring,2,unknown,,"Discovery only; no metric extraction. Abstract-level claim from search metadata (verify in paper): SFDR ""106 dB.Hz^(2/3)""."
liu2023a,Silicon multi-mode micro-ring modulator for improved robustness,Jiacheng Liu,Jiacheng Liu; Jiangbing Du; Weihong Shen; Linjie Zhou; ...; Zuyuan He,2023,,Optics Letters,10.1364/ol.496944,,https://doi.org/10.1364/ol.496944,journal,unknown,,web_search;author_group_followup;continuation_2026_10_02,silicon_plasma_dispersion,ring,2,unknown,,Discovery only; no metric extraction. Abstract-level claim from search metadata (verify in paper): operation in TE1 mode mitigates optical nonlinear effects (no numbers retrieved).
lu2025,Whispering Gallery Mode Enhanced Broadband and High-Speed Silicon Microring Modulator,Kaihang Lu,Kaihang Lu; Hao Chen; Wu Zhou; Hon Ki Tsang; Yeyu Tong,2025,,Journal of Lightwave Technology,10.1109/jlt.2025.3587919,,https://doi.org/10.1109/jlt.2025.3587919,journal,unknown,,web_search;author_group_followup;continuation_2026_10_02,silicon_plasma_dispersion,ring,2,unknown,,"Discovery only; no metric extraction. Abstract-level claim from search metadata (verify in paper): ""4.5 THz"" FSR; EO bandwidth "">110 GHz""; ""256 Gbps"" single lane."
wang2026f,High-Bandwidth and Efficient Silicon Microring Modulator Enabling Low-Complexity DMT Transmission,Zelu Wang,Zelu Wang; Geyang Wang; Kaihang Lu; Xuetong Zhou; ...; Hon Ki Tsang,2026,,Journal of Lightwave Technology,10.1109/jlt.2026.3683712,,https://doi.org/10.1109/jlt.2026.3683712,journal,unknown,,web_search;author_group_followup;continuation_2026_10_02,silicon_plasma_dispersion,ring,2,unknown,,"Discovery only; no metric extraction. Abstract-level claim from search metadata (verify in paper): bandwidth ""exceeding 110 GHz""; ""up to 50 pm/V""; ""262.5 Gbit/s"" DMT."
gong2023,Silicon Highly Over-Coupled Microring Phase Shifter and Its Application in Ring Assisted Mach-Zehnder Modulator,Ming Gong,Ming Jia Gong; Hui Wu,2023,,Journal of Lightwave Technology,10.1109/jlt.2023.3298604,,https://doi.org/10.1109/jlt.2023.3298604,journal,unknown,,web_search;author_group_followup;continuation_2026_10_02,silicon_plasma_dispersion,ring,2,unknown,,"Discovery only; no metric extraction. Abstract-level claim from search metadata (verify in paper): ""26 dB static extinction ratio""; ""3 dB small-signal bandwidth ... 30 GHz""."
sakib2022,A 240 Gb/s PAM4 Silicon Micro-Ring Optical Modulator,Meer Sakib,Meer Sakib; Ranjeet Kumar; Chaoxuan Ma; Duanni Huang; ...; Haisheng Rong,2022,,OFC 2022 (M2D.4),10.1364/ofc.2022.m2d.4,,https://doi.org/10.1364/ofc.2022.m2d.4,conference,unknown,,web_search;author_group_followup;continuation_2026_10_02,silicon_plasma_dispersion,ring,2,unknown,,"Discovery only; no metric extraction. Abstract-level claim from search metadata (verify in paper): ""0.53 V.cm"" phase efficiency; ""54 GHz"" bandwidth; 16.3 nm FSR; 224 and 240 Gb/s PAM4 (TDECQ 1.6 and 3.9 dB)."
zhang2020,200 Gbit/s Optical PAM4 Modulation Based on Silicon Microring Modulator,Yuguang Zhang,Yuguang Zhang; Hongguang Zhang; Miaofeng Li; Peng Feng; ...; Shaohua Yu,2020,,ECOC 2020,10.1109/ecoc48923.2020.9333187,,https://doi.org/10.1109/ecoc48923.2020.9333187,conference,unknown,,web_search;author_group_followup;continuation_2026_10_02,silicon_plasma_dispersion,ring,2,unknown,,"Discovery only; no metric extraction. Abstract-level claim from search metadata (verify in paper): VpiL ""0.8 V.cm""; 3-dB EO bandwidth "">67 GHz""; 120 Gbit/s NRZ and 200 Gbit/s PAM4."
yu2025,Driver-Free and Bias-Free 112 Gb/S NRZ O-Band Silicon Microring Modulator with 95 GHz Bandwidth,Fengxin Yu,Fengxin Yu; Fangchen Hu; Xingyu Liu; Aoxue Wang; ...; Xiao Hu,2025,,ECOC 2025,10.1109/ecoc66593.2025.11263342,,https://doi.org/10.1109/ecoc66593.2025.11263342,conference,unknown,,web_search;author_group_followup;continuation_2026_10_02,silicon_plasma_dispersion,ring,2,unknown,,"Discovery only; no metric extraction. Abstract-level claim from search metadata (verify in paper): ""95 GHz at 0V""; ""0.538 V.cm""; 6.97 nm FSR; 112 Gb/s NRZ at 0.9 Vpp."
wang2025c,High-Speed Direct-Detection Advanced Modulation Format Transmission Using a Silicon Microring Modulator with >90 GHz Bandwidth,Zelu Wang,Zelu Wang; Geyang Wang; Kaihang Lu; Hon Ki Tsang (author list as retrieved; may be partial),2025,,ECOC 2025,10.1109/ecoc66593.2025.11263448,,https://doi.org/10.1109/ecoc66593.2025.11263448,conference,unknown,,web_search;author_group_followup;continuation_2026_10_02,silicon_plasma_dispersion,ring,2,unknown,,"Discovery only; no metric extraction. Abstract-level claim from search metadata (verify in paper): "">90 GHz""; 300 Gb/s DMT, 280 Gb/s PAM4, 330 Gb/s PAM8. author list from OpenAlex possibly truncated"
xu2026,A 2x500Gb/s Monolithic Silicon-Photonic DWDM PAM-4 Transceiver in 45nm CMOS SOI,Ziang Xu,Ziang Xu; Yalong Lin; Jinxuan Jin; Zhenkai Ye; ...; Xiaojun Bi,2026,,ISSCC 2026,10.1109/isscc49663.2026.11409086,,https://doi.org/10.1109/isscc49663.2026.11409086,conference,unknown,,web_search;author_group_followup;continuation_2026_10_02,silicon_plasma_dispersion,ring,2,unknown,,"Discovery only; no metric extraction. Abstract-level claim from search metadata (verify in paper): 2x5-lambda DWDM, 2x500 Gb/s (100 Gb/s PAM-4/channel); ""<2.5 pJ/b"" end-to-end loopback."
baghdadi2025,Monolithically Integrated Microring Transmitter and Receiver for High-Density 3D CPO,Reza Baghdadi,Reza Baghdadi; Carlos I. Dorta-Quinones; Alexander Sludds; Nicholas C. Harris (author list as retrieved; may be partial),2025,,OFC 2025 (Tu3J.6),10.1364/ofc.2025.tu3j.6,,https://doi.org/10.1364/ofc.2025.tu3j.6,conference,unknown,,web_search;author_group_followup;continuation_2026_10_02,silicon_plasma_dispersion,ring,2,unknown,,"Discovery only; no metric extraction. Abstract-level claim from search metadata (verify in paper): 64 Gbps NRZ; ""0.006 mm^2"" die area, ""10x smaller than prior work"". author list from OpenAlex possibly truncated"
srinivasan2020,Heterogeneous SISCAP Microring Modulator for High-Speed Optical Communication,Sudharsanan Srinivasan,Sudharsanan Srinivasan; Di Liang; Raymond G. Beausoleil,2020,,ECOC 2020,10.1109/ecoc48923.2020.9333221,,https://doi.org/10.1109/ecoc48923.2020.9333221,conference,unknown,,web_search;author_group_followup;continuation_2026_10_02,other,ring,2,unknown,,Discovery only; no metric extraction. Abstract-level claim from search metadata (verify in paper): 28 Gb/s modulation without ISI cancellation.
gevorgyan2021,"Cryo-Compatible, Silicon Spoked-Ring Modulator in a 45nm CMOS Platform for 4K-to-Room-Temperature Optical Links",Hayk Gevorgyan,Hayk Gevorgyan; Anatol N. Khilo; Derek Van Orden; Deniz Onural; ...; Milos A. Popovic,2021,,OFC 2021 (M3B.3),10.1364/ofc.2021.m3b.3,,https://doi.org/10.1364/ofc.2021.m3b.3,conference,unknown,,web_search;author_group_followup;continuation_2026_10_02,silicon_plasma_dispersion,ring,2,unknown,,"Discovery only; no metric extraction. Abstract-level claim from search metadata (verify in paper): cryogenic operation at 4.5 K; ""46 GHz/V"" resonance-shift efficiency; up to 10 Gbps OOK at ~1 Vpp."
rakowski2020,"45nm CMOS - Silicon Photonics Monolithic Technology (45CLO) for next-generation, low power and high speed optical interconnects",Michal Rakowski,Michal Rakowski; Colleen Meagher; Karen Nummy; Abdelsalam A. Aboketaf; ...; John Pellerin,2020,,OFC 2020 (T3H.3),10.1364/ofc.2020.t3h.3,,https://doi.org/10.1364/ofc.2020.t3h.3,conference,unknown,,web_search;author_group_followup;continuation_2026_10_02,silicon_plasma_dispersion,other,2,unknown,,Discovery only; no metric extraction. Abstract-level claim from search metadata (verify in paper): platform-level description; no modulator numbers retrieved.
baehrjones2023,Monolithically integrated 112 Gbps PAM4 optical transmitter and receiver in a 45nm CMOS-silicon photonics process,Thomas Baehr-Jones,Thomas Baehr-Jones; Shahab Ardalan; Matthew P. Chang; Saman Jafarlou; ...; Matthew Streshinsky,2023,,Optica Open (preprint),10.1364/opticaopen.22814837,,https://doi.org/10.1364/opticaopen.22814837,arxiv_preprint,open_access,,web_search;author_group_followup;continuation_2026_10_02,silicon_plasma_dispersion,mzm,2,unknown,,"Discovery only; no metric extraction. Abstract-level claim from search metadata (verify in paper): open 112 Gbps PAM4 eye at ""4.3 pJ/bit"" (excluding laser). DOI as listed by Crossref/OpenAlex; check for later journal version"
shen2021,High-speed silicon microring modulator at the 2 um waveband with analysis and observation of optical bistability,Weihong Shen,Weihong Shen; Gangqiang Zhou; Jiangbing Du; Linjie Zhou; ...; Zuyuan He,2021,,Photonics Research 10 (2022)/ preprint 2021,10.1364/prj.439583,2104.01163,https://doi.org/10.1364/prj.439583,journal,arxiv,,web_search;author_group_followup;continuation_2026_10_02,silicon_plasma_dispersion,ring,2,unknown,,"Discovery only; no metric extraction. Abstract-level claim from search metadata (verify in paper): VpiL ""0.85 V.cm""; 3 dB bandwidth ""18 GHz""; up to 50 Gbps at 2 um. Crossref year 2022; arXiv number differences vs journal abstract"
huang2026a,"Co-design of Silicon Microring Modulator beyond 200 Gb/s per Lane: Device Physics, Operating Point, and Compact Models for Scale-Up and Scale-Out Optical I/O",Zhihong Huang,Zhihong Huang; Yuan Yuan; Yiwei Peng; Samuel Palermo; Marco Fiorentino; Raymond G. Beausoleil,2026,,arXiv preprint,,2609.36690,https://arxiv.org/abs/2609.36690,arxiv_preprint,arxiv,,web_search;author_group_followup;continuation_2026_10_02,silicon_plasma_dispersion,ring,2,unknown,,Discovery only; no metric extraction. Abstract-level claim from search metadata (verify in paper): analysis above 200 Gb/s per lane; Verilog-A compact model (no numbers in retrieved abstract).
chaudhury2024,Micro-Ring Modulator Linearity Enhancement for Analog and Digital Optical Links,Sumilak Chaudhury,Sumilak Chaudhury; Karl Johnson; Chengkuan Gao; Bill Lin; Yeshaiahu Fainman; Tzu-Chien Hsueh,2024,,arXiv preprint,,2407.11172,https://arxiv.org/abs/2407.11172,arxiv_preprint,arxiv,,web_search;author_group_followup;continuation_2026_10_02,silicon_plasma_dispersion,ring,2,unknown,,"Discovery only; no metric extraction. Abstract-level claim from search metadata (verify in paper): ""6.1-dB dynamic linearity improvement in spurious-free-dynamic-range""; ""17.9-dB static linearity improvement""."
saxena2023,Compact Modeling and Rapid Simulation of Silicon Photonic Micro-Disk and Ring Modulators,Vishal Saxena,Vishal Saxena; Md Jubayer Shawon,2023,,arXiv preprint,,2311.16174,https://arxiv.org/abs/2311.16174,arxiv_preprint,arxiv,,web_search;author_group_followup;continuation_2026_10_02,silicon_plasma_dispersion,ring,2,unknown,,"Discovery only; no metric extraction. Abstract-level claim from search metadata (verify in paper): Verilog-A model, ""7X faster transient simulations""."
li2025e,P-N dual-drive scheme enabling silicon photonics modulators operating at 200 GBaud,Ke Li,Ke Li; David Thomson; Junbo Zhu; Zhen Chen; ...; Graham Reed,2025,,"Optica 12, 841",10.1364/optica.564534,,https://doi.org/10.1364/optica.564534,journal,open_access,,web_search;author_group_followup;continuation_2026_10_02,silicon_plasma_dispersion,mzm,2,unknown,,"Discovery only; no metric extraction. Abstract-level claim from search metadata (verify in paper): ""silicon photonics transmitter can operate at 200 GBaud""; driver ""2.5 pJ/bit""."
mohammadi2023,Segmented Silicon Modulator With a Bandwidth Beyond 67 GHz for High-Speed Signaling,Abdolkhalegh Mohammadi,Abdolkhalegh Mohammadi; Zibo Zheng; Xiaoguang Zhang; Leslie Ann Rusch; Wei Shi,2023,,"Journal of Lightwave Technology 41, 5059",10.1109/jlt.2023.3250112,,https://doi.org/10.1109/jlt.2023.3250112,journal,unknown,,web_search;author_group_followup;continuation_2026_10_02,silicon_plasma_dispersion,mzm,2,unknown,,"Discovery only; no metric extraction. Abstract-level claim from search metadata (verify in paper): EO bandwidth ""exceeding 67 GHz""; 5 V switching voltage; 120 Gbaud 8-ASK, 336.4 Gb/s net."
jacques2020,240 Gbit/s Silicon Photonic Mach-Zehnder Modulator Enabled by Two 2.3-Vpp Drivers,Maxime Jacques,Maxime Jacques; Zhenping Xing; Alireza Samani; Eslam El-Fiky; ...; David V. Plant,2020,,Journal of Lightwave Technology,10.1109/jlt.2020.2985589,,https://doi.org/10.1109/jlt.2020.2985589,journal,unknown,,web_search;author_group_followup;continuation_2026_10_02,silicon_plasma_dispersion,mzm,2,unknown,,"Discovery only; no metric extraction. Abstract-level claim from search metadata (verify in paper): 80 Gbaud PAM-8 over 2 km; 240 Gbit/s line rate; ""73 fJ/bit""."
zhou2020,High Baud Rate All-Silicon Photonics Carrier Depletion Modulators,Jianying Zhou,Jianying Zhou; Jian Wang; Likai Zhu; Qun Zhang,2020,,"Journal of Lightwave Technology 38, 272",10.1109/jlt.2019.2933384,,https://doi.org/10.1109/jlt.2019.2933384,journal,unknown,,web_search;author_group_followup;continuation_2026_10_02,silicon_plasma_dispersion,iq_mzm,2,unknown,,"Discovery only; no metric extraction. Abstract-level claim from search metadata (verify in paper): IQ modulators at 85 Gbaud 16/64 QAM, >25 dB ER; 100 Gbaud 32QAM with 6 dB bandwidth 50 GHz."
sobu2021,High-Speed Optical Digital-to-Analog Converter Operation of Compact Two-Segment All-Silicon Mach-Zehnder Modulator,Yohei Sobu,Yohei Sobu; Guoxiu Huang; Shinsuke Tanaka; Yu Tanaka; ...; Takeshi Hoshida,2021,,"Journal of Lightwave Technology 39, 1148",10.1109/jlt.2020.3035684,,https://doi.org/10.1109/jlt.2020.3035684,journal,open_access,,web_search;author_group_followup;continuation_2026_10_02,silicon_plasma_dispersion,mzm,2,unknown,,Discovery only; no metric extraction. Abstract-level claim from search metadata (verify in paper): 90 Gbaud NRZ and 70 Gbaud PAM4; 43.9 GHz bandwidth; 300x600 um footprint.
ostrovskis2026,System-Level Characterization of High-Speed Silicon Photonics Travelling Wave Mach-Zehnder Modulators,Armands Ostrovskis,Armands Ostrovskis; Darja Cirjulina; Toms Salgals; Minkyu Kim; ...; Oskars Ozolins,2026,,"Journal of Lightwave Technology 44, 6450",10.1109/jlt.2026.3701122,,https://doi.org/10.1109/jlt.2026.3701122,journal,open_access,,web_search;author_group_followup;continuation_2026_10_02,silicon_plasma_dispersion,mzm,2,unknown,,"Discovery only; no metric extraction. Abstract-level claim from search metadata (verify in paper): amplification-free 256 Gbaud (241 Gb/s OOK, 291 Gb/s PAM4) over 100 m SMF."
zhang2021,High Bandwidth Capacitance Efficient Silicon MOS Modulator,Weiwei Zhang,Weiwei Zhang; Kapil Debnath; Bigeng Chen; Ke Li; ...; David J. Thomson,2021,,"Journal of Lightwave Technology 39, 201",10.1109/jlt.2020.3026945,,https://doi.org/10.1109/jlt.2020.3026945,journal,unknown,,web_search;author_group_followup;continuation_2026_10_02,silicon_plasma_dispersion,mzm,2,unknown,,"Discovery only; no metric extraction. Abstract-level claim from search metadata (verify in paper): 3 dB EO bandwidth ""above 35 GHz""; effective capacitance ~0.5 fF/um; 60 Gbit/s NRZ."
wang2023a,120-GBaud 16-QAM silicon photonics IQ modulator (title truncated in source listing),Jian Wang,Jian Wang; Mustafa Al-Qadi; Wen-Jr Jiang; Kangmei Li; ...; Hui Xu,2023,,"Optics Express 31, 25515",10.1364/oe.489799,,https://doi.org/10.1364/oe.489799,journal,open_access,,web_search;author_group_followup;continuation_2026_10_02,silicon_plasma_dispersion,iq_mzm,2,unknown,,"Discovery only; no metric extraction. Abstract-level claim from search metadata (verify in paper): 120 GBaud 16-QAM; per-polarization output power ""-18.74 dBm""; BER ""1.4e-3"" (title truncated in Crossref listing). Crossref listing truncated the title after 'IQ modulator for...'; full title unverified"
zheng2022,Transmission of 120 Gbaud QAM With an All-Silicon Segmented Modulator,Zibo Zheng,Zibo Zheng; Abdolkhalegh Mohammadi; Omid Jafari; Hassan Sepehrian; ...; Leslie A. Rusch,2022,,"Journal of Lightwave Technology 40, 5457",10.1109/jlt.2022.3180981,,https://doi.org/10.1109/jlt.2022.3180981,journal,unknown,,web_search;author_group_followup;continuation_2026_10_02,silicon_plasma_dispersion,iq_mzm,2,unknown,,"Discovery only; no metric extraction. Abstract-level claim from search metadata (verify in paper): >40 GHz (4 mm segments), 60 GHz (2 mm segments); 120 Gbaud 16/32 QAM; net 483 Gb/s per polarization."
geravand2025a,Micrometer-Scale Silicon Modulator for O-Band Coherent Interconnects Beyond 100 GBaud,Alireza Geravand,Alireza Geravand; Erwan Weckenmann; Zibo Zheng; Jean-Michel Vallee; ...; Wei Shi,2025,,IEEE J. Sel. Top. Quantum Electron. 31,10.1109/jstqe.2024.3523402,,https://doi.org/10.1109/jstqe.2024.3523402,journal,unknown,,web_search;author_group_followup;continuation_2026_10_02,silicon_plasma_dispersion,iq_mzm,2,unknown,,Discovery only; no metric extraction. Abstract-level claim from search metadata (verify in paper): 54 GHz 6-dB EO bandwidth; QPSK up to 120 Gbaud; 200 Gbps net per lambda/pol; 2 Tbps/mm.
zheng2021,Silicon IQ Modulator for 120 Gbaud QAM,Zibo Zheng,Zibo Zheng; Abdolkhalegh Mohammadi; Omid Jafari; Wei Shi,2021,,ECOC 2021,10.1109/ecoc52684.2021.9605951,,https://doi.org/10.1109/ecoc52684.2021.9605951,conference,unknown,,web_search;author_group_followup;continuation_2026_10_02,silicon_plasma_dispersion,iq_mzm,2,unknown,,"Discovery only; no metric extraction. Abstract-level claim from search metadata (verify in paper): 120 Gbaud 32QAM, 600 Gb/s line rate on single polarization, BER below FEC threshold."
geravand2023,Ultra-Compact Silicon Modulator for 124 GBaud Coherent Links,Alireza Geravand,Alireza Geravand; Zibo Zheng; Simon Levasseur; Leslie Ann Rusch (author list as retrieved; may be partial),2023,,SiPhotonics 2023,10.1109/siphotonics55903.2023.10141908,,https://doi.org/10.1109/siphotonics55903.2023.10141908,conference,unknown,,web_search;author_group_followup;continuation_2026_10_02,silicon_plasma_dispersion,iq_mzm,2,unknown,,Discovery only; no metric extraction. Abstract-level claim from search metadata (verify in paper): >67 GHz bandwidth in 0.03 mm^2; 124 GBaud coherent transmission. author list from OpenAlex possibly truncated
amin2020,Sub-wavelength GHz-fast broadband ITO Mach-Zehnder modulator on silicon photonics,Rubab Amin,Rubab Amin; Rishi Maiti; Yaliang Gui; Can Suer; ...; Volker J. Sorger,2020,,Optica 7,10.1364/optica.389437,,https://doi.org/10.1364/optica.389437,journal,open_access,,web_search;author_group_followup;continuation_2026_10_02,eo_polymer,mzm,2,unknown,,"Discovery only; no metric extraction. Abstract-level claim from search metadata (verify in paper): ""Vpi L of 95 um"" (abstract: 'miniscule V_pi L of 95 um')."
wang2021a,High-speed silicon photonic Mach-Zehnder modulator at 2 um,Xi Wang,Xi Wang; Weihong Shen; Wenxiang Li; Yingjie Liu; ...; Ke Xu,2021,,Photonics Research 9,10.1364/prj.417107,,https://doi.org/10.1364/prj.417107,journal,unknown,,web_search;author_group_followup;continuation_2026_10_02,silicon_plasma_dispersion,mzm,2,unknown,,"Discovery only; no metric extraction. Abstract-level claim from search metadata (verify in paper): efficiency ""1.6 V.cm""; up to ""80 Gbit/s"" PAM-4."
wang2025d,Efficient and high-speed silicon Mach-Zehnder modulator at 2 um wavelengths,Jianing Wang,Jianing Wang; Jianwei Tang; Xuelin Zhang; Yihang Li; ...; Ke Xu,2025,,Optics Letters,10.1364/ol.568137,,https://doi.org/10.1364/ol.568137,journal,unknown,,web_search;author_group_followup;continuation_2026_10_02,silicon_plasma_dispersion,mzm,2,unknown,,Discovery only; no metric extraction. Abstract-level claim from search metadata (verify in paper): 35 GHz; 100 Gb/s on-chip modulation at 1976 nm; 0.82 V.cm.
shawon2024,Optical Linearization of Silicon Photonic Ring-Assisted Mach-Zehnder Modulator,Md Jubayer Shawon,Md Jubayer Shawon; Vishal Saxena,2024,,Journal of Lightwave Technology,10.1109/jlt.2023.3345350,2308.15763,https://doi.org/10.1109/jlt.2023.3345350,journal,arxiv,,web_search;author_group_followup;continuation_2026_10_02,silicon_plasma_dispersion,ring,2,unknown,,"Discovery only; no metric extraction. Abstract-level claim from search metadata (verify in paper): SFDR ""exceeding 113 dB.Hz^(2/3)""."
sia2022,Linear Optical Modulators for Prospective Communications at the 2 um Waveband,Jia Xu Brian Sia,Jia Xu Brian Sia; Xiang Li; X. Guo; Jiawei Wang; ...; Hong Wang,2022,,arXiv preprint,,2210.06994,https://arxiv.org/abs/2210.06994,arxiv_preprint,arxiv,,web_search;author_group_followup;continuation_2026_10_02,silicon_plasma_dispersion,ring,2,unknown,,"Discovery only; no metric extraction. Abstract-level claim from search metadata (verify in paper): SFDR ""as high as 95 dB.Hz^(2/3)""; bandwidth exceeding 17.5 GHz."
yue2023,Breaking the Baud Rate Ceiling of Electro-Optic Modulators Using Optical Equalization Technique,Hengsong Yue,Hengsong Yue; Nuo Chen; Tao Chu,2023,,arXiv preprint,,2312.14537,https://arxiv.org/abs/2312.14537,arxiv_preprint,arxiv,,web_search;author_group_followup;continuation_2026_10_02,silicon_plasma_dispersion,iq_mzm,2,unknown,,"Discovery only; no metric extraction. Abstract-level claim from search metadata (verify in paper): ""potential to enable silicon modulators to operate at 200 Gbaud and beyond"" (abstract-level; numbers not retrieved). precursor to known Yue 2025 (Optica; 2410.09816); check whether same work"
anjali2025,Design of Carrier-Depletion-based Modulators on Commercially Available SOI Substrates of Varying Device-Layer Thickness,Anjali A R,Anjali A R; Syamsundar De; Pranabendu Ganguly,2025,,arXiv preprint,,2510.25530,https://arxiv.org/abs/2510.25530,arxiv_preprint,arxiv,,web_search;author_group_followup;continuation_2026_10_02,silicon_plasma_dispersion,mzm,2,unknown,,Discovery only; no metric extraction. Abstract-level claim from search metadata (verify in paper): thick-film MZMs: few Gbps max; thin-film up to 20 Gbps (design study). simulation study; low priority
kawahara2024,"High-speed, low-voltage, low-bit-energy silicon photonic crystal slow-light modulator with impedance-engineered distributed electrodes",Keisuke Kawahara,Keisuke Kawahara; Tai Tsuchizawa; Noritsugu Yamamoto; Yuriko Maegami; ...; Toshihiko Baba,2024,,Optica,10.1364/optica.531372,,https://doi.org/10.1364/optica.531372,journal,open_access,,web_search;author_group_followup;continuation_2026_10_02,silicon_plasma_dispersion,mzm,2,unknown,,"Discovery only; no metric extraction. Abstract-level claim from search metadata (verify in paper): 64 Gbps; drive ""0.87 V""; ""59 fJ/bit""; 6 nm working spectrum."
kawahara2025,High-efficiency compact optical transmitter with a total bit energy of 0.78 pJ/bit including silicon slow-light modulator and open-collector current-mode driver,Keisuke Kawahara,Keisuke Kawahara; Tai Tsuchizawa; Noritsugu Yamamoto; Yuriko Maegami; ...; Toshihiko Baba,2025,,IEEE J. Sel. Top. Quantum Electron. (arXiv 2025-06),10.1109/jstqe.2025.3640645,2506.04820,https://doi.org/10.1109/jstqe.2025.3640645,journal,arxiv,,web_search;author_group_followup;continuation_2026_10_02,silicon_plasma_dispersion,other,2,unknown,,"Discovery only; no metric extraction. Abstract-level claim from search metadata (verify in paper): ""0.78 pJ/bit at 64-Gbaud""; footprint 0.66 mm^2. DOI from arXiv metadata"
jafari2021,DAC-Less PAM-4 Slow-Light Silicon Photonic Modulator Providing High Efficiency and Stability,Omid Jafari,Omid Jafari; Sasan Zhalehpour; Wei Shi; Sophie LaRochelle,2021,,Journal of Lightwave Technology,10.1109/jlt.2021.3083140,,https://doi.org/10.1109/jlt.2021.3083140,journal,unknown,,web_search;author_group_followup;continuation_2026_10_02,silicon_plasma_dispersion,mzm,2,unknown,,"Discovery only; no metric extraction. Abstract-level claim from search metadata (verify in paper): 570 um long; ""73 fJ/bit""; >40 GHz; up to 90 Gb/s over 2 nm."
zhang2026,High-performance dual-band silicon slow-light modulator for DWDM chip-scale applications,Zanyun Zhang,Zanyun Zhang; Hao Jiang; Meixin Li; Qixin Wang; ...; Beiju Huang,2026,,Optics Express,10.1364/oe.579162,,https://doi.org/10.1364/oe.579162,journal,open_access,,web_search;author_group_followup;continuation_2026_10_02,silicon_plasma_dispersion,other,2,unknown,,"Discovery only; no metric extraction. Abstract-level claim from search metadata (verify in paper): 201 um; ""5.3 dB"" normalized IL; EO bandwidth ""up to 85 GHz""; 128 Gbaud OOK; ""0.242 pJ/bit""."
anderson2022,Integrated Slow-Light Enhanced Silicon Photonic Modulators for RF Photonic Links,Stephen Anderson,Stephen R. Anderson; Amir Begovic; Zhaoran Huang (author list as retrieved; may be partial),2022,,IEEE Photonics Journal,10.1109/jphot.2022.3185888,,https://doi.org/10.1109/jphot.2022.3185888,journal,open_access,,web_search;author_group_followup;continuation_2026_10_02,silicon_plasma_dispersion,mzm,2,unknown,,"Discovery only; no metric extraction. Abstract-level claim from search metadata (verify in paper): SFDR ""96 dB/Hz^(2/3)"" in slow-light region. author list possibly truncated"
liu2020,56 Gbps high-speed Ge electro-absorption modulator,Zhi Liu,Zhi Liu; Xiuli Li; Chaoqun Niu; Jun Zheng; ...; Buwen Cheng,2020,,"Photonics Research 8, 1648",10.1364/prj.401140,,https://doi.org/10.1364/prj.401140,journal,unknown,,web_search;author_group_followup;continuation_2026_10_02,germanium_silicon_eam,eam,2,unknown,,Discovery only; no metric extraction. Abstract-level claim from search metadata (verify in paper): 56 Gbps operation.
liu2022,80Gb/s NRZ Ge waveguide electro-absorption modulator,Yufei Liu,Yufei Liu; Jialiang Sun; Ruogu Song; Xinyu Li; ...; Mingbin Yu,2022,,Optics Express,10.1364/oe.462890,,https://doi.org/10.1364/oe.462890,journal,open_access,,web_search;author_group_followup;continuation_2026_10_02,germanium_silicon_eam,eam,2,unknown,,"Discovery only; no metric extraction. Abstract-level claim from search metadata (verify in paper): 3 dB EO bandwidth "">67 GHz at -3 V""; 80 Gbps NRZ at 1605 nm; static ER 7.27 -> 11.83 dB after anneal."
fujikata2020,High-speed Ge/Si electro-absorption optical modulator in C-band operation wavelengths,Junichi Fujikata,Junichi Fujikata; Masataka Noguchi; Kazuki Kawashita; Riku Katamawari; ...; Yasuhiko Ishikawa,2020,,Optics Express,10.1364/oe.405447,,https://doi.org/10.1364/oe.405447,journal,open_access,,web_search;author_group_followup;continuation_2026_10_02,germanium_silicon_eam,eam,2,unknown,,Discovery only; no metric extraction. Abstract-level claim from search metadata (verify in paper): 56 Gbps NRZ and 56 Gbaud PAM4 in C-band.
skandalos2025,A 100 Gb/s quantum-confined Stark effect modulator monolithically integrated with silicon nitride on Si,Ilias Skandalos,Ilias Skandalos; Thalia Dominguez Bucio; Lorenzo Mastronardi; Guomin Yu; ...; Frederic Y. Gardes,2025,,Communications Engineering,10.1038/s44172-025-00421-6,,https://doi.org/10.1038/s44172-025-00421-6,journal,open_access,,web_search;author_group_followup;continuation_2026_10_02,germanium_silicon_eam,eam,2,unknown,,Discovery only; no metric extraction. Abstract-level claim from search metadata (verify in paper): O-band Ge/SiGe modulator at 100 Gb/s.
liu2023b,Thermally tunable GeSi electro-absorption modulator with a wide effective operating wavelength range,Yufei Liu,Yufei Liu; Jialiang Sun; Ruogu Song; Xinyu Li; ...; Mingbin Yu,2023,,Photonics Research,10.1364/prj.488474,,https://doi.org/10.1364/prj.488474,journal,unknown,,web_search;author_group_followup;continuation_2026_10_02,silicon_plasma_dispersion,eam,2,unknown,,"Discovery only; no metric extraction. Abstract-level claim from search metadata (verify in paper): heater 4.63 mW -> ~27 K, +23.7 nm range; 80 Gbit/s NRZ, 100 Gbit/s PAM4."
zhang2021c,Asymmetric Ge/SiGe coupled quantum well modulators,Yi Zhang,Yi Zhang; Jianfeng Gao; Senbiao Qin; Ming Cheng; ...; Junqiang Sun,2021,,Nanophotonics,10.1515/nanoph-2021-0007,,https://doi.org/10.1515/nanoph-2021-0007,journal,open_access,,web_search;author_group_followup;continuation_2026_10_02,germanium_silicon_eam,eam,2,unknown,,Discovery only; no metric extraction. Abstract-level claim from search metadata (verify in paper): 5 dB ER at 1446 nm; delta-n 1.4e-3; 27 GHz bandwidth; <100 fJ/bit.
porret2020,O-Band GeSi Quantum-Confined Stark Effect Electro-Absorption Modulator Integrated in a 220nm Silicon Photonics Platform,Clement Porret,Clement Porret; Srinivasan Ashwyn Srinivasan; Sadhishkumar Balakrishnan; Peter Verheyen; ...; Marianna Pantouvaki,2020,,VLSI Technology Symposium 2020,10.1109/vlsitechnology18217.2020.9265082,,https://doi.org/10.1109/vlsitechnology18217.2020.9265082,conference,unknown,,web_search;author_group_followup;continuation_2026_10_02,silicon_plasma_dispersion,eam,2,unknown,,Discovery only; no metric extraction. Abstract-level claim from search metadata (verify in paper): 8 dB ER in 40 um length at 1 Vpp.
srinivasan2021,60Gb/s waveguide-coupled O-band GeSi quantum-confined Stark effect modulator,S. A. Srinivasan,S. A. Srinivasan; C. Porret; S. Balakrishnan; Y. Ban (author list as retrieved; may be partial),2021,,OFC 2021 (Tu1D.3),10.1364/ofc.2021.tu1d.3,,https://doi.org/10.1364/ofc.2021.tu1d.3,conference,unknown,,web_search;author_group_followup;continuation_2026_10_02,silicon_plasma_dispersion,eam,2,unknown,,Discovery only; no metric extraction. Abstract-level claim from search metadata (verify in paper): 60 Gb/s NRZ-OOK; 50 GHz bandwidth; 5.2 dB ER; 7.6 dB insertion loss. title in OpenAlex: '60Gb/s Waveguide-Coupled O-Band GeSi Quantum-Confined Stark Effect Modulator'; author list possibly truncated
kandeel2024,"Compact, low loss, and high-speed GeSi quantum-confined stark-effect electro-absorption modulator",Ahmed Kandeel,Ahmed Kandeel; Gaspard Hiblot; Yosuke Shimura; Joris Van Campenhout (author list as retrieved; may be partial),2024,,CLEO 2024 (SM2I.6),10.1364/cleo_si.2024.sm2i.6,,https://doi.org/10.1364/cleo_si.2024.sm2i.6,conference,unknown,,web_search;author_group_followup;continuation_2026_10_02,silicon_plasma_dispersion,eam,2,unknown,,Discovery only; no metric extraction. Abstract-level claim from search metadata (verify in paper): 50 GHz O-band; improved integration flow reduces insertion loss. author list possibly truncated
kandeel2025,RF Equivalent Circuit Model for GeSi Quantum Confined Stark Effect Electro-Absorption Modulators,Ahmed Kandeel,Ahmed Kandeel; Minkyu Kim; Amir Shahin; Peter De Heyn; ...; Joris Van Campenhout,2025,,IEEE Photonics Technology Letters,10.1109/lpt.2025.3549943,,https://doi.org/10.1109/lpt.2025.3549943,journal,unknown,,web_search;author_group_followup;continuation_2026_10_02,silicon_plasma_dispersion,eam,2,unknown,,Discovery only; no metric extraction. Abstract-level claim from search metadata (verify in paper): equivalent-circuit model validated against measured S-parameters.
nguyen2022,1 GHz electro-optical silicon-germanium modulator in the 5-9 um wavelength range,Thi Hao Nhi Nguyen,Thi Hao Nhi Nguyen; Natnicha Koompai; Victor Turpaud; Miguel Montesinos-Ballester; ...; Delphine Marris-Morini,2022,,Optics Express,10.1364/oe.476164,,https://doi.org/10.1364/oe.476164,journal,open_access,,web_search;author_group_followup;continuation_2026_10_02,germanium_silicon_eam,eam,2,unknown,,Discovery only; no metric extraction. Abstract-level claim from search metadata (verify in paper): 1 GHz modulation at 5-9 um.
huertaspedroche2025,High-speed integrated silicon germanium optical modulator with 3 GHz bandwidth in the 5-9 um wavelength range,Javier Huertas-Pedroche,Javier Huertas-Pedroche; Victor Turpaud; Luca Lucia; Adel Bousseksou; ...; Delphine Marris-Morini,2025,,Optics Express,10.1364/oe.572563,,https://doi.org/10.1364/oe.572563,journal,open_access,,web_search;author_group_followup;continuation_2026_10_02,germanium_silicon_eam,eam,2,unknown,,Discovery only; no metric extraction. Abstract-level claim from search metadata (verify in paper): extinction ratio 1.9 dB; 3 GHz bandwidth.
wu2023,Wafer-scale Graphene Electro-absorption Modulators Fabricated in a 300mm CMOS Platform,Chenghan Wu,Chenghan Wu; Steven Brems; Didit Yudistira; Daire Cott; ...; Marianna Pantouvaki,2023,,arXiv preprint,,2304.02646,https://arxiv.org/abs/2304.02646,arxiv_preprint,arxiv,,web_search;author_group_followup;continuation_2026_10_02,other,eam,2,unknown,,"Discovery only; no metric extraction. Abstract-level claim from search metadata (verify in paper): ""modulation depth of 50 +- 4 dB/mm"" across 400 devices; bandwidth ""15.1 +- 1.8 GHz"". check for journal version"
luan2026,High-Efficiency Graphene-Silicon Slot-Waveguide Microring Modulator at 1.5 and 2 um Wavelength Bands,Chao Luan,Chao Luan; Deming Kong; Yong Liu; Yunhong Ding; Hao Hu,2026,,Laser & Photonics Reviews (arXiv 2026-04),10.1002/lpor.71349,2604.08472,https://doi.org/10.1002/lpor.71349,journal,arxiv,,web_search;author_group_followup;continuation_2026_10_02,other,ring,2,unknown,,"Discovery only; no metric extraction. Abstract-level claim from search metadata (verify in paper): ""V_pi L = 220 V.um""; ""over 70 GHz"" bandwidth at 1550 nm; 50 Gbit/s open eyes. DOI from Crossref title/author match; arXiv version assumed same work"
luan2026a,Wideband integrated high-speed graphene-silicon slot-waveguide electro-absorption modulator at 2 um and 1.5 um wavebands,Chao Luan,Chao Luan; Deming Kong; Yunhong Ding; Hao Hu,2026,,arXiv preprint,,2604.03153,https://arxiv.org/abs/2604.03153,arxiv_preprint,arxiv,,web_search;author_group_followup;continuation_2026_10_02,other,eam,2,unknown,,Discovery only; no metric extraction. Abstract-level claim from search metadata (verify in paper): high-speed efficient compact graphene-silicon EAM (no numbers retrieved).
hsu2024a,Heterogeneously integrated silicon-conductive oxide MOSCAP microring modulator array,Wei-Che Hsu,Wei-Che Hsu; Saeed Abdolhosseini; Haisheng Rong; Ranjeet Kumar; ...; Alan X. Wang,2024,,Photonics Research (also Optica Open preprint),10.1364/prj.528975,,https://doi.org/10.1364/prj.528975,journal,unknown,,web_search;author_group_followup;continuation_2026_10_02,silicon_plasma_dispersion,ring,2,unknown,,"Discovery only; no metric extraction. Abstract-level claim from search metadata (verify in paper): VpiL ""0.12 V.cm""; (3x25 + 1x15) Gb/s; 14 GHz bandwidth; WDM without heaters. Crossref also lists Optica Open preprint DOI 10.1364/opticaopen.25723449 (not verified for free PDF)"
pintus2022,An integrated magneto-optic modulator for cryogenic applications,Paolo Pintus,Paolo Pintus; Leonardo Ranzani; Sergio Pinna; Duanni Huang; ...; John Edward Bowers,2022,,Nature Electronics,10.1038/s41928-022-00823-w,,https://doi.org/10.1038/s41928-022-00823-w,journal,open_access,,web_search;author_group_followup;continuation_2026_10_02,other,ring,2,unknown,,"Discovery only; no metric extraction. Abstract-level claim from search metadata (verify in paper): 2 Gbps at 4 K; ""below 4 pJ per bit"" (<50 fJ/bit projected)."
rahim2021,Taking silicon photonics modulators to a higher performance level: state-of-the-art and a review of new technologies,Abdul Rahim,Abdul Rahim; Artur Hermans; Benjamin Wohlfeil; Despoina Petousi; ...; Roel G. Baets,2021,,Advanced Photonics 3,10.1117/1.ap.3.2.024003,,https://doi.org/10.1117/1.ap.3.2.024003,review,open_access,,web_search;author_group_followup;continuation_2026_10_02,silicon_plasma_dispersion,other,3,unknown,,Discovery only; no metric extraction. Abstract-level claim from search metadata (verify in paper): reviews plasma-dispersion Si modulators and novel electro-refractive/electro-absorptive material integration.
taghavi2022,Polymer modulators in silicon photonics: review and projections,Iman Taghavi,Iman Taghavi; Maryam Moridsadat; Alexander Tofini; Shaheer Raza; ...; Sudip Shekhar,2022,,Nanophotonics,10.1515/nanoph-2022-0141,,https://doi.org/10.1515/nanoph-2022-0141,review,open_access,,web_search;author_group_followup;continuation_2026_10_02,eo_polymer,other,3,unknown,,Discovery only; no metric extraction. Abstract-level claim from search metadata (verify in paper): SOH modulator review incl. aging and temperature stability.
mulcahy2022,Modulators in Silicon Photonics - Heterogenous Integration & and Beyond,Jack Mulcahy,Jack Mulcahy; Frank H. Peters; Xing Dai,2022,,"Photonics 9, 40",10.3390/photonics9010040,,https://doi.org/10.3390/photonics9010040,review,open_access,,web_search;author_group_followup;continuation_2026_10_02,silicon_plasma_dispersion,other,3,unknown,,"Discovery only; no metric extraction. Abstract-level claim from search metadata (verify in paper): review of modulator types, heterogeneous integration, state-of-the-art silicon modulators."
dourado2021,Challenges in silicon photonics modulators for data center interconnect applications,Diego M. Dourado,Diego M. Dourado; Giovanni B. de Farias; Rodrigo H. Gounella; Monica de L. Rocha; J.P. Carmo,2021,,Optics & Laser Technology,10.1016/j.optlastec.2021.107376,,https://doi.org/10.1016/j.optlastec.2021.107376,review,unknown,,web_search;author_group_followup;continuation_2026_10_02,silicon_plasma_dispersion,other,3,unknown,,Discovery only; no metric extraction. Abstract-level claim from search metadata (verify in paper): design challenges across modulator types for datacenter interconnects.
georgiev2022,Near-IR & Mid-IR Silicon Photonics Modulators,Georgi V. Georgiev,Georgi V. Georgiev et al. (full list not retrieved),2022,,"Sensors 22, 9620",10.3390/s22249620,,https://doi.org/10.3390/s22249620,review,open_access,,web_search;author_group_followup;continuation_2026_10_02,silicon_plasma_dispersion,other,3,unknown,,Discovery only; no metric extraction. Abstract-level claim from search metadata (verify in paper): review of NIR and mid-IR silicon modulators. authors beyond first not retrieved
shen2024a,Integrated Pockels Modulators on Silicon Photonics Platform,Jian Shen,Jian Shen; Yong Zhang; Yuqi Chen; Wenfeng Zhou; ...; Xingfeng Li,2024,,Advanced Physics Research,10.1002/apxr.202400096,,https://doi.org/10.1002/apxr.202400096,review,open_access,,web_search;author_group_followup;continuation_2026_10_02,other,other,3,unknown,,"Discovery only; no metric extraction. Abstract-level claim from search metadata (verify in paper): Pockels principles, thin-film platforms, integrated device architectures."
kim2021a,Heterogeneously-Integrated Optical Phase Shifters for Next-Generation Modulators and Switches on a Silicon Photonics Platform: A Review,Younghyun Kim,Younghyun Kim; Jae-Hoon Han; Dae-Hwan Ahn; Sanghyeon Kim,2021,,"Micromachines 12, 625",10.3390/mi12060625,,https://doi.org/10.3390/mi12060625,review,open_access,,web_search;author_group_followup;continuation_2026_10_02,silicon_plasma_dispersion,phase_shifter,3,unknown,,"Discovery only; no metric extraction. Abstract-level claim from search metadata (verify in paper): heterogeneous phase shifters: efficiency, loss, power, footprint."
huang2025,Emerging Modulator Technologies in Silicon Photonics,Wei-Ta Huang,Wei-Ta Huang; Fu-He Hsiao; Wen-Chien Miao; Chih-Ting Chang; ...; Hao-Chung Kuo,2025,,IEEE Nanotechnology Magazine,10.1109/mnano.2025.3551177,,https://doi.org/10.1109/mnano.2025.3551177,review,unknown,,web_search;author_group_followup;continuation_2026_10_02,silicon_plasma_dispersion,other,3,unknown,,"Discovery only; no metric extraction. Abstract-level claim from search metadata (verify in paper): plasma dispersion, Pockels, QCSE; MZM/ring/EAM."
siew2021,Review of Silicon Photonics Technology and Platform Development,S. Y. Siew,S. Y. Siew; B. Li; F. Gao; H. Y. Zheng; ...; G.-Q. Lo,2021,,Journal of Lightwave Technology,10.1109/jlt.2021.3066203,,https://doi.org/10.1109/jlt.2021.3066203,review,open_access,,web_search;author_group_followup;continuation_2026_10_02,silicon_plasma_dispersion,other,3,unknown,,"Discovery only; no metric extraction. Abstract-level claim from search metadata (verify in paper): foundry platforms, PDKs and standard device libraries."
sun2021a,Hybrid Silicon and Lithium Niobate Modulator,Shihao Sun,Shihao Sun; Mingbo He; Mengyue Xu; Shengqian Gao; ...; Xinlun Cai,2021,,IEEE J. Sel. Top. Quantum Electron.,10.1109/jstqe.2020.3036059,,https://doi.org/10.1109/jstqe.2020.3036059,review,unknown,,web_search;author_group_followup;continuation_2026_10_02,lithium_niobate,other,3,unknown,,Discovery only; no metric extraction. Abstract-level claim from search metadata (verify in paper): hybrid Si/LN MZM review.
xu2022b,Advances in integrated ultra-wideband electro-optic modulators [Invited],Mengyue Xu,Mengyue Xu; (2 middle authors not retrieved); Xinlun Cai,2022,,Optics Express,10.1364/oe.449022,,https://doi.org/10.1364/oe.449022,review,open_access,,web_search;author_group_followup;continuation_2026_10_02,eo_polymer,other,3,unknown,,Discovery only; no metric extraction. Abstract-level claim from search metadata (verify in paper): design guidelines for ultra-wide bandwidth EO modulators; compares material platforms and electrodes. author list incomplete
xu2023,Mid-infrared integrated electro-optic modulators: a review,Tianqi Xu,Tianqi Xu; Yuan Dong; Qize Zhong; Shaonan Zheng; Ting Hu,2023,,Nanophotonics,10.1515/nanoph-2023-0286,,https://doi.org/10.1515/nanoph-2023-0286,review,open_access,,web_search;author_group_followup;continuation_2026_10_02,other,other,3,unknown,,Discovery only; no metric extraction. Abstract-level claim from search metadata (verify in paper): mid-IR integrated EO modulators across mechanisms and platforms.
han2023a,Integrated barium titanate electro-optic modulators operating at CMOS-compatible voltage,Han,"Han, Wang, Wang, Liu, Xiang",2023,,Applied Optics,10.1364/ao.499065,,https://doi.org/10.1364/ao.499065,journal,open_access,,web_search;author_group_followup;continuation_2026_10_02,barium_titanate,mzm,2,unknown,,"Discovery only; no metric extraction. Abstract-level claim from search metadata (verify in paper): ""half-wave voltage-length product was 0.48 V*cm, and the -3dB modulation bandwidths with a device length of 5 mm and 10 mm were 262 GHz and 107 GHz"" (numerical simulation, no measured device). Simulation-only; flag as design study."
posadas2023,RF-sputtered Z-cut electro-optic barium titanate modulator on silicon photonic platform,Posadas,"Posadas, Stenger, DeFouw, Warner, Demkov",2023,,Journal of Applied Physics,10.1063/5.0160186,,https://doi.org/10.1063/5.0160186,journal,unknown,,web_search;author_group_followup;continuation_2026_10_02,barium_titanate,mzm,2,unknown,,"Discovery only; no metric extraction. Abstract-level claim from search metadata (verify in paper): ""Pockels coefficient (r33) > 130 pm/V and propagation loss < 2 dB/cm""."
kohli2024,256 GBd Barium-Titanate-on-SiN Mach-Zehnder Modulator,Kohli,"Kohli, Chelladurai, Kulmer, Keller, ... Leuthold",2024,,OFC 2024 (paper M3K.5),10.1364/ofc.2024.m3k.5,,https://doi.org/10.1364/ofc.2024.m3k.5,journal,unknown,,web_search;author_group_followup;continuation_2026_10_02,barium_titanate,mzm,2,unknown,,"Discovery only; no metric extraction. Abstract-level claim from search metadata (verify in paper): ""110-GHz BTO Mach-Zehnder modulator integrated on foundry-produced silicon nitride for 340 Gbit/s data links"". Conference precursor lineage of known JLT 2023 / LSA 2025 BTO-on-SiN papers; distinct device generation."
kohli2024a,Barium Titanate Racetrack Modulator on Silicon Nitride for 200 GBd Data Communication in the O-band,Kohli,"Kohli, Chelladurai, Kulmer, Messner, ... Leuthold",2024,,CLEO 2024 (paper SW4R.4),10.1364/cleo_si.2024.sw4r.4,,https://doi.org/10.1364/cleo_si.2024.sw4r.4,journal,unknown,,web_search;author_group_followup;continuation_2026_10_02,barium_titanate,ring,2,unknown,,"Discovery only; no metric extraction. Abstract-level claim from search metadata (verify in paper): ""first O-band BaTiO3-plasmonic modulator on SiN. Featuring symbol rates of up to 200 GBd, 2 dB on-chip loss, and 70 GHz bandwidth""."
chelladurai2023,200 Gbit/s Barium Titanate Modulator Using Weakly Guided Plasmonic Modes,Chelladurai,"Chelladurai, Kohli, Bitachon, Kulmer, ... Leuthold",2023,,OFC 2023 (paper Tu3C.3),10.1364/ofc.2023.tu3c.3,,https://doi.org/10.1364/ofc.2023.tu3c.3,journal,unknown,,web_search;author_group_followup;continuation_2026_10_02,barium_titanate,mzm,2,unknown,,"Discovery only; no metric extraction. Abstract-level claim from search metadata (verify in paper): ""line rates up to 200 Gbit/s. The structure enables low insertion loss and high optical power stability without a DC bias during operation"". IEEE duplicate record 10.23919/ofc49934.2023.10116946 exists."
chatzitheocharis2022,BTO-based O-band Sub-Volt CMOS Compatible Plasmonic Racetrack Modulator on Si3N4,Chatzitheocharis,"Chatzitheocharis, Ketzaki, Patsamanis, Vyrsokinos",2022,,Frontiers in Optics + Laser Science 2022 (paper JW4A.59),10.1364/fio.2022.jw4a.59,,https://doi.org/10.1364/fio.2022.jw4a.59,journal,unknown,,web_search;author_group_followup;continuation_2026_10_02,barium_titanate,other,2,unknown,,"Discovery only; no metric extraction. Abstract-level claim from search metadata (verify in paper): ""numerically demonstrate ... 3 dB insertion loss, 66.43 GHz resonance 3dB-bandwidth and an extinction ratio higher than 28 dB for 0.5Vpp"" (numerical only). Simulation-only."
yu2026a,Freestanding BaTiO3 membranes for electro-optic performance enhancement and hybrid integration,Yu,"Yu, He",2026,,Advanced Photonics,10.1117/1.ap.8.5.056012,,https://doi.org/10.1117/1.ap.8.5.056012,journal,open_access,,web_search;author_group_followup;continuation_2026_10_02,barium_titanate,ring,2,unknown,,"Discovery only; no metric extraction. Abstract-level claim from search metadata (verify in paper): ""linear electro-optic coefficient of 300 pm/V and stable performance across a temperature range from room temperature to 493 K""; ""3 dB voltage-length product of 0.07 V*cm"" (as stated in abstract). Issued date 2026-09-26 per Crossref."
shang2026,Design principles for high-speed barium titanate on-insulator electro-optic modulators,Shang,"Shang, Liu, Yin, Lin, ... Danner",2026,,JOSA B,10.1364/josab.599330,,https://doi.org/10.1364/josab.599330,journal,open_access,,web_search;author_group_followup;continuation_2026_10_02,barium_titanate,mzm,2,unknown,,"Discovery only; no metric extraction. Abstract-level claim from search metadata (verify in paper): ""simulated EO bandwidth of over 100 GHz within a modulation length of 1 cm and half-wave voltage around 1 V"" (simulation). Simulation-only."
lin2026b,Integrated Photonic Devices in Thin-Film Barium Titanate: Opportunities and Challenges,Lin,"Lin, Shang, Yin, Fu, ... Danner",2026,,"Applied Physics Reviews 13, 031330",10.1063/5.0325359,2609.16616,https://doi.org/10.1063/5.0325359,journal,arxiv,,web_search;author_group_followup;continuation_2026_10_02,barium_titanate,other,2,unknown,,"Discovery only; no metric extraction. Abstract-level claim from search metadata (verify in paper): No device numbers in abstract; reviews growth, orientation/domain control, passive waveguides, EO response. Review; include only if reviews are in scope."
mohl2025,Bidirectional microwave-optical conversion with an integrated soft-ferroelectric barium titanate transducer,Möhl,"Möhl, Riedhauser, Glantschnig, Caimi, ... Seidler",2025,,Physical Review X,10.1103/1gvf-w6lx,2501.09728,https://doi.org/10.1103/1gvf-w6lx,journal,arxiv,,web_search;author_group_followup;continuation_2026_10_02,barium_titanate,other,2,unknown,,"Discovery only; no metric extraction. Abstract-level claim from search metadata (verify in paper): ""bidirectional microwave-optical transduction and reach total off-chip efficiencies of 1x10^-6 using pulsed pumping""."
thureja2025,Spalled barium titanate single crystal thin films for functional device applications,Thureja,"Thureja, Nyholm, Thomaschewski, Jahelka, ... Atwater",2025,,arXiv preprint,,2505.04045,https://arxiv.org/abs/2505.04045,arxiv_preprint,arxiv,,web_search;author_group_followup;continuation_2026_10_02,barium_titanate,other,2,unknown,,"Discovery only; no metric extraction. Abstract-level claim from search metadata (verify in paper): ""Pockels coefficient of r33 = 55 pm/V in multi-domain regions and 160 pm/V in single-domain regions, leading to projections up to 1980 pm/V for r42"". Preprint; no peer-reviewed DOI found."
tian2026,Wafer-scale hybrid molecular beam epitaxy of BaTiO3 and SrTiO3 on silicon,Tian,"Tian, Lin, Gao, Yu, ... Li",2026,,arXiv preprint,,2604.23259,https://arxiv.org/abs/2604.23259,arxiv_preprint,arxiv,,web_search;author_group_followup;continuation_2026_10_02,barium_titanate,eam,2,unknown,,"Discovery only; no metric extraction. Abstract-level claim from search metadata (verify in paper): ""effective EO coefficient of 248 pm/V, surpassing that of the PLD-grown films (220 pm/V)""; growth rate "">75 nm/h"". Preprint."
sun2026a,Hybrid BaTiO3/TiO2 Metasurface for Efficient Gigahertz-Speed Free-Space Electro-Optic Modulation,Sun,"Sun, Yousef, Domm, Posadas, ... Capasso",2026,,arXiv preprint,,2608.00286,https://arxiv.org/abs/2608.00286,arxiv_preprint,arxiv,,web_search;author_group_followup;continuation_2026_10_02,barium_titanate,other,2,unknown,,"Discovery only; no metric extraction. Abstract-level claim from search metadata (verify in paper): arXiv abstract (summarized by fetch tool; quoted fragments): guided-mode resonance Q ""exceeding 1300""; ""transmittance modulation efficiency of ~0.020 per volt""; ~0.8 GHz bandwidth; effective Pockels coefficient ~151 pm/V. arXiv metadata lists an unrelated DOI (10.1109/JLT.2019.2893500) in the first listing; ignore - no DOI of its own found."
prountzou2026,Electro-optic Modulation in Polycrystalline Barium Titanate Metasurfaces Enhanced by Poling,Prountzou,"Prountzou, Weigand, Falcone, Talts, Grange",2026,,ACS Photonics,10.1021/acsphotonics.6c00340,2601.20434,https://doi.org/10.1021/acsphotonics.6c00340,journal,arxiv,,web_search;author_group_followup;continuation_2026_10_02,barium_titanate,other,2,unknown,,"Discovery only; no metric extraction. Abstract-level claim from search metadata (verify in paper): arXiv abstract: ""quality factors of up to 200"", sub-volt driving, up to 5 MHz; ""up to 25 % higher modulation strength"" with poling. Low-speed (MHz) device."
gelerkremer2022,A ferroelectric multilevel non-volatile photonic phase shifter,Geler-Kremer,"Geler-Kremer, Eltes, Stark, Stark, ... Abel",2022,,Nature Photonics,10.1038/s41566-022-01003-0,,https://doi.org/10.1038/s41566-022-01003-0,journal,unknown,,web_search;author_group_followup;continuation_2026_10_02,barium_titanate,phase_shifter,2,unknown,,"Discovery only; no metric extraction. Abstract-level claim from search metadata (verify in paper): Abstract not retrievable (Crossref has none); search-result description only: multilevel non-volatile phase shifter via ferroelectric domains in BaTiO3 on silicon waveguides. Numbers not verified; Nature Photonics 16, 491-497 (2022) per search result."
taki2024,Nonvolatile optical phase shift in ferroelectric hafnium zirconium oxide,Taki,"Taki, Sekine, Watanabe, Miyatake, ... Takenaka",2024,,Nature Communications,10.1038/s41467-024-47893-2,2309.01967,https://doi.org/10.1038/s41467-024-47893-2,journal,arxiv,,web_search;author_group_followup;continuation_2026_10_02,silicon_plasma_dispersion,phase_shifter,2,unknown,,"Discovery only; no metric extraction. Abstract-level claim from search metadata (verify in paper): No quantitative figure in abstract; ""nonvolatile phase shift was only observed once in a pristine device"". arXiv 2309.01967 confirmed same title; authors Taki, Sekine, Watanabe, Miyatake, Akazawa, Sakumoto, Toprasertpong, Takagi, Takenaka."
khalil2026,Cryogenic piezoelectric effects in thin film strontium titanate devices,Khalil,"Khalil, Ulrich, Brahim, Boelen, ... Haffner",2026,,arXiv preprint,,2602.17152,https://arxiv.org/abs/2602.17152,arxiv_preprint,arxiv,,web_search;author_group_followup;continuation_2026_10_02,strontium_titanate,other,2,unknown,,"Discovery only; no metric extraction. Abstract-level claim from search metadata (verify in paper): ""d15 = 151.8 +/- 1.5 pm/V and d33 = 54.8 +/- 4 pm/V"" at 5 K; ""SrTiO3-on-oxide acousto-optic modulator with a voltage-length product (VpiL) of 0.874 +/- 0.084 V cm"". Acousto-optic (piezo) modulator, not Pockels; included for cryogenic STO."
ban2021,High electro-optic coefficient lead zirconate titanate films toward low-power and compact modulators,Ban,"Ban, Liu, Yu, Sun, ... Qiu",2021,,Optical Materials Express,10.1364/ome.426986,,https://doi.org/10.1364/ome.426986,journal,open_access,,web_search;author_group_followup;continuation_2026_10_02,pzt,mzm,2,unknown,,"Discovery only; no metric extraction. Abstract-level claim from search metadata (verify in paper): ""measured half-wave voltage Vpi is 3.6 V at the wavelength of 1550 nm, corresponding to an in-device EO coefficient as high as ~133 pm/V. The response ... from 6 to 12 GHz has been measured""."
ban2022,Low Driving Voltage and Low Optical Loss Electro-Optic Modulators Based on Lead Zirconate Titanate Thin Film on Silicon Substrate,Ban,"Ban, Liu, Yu, Wu, Qiu",2022,,Journal of Lightwave Technology,10.1109/jlt.2021.3138887,,https://doi.org/10.1109/jlt.2021.3138887,journal,unknown,,web_search;author_group_followup;continuation_2026_10_02,pzt,mzm,2,unknown,,"Discovery only; no metric extraction. Abstract-level claim from search metadata (verify in paper): Abstract not in Crossref; title-level only (low Vpi, low loss)."
li2025f,Measuring the Effective Electro-Optic Coefficient of Low-Temperature-Prepared Lead Zirconate Titanate Thin Films,Li,"Li, Yu, Yang, Wang, ... Qiu",2025,,Materials (MDPI),10.3390/ma18040837,,https://doi.org/10.3390/ma18040837,journal,open_access,,web_search;author_group_followup;continuation_2026_10_02,pzt,ring,2,unknown,,"Discovery only; no metric extraction. Abstract-level claim from search metadata (verify in paper): ""measured half-wave voltage (Vpi) was 4.8 V at a wavelength of 1550 nm, corresponding to an in-device EO coefficient as high as 66 pm/V""."
yezekyan2024,Plasmonic electro-optic modulators on lead zirconate titanate platform,Yezekyan,"Yezekyan, Thomaschewski, Thrane, Bozhevolnyi",2024,,Nanophotonics,10.1515/nanoph-2024-0039,,https://doi.org/10.1515/nanoph-2024-0039,journal,open_access,,web_search;author_group_followup;continuation_2026_10_02,pzt,other,2,unknown,,"Discovery only; no metric extraction. Abstract-level claim from search metadata (verify in paper): ""high modulation depth (>40 %) is achieved with 15 um-long electro-optic directional coupler modulators""; frequency-response cutoff ~200 kHz. Low-speed (~200 kHz cutoff)."
hara2025,Ferroelectric-organic hybrid modulator based on lead lanthanum zirconate titanate slot waveguide incorporating electro-optic polymers,Hara,"Hara, Seki, Abe, Yamada, ... Masuda",2025,,Optics Express,10.1364/oe.562664,,https://doi.org/10.1364/oe.562664,journal,open_access,,web_search;author_group_followup;continuation_2026_10_02,plzt,mzm,2,unknown,,"Discovery only; no metric extraction. Abstract-level claim from search metadata (verify in paper): ""half-wave voltage-length product (VpiL) of the modulator is reduced to 0.52 Vcm""."
yu2025a,Thin-Film Lead Zirconate Titanate Nanobeam Electro-Optic Modulator,Yu,"Yu, Xie, Li, Wang, ... Qiu",2025,,ACS Photonics,10.1021/acsphotonics.4c02113,,https://doi.org/10.1021/acsphotonics.4c02113,journal,unknown,,web_search;author_group_followup;continuation_2026_10_02,pzt,eam,2,unknown,,Discovery only; no metric extraction. Abstract-level claim from search metadata (verify in paper): Abstract not retrievable (no Crossref abstract). Numbers not verified.
yokoyama2025,200 GBd Electro-optic PLZT Modulator for O-band Transmission,Yokoyama,"Yokoyama, Yin, Yazdani, Sato, Lu",2025,,OFC 2025 (paper Th1E.2),10.1364/ofc.2025.th1e.2,,https://doi.org/10.1364/ofc.2025.th1e.2,journal,unknown,,web_search;author_group_followup;continuation_2026_10_02,plzt,mzm,2,unknown,,"Discovery only; no metric extraction. Abstract-level claim from search metadata (verify in paper): ""200 GBd modulation using a ferroelectric film-on-insulator (PLZT) modulator. The 2.5 mm-long phase shifter ... error-free O-band transmission over a 2.0 km distance"". Related known paper: Yin 2025 (PLZT microring, APL)."
hu2022,Ultrahigh-Net-Bitrate 363 Gbit/s PAM-8 and 279 Gbit/s Polybinary Optical Transmission Using Plasmonic Mach-Zehnder Modulator,Hu,"Hu, Borkowski, Lefevre, Cho, ... Hoessbacher",2022,,Journal of Lightwave Technology,10.1109/jlt.2022.3172246,,https://doi.org/10.1109/jlt.2022.3172246,journal,open_access,,web_search;author_group_followup;continuation_2026_10_02,eo_polymer,mzm,2,unknown,,"Discovery only; no metric extraction. Abstract-level claim from search metadata (verify in paper): Title: 363 Gbit/s net PAM-8, 279 Gbit/s polybinary."
heni2020,Ultra-High-Speed 2:1 Digital Selector and Plasmonic Modulator IM/DD Transmitter Operating at 222 GBaud for Intra-Datacenter Applications,Heni,"Heni, Baeuerle, Mardoyan, Jorge, ... Leuthold",2020,,Journal of Lightwave Technology,10.1109/jlt.2020.2972637,,https://doi.org/10.1109/jlt.2020.2972637,journal,open_access,,web_search;author_group_followup;continuation_2026_10_02,eo_polymer,mzm,2,unknown,,Discovery only; no metric extraction. Abstract-level claim from search metadata (verify in paper): Title: 222 GBaud IM/DD.
bisang2024,Plasmonic Modulators in Cryogenic Environment Featuring Bandwidths in Excess of 100 GHz and Reduced Plasmonic Losses,Bisang,"Bisang, Horst, Thuerig, Menachery, ... Leuthold",2024,,ACS Photonics,10.1021/acsphotonics.4c00507,,https://doi.org/10.1021/acsphotonics.4c00507,journal,open_access,,web_search;author_group_followup;continuation_2026_10_02,eo_polymer,ring,2,unknown,,"Discovery only; no metric extraction. Abstract-level claim from search metadata (verify in paper): ""operating at 4 K ... >100 GHz bandwidth, drive voltages as low as 96 mV, ... reduction in plasmonic propagation losses by over 40% compared to room temperature. Up to 160 Gbit/s and 256 Gbit/s cryogenic electro-optic signal conversion""."
messner2020,100 Gbit/s NRZ Data Modulation in Plasmonic Racetrack Modulators on the Silicon Photonic Platform,Messner,"Messner, Baeuerle, Heni, de Leo, Leuthold",2020,,ECOC 2020,10.1109/ecoc48923.2020.9333272,,https://doi.org/10.1109/ecoc48923.2020.9333272,journal,unknown,,web_search;author_group_followup;continuation_2026_10_02,eo_polymer,ring,2,unknown,,Discovery only; no metric extraction. Abstract-level claim from search metadata (verify in paper): Title: 100 Gbit/s NRZ.
eppenberger2021,Plasmonic Racetrack Modulator Transmitting 220 Gbit/s OOK and 408 Gbit/s 8PAM,Eppenberger,"Eppenberger, Ian Bitachon, Messner, Heni, Leuthold",2021,,ECOC 2021,10.1109/ecoc52684.2021.9605911,,https://doi.org/10.1109/ecoc52684.2021.9605911,journal,unknown,,web_search;author_group_followup;continuation_2026_10_02,eo_polymer,ring,2,unknown,,"Discovery only; no metric extraction. Abstract-level claim from search metadata (verify in paper): Title: 220 Gbit/s OOK, 408 Gbit/s 8PAM. Precursor of known Nat Photon 2023 racetrack paper."
kulmer2024,Single Carrier net 400 Gbit/s IM/DD over 400 m Fiber enabled by Plasmonic Mach-Zehnder Modulator,Kulmer,"Kulmer, Blatter, Kohli, Horst, Koepfli, Leuthold",2024,,OFC 2024 (paper W4H.5),10.1364/ofc.2024.w4h.5,,https://doi.org/10.1364/ofc.2024.w4h.5,journal,unknown,,web_search;author_group_followup;continuation_2026_10_02,eo_polymer,mzm,2,unknown,,"Discovery only; no metric extraction. Abstract-level claim from search metadata (verify in paper): ""437.1Gbit/s IM/DD link by employing a 178GBd PAM8 signal encoded by a plasmonic MZM. Symbol rates of up to 256GBd and transmission over 400m while maintaining net-rates of >400Gbit/s"". Platform inferred as organic POH from group; abstract says only 'plasmonic MZM'."
kulmer2026,A Comparison of Plasmonic Modulator Structures in the O- and C-Band for the 400G/Lane IM/DD Era,Kulmer,"Kulmer, Blatter, Destraz, Hess, ... Leuthold",2026,,Journal of Lightwave Technology,10.1109/jlt.2026.3702761,,https://doi.org/10.1109/jlt.2026.3702761,journal,open_access,,web_search;author_group_followup;continuation_2026_10_02,eo_polymer,ring,2,unknown,,Discovery only; no metric extraction. Abstract-level claim from search metadata (verify in paper): Abstract not in Crossref; title-level only.
schwarzenberger2022,Cryogenic Operation of a Silicon-Organic Hybrid (SOH) Modulator at 50 Gbit/s and 4 K Ambient Temperature,Schwarzenberger,"Schwarzenberger, Kuzmin, Eschenbaum, Fuellner, ... Koos",2022,,ECOC 2022 (paper Th3B.3),,,,journal,unknown,,web_search;author_group_followup;continuation_2026_10_02,eo_polymer,mzm,2,unknown,,"Discovery only; no metric extraction. Abstract-level claim from search metadata (verify in paper): ""50 Gbit/s on-off-keying (OOK) at 4 K - a record-high line rate generated by an MZM at this temperature"". DOI left blank intentionally."
schwarzenberger2025,Highly Efficient Homodyne Cryogenic Readout Link Based on a Silicon-Organic Hybrid (SOH) Phase Modulator,Schwarzenberger,"Schwarzenberger, Kotz, Kholeif, Eschenbaum, ... Koos",2025,,ECOC 2025,10.1109/ecoc66593.2025.11263365,,https://doi.org/10.1109/ecoc66593.2025.11263365,journal,unknown,,web_search;author_group_followup;continuation_2026_10_02,eo_polymer,phase_shifter,2,unknown,,Discovery only; no metric extraction. Abstract-level claim from search metadata (verify in paper): No abstract in Crossref; title-level only.
kotz2025,Resistively/Capacitively-Coupled Silicon-Organic Hybrid (RCC-SOH) Mach-Zehnder Modulator Offering Line Rates Beyond 400 Gbit/s,Kotz,"Kotz, Schwarzenberger, Kholeif, Kern, ... Koos",2025,,CLEO 2025 (paper SS187_1),10.1364/cleo_si.2025.ss187_1,,https://doi.org/10.1364/cleo_si.2025.ss187_1,journal,unknown,,web_search;author_group_followup;continuation_2026_10_02,eo_polymer,ring,2,unknown,,"Discovery only; no metric extraction. Abstract-level claim from search metadata (verify in paper): ""frequency response is flat between 10 GHz and 110 GHz, allowing for pulse-amplitude modulation (PAM) at line rates beyond 400 Gbit/s""."
mao2022a,Efficient silicon and side-cladding waveguide modulator with electro-optic polymer,Mao,"Mao, Sato, Bannaron, Hong, ... Yokoyama",2022,,Optics Express,10.1364/oe.447616,,https://doi.org/10.1364/oe.447616,journal,open_access,,web_search;author_group_followup;continuation_2026_10_02,eo_polymer,mzm,2,unknown,,"Discovery only; no metric extraction. Abstract-level claim from search metadata (verify in paper): ""measured half-wave-voltage length product (VpiL) is 1.9 V*cm"" (TE, 1550 nm); ""on-off-keying transmission at signal rates up to 52 Gbit/s with a Q factor of 6.1 at a drive voltage of 2.0 Vpp""."
sato2021,A 100 Gbaud On-off-Keying Silicon-Polymer Hybrid Modulator Operating at up to 110 C,Sato,"Sato, Mao, Bannaron, Kamiya, Lu, Yokoyama",2021,,IEEE Photonics Technology Letters,10.1109/lpt.2021.3126945,,https://doi.org/10.1109/lpt.2021.3126945,journal,open_access,,web_search;author_group_followup;continuation_2026_10_02,eo_polymer,mzm,2,unknown,,Discovery only; no metric extraction. Abstract-level claim from search metadata (verify in paper): Title: 100 Gbaud OOK at up to 110 C. Related known paper: Lu 2020 Nat Commun.
yu2023,Polymer micro-ring modulator on silicon nitride platform,Yu,"Yu, Li, Wang, Qiu",2023,,Applied Physics Letters,10.1063/5.0169017,,https://doi.org/10.1063/5.0169017,journal,unknown,,web_search;author_group_followup;continuation_2026_10_02,eo_polymer,ring,2,unknown,,"Discovery only; no metric extraction. Abstract-level claim from search metadata (verify in paper): ""electrical tunability of 10 pm/V, corresponding to an in-device EO coefficient as 60 pm/V ... 3-dB bandwidth of 32 GHz and a data rate of 40 Gbps""."
taghavi2022a,Enhanced poling and infiltration for highly efficient electro-optic polymer-based Mach-Zehnder modulators,Taghavi,"Taghavi, Dehghannasiri, Fan, Tofini, ... Adibi",2022,,Optics Express,10.1364/oe.460830,2203.04756,https://doi.org/10.1364/oe.460830,journal,arxiv,,web_search;author_group_followup;continuation_2026_10_02,eo_polymer,mzm,2,unknown,,"Discovery only; no metric extraction. Abstract-level claim from search metadata (verify in paper): ""VpiL's below ~1.19 V.mm are possible for the balanced Mach-Zehnder modulators"" (simulated ~0.35 V.mm); peak poling current reduced by ~3x (published abstract). Published abstract differs from arXiv v2 abstract (1.2 vs 1.19 V.mm); published version quoted."
johnson2025,Multi-Channel Silicon-Organic Hybrid PICs for 200G/lambda and 400G/lambda PAM4 Transmission,Johnson,"Johnson, Novack, Hammond, Bahadori, ... Booth",2025,,arXiv preprint,,2509.24825,https://arxiv.org/abs/2509.24825,arxiv_preprint,arxiv,,web_search;author_group_followup;continuation_2026_10_02,eo_polymer,other,2,unknown,,"Discovery only; no metric extraction. Abstract-level claim from search metadata (verify in paper): ""Open-eye 224G PAM4 transmission in a 1.6T-DR8 PIC implementing low-Vpi silicon-organic hybrid modulators (VpiL < 0.5 V-mm) with >80 3 dB GHz bandwidth""; variant ""400G/lambda (> 110 GHz) for 3.2T-DR8"" (quoted fragments from fetch-tool summary). Preprint."
xu2025,Ultrahigh Performance Cross-Linkable Organic Electro-Optic Material for Hybrid Modulators,Xu,"Xu, Elder, Johnson, de Coene, ... Robinson",2025,,Chemistry of Materials,10.1021/acs.chemmater.5c00027,,https://doi.org/10.1021/acs.chemmater.5c00027,journal,unknown,,web_search;author_group_followup;continuation_2026_10_02,eo_polymer,phase_shifter,2,unknown,,"Discovery only; no metric extraction. Abstract-level claim from search metadata (verify in paper): Per web-search abstract summary (ACS page not fetched): r33 up to 1100 pm/V uncrosslinked, >650 pm/V crosslinked; POH push-pull MZM equivalent VpiL = 38 V*um at 1550 nm. Numbers need verification against publisher abstract."
dalton2023,"Perspective: Nanophotonic electro-optics enabling THz bandwidths, exceptional modulation and energy efficiencies, and compact device footprints",Dalton,"Dalton, Leuthold, Robinson, Haffner, ... Ma",2023,,"APL Materials 11, 050901",10.1063/5.0145212,,https://doi.org/10.1063/5.0145212,journal,open_access,,web_search;author_group_followup;continuation_2026_10_02,eo_polymer,other,2,unknown,,"Discovery only; no metric extraction. Abstract-level claim from search metadata (verify in paper): ""voltage-length values near 0.005 V mm""; organic EO activity surpassing ""1000 pm/V at telecom wavelengths"". Perspective piece."
beneachelmus2022,Gigahertz free-space electro-optic modulators based on Mie resonances,Benea-Chelmus,"Benea-Chelmus, Mason, Meretska, Elder, ... Capasso",2022,,Nature Communications,10.1038/s41467-022-30451-z,,https://doi.org/10.1038/s41467-022-30451-z,journal,open_access,,web_search;author_group_followup;continuation_2026_10_02,eo_polymer,other,2,unknown,,"Discovery only; no metric extraction. Abstract-level claim from search metadata (verify in paper): ""Q = 550 at lambda_res=1594 nm""; ""modulation of dT/Tmax=67% ... molecules with r33 = 100 pm/V""; ""modulation up to 5 GHz (fEO,-3dB = 3 GHz)""."
soma2025,Subvolt high-speed free-space modulator with electro-optic metasurface,Soma,"Soma, Ariu, Karakida, Tsubai, Tanemura",2025,,Nature Nanotechnology,10.1038/s41565-025-02000-4,2503.17986,https://doi.org/10.1038/s41565-025-02000-4,journal,arxiv,,web_search;author_group_followup;continuation_2026_10_02,eo_polymer,other,2,unknown,,"Discovery only; no metric extraction. Abstract-level claim from search metadata (verify in paper): ""data transmission at 50 Mbps and 1.6 Gbps with driving voltages of only 0.2 V and 1 V, respectively"" (arXiv abstract, quoted)."
fukui2025,17 GHz Lossless InP-Membrane Active Metasurface,Fukui,"Fukui, Sumita, Miyano, Soma, ... Tanemura",2025,,arXiv preprint,,2505.07072,https://arxiv.org/abs/2505.07072,arxiv_preprint,arxiv,,web_search;author_group_followup;continuation_2026_10_02,eo_polymer,other,2,unknown,,"Discovery only; no metric extraction. Abstract-level claim from search metadata (verify in paper): ""record-high modulation bandwidth of 17.5 GHz, while maintaining a high quality (Q) factor of 102 and an ultra-low optical loss of 0.56 dB"". Preprint."
zhou2023,Silicon-Organic Hybrid Electro-Optic Modulator and Microwave Photonics Signal Processing Applications,Zhou,"Zhou, Chao, Su, Fu, ... Han",2023,,Micromachines,10.3390/mi14111977,,https://doi.org/10.3390/mi14111977,journal,open_access,,web_search;author_group_followup;continuation_2026_10_02,eo_polymer,mzm,2,unknown,,"Discovery only; no metric extraction. Abstract-level claim from search metadata (verify in paper): ""3 dB bandwidth of over 50 GHz and half-wave voltage length product of 0.26 V*cm""; ""phase shift range of 410 deg from 8 GHz to 26 GHz with ... less than 38 mW""."
taghavi2024,"GHz-rate optical phase shift in light matter interaction-engineered, silicon-ferroelectric nematic liquid crystals",Taghavi,"Taghavi, Esmaeeli, Chowdhury, Awan, ... Chrostowski",2024,,arXiv preprint,,2405.08833,https://arxiv.org/abs/2405.08833,arxiv_preprint,arxiv,,web_search;author_group_followup;continuation_2026_10_02,ferroelectric_nematic_lc,iq_mzm,2,unknown,,"Discovery only; no metric extraction. Abstract-level claim from search metadata (verify in paper): ""DC and AC modulation efficiencies of ~0.25 V*mm (from liquid crystal orientation) and ~25.7 V*mm (from Pockels effect), ... insertion loss of ~2.6 dB, and an electro-optic bandwidth of f-6dB > 4.18 GHz"". v3 dated 2025-02-08; no journal DOI found."
witmer2020,A silicon-organic hybrid platform for quantum microwave-to-optical transduction,Witmer,"Witmer, McKenna, Arrangoiz-Arriola, Van Laer, ... Safavi-Naeini",2020,,Quantum Science and Technology,10.1088/2058-9565/ab7eed,1912.10346,https://doi.org/10.1088/2058-9565/ab7eed,journal,arxiv,,web_search;author_group_followup;continuation_2026_10_02,eo_polymer,other,2,unknown,,"Discovery only; no metric extraction. Abstract-level claim from search metadata (verify in paper): ""electro-optic coupling rate of 590 Hz"" (published); selectivity ~10 dB; 6.7 GHz to 193 THz (via fetch-tool summary of Crossref abstract; arXiv v1 states 330 Hz). arXiv submitted 2019-12; journal issue 2020-04-27."
ostrovskis2025a,Heterogeneously Integrated InP Electro-Absorption Modulator for Beyond 300 Gb/s Optical Links,Ostrovskis,"Ostrovskis, Szczerba, Salgals, Norberg, ... Ozolins",2025,,"Journal of Lightwave Technology 43(4), 1826",10.1109/jlt.2025.3526822,,https://doi.org/10.1109/jlt.2025.3526822,journal,unknown,,web_search;author_group_followup;continuation_2026_10_02,inp_mqw,eam,2,unknown,,"Discovery only; no metric extraction. Abstract-level claim from search metadata (verify in paper): ""up to 256 Gb/s on-off keying, 340 Gb/s 4-level pulse amplitude modulation, 375 Gb/s 6-level ... 360 Gb/s 8-level"" over 500 m and 6 km SMF (from DiVA/web abstract, not Crossref). Conference precursor: OFC 2024 Th4C.8, 10.1364/ofc.2024.th4c.8 (256 Gbaud OOK, 170 Gbaud PAM4, 150 Gbaud PAM6, 120 Gbaud PAM8 over 500 m SMF)."
kashi2024,Ring-Assisted Mach-Zehnder Modulator on the InP Membrane on Silicon Platform,Kashi,"Kashi, van der Tol, Lebby, Zhang, Williams, Jiao",2024,,Journal of Lightwave Technology,10.1109/jlt.2024.3373762,,https://doi.org/10.1109/jlt.2024.3373762,journal,open_access,,web_search;author_group_followup;continuation_2026_10_02,inp_mqw,ring,2,unknown,,"Discovery only; no metric extraction. Abstract-level claim from search metadata (verify in paper): ""VpiLpi product as low as 5.1 V.mm and an extinction ratio equal to 12 dB. The 3-dB electro-optical bandwidth ... 8.5 GHz""."
moynihan2024,Micro-transfer printed high-speed InP-based electro-absorption modulator on silicon-on-insulator,Moynihan,"Moynihan, Ghosh, Chugh, Thomas, ... Corbett",2024,,"Applied Physics Letters 125, 051102",10.1063/5.0221129,,https://doi.org/10.1063/5.0221129,journal,open_access,,web_search;author_group_followup;continuation_2026_10_02,inp_mqw,eam,2,unknown,,"Discovery only; no metric extraction. Abstract-level claim from search metadata (verify in paper): ""electrical bandwidth of up to 40 GHz, an extinction ratio (ER) of 30 dB from 0 to -6 V, and an insertion loss of 6.5 dB ... Open-eye diagrams ... up to 50 Gbps""."
hiraki2023,Over-67-GHz-Bandwidth Membrane InGaAlAs Electro-Absorption Modulator Integrated With DFB Laser on Si Platform,Hiraki,"Hiraki, Aihara, Maeda, Fujii, ... Matsuo",2023,,Journal of Lightwave Technology,10.1109/jlt.2022.3221814,,https://doi.org/10.1109/jlt.2022.3221814,journal,open_access,,web_search;author_group_followup;continuation_2026_10_02,inp_mqw,eam,2,unknown,,Discovery only; no metric extraction. Abstract-level claim from search metadata (verify in paper): Title: over 67 GHz bandwidth. Web-search description: 56-Gbit/s NRZ and 112-Gbit/s PAM4 eye openings at 25-50 C (not from Crossref abstract). Known list has Hiraki 2021 OE (MZM+DFB) but not this EAM paper.
hiraki2020,50-GHz-bandwidth Electro-absorption Modulator with Membrane InGaAsP Lateral p-i-n Diode on Si Platform,Hiraki,"Hiraki, Aihara, Maeda, Fujii, ... Matsuo",2020,,ECOC 2020,10.1109/ecoc48923.2020.9333206,,https://doi.org/10.1109/ecoc48923.2020.9333206,journal,unknown,,web_search;author_group_followup;continuation_2026_10_02,inp_mqw,eam,2,unknown,,Discovery only; no metric extraction. Abstract-level claim from search metadata (verify in paper): Title: 50 GHz bandwidth.
aihara2025,Membrane InGaAlAs Electro-Absorption Modulator Integrated with III-V/Si DFB Laser with 150-Gbaud Modulation on Si Photonics Platform,Aihara,"Aihara, Hiraki, Maeda, Fujii, ... Matsuo",2025,,2025 IEEE Silicon Photonics Conference,10.1109/siphotonics64386.2025.10984878,,https://doi.org/10.1109/siphotonics64386.2025.10984878,journal,unknown,,web_search;author_group_followup;continuation_2026_10_02,inp_mqw,eam,2,unknown,,Discovery only; no metric extraction. Abstract-level claim from search metadata (verify in paper): Title: 150-Gbaud modulation. Known list has OFC 2026 Aihara 4-ch x 400G array.
tang2022,Modulation bandwidth improvement of III-V/Si hybrid MOS optical modulator by reducing parasitic capacitance,Tang,"Tang, Li, Ho, Fujikata, ... Takenaka",2022,,Optics Express,10.1364/oe.457444,,https://doi.org/10.1364/oe.457444,journal,open_access,,web_search;author_group_followup;continuation_2026_10_02,inp_mqw,mzm,2,unknown,,"Discovery only; no metric extraction. Abstract-level claim from search metadata (verify in paper): ""modulation efficiency of 0.245 Vcm and a 3 dB bandwidth of up to 10 GHz ... 25 Gbps NRZ and 40 Gbps PAM-4""."
ozaki2022,Coherent Driver Modulator With Flexible Printed Circuit RF Interface for 128-Gbaud Operations,Ozaki,"Ozaki, Ogiso, Hashizume, Yamazaki, ... Ishikawa",2022,,IEEE Photonics Technology Letters,10.1109/lpt.2022.3212678,,https://doi.org/10.1109/lpt.2022.3212678,journal,open_access,,web_search;author_group_followup;continuation_2026_10_02,inp_mqw,iq_mzm,2,unknown,,Discovery only; no metric extraction. Abstract-level claim from search metadata (verify in paper): Title: 128-Gbaud operation.
ozaki2024a,Oscillation Suppression of EO Response in Coherent Driver Modulator for Over 160 Gbaud Operation,Ozaki,"Ozaki, Ogiso, Yamazaki, Hashizume, ... Nunoya",2024,,IEEE Photonics Technology Letters,10.1109/lpt.2023.3339960,,https://doi.org/10.1109/lpt.2023.3339960,journal,unknown,,web_search;author_group_followup;continuation_2026_10_02,inp_mqw,iq_mzm,2,unknown,,Discovery only; no metric extraction. Abstract-level claim from search metadata (verify in paper): Title: over 160 Gbaud.
hillier2023,A 100 GBaud co-planar stripline Mach-Zehnder modulator on Indium Phosphide platform,Hillier,"Hillier, Meighan, Van Den Hout, Van Der Heide, ... Williams",2023,,OECC 2023,10.1109/oecc56963.2023.10209945,,https://doi.org/10.1109/oecc56963.2023.10209945,journal,unknown,,web_search;author_group_followup;continuation_2026_10_02,inp_mqw,mzm,2,unknown,,Discovery only; no metric extraction. Abstract-level claim from search metadata (verify in paper): Title: 100 GBaud. Conference precursor of known OE 2025 (320 Gbps) paper.
uchiyama2025,Demonstration of 155-Gbaud PAM4 and PAM6 Using a Narrow High-Mesa Electro-Absorption Modulator Integrated Laser,Uchiyama,"Uchiyama, Okuda, Tsuji, Hokama, Yamauchi",2025,,Journal of Lightwave Technology,10.1109/jlt.2024.3476997,,https://doi.org/10.1109/jlt.2024.3476997,journal,unknown,,web_search;author_group_followup;continuation_2026_10_02,inp_mqw,eam,2,unknown,,"Discovery only; no metric extraction. Abstract-level claim from search metadata (verify in paper): Title: 155 Gbaud PAM4/PAM6; conference version abstract (OFC 2024 Tu2D.1): ""TDECQ less than 3.3 dB at 310 Gbps (155 Gbaud PAM4) and clear eye diagram at 400 Gbps (155 Gbaud PAM6)""."
uchiyama2024,225 Gb/s PAM4 2 km and 10 km Transmission of Electro-Absorption Modulator Integrated Laser With Hybrid Waveguide Structure,Uchiyama,"Uchiyama, Okuda, Hokama, Shirao, Yamauchi",2024,,Journal of Lightwave Technology,10.1109/jlt.2023.3303884,,https://doi.org/10.1109/jlt.2023.3303884,journal,unknown,,web_search;author_group_followup;continuation_2026_10_02,inp_mqw,eam,2,unknown,,"Discovery only; no metric extraction. Abstract-level claim from search metadata (verify in paper): Title: 225 Gb/s PAM4, 2 km and 10 km."
ohata2023,A 224 Gb/s EML Sub-Assembly With Electro Optical Bandwidth of 60 GHz for 800GbE Applications,Ohata,"Ohata, Suzuki, Uchiyama, Shirao, Aruga",2023,,IEEE Photonics Technology Letters,10.1109/lpt.2022.3233715,,https://doi.org/10.1109/lpt.2022.3233715,journal,unknown,,web_search;author_group_followup;continuation_2026_10_02,inp_mqw,other,2,unknown,,"Discovery only; no metric extraction. Abstract-level claim from search metadata (verify in paper): Title: 224 Gb/s, 60 GHz EO bandwidth."
asakura2022,384-Gb/s/lane PAM8 Operation Using 76-GHz Bandwidth EA-DFB Laser at 50 C with 1.0-Vpp Swing over 2-km Transmission,Asakura,"Asakura, Nishimura, Yamauchi, Iwamoto, Naoe",2022,,OFC 2022 (paper Th4C.4),10.1364/ofc.2022.th4c.4,,https://doi.org/10.1364/ofc.2022.th4c.4,journal,unknown,,web_search;author_group_followup;continuation_2026_10_02,inp_mqw,other,2,unknown,,"Discovery only; no metric extraction. Abstract-level claim from search metadata (verify in paper): Title: 384 Gb/s/lane PAM8, 76 GHz, 1.0 Vpp."
theurer2023,4x 200 Gb/s EML-Array with a Single MQW Layer Stack,Theurer,"Theurer, Kottke, Freund, Ganzer, Schell",2023,,OFC 2023 (paper M2D.5),10.1364/ofc.2023.m2d.5,,https://doi.org/10.1364/ofc.2023.m2d.5,journal,unknown,,web_search;author_group_followup;continuation_2026_10_02,inp_mqw,other,2,unknown,,Discovery only; no metric extraction. Abstract-level claim from search metadata (verify in paper): Title: 4x 200 Gb/s.
bhasker2020,Traveling Wave GaAs/AlGaAs Electro-optic Modulators Directly Grown on Silicon,Bhasker,"Bhasker, Norman, Bowers, Dagli",2020,,OSA Advanced Photonics Congress 2020 (paper ITu1A.3),10.1364/iprsn.2020.itu1a.3,,https://doi.org/10.1364/iprsn.2020.itu1a.3,journal,unknown,,web_search;author_group_followup;continuation_2026_10_02,algaas_gaas,mzm,2,unknown,,"Discovery only; no metric extraction. Abstract-level claim from search metadata (verify in paper): ""Traveling wave GaAs/AlGaAs modulators in epilayers directly grown on silicon are reported. Electrode is a loaded microstrip line shielding microwave fields from silicon substrate."" (no numbers). Low priority: no quantitative figure retrievable."
datta2020,Low-loss composite photonic platform based on 2D semiconductor monolayers,Datta,"Datta, Chae, Bhatt, Tadayon, ... Lipson",2020,,Nature Photonics,10.1038/s41566-020-0590-4,1906.00459,https://doi.org/10.1038/s41566-020-0590-4,journal,arxiv,,web_search;author_group_followup;continuation_2026_10_02,other,phase_shifter,2,unknown,,"Discovery only; no metric extraction. Abstract-level claim from search metadata (verify in paper): ""a large change in the real part of refractive index Delta n = 0.53, with only a minimal change in the imaginary part Delta k = 0.004"" (arXiv abstract). arXiv posted 2019-06; journal 2020-02-24."
datta2024,2D material platform for overcoming the amplitude-phase tradeoff in ring resonators,Datta,"Datta, Gil-Molina, Chae, Hone, Lipson",2024,,Optica,10.1364/optica.498484,2209.08332,https://doi.org/10.1364/optica.498484,journal,arxiv,,web_search;author_group_followup;continuation_2026_10_02,other,ring,2,unknown,,"Discovery only; no metric extraction. Abstract-level claim from search metadata (verify in paper): ""phase modulation efficiency (V_{pi/2}.L_{pi/2}) of 0.045 V.cm with an insertion loss (IL_{pi/2}) of 4.7 dB ... electro-optic bandwidth of 14.9 +/- 0.1 GHz"" (arXiv abstract)."
lee2020,High-performance integrated graphene electro-optic modulator at cryogenic temperature,Lee,"Lee, Kim, Freitas, Mohanty, ... Lipson",2020,,Nanophotonics,10.1515/nanoph-2020-0363,2007.00955,https://doi.org/10.1515/nanoph-2020-0363,journal,arxiv,,web_search;author_group_followup;continuation_2026_10_02,other,eam,2,unknown,,"Discovery only; no metric extraction. Abstract-level claim from search metadata (verify in paper): ""14.7 GHz bandwidth at 4.9 K exceeds the room temperature bandwidth of 12.6 GHz ... intrinsic RC-limited bandwidth is 200 GHz at 4.9 K""."
giambra2021,Wafer-Scale Integration of Graphene-Based Photonic Devices,Giambra,"Giambra, Miseikis, Pezzini, Marconi, ... Romagnoli",2021,,ACS Nano,10.1021/acsnano.0c09758,2012.05816,https://doi.org/10.1021/acsnano.0c09758,journal,arxiv,,web_search;author_group_followup;continuation_2026_10_02,other,eam,2,unknown,,"Discovery only; no metric extraction. Abstract-level claim from search metadata (verify in paper): ""electro-absorption modulators with data rates reaching 20 Gbps""; ~80% device coverage on 150 mm wafers; mobility ~5000 cm2/Vs (Crossref abstract)."
lee2020a,Scalable graphene platform for Tbits/s data transmission,Lee,"Lee, Freitas, Gil-Molina, Shim, ... Lipson",2020,,arXiv preprint,,2011.08832,https://arxiv.org/abs/2011.08832,arxiv_preprint,arxiv,,web_search;author_group_followup;continuation_2026_10_02,other,eam,2,unknown,,"Discovery only; no metric extraction. Abstract-level claim from search metadata (verify in paper): ""32 graphene electro-absorption modulators and measure 94% yield with bit error rate below the hard-decision FEC limit at 7 Gbits/s, amounting to a total aggregated data rate of 210 Gbits/s"". Preprint; waveguide platform not stated in abstract."
tiberi2025,Graphene Electro-Absorption Modulators for Energy-Efficient and High-Speed Optical Transceivers,Tiberi,"Tiberi, Montanaro, Wen, Zhang, ... Ferrari",2025,,arXiv preprint,,2506.03281,https://arxiv.org/abs/2506.03281,arxiv_preprint,arxiv,,web_search;author_group_followup;continuation_2026_10_02,other,eam,2,unknown,,"Discovery only; no metric extraction. Abstract-level claim from search metadata (verify in paper): ""67GHz bandwidth and 80Gbit/s data rate, in both O and C bands ... active area down to 22 um2 ... ~58fJ/bit ... ~0.037dB/V um modulation efficiency"". Related known: Tiberi OFC 2026 Th2A.12."
heidari2022,Integrated ultra-high-performance graphene optical modulator,Heidari,"Heidari, Dalir, Mokhtari Koushyar, Nouri, ... Sorger",2022,,Nanophotonics,10.1515/nanoph-2021-0797,2109.07476,https://doi.org/10.1515/nanoph-2021-0797,journal,arxiv,,web_search;author_group_followup;continuation_2026_10_02,other,eam,2,unknown,,"Discovery only; no metric extraction. Abstract-level claim from search metadata (verify in paper): ""60 GHz speed (3 dB roll-off), micrometer compactness, and efficiency of 2.25 fJ/bit ... reduces the driving voltage by about 40 times while maintaining ... modulation depth (5.2 dB/V)"" (arXiv abstract)."
gui2022,100 GHz micrometer-compact broadband monolithic ITO Mach-Zehnder interferometer modulator enabling 3500 times higher packing density,Gui,"Gui, Nouri, Miscuglio, Amin, ... Sorger",2022,,Nanophotonics,10.1515/nanoph-2021-0796,2112.10926,https://doi.org/10.1515/nanoph-2021-0796,journal,arxiv,,web_search;author_group_followup;continuation_2026_10_02,other,mzm,2,unknown,,"Discovery only; no metric extraction. Abstract-level claim from search metadata (verify in paper): ""micrometer compact MZI based modulators capable of exceeding 100 GHz switching rates ... more than 3500 of these modulators within the same chip area as only one single silicon MZI modulator"". Abstract does not state a measured device; treat as design study unless full text says otherwise."
lotkov2024,Integrated Electro-Optic Absorption Modulator for Silicon Nitride Platform,Lotkov,"Lotkov, Baburin, Amiraslanov, Chubchev, ... Rodionov",2024,,arXiv preprint,,2412.19306,https://arxiv.org/abs/2412.19306,arxiv_preprint,arxiv,,web_search;author_group_followup;continuation_2026_10_02,other,eam,2,unknown,,"Discovery only; no metric extraction. Abstract-level claim from search metadata (verify in paper): ""insertion losses of 5.7 dB and bandwidth of about 1 GHz are shown for 300 nm-thickness SiN waveguide platform with 9.3-um-length hybrid waveguide"". Preprint."
shabaninezhad2025,Plasmonic electro-optic modulators based on epsilon-near-zero materials: comparing the classical drift-diffusion and Schrodinger-Poisson coupling models,Shabaninezhad,"Shabaninezhad, Mehrvar, Bernier, Ramunno, Berini",2025,,Optics Express,10.1364/oe.544216,2412.05690,https://doi.org/10.1364/oe.544216,journal,arxiv,,web_search;author_group_followup;continuation_2026_10_02,eo_polymer,ring,2,unknown,,"Discovery only; no metric extraction. Abstract-level claim from search metadata (verify in paper): ""3-dB bandwidth of 210 GHz, an insertion loss of 3 dB, and an extinction ratio of 5 dB for a device length of under 4 um"" (simulation). Simulation-only."
navarro2026,Cryogenic Graphene-Based Phase Modulators for Quantum Information Processing,Barboza Navarro,"Barboza Navarro, Volpato, Cadore, de Assis",2026,,arXiv preprint,,2605.00112,https://arxiv.org/abs/2605.00112,arxiv_preprint,arxiv,,web_search;author_group_followup;continuation_2026_10_02,other,phase_shifter,2,unknown,,"Discovery only; no metric extraction. Abstract-level claim from search metadata (verify in paper): ""insertion losses below 0.3 dB and modulation lengths below 50 um at 10 K, while maintaining GHz-scale bandwidths"" (theoretical). Theory-only."
